id,name,host_id,host_name,neighbourhood_group,neighbourhood,latitude,longitude,room_type,price,minimum_nights,number_of_reviews,last_review,reviews_per_month,calculated_host_listings_count,availability_365,number_of_reviews_ltm,license,month/year
40183765,Ensuite Cabin (Sleeps 6),98758734,North South Holiday Park,Christchurch City,Harewood Ward,-43.47002,172.57088,Private room,,1,0,,,20,317,0,,
1149729199964166318,Handy city center. Simple room,298456605,Tony,Christchurch City,Central Ward,-43.5327,172.66403,Private room,,1,25,2025-07-15,1.47,6,0,21,,2025-07
1097487,Heritage Magic in Merivale,4993285,Paulette,Christchurch City,Fendalton Ward,-43.51149,172.6254,Private room,166.0,1,230,2025-03-03,2.17,1,221,14,,2025-03
1339647508906377362,Settle into the sun set,54299306,Sarena,Christchurch City,Burwood Ward,-43.48286419999999,172.6686603,Entire home/apt,,2,2,2025-04-26,0.35,1,0,2,,2025-04
1211070132323635531,Eco Spa-bath Studio,179297759,Peng,Christchurch City,Riccarton Ward,-43.5384365,172.5789529,Private room,126.0,1,8,2025-03-01,0.58,20,359,5,,2025-03
1454660578606474393,Merivale Executive Stays- 3 Bedroom Apt,153948924,Alisa Kate,Christchurch City,Fendalton Ward,-43.51108,172.62388,Entire home/apt,585.0,2,0,,,3,78,0,,
52660229,Studio Twin Room at Samhil Motor Lodge,425993439,Raj,Christchurch City,Riccarton Ward,-43.52902,172.61073,Private room,145.0,1,6,2025-01-11,0.26,4,348,2,,2025-01
809778469981150692,"City lights, Mountain heights",497329414,Michael,Christchurch City,Heathcote Ward,-43.56228,172.71287,Entire home/apt,450.0,2,0,,,1,363,0,,
39403375,Wigram sunny room,302657091,Hongmei,Christchurch City,Halswell Ward,-43.55884,172.55375,Private room,,1,1,2019-12-31,0.01,2,4,0,,2019-12
1463991784689027235,"Dollar View, 9 km to city center",298456605,Tony,Christchurch City,Heathcote Ward,-43.56468,172.71098,Private room,,1,0,,,6,0,0,,
1329051787922094248,Room 3queen bedroom/separate bathroom,27743702,David,Christchurch City,Central Ward,-43.51834,172.64952,Private room,,7,1,2025-03-18,0.15,4,0,1,,2025-03
47803160,Deluxe Twin Room,270614463,Samuel William,Christchurch City,Central Ward,-43.53282,172.62732,Private room,170.0,1,5,2025-09-18,0.12,14,247,4,,2025-09
39425759,Brand new townhouse on Armagh|city centre,86216394,Min,Christchurch City,Central Ward,-43.52957,172.64322,Entire home/apt,110.0,1,279,2025-09-22,3.94,40,116,29,,2025-09
1197584219124813921,New Central Retreat: Includes Luxury King Beds,44139597,Sally,Christchurch City,Heathcote Ward,-43.5500274,172.6392245,Entire home/apt,148.0,1,18,2025-09-21,2.13,4,132,18,,2025-09
1496054985325727643,The Colour Burst,164323766,Joel,Christchurch City,Linwood Ward,-43.53976,172.66472,Entire home/apt,141.0,1,1,2025-10-04,1.0,3,311,1,,2025-10
1320855602184109413,A fabulous place on riccarton,669030702,Anh Khoa,Christchurch City,Riccarton Ward,-43.5286,172.56931,Entire home/apt,190.0,1,0,,,1,282,0,,
20175384,Luxury caravan for hire,132350084,Nz4u2u,Christchurch City,Harewood Ward,-43.46646,172.58437,Entire home/apt,162.0,3,0,,,1,178,0,,
1103362911637882858,"Spacious, Ground Floor Apartment, Carpark, 2 Beds",537639282,Judith,Christchurch City,Central Ward,-43.5378376,172.6384543,Entire home/apt,174.0,1,3,2025-08-02,0.26,6,9,3,,2025-08
1297277813673972693,"Tranquil 3 Bed Minutes To CBD And Arena, Sleeps 7",49642171,Xihang,Christchurch City,Spreydon Ward,-43.55154993834802,172.60530784210928,Entire home/apt,124.0,1,16,2025-10-04,1.68,88,327,16,,2025-10
1358873676828888139,Better than the rest - Central City Luxury,55203536,Helen,Christchurch City,Central Ward,-43.52642498950236,172.63987563550472,Entire home/apt,149.0,1,2,2025-07-16,0.59,3,241,2,,2025-07
1221387370022376826,Relax in Designer Luxury at Central City Townhouse,551181197,Paula Kat Charlotte,Christchurch City,Central Ward,-43.53567,172.64824,Entire home/apt,170.0,1,11,2025-05-15,0.79,146,255,7,,2025-05
841037356438446875,Stunning cottage close 2 airport,23389870,Hennie,Christchurch City,Harewood Ward,-43.48859,172.5735,Entire home/apt,234.0,1,79,2025-10-03,2.8,5,179,49,,2025-10
41539901,The Little House,149919672,Gareth,Christchurch City,Papanui Ward,-43.4756136,172.6115366,Entire home/apt,114.0,1,21,2025-10-07,4.57,1,233,21,,2025-10
1061077356432442792,Max Penthouse 3 Bedroom with Spa,179297759,Peng,Christchurch City,Riccarton Ward,-43.5384412,172.5789749,Entire home/apt,290.0,1,2,2025-01-30,0.23,20,264,2,,2025-01
1054636517061925091,Central Christchurch: Santorini Style 1BR Studio,551181197,Paula Kat Charlotte,Christchurch City,Central Ward,-43.5360956,172.63505,Entire home/apt,165.0,1,48,2025-09-21,2.22,146,227,16,,2025-09
1424119646402978657,Home in Ilam,94697829,Andrew Harry Malcolm,Christchurch City,Waimairi Ward,-43.516116,172.5756165,Entire home/apt,175.0,1,3,2025-10-05,2.81,1,295,3,,2025-10
1411251673595779300,City Calm Retreat & Family Haven,508474412,Lu,Christchurch City,Fendalton Ward,-43.5107564,172.6005923,Entire home/apt,483.0,3,3,2025-07-06,0.63,2,254,3,,2025-07
47918620,Cute City Fringe Villa,95874601,Annabel,Christchurch City,Fendalton Ward,-43.50663,172.62798,Entire home/apt,171.0,2,24,2025-09-27,1.49,1,108,19,,2025-09
966357988562518793,Guest Suite in Strowan,369486357,Shawn,Christchurch City,Fendalton Ward,-43.50327,172.60955,Entire home/apt,72.0,1,160,2025-09-17,6.27,1,360,65,,2025-09
1439548560216899564,Suburb Living in Riccarton 2BR,331763232,Benjamin Dearden,Christchurch City,Riccarton Ward,-43.53351,172.59492,Entire home/apt,168.0,2,3,2025-08-29,0.84,96,61,3,,2025-08
1056862048445629495,Style meets comfort 2 Bed CHCH CBD,551181197,Paula Kat Charlotte,Christchurch City,Central Ward,-43.5361789,172.6353027,Entire home/apt,191.0,1,59,2025-10-03,2.75,146,0,32,,2025-10
1269849619553601040,Cozy Studio Escape in Wilmer,482671075,Paula Corinne,Christchurch City,Central Ward,-43.5386214,172.6325104,Entire home/apt,136.0,1,40,2025-09-28,3.46,124,252,40,,2025-09
1521435327088179357,Spacious 3-Bedroom Townhouse â Steps from the CBD,510730797,Katarina Anne,Christchurch City,Central Ward,-43.53222291835516,172.6483479042297,Entire home/apt,375.0,1,0,,,8,200,0,,
48818394,New one bed Apartment with Park,203127835,Chloe,Christchurch City,Innes Ward,-43.50552,172.63663,Entire home/apt,122.0,2,1,2025-06-02,0.23,1,138,1,,2025-06
39559009,Tourist Cabin,98758734,North South Holiday Park,Christchurch City,Harewood Ward,-43.47124,172.56978,Private room,,1,16,2025-08-02,0.22,20,351,2,,2025-08
1298105204060287604,Cosy 2 Bed Single Level Home Near Westfield/CBD,664001020,Fengwei,Christchurch City,Riccarton Ward,-43.53664002574392,172.5977861273676,Entire home/apt,193.0,1,36,2025-08-24,3.71,1,252,36,,2025-08
1172111487506666361,Entire Floor Apartment With Avon River Views,682808597,Devon,Christchurch City,Fendalton Ward,-43.52097,172.62118,Entire home/apt,408.0,1,45,2025-10-04,2.96,22,213,37,,2025-10
1462721333588832643,Warmth of Warrington,499801408,Anupriya,Christchurch City,Innes Ward,-43.5076762,172.6429924,Entire home/apt,111.0,1,16,2025-10-07,6.15,1,326,16,,2025-10
1333743199346706709,Central place to airport & city,559408430,Jaspreet,Christchurch City,Papanui Ward,-43.49713996514986,172.59853225080877,Private room,83.0,1,7,2025-05-20,0.87,1,362,7,,2025-05
1399704494220847299,5BR Retreat â Garden & Deck Near Airport,202585247,Ohana,Christchurch City,Waimairi Ward,-43.5200561,172.5545311,Entire home/apt,214.0,1,25,2025-09-19,4.49,121,21,25,,2025-09
1230956187963973491,Modern 2BR Apartment in Central Wilmer Street,331763232,Benjamin Dearden,Christchurch City,Central Ward,-43.5387,172.63078,Entire home/apt,154.0,2,18,2025-09-13,1.44,96,68,16,,2025-09
1399065642751097249,Luxury CBD 2Bed2Bath With Parking Near Parks,49642171,Xihang,Christchurch City,Central Ward,-43.52742670346364,172.6387779882296,Entire home/apt,187.0,1,11,2025-09-17,2.19,88,247,11,,2025-09
1447713114368529814,Surf Shack,165962080,Andrea,Christchurch City,Heathcote Ward,-43.57197960559998,172.76351832682445,Entire home/apt,65.0,1,1,2025-07-03,0.31,1,283,1,,2025-07
842384898215984534,Cabino,962345,Rollo,Christchurch City,Banks Peninsula Ward,-43.78565,172.80874,Entire home/apt,233.0,1,1,2023-03-19,0.03,1,89,0,,2023-03
39992507,Modern Beach Unit,20450116,Christopher,Christchurch City,Coastal Ward,-43.52746,172.73739,Entire home/apt,117.0,1,49,2025-10-07,0.69,1,116,7,,2025-10
1040038269419481427,Beachside cabin,498286875,Anna,Christchurch City,Coastal Ward,-43.52782592227783,172.7360013536194,Entire home/apt,108.0,1,3,2025-02-23,0.14,2,269,2,,2025-02
40163863,Penthouse apartment in the heart of the city,308855327,Alison,Christchurch City,Central Ward,-43.52975,172.63986,Entire home/apt,303.0,2,157,2025-09-17,2.23,1,236,20,,2025-09
1443972075828422517,Cosy Corner- Riccarton,151829651,Wan Yu,Christchurch City,Riccarton Ward,-43.53336600377857,172.60166596141562,Entire home/apt,160.0,2,23,2025-09-18,6.97,2,197,23,,2025-09
44917980,Hagley Townhouse,482671075,Paula Corinne,Christchurch City,Riccarton Ward,-43.53203,172.6109,Entire home/apt,160.0,1,108,2025-09-27,1.73,124,31,31,,2025-09
1426597518333269703,Four bed domitory,140854309,Manpreet,Christchurch City,Spreydon Ward,-43.5509,172.59809,Shared room,35.0,1,2,2025-07-16,0.52,3,352,2,,2025-07
1048912954468506357,Hagley Park Townhouse,523186247,Dan,Christchurch City,Riccarton Ward,-43.52941,172.61097,Entire home/apt,113.0,1,21,2025-07-12,0.98,2,24,12,,2025-07
52874880,#4 The Wharf Seaview  Apartments by AVI,70726871,Darren,Christchurch City,Banks Peninsula Ward,-43.80856,172.96179,Entire home/apt,153.0,1,6,2025-06-08,0.13,23,246,1,,2025-06
22636676,"Bryndwr beauty with free breakfast, Wifi & Netflix",166671081,Wendy,Christchurch City,Waimairi Ward,-43.50081,172.58361,Entire home/apt,77.0,1,743,2025-09-26,7.88,1,172,78,,2025-09
887163088376750044,City Central Comfort,499424997,Casa,Christchurch City,Central Ward,-43.5375171,172.6250229,Entire home/apt,117.0,1,115,2025-09-17,3.92,2,326,38,,2025-09
593743686991541402,Rue Noyer Lookout - Akaroa Holiday Home,145244100,Bachcare,Christchurch City,Banks Peninsula Ward,-43.80918,172.96382,Entire home/apt,422.0,2,12,2025-09-14,0.17,1547,361,4,,2025-09
1444412420738793838,Les Troupes Armstronge #3,70726871,Darren,Christchurch City,Banks Peninsula Ward,-43.80858,172.96316,Entire home/apt,190.0,1,0,,,23,327,0,,
916989396257303219,Share the Inner City,73258478,Chay,Christchurch City,Central Ward,-43.52852,172.64558,Private room,68.0,1,3,2024-11-16,0.17,1,90,1,,2024-11
52875078,#1 The Wharf Seaview Apartments by AVI,70726871,Darren,Christchurch City,Banks Peninsula Ward,-43.80961,172.96153,Entire home/apt,153.0,1,3,2024-02-04,0.09,23,256,0,,2024-02
52873542,#3 - The Wharf Seaview Apartments by AVI,70726871,Darren,Christchurch City,Banks Peninsula Ward,-43.80836,172.96205,Entire home/apt,163.0,1,4,2024-10-09,0.09,23,289,1,,2024-10
1124891258738319625,"Big Sky Retreat, house and yurts",54831628,Erin,Christchurch City,Banks Peninsula Ward,-43.77063,172.90677,Entire home/apt,900.0,2,0,,,1,269,0,,
593746141338798416,Seaview Outlook - Wainui Holiday Home,145244100,Bachcare,Christchurch City,Banks Peninsula Ward,-43.81012,172.90813,Entire home/apt,43188.0,2,7,2024-03-05,0.13,1547,361,0,,2024-03
47516789,Little Port Cooper School House and Farm Hike,383503203,Wendy,Christchurch City,Banks Peninsula Ward,-43.61521,172.81537,Entire home/apt,135.0,1,77,2025-02-22,1.38,1,321,12,,2025-02
1420658320873054465,In the heart of Christchurch,413571053,Abdelrahman Abdelrazek Tolba,Christchurch City,Central Ward,-43.52130570624033,172.63929527252913,Private room,63.0,1,0,,,1,57,0,,
1507615154582746075,Cozy Cabin,392937101,Miriam,Christchurch City,Spreydon Ward,-43.55911,172.61294,Entire home/apt,72.0,1,0,,,1,75,0,,
7748377,Manor Cottage and Kowhai Room,39214866,Leah,Christchurch City,Papanui Ward,-43.50015,172.58851,Entire home/apt,113.0,2,89,2025-07-04,0.72,2,262,5,,2025-07
34342858,"Art, Espresso & Events â Live Like a Local in Chch",67401884,Angela,Christchurch City,Central Ward,-43.52681350708008,172.63978576660156,Entire home/apt,168.0,1,347,2025-10-04,4.63,1,250,51,,2025-10
1211479983726325132,Amross Court 2-Bedroom Unit,431660206,Vincent,Christchurch City,Central Ward,-43.5204654,172.629525,Entire home/apt,225.0,1,1,2024-08-30,0.07,2,362,0,,2024-08
665376658321129986,Contemporary Living in the Central City,468061198,Susan,Christchurch City,Central Ward,-43.52903,172.64107,Entire home/apt,165.0,2,153,2025-10-03,4.53,1,237,74,,2025-10
1224324050809005551,Globe Bay Star,596474425,Paramjeet Singh,Christchurch City,Hornby Ward,-43.55414057689457,172.4635308502625,Private room,64.0,1,0,,,1,333,0,,
1264737313499568022,Incredible luxury 3 floors,86216394,Min,Christchurch City,Central Ward,-43.53360771704917,172.6484024129679,Entire home/apt,212.0,1,0,,,40,0,0,,
1472173331819377197,Merivale Court Family Suit(2bedr)-Unit 5,707858717,Hao,Christchurch City,Fendalton Ward,-43.51697091214538,172.62538896706596,Entire home/apt,130.0,1,0,,,12,323,0,,
38079335,"Bright, cosy Central Location",289033518,Kevin And Tania,Christchurch City,Central Ward,-43.52665,172.64123,Entire home/apt,103.0,1,281,2025-09-27,3.85,1,190,83,,2025-09
1233789352719468513,Brand new 2 bedroom  near Northlands Mall and CBD,49642171,Xihang,Christchurch City,Papanui Ward,-43.49734,172.60466,Entire home/apt,117.0,1,12,2025-04-18,0.98,88,137,11,,2025-04
27614723,"Big View from a Tiny House, Cashmere",114439283,Paris,Christchurch City,Halswell Ward,-43.57967,172.61018,Entire home/apt,102.0,2,119,2025-07-03,1.39,1,283,7,,2025-07
1219062444217229166,Fully Suites Riccarton Hideaway,74811135,Yaoyao,Christchurch City,Riccarton Ward,-43.53329,172.60228,Entire home/apt,184.0,1,42,2025-08-17,3.24,40,265,39,,2025-08
962366676060650618,#Just4Goleman,443017458,Jay,Christchurch City,Innes Ward,-43.49873,172.63975,Private room,,16,0,,,1,269,0,,
968224198043666870,Room,516048910,Heer,Christchurch City,Innes Ward,-43.49815,172.65054,Private room,,1,0,,,1,89,0,,
1090077520024131623,Mediterranean style home,560797550,Vinni,Christchurch City,Halswell Ward,-43.5822143,172.5667461,Private room,,1,20,2025-06-05,1.0,1,0,11,,2025-06
18383873,Super king,127329302,Jay,Christchurch City,Riccarton Ward,-43.52988,172.58196,Private room,169.0,1,3,2023-12-24,0.03,6,343,0,,2023-12
1205566332226088364,Modern Home in Halswell,31367704,Cameron,Christchurch City,Halswell Ward,-43.59486709999999,172.5663913,Entire home/apt,,2,3,2025-04-19,0.31,1,0,3,,2025-04
45091749,Modern & Quiet | Central Christchurch Stay,24205506,Karen Louise,Christchurch City,Central Ward,-43.52365,172.62835,Entire home/apt,164.0,1,44,2025-07-31,0.73,77,314,4,,2025-07
21631465,Discover Port Hills with this Beauty + Breakfast!,114115162,Ollie,Christchurch City,Heathcote Ward,-43.56367,172.66984,Private room,66.0,1,520,2025-10-06,5.47,1,302,60,,2025-10
1006152691713709590,Penthouse Perfection: 2BR Elegance on Worcester St,202585247,Ohana,Christchurch City,Central Ward,-43.5317,172.6377,Entire home/apt,198.0,1,161,2025-10-01,6.77,121,119,77,,2025-10
51480433,"20min walk to city, large room with ensuite",76714495,Damein,Christchurch City,Central Ward,-43.51924,172.64817,Private room,54.0,2,82,2025-10-03,2.1,1,302,30,,2025-10
1094728292621394060,Cottage on Somerset,81687287,Stacey,Christchurch City,Spreydon Ward,-43.54808472464065,172.61995623862305,Private room,55.0,1,67,2025-09-24,3.78,1,315,42,,2025-09
15113463,"NEW,stylish, contemporary New Zealand architecture",95753227,David Campbell,Christchurch City,Fendalton Ward,-43.51437377929688,172.62033081054688,Private room,177.0,1,92,2025-02-22,0.87,1,250,2,,2025-02
18240301,SUBURBAN OASIS,57214122,Jo,Christchurch City,Heathcote Ward,-43.55464,172.64506,Private room,88.0,1,194,2025-09-12,1.91,1,292,9,,2025-09
1418574236007356103,Quite and Cozy Single Bedroom,662706872,Pratik,Christchurch City,Halswell Ward,-43.5684663,172.5424887,Private room,46.0,1,9,2025-09-13,1.9,2,364,9,,2025-09
1454875239115501494,Ensuite Studio in Prime Location,546096306,Lina,Christchurch City,Papanui Ward,-43.49195,172.60426,Private room,62.0,2,7,2025-10-03,2.66,1,275,7,,2025-10
787979355756504575,Triple room.  Near city center.,298456605,Tony,Christchurch City,Burwood Ward,-43.51701,172.68864,Private room,59.0,1,25,2025-08-14,0.74,6,30,7,,2025-08
1274911044241650949,Modern Villa,43535607,Niko,Christchurch City,Innes Ward,-43.50947372690499,172.65465192642515,Private room,53.0,1,24,2025-10-04,2.93,1,117,24,,2025-10
824268275045865833,Twin Room - two single beds - private toilet,1743811,Kelly,Christchurch City,Spreydon Ward,-43.54822,172.6086,Private room,43.0,5,23,2025-09-09,0.72,5,90,14,,2025-09
1153072062380827393,Central CBD Apartment | Free secure parking | Slee,40726446,Sarah,Christchurch City,Central Ward,-43.53066099999999,172.6385368,Entire home/apt,188.0,3,78,2025-10-06,4.61,4,198,55,,2025-10
1034553784501950832,Budget  and close to  Airport & City,96129652,Su,Christchurch City,Fendalton Ward,-43.50254,172.58647,Private room,45.0,1,136,2025-09-13,6.33,4,16,53,,2025-09
1320518072775238044,roXztr Retreat,655827282,Jesley,Christchurch City,Innes Ward,-43.50388,172.65784,Private room,65.0,3,14,2025-08-16,1.63,2,23,14,,2025-08
1487478813883357909,Spacious Modern City Centre Apartment with CarPark,227218043,Rebecca,Christchurch City,Central Ward,-43.53370960627598,172.64144640415907,Entire home/apt,141.0,1,5,2025-09-29,5.0,1,80,5,,2025-09
51564989,Bedroom in Cheerful 3-bedroom home (1 x Queen Bed),8171146,Alison,Christchurch City,Riccarton Ward,-43.52764,172.60326,Private room,61.0,1,29,2025-10-07,0.59,3,18,21,,2025-10
1380982509542718617,Hagley Hideaway:Park Cozy Escape,102325306,Jianzhong,Christchurch City,Riccarton Ward,-43.53280026762857,172.60847686469833,Private room,72.0,1,17,2025-09-29,2.59,1,138,17,,2025-09
4144718,Lovely breakfast best views. 2 double rooms +,20198799,Michael,Christchurch City,Banks Peninsula Ward,-43.60281,172.68887,Private room,108.0,2,77,2025-07-28,0.58,2,321,1,,2025-07
45090375,"Single accommodation, en suite and breakfast.",96710780,Peter,Christchurch City,Innes Ward,-43.51391,172.65364,Private room,86.0,1,96,2025-08-02,1.57,3,104,2,,2025-08
39278292,Tumblestone Cottage,188463724,Malcolm & Linda,Christchurch City,Banks Peninsula Ward,-43.73922,172.79493,Private room,109.0,1,33,2024-12-15,1.13,1,220,4,,2024-12
1174112658598281641,Room in Cheerful 3 bedroom house (2 x King Single),8171146,Alison,Christchurch City,Riccarton Ward,-43.52554,172.60476,Private room,58.0,1,62,2025-10-01,3.85,3,26,54,,2025-10
925886246458274108,Large Queen Room - Downstairs,184564246,Tung,Christchurch City,Waimairi Ward,-43.49812,172.56609,Private room,64.0,1,57,2025-09-11,2.13,5,255,18,,2025-09
572548641800067195,City Life on Your Doorstep with cosy double bed,221100338,Muk,Christchurch City,Central Ward,-43.5289073,172.6461528,Private room,74.0,1,115,2025-09-19,2.82,1,240,28,,2025-09
30020244,Haven in Huntsbury: The genuine Bed and Breakfast,24563785,Carol,Christchurch City,Cashmere Ward,-43.5709,172.64482,Private room,105.0,1,177,2025-10-01,2.12,1,331,17,,2025-10
1108145080355050933,Luxury New Stadium Residence In CBD With King Beds,49642171,Xihang,Christchurch City,Central Ward,-43.5371,172.64892,Entire home/apt,113.0,1,5,2025-03-31,0.29,88,234,2,,2025-03
1384700654090795512,Oceanside Studio in New Brighton,422461047,Alexander,Christchurch City,Coastal Ward,-43.50357936238871,172.72946672949982,Private room,88.0,1,15,2025-08-22,2.33,1,69,15,,2025-08
634415939483950840,The Coolest Townhouse in Christchurch,202585247,Ohana,Christchurch City,Central Ward,-43.5310785,172.647063,Entire home/apt,106.0,1,237,2025-09-25,5.94,121,162,54,,2025-09
1000923391463404465,Seaside Single-level New Studio,49642171,Xihang,Christchurch City,Coastal Ward,-43.50995,172.7318,Entire home/apt,87.0,1,113,2025-09-13,4.84,88,262,46,,2025-09
856849026777479916,Central Wellness Retreat. Gym/sauna + DBL Garage,47522450,Anthony David,Christchurch City,Central Ward,-43.52488,172.6396,Entire home/apt,161.0,2,24,2025-07-06,1.12,1,9,20,,2025-07
888641030989220709,"Ocean Is Just Around The Corner, Sky+Sport,Netflix",514180659,Lux BnB Care,Christchurch City,Coastal Ward,-43.503886,172.728598,Entire home/apt,130.0,1,152,2025-09-26,5.21,3,302,53,,2025-09
1503151579013489852,Posh on Peterborough,666456183,Helen,Christchurch City,Central Ward,-43.5256110924079,172.63564896560672,Private room,129.0,1,0,,,1,352,0,,
925412348851656678,Midcentury Modern Gem in Christchurch Central,10499725,Zia,Christchurch City,Central Ward,-43.52691311967491,172.6597249880433,Private room,97.0,1,29,2025-10-06,1.06,1,176,9,,2025-10
1251677149998724920,The Eve Apartment - OGB Suite,81390838,Katie,Christchurch City,Central Ward,-43.53133,172.63846,Entire home/apt,331.0,2,13,2025-08-31,1.15,45,269,13,,2025-08
1383696001071765104,Adventure & Relaxation Cozy 3BR Stay with Games &,202585247,Ohana,Christchurch City,Heathcote Ward,-43.5645701,172.7128158,Entire home/apt,175.0,1,31,2025-09-29,4.72,121,118,31,,2025-09
955587298741618023,Wake Up To The Sound Of The Ocean - New Townhouse,49642171,Xihang,Christchurch City,Coastal Ward,-43.5092167,172.7308673,Entire home/apt,81.0,1,59,2025-09-11,2.29,88,316,30,,2025-09
1483494070662119962,"Sumner Beach Escape, 1 min walk",42064664,Gareth,Christchurch City,Heathcote Ward,-43.5720107,172.7635982,Entire home/apt,206.0,2,4,2025-10-04,4.0,1,35,4,,2025-10
1210372690272864591,Warm Central City Apartment w/ 2 Free Carparks,551181197,Paula Kat Charlotte,Christchurch City,Central Ward,-43.52693,172.63807,Entire home/apt,295.0,1,35,2025-09-20,2.51,146,170,26,,2025-09
721726652434989801,"Private space, close to airport",464806707,Debbie,Christchurch City,Riccarton Ward,-43.52591,172.56176,Private room,90.0,1,17,2025-05-31,0.52,1,90,7,,2025-05
1366462020805716957,Single Cozy New Room â Halswell,517960751,Moses,Christchurch City,Halswell Ward,-43.5947561,172.5656809,Private room,62.0,1,0,,,1,87,0,,
1361856073304636182,Oceanview Luxury 3BR Family Retreat,119067882,Yifan,Christchurch City,Heathcote Ward,-43.57407103015629,172.75113621628893,Entire home/apt,245.0,1,17,2025-09-06,2.38,2,312,17,,2025-09
1355397747203103451,Modern Stay Near Airport,370840480,Kavankumar Kanubhai,Christchurch City,Halswell Ward,-43.56046744565495,172.5430162629637,Private room,36.0,1,0,,,1,331,0,,
998829765481920780,Beachfront Haven,500079996,Ann,Christchurch City,Coastal Ward,-43.50961,172.7303,Entire home/apt,294.0,1,9,2025-04-26,0.41,1,297,4,,2025-04
1342980432885964798,Executive Home with Stunning Harbour views,27281206,Mirjam,Christchurch City,Banks Peninsula Ward,-43.63799644146733,172.71410079982482,Entire home/apt,758.0,2,2,2025-08-27,1.11,1,347,2,,2025-08
1419924039511053516,Mount Pleasant Ocean Views 3 bedroom with bathtub,482671075,Paula Corinne,Christchurch City,Heathcote Ward,-43.5580319,172.7160523,Entire home/apt,281.0,1,1,2025-09-12,1.0,124,138,1,,2025-09
1013291664951793211,Peaceful & Quiet with dedicated wk area & Netflix,315795787,David,Christchurch City,Cashmere Ward,-43.5622931,172.617894,Private room,54.0,2,47,2025-09-30,2.0,1,233,25,,2025-09
1200338218728704148,Black Diamond,91121378,Holly,Christchurch City,Banks Peninsula Ward,-43.6318847,172.7251646,Entire home/apt,288.0,1,104,2025-10-06,8.0,1,239,99,,2025-10
1369724422056382643,Guest suites outside the city center,131216378,Adam,Christchurch City,Cashmere Ward,-43.57629042303861,172.64727171916056,Private room,104.0,1,0,,,3,30,0,,
1290048864630918594,Charming Private Room,109595285,Matthew,Christchurch City,Central Ward,-43.52850706620084,172.6480071564737,Private room,103.0,2,15,2025-03-30,1.49,1,29,15,,2025-03
46421695,Private oasis with stunning views to native bush,6298490,Victoria,Christchurch City,Banks Peninsula Ward,-43.76174,172.8075,Entire home/apt,140.0,2,121,2025-10-02,2.08,1,203,35,,2025-10
1245418435115870909,Little house with big views!,125024152,Jacinta,Christchurch City,Banks Peninsula Ward,-43.6017276,172.6915164,Entire home/apt,170.0,2,74,2025-10-05,5.84,1,134,71,,2025-10
1405824387746978888,Charming house on Montreal,213361214,Sheun,Christchurch City,Central Ward,-43.5465904,172.630358,Private room,55.0,1,9,2025-08-21,1.66,2,336,9,,2025-08
1068528666894118761,Stunning House with Spa & Incredible Views,23389870,Hennie,Christchurch City,Banks Peninsula Ward,-43.63564,172.72036,Entire home/apt,146.0,1,154,2025-10-02,7.79,5,264,80,,2025-10
1386624999505971942,Seaside 2 Bed 2 Bath Haven Short Walk to the Beach,551181197,Paula Kat Charlotte,Christchurch City,Coastal Ward,-43.5087608,172.7312549,Entire home/apt,153.0,1,17,2025-09-28,2.91,146,219,17,,2025-09
1364977262188171495,Quiet clean central,43358301,Aoife,Christchurch City,Central Ward,-43.52278,172.63464,Private room,73.0,1,9,2025-10-04,1.44,1,286,9,,2025-10
15397099,Kia OraãFormosa ~ ååãç¦ç¾æ©æ²,28327900,Yang Chi,Christchurch City,Cashmere Ward,-43.56204,172.61723,Private room,71.0,2,20,2025-04-29,0.22,1,265,4,,2025-04
1416292404519614096,Local knowledge and villa charm,32458378,Christopher,Christchurch City,Cashmere Ward,-43.559363923769766,172.6463544644693,Private room,74.0,1,5,2025-10-03,4.41,1,19,5,,2025-10
35291219,Single room with Private bathroom,78554472,James,Christchurch City,Hornby Ward,-43.53418,172.56,Private room,95.0,1,2,2025-02-21,0.03,2,87,1,,2025-02
1115455513371722902,Bayview Retreat - Your Tranquil Haven,275204353,Ulrike,Christchurch City,Banks Peninsula Ward,-43.63709,172.72243,Entire home/apt,153.0,2,53,2025-09-02,3.09,1,315,37,,2025-09
1437344405173920949,Sumner Views,36077654,Simon,Christchurch City,Heathcote Ward,-43.57425,172.77059,Entire home/apt,162.0,2,4,2025-09-27,1.28,1,269,4,,2025-09
806018558867953027,Brand new 2 bed ocean view!,49642171,Xihang,Christchurch City,Coastal Ward,-43.5036249,172.7293298,Entire home/apt,119.0,1,191,2025-09-23,6.27,88,260,50,,2025-09
2454821,Modern Home-Panoramic view of city,12438253,Jacquie,Christchurch City,Cashmere Ward,-43.5739188,172.6530071,Private room,200.0,1,6,2024-11-12,0.19,1,359,1,,2024-11
910544264293228230,NewBrightonRetreat-Private Apartment in Sunny Home,166425951,Leanne,Christchurch City,Coastal Ward,-43.49992,172.72795,Entire home/apt,162.0,1,29,2025-04-05,1.05,2,299,5,,2025-04
12907550,cozycozy guest house,22181030,Flora,Christchurch City,Hornby Ward,-43.53618,172.55261,Private room,68.0,1,6,2025-02-10,0.18,2,364,2,,2025-02
1409191524155886363,"Imagine - Morning ski, Dusk surf",586510245,Margaret,Christchurch City,Heathcote Ward,-43.57347128306554,172.77056296921378,Entire home/apt,301.0,2,0,,,1,215,0,,
17450806,Amazing sea view in new self contained Apartment,78882771,Noeleen,Christchurch City,Heathcote Ward,-43.56535,172.71674,Entire home/apt,102.0,2,69,2025-04-25,0.66,1,36,4,,2025-04
684191078166171596,Million dollar views in beautiful Diamond Harbour,431781991,Alistair Natalie,Christchurch City,Banks Peninsula Ward,-43.6290789,172.7204884,Entire home/apt,315.0,2,64,2025-09-27,1.76,1,240,25,,2025-09
1393042132040538427,Excellent inner city location,688049045,Hazel,Christchurch City,Central Ward,-43.523985976934455,172.64250851770703,Private room,61.0,1,3,2025-05-04,0.49,1,355,3,,2025-05
42626767,"The A-frame rural retreat, Port Levy",54578065,Courtney,Christchurch City,Banks Peninsula Ward,-43.66836,172.82038,Entire home/apt,91.0,1,141,2025-06-21,2.07,1,97,23,,2025-06
612412168196334272,Design Conscious Gem - Centre City |Secure Parking,40726446,Sarah,Christchurch City,Central Ward,-43.530663,172.63855,Entire home/apt,188.0,2,230,2025-09-22,5.48,4,232,26,,2025-09
860468148182845279,Beautiful Townhouse in City Centre,131734373,Alicia,Christchurch City,Central Ward,-43.52324,172.64047,Entire home/apt,157.0,1,57,2025-09-14,1.88,8,302,34,,2025-09
975628635219664968,"Panorama: Surf, Sun & Mountains",443618907,Paul,Christchurch City,Heathcote Ward,-43.57404827821513,172.74571105399778,Private room,90.0,1,25,2025-04-06,0.99,2,180,12,,2025-04
850971839433590569,"Hilltop room with ensuite, close to city",42254919,Anna,Christchurch City,Cashmere Ward,-43.56971,172.65324,Private room,45.0,2,2,2025-07-07,0.1,2,61,1,,2025-07
9734677,"Spacious bedroom, en suit and patio",50228570,Mark,Christchurch City,Banks Peninsula Ward,-43.67916,172.65324,Private room,77.0,2,5,2017-02-15,0.04,1,361,0,,2017-02
2352051,Luxury Cass Bay Retreat (A),10339399,Vivienne,Christchurch City,Banks Peninsula Ward,-43.60364,172.6954,Entire home/apt,147.0,2,171,2025-04-26,1.21,3,257,40,,2025-04
1466371160251305125,3-Bedrooms Home near CBD,105265867,Andrew,Christchurch City,Central Ward,-43.51910571964622,172.64974415302277,Entire home/apt,147.0,2,1,2025-08-23,0.65,11,232,1,,2025-08
1090280268723344343,Seaglass Beach House,561804702,Karina,Christchurch City,Coastal Ward,-43.55588,172.75165,Entire home/apt,591.0,1,30,2025-08-30,1.52,1,304,23,,2025-08
1114206280501111484,Latimer Square Luxe: 1BR w/ Sofa Bed,551181197,Paula Kat Charlotte,Christchurch City,Central Ward,-43.5325,172.64289,Entire home/apt,161.0,1,49,2025-09-22,2.61,146,226,45,,2025-09
1367518870805266062,Cabin cutie,21100538,Amy,Christchurch City,Spreydon Ward,-43.5638852,172.599944,Private room,37.0,2,1,2025-03-14,0.14,1,316,1,,2025-03
926914686567939579,Islay Cottage Grade 2 Heritage Property,523329909,Tony & Brenda,Christchurch City,Banks Peninsula Ward,-43.60306,172.71689,Entire home/apt,261.0,2,49,2025-10-04,1.8,1,315,19,,2025-10
9682036,Koromiko Farm Stay @ Loch Sloy Farm Little River,42799059,Robin Stuart,Christchurch City,Banks Peninsula Ward,-43.781,172.78958,Entire home/apt,325.0,1,216,2025-09-21,1.86,2,303,17,,2025-09
1160367346273165266,A touch of country in the city.,83867474,Michael,Christchurch City,Burwood Ward,-43.4849286,172.6746291,Entire home/apt,144.0,1,16,2025-09-27,1.7,1,310,16,,2025-09
1189492206407986371,Beautiful room in quiet oasis,8899806,Tanya,Christchurch City,Cashmere Ward,-43.554237016971086,172.65147111357302,Private room,70.0,2,6,2025-03-11,0.54,1,174,6,,2025-03
885255595236207867,A place for you to relax,513242724,Daniel,Christchurch City,Central Ward,-43.53077,172.6586,Private room,48.0,1,37,2025-06-03,1.28,1,268,6,,2025-06
885072095803743689,Large living and coastal escape - 2 min to beach,84196249,Carol,Christchurch City,Coastal Ward,-43.53802,172.74123,Entire home/apt,186.0,3,16,2025-05-03,0.67,3,236,4,,2025-05
31523797,ROOM TO RENT,234664735,Kelera T,Christchurch City,Hornby Ward,-43.53459,172.53118,Private room,130.0,30,0,,,1,364,0,,
948883490267612790,Coastal Sanctuary - Brand New ModernTownhouse,49642171,Xihang,Christchurch City,Coastal Ward,-43.50876359999999,172.7312418,Entire home/apt,107.0,1,48,2025-07-19,1.87,88,115,10,,2025-07
29655117,Central Riccarton. Warm and modern,223206379,Janya,Christchurch City,Riccarton Ward,-43.53606,172.60521,Private room,200.0,1,0,,,2,179,0,,
1253190516988136077,Black Hut Retreat,100452974,Cheryl,Christchurch City,Heathcote Ward,-43.555366050820055,172.71729802839994,Entire home/apt,419.0,2,4,2025-04-13,0.46,1,319,4,,2025-04
976369154673473011,Seaside Surf Bach,351305354,Sarah,Christchurch City,Heathcote Ward,-43.56962,172.77383,Entire home/apt,542.0,3,11,2025-01-28,0.51,1,29,5,,2025-01
1446702375930359298,"Modern Spacious Home, very close to City Centre",702137718,Francis Rich,Christchurch City,Linwood Ward,-43.52381,172.68875,Entire home/apt,147.0,1,19,2025-10-02,5.88,1,116,19,,2025-10
996602525745679700,"New Brighton Pier Retreat - 3 bedrooms, Beachfront",166425951,Leanne,Christchurch City,Coastal Ward,-43.49992,172.72795,Entire home/apt,329.0,10,1,2024-01-11,0.05,2,96,0,,2024-01
1175249178309400974,Paton Place Harbour/Hillviews,551190254,Vicki,Christchurch City,Banks Peninsula Ward,-43.6014067,172.7151243,Entire home/apt,140.0,1,60,2025-08-19,3.78,1,269,49,,2025-08
40267252,"Kowhai Cabin, Little River: Be Nurtured by Nature",9023904,Elizabeth,Christchurch City,Banks Peninsula Ward,-43.78569,172.80933,Entire home/apt,100.0,2,65,2025-04-05,0.91,2,215,10,,2025-04
1444416309287551040,Modern CBD Retreat | Walk Everywhere,420218573,Navjot,Christchurch City,Heathcote Ward,-43.55413,172.6442,Private room,49.0,1,0,,,1,364,0,,
46628244,Beautiful house and very near to CBD,293931140,Mani,Christchurch City,Heathcote Ward,-43.55307,172.64637,Private room,31.0,1,1,2020-12-03,0.02,1,355,0,,2020-12
1114168043227234417,"Modern 2-Bed Townhouse, Walk to City, Free Parking",97715487,Lex,Christchurch City,Central Ward,-43.5251555,172.6470993,Entire home/apt,141.0,1,49,2025-09-30,2.99,1,117,36,,2025-09
1278817231082811933,Room with Spa and EV charging,658162740,Dr Waqas,Christchurch City,Hornby Ward,-43.55553694345197,172.52980180168325,Private room,136.0,1,0,,,2,79,0,,
31676281,The house is the back section,223206379,Janya,Christchurch City,Riccarton Ward,-43.53134,172.58614,Private room,120.0,1,0,,,2,361,0,,
3498611,"Sunny Bayview Studio - Charteris Bay, Canterbury",17615479,Felicia,Christchurch City,Banks Peninsula Ward,-43.63553,172.7195,Entire home/apt,111.0,2,43,2025-08-07,0.33,1,253,1,,2025-08
26848494,Land Sea Adventure,83381954,Anji,Christchurch City,Banks Peninsula Ward,-43.60421,172.69076,Entire home/apt,458.0,5,5,2025-04-09,0.07,2,345,3,,2025-04
1114989703521374395,Riccarton éå¡é¡¿åé´,508290494,Jackie,Christchurch City,Riccarton Ward,-43.53059124777598,172.58757255971432,Private room,55.0,3,0,,,2,87,0,,
1395819019957564079,Central 1bd I Carpark I Lift access,75857776,Michael,Christchurch City,Central Ward,-43.52819544295089,172.6438264668173,Entire home/apt,128.0,2,18,2025-10-05,5.57,2,23,18,,2025-10
761716894181729970,Fyffe One Bedroom Unit,58116308,Rod,Christchurch City,Riccarton Ward,-43.52925,172.58825,Private room,246.0,1,0,,,4,275,0,,
1211180338045862607,City Centre Class,23278101,Jason,Christchurch City,Central Ward,-43.5246909,172.6356671,Entire home/apt,215.0,1,54,2025-10-05,3.8,16,278,42,,2025-10
53275033,Harbour Haven Retreat,431294402,Jennifer,Christchurch City,Banks Peninsula Ward,-43.599133,172.724884,Entire home/apt,160.0,2,63,2025-08-30,1.35,1,47,18,,2025-08
1393177667599639297,Holiday in Paradise,688392690,Shelley,Christchurch City,Banks Peninsula Ward,-43.64661633749566,172.71206623739903,Entire home/apt,216.0,2,6,2025-10-04,1.04,1,321,6,,2025-10
880119344865178248,The Best of Both Worlds,173715343,Sarah,Christchurch City,Heathcote Ward,-43.56322979999999,172.7096966,Entire home/apt,72.0,1,118,2025-09-30,3.98,1,277,60,,2025-09
16578589,Garden Studio with ocean views,12516114,Kaye,Christchurch City,Heathcote Ward,-43.57302,172.7554,Entire home/apt,116.0,2,226,2025-10-03,2.12,1,135,22,,2025-10
1021562330211882047,"Quirky Pod, Double Bed, Wi-Fi + close to CBD",532142019,Tracy,Christchurch City,Central Ward,-43.5327996,172.6595895,Private room,52.0,1,9,2025-04-17,0.4,6,90,2,,2025-04
30253435,A Small Sunny Cottage,26451756,Brittany,Christchurch City,Linwood Ward,-43.5534,172.6747,Entire home/apt,123.0,2,9,2023-11-01,0.11,1,359,0,,2023-11
992357982340131314,Jolly Close To CBD - Brand New 2 Bedroom Retreat,539762333,Amandeep,Christchurch City,Linwood Ward,-43.53492,172.67684,Entire home/apt,129.0,1,44,2025-10-04,1.94,1,255,25,,2025-10
1419954262725071323,Entertainment Galore-3 Bed Family Retreat!,49642171,Xihang,Christchurch City,Heathcote Ward,-43.5615844,172.6772681,Entire home/apt,278.0,1,5,2025-09-25,1.38,88,327,5,,2025-09
1293734730735133300,Top Floor Apartment in City Central Sunny Balcony,86216394,Min,Christchurch City,Central Ward,-43.52952,172.6405,Entire home/apt,212.0,1,8,2025-09-27,1.45,40,117,8,,2025-09
658846440270803125,Gatehouse on the Bay - Christchurch Holiday Unit,145244100,Bachcare,Christchurch City,Heathcote Ward,-43.55715,172.71926,Entire home/apt,164.0,1,1,2024-01-09,0.05,1547,364,0,,2024-01
1433813361029196534,Guest Room near City Centre,558330049,Arshdhillon,Christchurch City,Central Ward,-43.54699,172.62815,Private room,44.0,1,1,2025-06-12,0.25,2,68,1,,2025-06
991557225618100735,Sunny room on the hill.,229007006,Constantin,Christchurch City,Heathcote Ward,-43.56417,172.72126,Private room,90.0,2,1,2024-02-15,0.05,1,269,0,,2024-02
38131568,Riccarton the best Location in Christchurch,205850908,Edgar,Christchurch City,Riccarton Ward,-43.53644,172.58957,Private room,87.0,1,0,,,1,179,0,,
39424162,Vegan Vegetarian Inquiries only Please,302823704,Deepak,Christchurch City,Halswell Ward,-43.56069,172.54278,Private room,490.0,1,0,,,1,364,0,,
1072597769953450545,Unbeatable Central City Location 2 bed Single lvl,551181197,Paula Kat Charlotte,Christchurch City,Central Ward,-43.527498,172.6391301,Entire home/apt,242.0,1,79,2025-09-13,3.87,146,238,34,,2025-09
803146604947649710,Ensuite for long term,495791733,Sukhwinder,Christchurch City,Heathcote Ward,-43.54958,172.64856,Private room,129.0,7,0,,,1,364,0,,
1325692513664002284,French style holiday cottage,254442953,Caro,Christchurch City,Banks Peninsula Ward,-43.62862,172.71837,Entire home/apt,243.0,2,0,,,1,342,0,,
1107018218360596957,Cosy Modern 2 Bedroom Haven,123463466,Tracey,Christchurch City,Central Ward,-43.53090438625563,172.64178964760745,Entire home/apt,177.0,4,20,2025-10-02,1.05,3,74,19,,2025-10
1285779338142572407,Mid-century home by the hills,10570992,Alice,Christchurch City,Heathcote Ward,-43.5791804,172.7605532,Entire home/apt,468.0,2,0,,,1,329,0,,
3115193,Beautiful Entire Home Overlooking Harbour,729315,Linda Jean,Christchurch City,Banks Peninsula Ward,-43.59760284423828,172.7147979736328,Entire home/apt,244.0,3,6,2025-01-06,0.06,1,11,1,,2025-01
1298716302395193446,Beautiful beach house,498286875,Anna,Christchurch City,Coastal Ward,-43.52627729694071,172.73679824982085,Entire home/apt,216.0,1,3,2025-02-06,0.32,2,358,3,,2025-02
1307427125719691550,"Best Location in CBD, Carpark-Free Designated Park",45768555,Lexia Margaret,Christchurch City,Central Ward,-43.5272862,172.639144,Entire home/apt,108.0,1,16,2025-10-04,1.7,60,326,16,,2025-10
23636135,Redcliffs on Park by Sea,168658812,Alison,Christchurch City,Heathcote Ward,-43.56973,172.73972,Entire home/apt,126.0,2,168,2025-10-05,1.91,1,146,8,,2025-10
1424217811733648920,Home Sweet Home NZ,696102587,Joseph,Christchurch City,Hornby Ward,-43.52174139103217,172.52392370498652,Private room,45.0,1,1,2025-08-25,0.67,1,280,1,,2025-08
646397833210465337,Cozy studio in Little River,101400542,Marine,Christchurch City,Banks Peninsula Ward,-43.76385,172.79345,Entire home/apt,96.0,3,12,2023-01-27,0.3,1,49,0,,2023-01
556017309497677453,Welcome to a private room in a shared cosy home.,13549874,Bee,Christchurch City,Heathcote Ward,-43.57766,172.77481,Private room,66.0,1,15,2024-02-03,0.37,1,280,0,,2024-02
1305300413011176666,City to Beach,665608402,Edwin Andre,Christchurch City,Heathcote Ward,-43.55947869127116,172.71957126972347,Entire home/apt,300.0,2,0,,,1,345,0,,
1141527366370455593,Large home by Sumner beach,25090344,Jess,Christchurch City,Heathcote Ward,-43.56779174736025,172.75772037301638,Entire home/apt,599.0,2,1,2024-12-31,0.11,1,80,1,,2024-12
1044367768338614141,"Modern 2-Bedroom Oasis, Just Steps from the Beach",374915856,Simeon Henry,Christchurch City,Coastal Ward,-43.5478915,172.7462131,Entire home/apt,175.0,1,27,2025-07-12,1.23,120,177,8,,2025-07
838565100873967862,Port Goodness,195093909,Kate,Christchurch City,Banks Peninsula Ward,-43.59488,172.72152,Entire home/apt,260.0,2,26,2025-03-22,0.86,1,322,9,,2025-03
1024299805491761022,Comfortable 2 bedroom house,546420030,Maureen,Christchurch City,Waimairi Ward,-43.5212,172.54791,Private room,50.0,1,0,,,1,269,0,,
946706180798956896,Diamond Harbour Hideaway,528721467,Cathy,Christchurch City,Banks Peninsula Ward,-43.62864,172.74165,Entire home/apt,475.0,2,17,2025-05-04,0.7,2,269,8,,2025-05
794544434578707500,Large Self-Contained Room with ensuite Mt Pleasant,493679589,Debra Margaret,Christchurch City,Heathcote Ward,-43.56012310542845,172.717664,Entire home/apt,109.0,1,22,2024-12-26,0.68,1,249,1,,2024-12
1360226095262465238,Large self-contained studio,59688721,Colleen & Shelley,Christchurch City,Coastal Ward,-43.55033954525878,172.74858449289397,Entire home/apt,112.0,2,0,,,3,9,0,,
1226310652348871170,The City Sanctuary,81390838,Katie,Christchurch City,Central Ward,-43.52962,172.64002,Entire home/apt,281.0,2,13,2025-09-16,1.06,45,300,12,,2025-09
1475183821070092370,Sunlit Home with Outdoor Living + Spa,266459140,Philippa,Christchurch City,Heathcote Ward,-43.57648552233884,172.7621501460327,Entire home/apt,556.0,5,0,,,1,28,0,,
814154388984215688,Embrace the Sumner beach!,108655719,Craig,Christchurch City,Heathcote Ward,-43.58003764747089,172.7574618914771,Entire home/apt,175.0,2,7,2025-04-12,0.66,1,185,7,,2025-04
842199160302724498,Diamond Harbour Hideaway,26758196,Melanie,Christchurch City,Banks Peninsula Ward,-43.62634,172.73666,Entire home/apt,198.0,2,7,2025-01-11,0.35,1,53,3,,2025-01
1191510676461292058,Sunny beach escape Sumner,141454385,Annalise,Christchurch City,Heathcote Ward,-43.57317,172.76869,Entire home/apt,171.0,3,2,2024-12-30,0.14,1,18,1,,2024-12
927118956899352473,Sleek modern city apartment,137791556,Elissia,Christchurch City,Central Ward,-43.53103565205278,172.64373407826258,Entire home/apt,139.0,1,207,2025-04-23,7.6,1,88,66,,2025-04
1138603690374549622,Luxury Without Limits,551181197,Paula Kat Charlotte,Christchurch City,Central Ward,-43.5311439,172.6459705,Entire home/apt,138.0,1,29,2025-09-27,1.65,146,201,13,,2025-09
1040782889758673280,Hidden Treasure in Hornby 2 Beds,74811135,Yaoyao,Christchurch City,Hornby Ward,-43.54265,172.51748,Entire home/apt,150.0,1,17,2025-04-18,0.81,40,253,9,,2025-04
1175647935532445538,"Elysian Du Regent
Boutique City Apartment",44543346,Arjun,Christchurch City,Central Ward,-43.52970948929621,172.6386742374344,Entire home/apt,319.0,2,3,2025-09-27,0.38,2,339,3,,2025-09
1287990443508511523,Riverside CBD Luxury With King Bed! Free Parking,49642171,Xihang,Christchurch City,Central Ward,-43.52793124900879,172.63925807238115,Entire home/apt,216.0,1,11,2025-07-12,1.05,88,209,11,,2025-07
1260358541707833669,City chic,39672975,Susan,Christchurch City,Central Ward,-43.5295526,172.6446809,Entire home/apt,131.0,1,25,2025-07-08,2.29,1,0,25,,2025-07
45081468,Modern Central City Sunny Apartment,363885946,Rebecca,Christchurch City,Central Ward,-43.53336,172.64166,Entire home/apt,159.0,2,207,2025-08-17,3.33,1,50,32,,2025-08
1352333348150906506,Character Central,50488277,Ged,Christchurch City,Central Ward,-43.52998,172.63736,Entire home/apt,151.0,2,3,2025-10-02,0.48,5,231,3,,2025-10
1387170090388403544,Luxury CBD Apartment Free parking,510730797,Katarina Anne,Christchurch City,Central Ward,-43.5263,172.64008,Entire home/apt,217.0,1,11,2025-09-16,1.99,8,144,11,,2025-09
29661406,Secret Garden/ Warm/Cozy/Airport/Private,56790664,Yan,Christchurch City,Waimairi Ward,-43.52034,172.54638,Entire home/apt,138.0,1,379,2025-10-05,4.52,5,316,42,,2025-10
1142999703340739833,Bernie's Guesthouse,197157096,Olivia,Christchurch City,Halswell Ward,-43.57615,172.56291,Entire home/apt,72.0,1,73,2025-10-07,7.88,1,37,73,,2025-10
39559011,Cottage,98758734,North South Holiday Park,Christchurch City,Harewood Ward,-43.47165,172.57018,Private room,185.0,1,2,2023-06-18,0.04,20,298,0,,2023-06
898158751063093298,Sunny cossy 5 min from airport,516273164,Gift,Christchurch City,Harewood Ward,-43.49705,172.582,Private room,112.0,1,0,,,1,364,0,,
1459196060226731107,New Central City Apartment,659502893,Tina,Christchurch City,Central Ward,-43.52521445050887,172.63681530547407,Entire home/apt,149.0,1,1,2025-09-30,1.0,3,45,1,,2025-09
52426964,Beautiful self contained unit in Governors Bay.,424346932,Annette,Christchurch City,Banks Peninsula Ward,-43.6205440976814,172.64596611387046,Entire home/apt,109.0,1,25,2025-10-05,3.19,1,8,25,,2025-10
631447305841657944,5 Bedroom Group Accommodation near City Centre,43226526,Janine,Christchurch City,Linwood Ward,-43.53722,172.66202,Entire home/apt,250.0,2,19,2025-02-22,0.47,5,350,1,,2025-02
1385843102023163086,Two Units - 4 Bedrooms - 4 Bathrooms,55203536,Helen,Christchurch City,Central Ward,-43.52611527214027,172.63969608655037,Entire home/apt,324.0,1,1,2025-09-02,0.83,3,202,1,,2025-09
49389638,Peaceful  4 Bedrooms Family Home Close To Airport,49642171,Xihang,Christchurch City,Hornby Ward,-43.52128,172.52786,Entire home/apt,239.0,1,166,2025-10-04,3.09,88,200,44,,2025-10
889207356562732871,Sea Side Paradise - Beach Across,514180659,Lux BnB Care,Christchurch City,Coastal Ward,-43.503667500739965,172.729149374205,Entire home/apt,126.0,1,157,2025-09-24,5.4,3,344,63,,2025-09
1366422964718569354,Relaxed and private,539460618,Detroit Wiremu Reagan,Christchurch City,Central Ward,-43.53428647703665,172.65818005972827,Private room,116.0,1,0,,,1,83,0,,
39373822,Centrally Located Apartment in Christchurch,87176738,Fiona,Christchurch City,Central Ward,-43.52402,172.63867,Entire home/apt,93.0,4,72,2025-09-21,0.99,1,26,13,,2025-09
1487553204295345853,Spacious New 1 Bed Close to Airport And The Hub!,49642171,Xihang,Christchurch City,Hornby Ward,-43.54838,172.52896,Entire home/apt,87.0,1,1,2025-09-11,1.0,88,304,1,,2025-09
1236482084937769120,Convenient Family Home Near Airport And Uni,49642171,Xihang,Christchurch City,Waimairi Ward,-43.50951,172.56882,Entire home/apt,110.0,1,3,2025-01-10,0.3,88,37,3,,2025-01
1251872501117185044,Sunlit Sanctuary with Private Patio in Wigram,202585247,Ohana,Christchurch City,Halswell Ward,-43.5566022,172.5589218,Entire home/apt,173.0,1,40,2025-10-04,3.6,121,152,40,,2025-10
1214360177031446063,"Modern Home: 2 Ensuites, 17 Min to City & CHC Air",533050528,Na,Christchurch City,Halswell Ward,-43.57887,172.56231,Entire home/apt,186.0,1,16,2025-07-23,1.13,1,313,15,,2025-07
1205497830178871138,Stay Memorial - Lovely townhouse,146067505,Melisa,Christchurch City,Waimairi Ward,-43.50393,172.56775,Entire home/apt,145.0,4,27,2025-02-01,2.03,1,27,21,,2025-02
1385840337827171229,Heart of the City Stay - With the Best Coffee!,55203536,Helen,Christchurch City,Central Ward,-43.525483324231416,172.6400619306806,Entire home/apt,149.0,1,1,2025-07-08,0.33,3,215,1,,2025-07
20159264,Hawthornden Studio - Rural Retreat In ChCh City,143455926,Sarah,Christchurch City,Waimairi Ward,-43.50211,172.55357,Entire home/apt,95.0,1,779,2025-10-07,7.88,1,54,92,,2025-10
979168358988813999,"Whistle Stop - Whimsical luxury,  EV friendly",86216394,Min,Christchurch City,Spreydon Ward,-43.54128,172.61343,Entire home/apt,128.0,1,93,2025-09-19,3.84,40,131,37,,2025-09
829758462782269155,Trendy on Taramea,501222894,Marilyn,Christchurch City,Spreydon Ward,-43.54752,172.60803,Entire home/apt,134.0,1,73,2025-09-20,2.3,5,344,25,,2025-09
1192171255946145147,One Central  Bedford Terraces in City Christchurch,584330286,Cheryl,Christchurch City,Central Ward,-43.53367,172.64242,Entire home/apt,170.0,2,45,2025-09-21,3.18,1,88,39,,2025-09
1507657368583161101,Classic Cabin Quad,98758734,North South Holiday Park,Christchurch City,Harewood Ward,-43.47021094147807,172.56904987657853,Entire home/apt,116.0,1,0,,,20,331,0,,
52394243,Lovely 1 Bedroom Apartment Opposite Hagley Park,49642171,Xihang,Christchurch City,Spreydon Ward,-43.54003,172.6181,Entire home/apt,147.0,1,275,2025-09-17,6.11,88,219,11,,2025-09
45092196,Blenheim Road Motorlodge,119597817,Angela,Christchurch City,Riccarton Ward,-43.53846,172.58483,Private room,119.0,1,14,2024-11-14,0.26,3,362,1,,2024-11
1476509252445987009,Appt 2 on Armagh 2Bdrm 2 Bthrm Free  Park,45768555,Lexia Margaret,Christchurch City,Central Ward,-43.5288993,172.6622898,Entire home/apt,139.0,1,0,,,60,330,0,,
1388762011553619350,Modern 4BR in Riccarton Walk to Mall and Park,551181197,Paula Kat Charlotte,Christchurch City,Riccarton Ward,-43.53219240000001,172.6010008,Entire home/apt,344.0,1,5,2025-08-23,1.56,146,96,5,,2025-08
1488150643452622526,Warm Family Home near CHCH Airport with Parking,551181197,Paula Kat Charlotte,Christchurch City,Waimairi Ward,-43.5180903,172.552326,Entire home/apt,486.0,1,0,,,146,120,0,,
29660940,Teeming House/Warm/Cosy/CloseAirport/Cafeteria/Gym,56790664,Yan,Christchurch City,Waimairi Ward,-43.49583,172.56887,Entire home/apt,147.0,1,442,2025-10-05,5.78,5,313,56,,2025-10
1109671055886192842,Lovely in Linwood: 2BR Beauty with free Carpark,551181197,Paula Kat Charlotte,Christchurch City,Central Ward,-43.52738919999999,172.6630978,Entire home/apt,166.0,1,18,2025-09-26,1.0,146,226,15,,2025-09
1322699250001942124,Private home in Northwood,58810316,Bridgette,Christchurch City,Harewood Ward,-43.45439,172.61766,Private room,120.0,1,2,2025-02-08,0.22,1,360,2,,2025-02
39559014,Backpacker Twin,98758734,North South Holiday Park,Christchurch City,Harewood Ward,-43.4694,172.57005,Private room,98.0,1,7,2023-02-15,0.12,20,314,0,,2023-02
828961604725584893,"Modern Retreat â Private, Clean & Near Airport",243731320,Mel,Christchurch City,Hornby Ward,-43.52686,172.52336,Entire home/apt,183.0,2,119,2025-10-06,3.93,1,186,45,,2025-10
977777333272385964,Serenity Corner,170865743,Jessie,Christchurch City,Waimairi Ward,-43.51303,172.55987,Private room,77.0,1,5,2024-01-06,0.23,2,60,0,,2024-01
42075120,Comfortable 2BR w/ Hot Tub | Close to Airport,202585247,Ohana,Christchurch City,Waimairi Ward,-43.50413131713867,172.56784057617188,Entire home/apt,125.0,2,590,2025-09-25,8.56,121,25,77,,2025-09
42592141,"Airport, motorway, shopping, peaceful.",145889392,Allen,Christchurch City,Harewood Ward,-43.46165,172.61642,Entire home/apt,123.0,1,52,2025-09-16,0.77,1,141,18,,2025-09
1524226606019319722,Cozy & Comfortable Home in Riccarton,74811135,Yaoyao,Christchurch City,Riccarton Ward,-43.5304,172.60599,Entire home/apt,145.0,1,0,,,40,0,0,,
1112824116609536401,Zenith Escapes Your Quintessential 4BR Haven,202585247,Ohana,Christchurch City,Halswell Ward,-43.54781,172.55768,Entire home/apt,240.0,1,115,2025-09-29,6.12,121,80,72,,2025-09
1394382266303797123,European feel in Merivale,200930518,Summer,Christchurch City,Fendalton Ward,-43.51142665774463,172.60732631670504,Entire home/apt,684.0,5,1,2025-09-11,1.0,1,117,1,,2025-09
1006802025899925396,Luxury 2-Bed Townhouse Opposite Northlands Mall,49642171,Xihang,Christchurch City,Papanui Ward,-43.49462,172.61185,Entire home/apt,195.0,1,48,2025-09-06,2.17,88,325,27,,2025-09
1506945987194869288,One Bedroom Stunner in Allen Street,331763232,Benjamin Dearden,Christchurch City,Central Ward,-43.53681,172.64223,Entire home/apt,114.0,2,1,2025-09-23,1.0,96,41,1,,2025-09
1456050985779175816,Haven is close to the airport,74811135,Yaoyao,Christchurch City,Waimairi Ward,-43.50472,172.5735,Entire home/apt,,1,1,2025-07-05,0.31,40,71,1,,2025-07
15449789,City Townhouse,70878697,Joanna,Christchurch City,Central Ward,-43.51865,172.63628,Entire home/apt,121.0,28,90,2025-05-16,0.83,1,202,6,,2025-05
1277106501619193453,Luxury And Serene 2 Bed Near CBD With Parking,49642171,Xihang,Christchurch City,Innes Ward,-43.50887725929177,172.65131988298631,Entire home/apt,144.0,1,21,2025-08-03,1.92,88,155,21,,2025-08
1032669932330012391,"Modern, Convenient, Central:  1 bedroom loft",482671075,Paula Corinne,Christchurch City,Central Ward,-43.5335979,172.6499267,Entire home/apt,115.0,1,101,2025-10-03,4.47,124,247,47,,2025-10
1279925285982766248,6 Guests Family Home 7 Minutes to Airport,86216394,Min,Christchurch City,Waimairi Ward,-43.51581,172.56005,Entire home/apt,160.0,1,52,2025-09-27,4.76,40,163,52,,2025-09
39326411,4 beds family home next to Riccarton Mall,125298261,Cancheng,Christchurch City,Riccarton Ward,-43.53267,172.59539,Entire home/apt,269.0,1,7,2025-04-26,0.92,1,72,7,,2025-04
734995752873045157,"Quirky, Original and Unique - 1980s Dome House",24205506,Karen Louise,Christchurch City,Waimairi Ward,-43.50411,172.56882,Entire home/apt,122.0,1,38,2025-10-04,1.11,77,180,15,,2025-10
40285042,Sunhaven,119677273,Randal David,Christchurch City,Cashmere Ward,-43.56838,172.64721,Entire home/apt,95.0,1,143,2025-09-26,2.0,1,67,14,,2025-09
1054637061055430832,Cityscape Green Haven,74525992,Bryce,Christchurch City,Central Ward,-43.535504143303775,172.63543347605744,Entire home/apt,153.0,2,71,2025-10-06,3.34,1,243,38,,2025-10
1337329224256973126,Entire Apartment by Hagley Park  - Free Parking,58387919,Anjli,Christchurch City,Fendalton Ward,-43.5218,172.61905,Entire home/apt,131.0,2,10,2025-08-25,1.2,1,297,10,,2025-08
993073188698565555,The Feijoa Tree,539924119,Tracy & Phil,Christchurch City,Coastal Ward,-43.50111,172.71649,Private room,,1,51,2025-09-20,2.13,1,265,19,,2025-09
36618561,Twin Studio Unit,266905655,Harikrishnan,Christchurch City,Central Ward,-43.52061,172.64188,Entire home/apt,157.0,1,39,2025-07-21,0.56,4,338,17,,2025-07
54268343,NEW Home Away from Home on Salisbury,86216394,Min,Christchurch City,Central Ward,-43.52477,172.64196,Entire home/apt,116.0,1,116,2025-09-15,2.57,40,143,20,,2025-09
1153098927137918897,#67 La Voyageur Waterfront Apts by AVI,70726871,Darren,Christchurch City,Banks Peninsula Ward,-43.81034,172.96057,Entire home/apt,192.0,1,2,2024-10-04,0.12,23,213,0,,2024-10
1037256800469110764,Single room in Character Villa,29970846,Nikki,Christchurch City,Linwood Ward,-43.54164,172.66321,Private room,,2,17,2025-03-07,0.77,3,0,6,,2025-03
713155627306875458,Spacious and peaceful guest house,63012446,Marrieke,Christchurch City,Cashmere Ward,-43.56306,172.65976,Entire home/apt,,1,176,2025-07-13,4.71,1,0,59,,2025-07
50829465,Lavandula 4 Bedroom,24205506,Karen Louise,Christchurch City,Waimairi Ward,-43.49878,172.55842,Entire home/apt,280.0,2,23,2025-03-22,0.45,77,285,5,,2025-03
1168456554388002966,Large Bright Room Great Location! No Cleaning Fee!,1178570,Andrew,Christchurch City,Papanui Ward,-43.473783417398494,172.62719604213544,Private room,,2,15,2025-02-22,0.95,1,89,2,,2025-02
39559002,Backpacker,98758734,North South Holiday Park,Christchurch City,Harewood Ward,-43.47125,172.56996,Entire home/apt,101.0,1,16,2025-07-22,0.23,20,314,3,,2025-07
1007049628541141655,Walnut Grove Lodge,421969456,Tracey,Christchurch City,Papanui Ward,-43.50495,172.59783,Entire home/apt,946.0,2,4,2025-03-15,0.36,2,331,4,,2025-03
1070469852450301264,A Home Away from Home,402650843,Sarita,Christchurch City,Cashmere Ward,-43.56047539446644,172.62677706503575,Entire home/apt,,2,16,2025-07-31,0.77,1,0,4,,2025-07
1449394234553615970,Terrace View - Sun & Freedom in Your Bedroom,453866398,Bei,Christchurch City,Waimairi Ward,-43.5155805,172.5601998,Private room,67.0,1,1,2025-07-09,0.33,2,322,1,,2025-07
1524349872114356652,æ¸©é¦¨å°å±,326582112,Olivia,Christchurch City,Spreydon Ward,-43.54535,172.61364,Private room,50.0,1,0,,,1,361,0,,
51215241,New Townhouse in private complex with EV charger,86216394,Min,Christchurch City,Spreydon Ward,-43.5449,172.60915,Entire home/apt,121.0,1,172,2025-09-06,3.39,40,159,30,,2025-09
1297571635448220634,Cozy bedroom piece and quite,378380785,M,Christchurch City,Halswell Ward,-43.57158312242351,172.54244054047504,Private room,55.0,1,44,2025-05-13,4.18,1,326,44,,2025-05
737321545556426893,Peaceful and warm home with large garden,146049472,Jaz,Christchurch City,Papanui Ward,-43.5018249,172.6252404,Entire home/apt,,2,1,2023-01-02,0.03,1,0,0,,2023-01
1259914154067158757,Modern 2-Bed Townhouse Close to City Attractions,49642171,Xihang,Christchurch City,Spreydon Ward,-43.55473160947835,172.60954141402112,Entire home/apt,98.0,1,8,2025-07-26,0.71,88,299,8,,2025-07
954758785997132076,Room in Christchurch,131216378,Adam,Christchurch City,Cashmere Ward,-43.57766,172.64594,Private room,,1,46,2025-09-07,1.77,3,0,16,,2025-09
1233011444616283509,Brand New Luxury 2 Bed 2 Baths Family Getaway,49642171,Xihang,Christchurch City,Fendalton Ward,-43.5129634,172.625209,Entire home/apt,,1,8,2025-09-04,0.66,88,5,8,,2025-09
920769397859683038,4 Bedroom 1960s Simple Town House,521722847,William,Christchurch City,Waimairi Ward,-43.51546,172.56562,Entire home/apt,240.0,3,0,,,2,265,0,,
1124837041430489634,CBD 2 Bedroom Parkside Living -Free Parking!,49642171,Xihang,Christchurch City,Riccarton Ward,-43.52847,172.61118,Entire home/apt,119.0,1,3,2024-06-16,0.18,88,230,0,,2024-06
1488898061637341580,Close to actions Mall Park Arena,365360819,Chao,Christchurch City,Riccarton Ward,-43.53311,172.59968,Entire home/apt,154.0,1,2,2025-09-11,1.54,13,100,2,,2025-09
1340329141020655308,Cosy Comfort in Christchurch,70440222,Elise,Christchurch City,Halswell Ward,-43.581595752851214,172.55938436510732,Entire home/apt,200.0,2,8,2025-10-03,1.02,1,191,8,,2025-10
772119345048680386,Beautiful home near everything!,131734373,Alicia,Christchurch City,Linwood Ward,-43.54946,172.6722883,Entire home/apt,227.0,1,195,2025-09-19,5.62,8,311,41,,2025-09
1260002701948134088,Stylish 2 Bed Retreat Close to CBD With Parking,49642171,Xihang,Christchurch City,Spreydon Ward,-43.55515742476391,172.60706323292,Entire home/apt,112.0,1,8,2025-09-26,0.71,88,304,8,,2025-09
1393967561326691570,Heart of Our Garden City,508474412,Lu,Christchurch City,Central Ward,-43.5259716,172.6308046,Entire home/apt,423.0,1,0,,,2,145,0,,
1475145295048768393,"Modern King Studio | Netflix, Disney+ & Parking",573757538,Harmeet,Christchurch City,Riccarton Ward,-43.537756236760906,172.60171143736576,Entire home/apt,128.0,1,4,2025-09-21,1.94,7,361,4,,2025-09
1112110663067020509,"Restful stay on Geraldine Street
*Suburban Beauty*",1368723,Natalia,Christchurch City,Innes Ward,-43.5130574,172.6479011,Entire home/apt,,2,42,2025-06-27,2.49,3,24,32,,2025-06
1301966359199846919,House for Large Group or Teams,50928952,Christopher David,Christchurch City,Halswell Ward,-43.5743727,172.5468377,Entire home/apt,378.0,2,7,2025-04-21,0.74,1,318,7,,2025-04
922881357464149400,Convenient Westfield House 3bedroom 2bath,45696481,Qing,Christchurch City,Riccarton Ward,-43.53711,172.582941,Entire home/apt,206.0,1,51,2025-09-29,1.9,1,271,23,,2025-09
927063683905028303,2 bedroom apartment- G02/36B,89191145,Jackson,Christchurch City,Central Ward,-43.5370608,172.6384266,Entire home/apt,,2,4,2025-01-01,0.15,4,0,1,,2025-01
47523459,Bambina Luxe New Townhouse with upgraded supplies,86216394,Min,Christchurch City,Central Ward,-43.52826,172.61255,Entire home/apt,119.0,1,277,2025-09-25,4.83,40,125,42,,2025-09
31719508,Bed & Breakfast in a Van,109665365,Rocio,Christchurch City,Spreydon Ward,-43.55486,172.61644,Entire home/apt,35.0,1,55,2024-03-11,0.68,1,89,0,,2024-03
1355554898687621527,Checketts Bungalow in Halswell,372248313,Wei,Christchurch City,Halswell Ward,-43.5749772,172.5640088,Entire home/apt,134.0,1,12,2025-08-08,1.79,1,179,12,,2025-08
738082448210400255,Garden View Room near the Airport,9744873,Glen & Esther,Christchurch City,Waimairi Ward,-43.5131,172.55123,Private room,,7,40,2025-05-25,1.15,1,24,1,,2025-05
1500930575466868584,Ruddenklau Retreat,23086648,Brooke,Christchurch City,Papanui Ward,-43.4941949733728,172.59199921041727,Entire home/apt,178.0,2,2,2025-09-13,2.0,1,344,2,,2025-09
1309047350632045400,one bedroom unit,582753827,Qin,Christchurch City,Papanui Ward,-43.48281389749779,172.6160938494878,Entire home/apt,123.0,2,2,2025-02-08,0.24,5,359,2,,2025-02
5270312,"Double room in Mt Pleasant, Christchurch",21560467,Ellen,Christchurch City,Heathcote Ward,-43.56124,172.71569,Private room,,1,56,2025-07-31,0.51,1,365,10,,2025-07
36002264,Access Apartment wheel chair friendly,127329302,Jay,Christchurch City,Riccarton Ward,-43.5298,172.58123,Private room,159.0,1,4,2022-12-26,0.06,6,338,0,,2022-12
1524955553976998328,"Stylish New Townhouse, 2 mins from Hagley Park",422894906,Josie,Christchurch City,Spreydon Ward,-43.54212,172.61178,Private room,96.0,1,0,,,1,361,0,,
1449696013380039367,çµå¨ååºæ¿ï¼ééæ¯ä¸ç§åºè¡éæ±,453866398,Bei,Christchurch City,Waimairi Ward,-43.51624,172.55905,Private room,63.0,1,0,,,2,322,0,,
698976089252700623,Travelersâ Home æè¡èä¹å®¶,471135666,Mei,Christchurch City,Hornby Ward,-43.5247644,172.5288781,Private room,,1,143,2025-09-04,3.77,4,4,54,,2025-09
691526336030065917,Beautiful Balmoral Hill Apartment,81390838,Katie,Christchurch City,Heathcote Ward,-43.55834,172.72957,Entire home/apt,,2,10,2025-09-11,0.33,45,3,5,,2025-09
8969670,é½å¸åºå­--æé¹å­,46874226,Jielian,Christchurch City,Harewood Ward,-43.46835,172.59309,Entire home/apt,298.0,2,0,,,1,363,0,,
978413064498812402,Classy Parkside Entire Townhouse,53055547,Emma,Christchurch City,Fendalton Ward,-43.5217061,172.6218904,Entire home/apt,450.0,4,7,2025-01-03,0.32,2,137,2,,2025-01
25683049,The gold room,173433365,Kerry,Christchurch City,Central Ward,-43.52903,172.66293,Private room,53.0,2,179,2025-02-22,2.0,1,200,6,,2025-02
546598934484145226,Central Christchurch villa 3 bedrooms 2 bathrooms,4955295,Catherine,Christchurch City,Central Ward,-43.51954,172.63792,Entire home/apt,167.0,2,63,2025-09-30,1.88,1,160,16,,2025-09
27945362,"Golden Sun Apartment -Two bedrooms, Three bedrooms",119597817,Angela,Christchurch City,Halswell Ward,-43.55147,172.55779,Entire home/apt,300.0,2,45,2025-08-09,0.54,3,260,4,,2025-08
1211145616849665445,Chic Retreat - Modern Comforts & Game Room Fun!,202585247,Ohana,Christchurch City,Halswell Ward,-43.56172,172.5569841,Entire home/apt,168.0,1,48,2025-10-04,3.37,121,4,40,,2025-10
943225253268850599,Central City Sanctuary  NO FEES,27460981,Nadine,Christchurch City,Central Ward,-43.53053,172.6486,Entire home/apt,,2,6,2025-08-30,0.53,1,0,6,,2025-08
901774605342282142,Room in Christchurch,131216378,Adam,Christchurch City,Cashmere Ward,-43.57764,172.64637,Private room,,1,37,2025-06-20,1.3,3,0,12,,2025-06
954080068875649431,SkySuite - CBD Luxury 2 Bed Apartment With Parking,49642171,Xihang,Christchurch City,Central Ward,-43.5270084516115,172.63259319259032,Entire home/apt,258.0,1,20,2025-04-24,0.84,88,180,5,,2025-04
1448800409836065767,Quarto  em Christchurch,443841224,Paolla,Christchurch City,Hornby Ward,-43.53486,172.5524,Private room,67.0,1,0,,,1,363,0,,
886506251978434888,Large house with a backyard!,251219305,Sarah,Christchurch City,Waimairi Ward,-43.5192,172.53775,Entire home/apt,,4,2,2024-12-29,0.09,2,3,1,,2024-12
43548333,"Modern One-bedroom Apartment close to Uni, Airport",347615794,Sarbjit,Christchurch City,Riccarton Ward,-43.53241,172.57079,Private room,313.0,1,20,2022-01-01,0.31,3,357,0,,2022-01
1221524890957349021,Stevens House,103500955,Junjiao,Christchurch City,Hornby Ward,-43.553099,172.5256652,Entire home/apt,254.0,1,19,2025-02-12,1.47,1,156,16,,2025-02
1324236721063217484,A modern house in Christchurch,669953274,Nguyen Hoang,Christchurch City,Halswell Ward,-43.55401,172.56075,Entire home/apt,200.0,1,1,2025-01-06,0.11,1,358,1,,2025-01
1315456522610119406,A hidden gem near airport,172147331,Hung Thai,Christchurch City,Hornby Ward,-43.53318,172.51572,Entire home/apt,190.0,1,1,2024-12-26,0.1,1,111,1,,2024-12
774745657305777353,BASIC UNIT WITH Netflix- Next to Wigram Reserve,160910071,Disha,Christchurch City,Halswell Ward,-43.55997,172.54775,Entire home/apt,98.0,1,135,2025-10-05,4.06,1,215,26,,2025-10
4680718,Apartment near Hagley Park with Secure Entry,24205506,Karen Louise,Christchurch City,Fendalton Ward,-43.52105,172.62268,Entire home/apt,138.0,1,69,2025-09-30,0.52,77,316,7,,2025-09
15649991,Streamview Studio Apartments (First Floor),100992313,Tony And Monique,Christchurch City,Innes Ward,-43.50909,172.65481,Entire home/apt,95.0,2,120,2023-09-03,1.12,2,243,0,,2023-09
39559012,Self Contained Unit 25,98758734,North South Holiday Park,Christchurch City,Harewood Ward,-43.47104,172.56987,Private room,197.0,1,1,2020-10-06,0.02,20,274,0,,2020-10
1480848901532479249,Home Away From Home on one level & Double Garage,95602720,June,Christchurch City,Riccarton Ward,-43.52969,172.57827,Entire home/apt,207.0,3,0,,,1,69,0,,
1504973673174970140,Te Kaha Canvas Â· Central 3BR/3BA Townhouse+Parking,570168648,Joanna,Christchurch City,Central Ward,-43.5321753,172.6478101,Entire home/apt,279.0,1,0,,,3,73,0,,
1023645449222712575,"Cosy Comfy Room, Wi-Fi, Queen Bed + Close to CBD",532142019,Tracy,Christchurch City,Central Ward,-43.5332,172.65922,Private room,,1,2,2024-03-09,0.1,6,0,0,,2024-03
1453454206784181339,TriPoint retreat airport cityUni,365360819,Chao,Christchurch City,Waimairi Ward,-43.5268,172.55594,Entire home/apt,143.0,1,0,,,13,99,0,,
1460364864124956792,"Roomy & Relaxed | Near City, Parks & Eateries",24205506,Karen Louise,Christchurch City,Fendalton Ward,-43.50784593163712,172.59179312478938,Entire home/apt,231.0,1,1,2025-09-22,1.0,77,40,1,,2025-09
1211120743605284587,Park Studio at Mohua,326700111,Nadiah,Christchurch City,Riccarton Ward,-43.535373,172.5844296,Entire home/apt,60.0,1,35,2025-09-30,2.5,1,315,28,,2025-09
1474964194036392216,"9 kms to city center, sea view.",298456605,Tony,Christchurch City,Heathcote Ward,-43.56363,172.71061,Private room,,1,0,,,6,0,0,,
1207387696580316624,Studio - own bathroom (not ensuite),283575420,Bettina,Christchurch City,Innes Ward,-43.50541,172.63837,Entire home/apt,75.0,1,95,2025-09-25,6.54,1,303,73,,2025-09
1048696109735271957,"No Cleaning Fee, Standard Studio",301768563,V,Christchurch City,Papanui Ward,-43.4894977,172.6148928,Entire home/apt,190.0,1,2,2024-03-17,0.1,2,342,0,,2024-03
1381330521504256901,Chic city pad - 2 bedroom,580976133,Frank,Christchurch City,Central Ward,-43.532184,172.6401221,Entire home/apt,84.0,1,6,2025-07-06,1.33,1,27,6,,2025-07
1372231030826678640,A comfy family stay near Hornby Mall. Sleeps 8,551181197,Paula Kat Charlotte,Christchurch City,Hornby Ward,-43.5438754,172.5274386,Entire home/apt,275.0,1,1,2025-04-30,0.19,146,231,1,,2025-04
1092474204773748684,Convenient Home Near Westfield And Hagley Park,49642171,Xihang,Christchurch City,Riccarton Ward,-43.53097,172.60448,Entire home/apt,,2,42,2025-08-17,2.83,88,0,35,,2025-08
957523927166819985,Deluxe Studio,238866720,Deepak,Christchurch City,Riccarton Ward,-43.5298776,172.5942356,Private room,175.0,1,0,,,2,365,0,,
861759917102264921,Indulge in Christchurch Hagley Park 2 bed 2 bath,482671075,Paula Corinne,Christchurch City,Central Ward,-43.5373716,172.6252993,Entire home/apt,145.0,1,43,2025-09-23,1.41,124,232,7,,2025-09
1302663418151742715,Port hills retreat,664981017,Andrew,Christchurch City,Halswell Ward,-43.58740534634271,172.60284987634293,Private room,,1,6,2025-02-23,0.64,1,365,6,,2025-02
1207544774176693593,Lyttelton on London Street,97815388,Beverley,Christchurch City,Banks Peninsula Ward,-43.60269599999999,172.7210942,Entire home/apt,,365,5,2024-11-16,0.38,1,0,4,,2024-11
929064122824302288,Cosy Tiny in Cass Bay,244620687,Catherine,Christchurch City,Banks Peninsula Ward,-43.6031592,172.6895409,Entire home/apt,89.0,1,120,2025-10-01,6.34,2,290,91,,2025-10
53376793,Lovely townhouse with city convenience,257214205,Barry,Christchurch City,Heathcote Ward,-43.54965,172.63025,Entire home/apt,112.0,2,178,2025-09-22,3.84,2,253,46,,2025-09
1512530079622285921,Modern Comforts in a Brand New Apartment,74811135,Yaoyao,Christchurch City,Spreydon Ward,-43.55186059336572,172.61846851069686,Entire home/apt,143.0,1,0,,,40,334,0,,
1437316641058188086,Beach House Taylorâs Mistake,339966059,Joanne,Christchurch City,Heathcote Ward,-43.583823303441534,172.77490495092076,Entire home/apt,264.0,2,20,2025-10-05,5.17,1,208,20,,2025-10
730082790152708983,"Huntsbury Hideaway, Cottage with amazing views",42254919,Anna,Christchurch City,Cashmere Ward,-43.5706101,172.6543996,Entire home/apt,153.0,1,22,2025-07-17,0.61,2,256,7,,2025-07
52660277,Family Room@Samhil Motor Lodge,425993439,Raj,Christchurch City,Riccarton Ward,-43.52776,172.61058,Private room,166.0,1,3,2024-11-23,0.14,4,344,1,,2024-11
1426599349357272101,Executive spa unit,140854309,Manpreet,Christchurch City,Spreydon Ward,-43.552852244887895,172.59850101998836,Private room,110.0,1,0,,,3,38,0,,
1298341905254050005,Comfortable Stay in Christchurch,162838353,Syed,Christchurch City,Papanui Ward,-43.47818898072866,172.62482497221637,Private room,,1,0,,,3,365,0,,
1298333130899735552,A Family Stay in Christchurch,162838353,Syed,Christchurch City,Papanui Ward,-43.47711812106554,172.62461804369767,Private room,,1,0,,,3,365,0,,
52779984,Lovely room in character home,4638888,Jessica,Christchurch City,Innes Ward,-43.50798,172.64693,Private room,,1,1,2025-02-22,0.13,1,340,1,,2025-02
1460381510740504164,Best location in CBD Free parking,584558161,Ying,Christchurch City,Central Ward,-43.52618529999999,172.6312607,Entire home/apt,199.0,1,0,,,6,205,0,,
1303089747077285922,Stylish Getaway in Wigram,74811135,Yaoyao,Christchurch City,Halswell Ward,-43.55385445180693,172.54497216880887,Entire home/apt,,1,8,2025-07-11,1.05,40,0,8,,2025-07
1299512103027805833,2 Bedrooms in Belfast Escape,261760721,Kavinda,Christchurch City,Innes Ward,-43.441754,172.6352391,Private room,,1,1,2025-01-05,0.11,2,359,1,,2025-01
53847282,"Victoria Street Precinct
2 Bedroom Townhouse",101763097,Andrew,Christchurch City,Central Ward,-43.523804,172.630768,Entire home/apt,175.0,2,94,2025-10-04,2.19,1,102,15,,2025-10
1351194881428015415,Classic Villa Close to CBD.,166097887,Colin,Christchurch City,Central Ward,-43.52629622248212,172.67117095099317,Private room,81.0,1,3,2025-03-03,0.38,1,361,3,,2025-03
748057762947660466,"Funky 2 bedroom pad, close to the City Centre",7966312,Fionnghaile,Christchurch City,Central Ward,-43.5349736,172.6579439,Entire home/apt,102.0,2,9,2025-09-29,0.27,1,70,1,,2025-09
1514681945980447100,"Bright, Comfy 2BR Retreat on Manchester St",189998522,Glenn,Christchurch City,Central Ward,-43.51711567653695,172.640689915806,Entire home/apt,107.0,2,0,,,1,19,0,,
1211078018510624511,ALPHA Eco Spa Studio,179297759,Peng,Christchurch City,Riccarton Ward,-43.5385502,172.5789156,Private room,123.0,1,3,2025-07-29,0.25,20,365,3,,2025-07
1319184680658804442,"2 Bedroom, 2 Bathroom + Carpark. Central City",668342168,Lucil,Christchurch City,Central Ward,-43.53118,172.64459,Entire home/apt,,2,21,2025-10-04,2.26,1,16,21,,2025-10
948754193074213128,Majestic CourtMotel/No Cleaning Fee,238866720,Deepak,Christchurch City,Riccarton Ward,-43.53028,172.59397,Private room,261.0,3,2,2023-11-18,0.08,2,360,0,,2023-11
1014767470167546009,Kowhai Cottage Private Room,45165874,Tania,Christchurch City,Linwood Ward,-43.54204,172.66945,Private room,63.0,2,27,2025-05-10,1.43,3,16,16,,2025-05
1120821309263640730,Luxury Penthouse in City Private central live,86216394,Min,Christchurch City,Central Ward,-43.53295558382859,172.64001491719665,Entire home/apt,423.0,1,93,2025-09-21,5.13,40,123,61,,2025-09
16517954,"Garden,quiet,queen bed ,b'fast,nr Uni/city/airport",108085108,Barbara Marilyn,Christchurch City,Fendalton Ward,-43.51354,172.57738,Private room,81.0,2,104,2025-09-27,0.99,3,142,16,,2025-09
38712160,"Close to airport,quite, safe and friendly street.",13171208,Ellis,Christchurch City,Harewood Ward,-43.48234,172.58511,Private room,63.0,3,47,2025-09-07,0.64,1,271,7,,2025-09
1511356893599067815,"Stylish, apartment in the heart of Christchurch.",718248109,Anna,Christchurch City,Central Ward,-43.531336780754,172.64109232435123,Entire home/apt,296.0,2,0,,,1,245,0,,
17129214,Cosy Townhouse in the heart of Christchurch,15480413,Jackie,Christchurch City,Central Ward,-43.52857,172.63187,Entire home/apt,158.0,2,508,2025-09-15,4.83,1,88,41,,2025-09
744320032123049205,Freshly Renovated House in Fendalton,17433821,Samantha,Christchurch City,Fendalton Ward,-43.5152,172.60174,Entire home/apt,198.0,2,30,2025-09-18,0.85,1,143,9,,2025-09
204050,"wee brick bungalow, Christchurch NZ",976173,Ian,Christchurch City,Fendalton Ward,-43.51148,172.59658,Private room,95.0,13,8,2014-04-14,0.05,1,365,0,,2014-04
855780048674252577,Executive hideaway,340984295,Lisa,Christchurch City,Innes Ward,-43.509917961977656,172.64172835694836,Entire home/apt,85.0,1,38,2024-10-27,1.46,1,180,1,,2024-10
1461822867584655339,Modern 3BR Escape 3Bath Garaged,365360819,Chao,Christchurch City,Central Ward,-43.52006,172.64915,Entire home/apt,146.0,1,0,,,13,154,0,,
31652419,Adelphi - Deluxe Studio Unit,237306334,Erin,Christchurch City,Central Ward,-43.5178,172.6268,Hotel room,205.0,1,36,2025-02-15,0.62,2,72,3,,2025-02
1270593837281972114,Alpha Eco Trip One-Bedroom House,179297759,Peng,Christchurch City,Riccarton Ward,-43.5385502,172.5789156,Entire home/apt,135.0,1,0,,,20,365,0,,
1030519512454612861,NEW CBD Bright&Warm Home Free Parking,86216394,Min,Christchurch City,Central Ward,-43.53235,172.64006,Entire home/apt,,1,85,2025-08-23,3.77,40,0,41,,2025-08
996507298338669668,Rapaki Studio,82613694,Sonya Ann,Christchurch City,Heathcote Ward,-43.56754907450675,172.66537097111856,Entire home/apt,180.0,2,42,2025-09-27,1.99,1,180,27,,2025-09
1168545987995635331,Haka House - King Room Ensuite,565751605,Aashish,Christchurch City,Central Ward,-43.53221599817948,172.62987375573647,Private room,152.0,1,2,2025-01-18,0.18,10,218,2,,2025-01
1208908243931466796,Carpark/CBD/Warm and Quiet/Standalone/Sunny,482671075,Paula Corinne,Christchurch City,Central Ward,-43.5235229,172.6531472,Entire home/apt,124.0,1,69,2025-10-03,4.93,124,240,61,,2025-10
1199813081102534884,CBD Luxury 3 Bed 2 Bath Near Riverside Market,49642171,Xihang,Christchurch City,Central Ward,-43.53610417772464,172.63566829021303,Entire home/apt,182.0,2,42,2025-10-04,2.96,88,244,35,,2025-10
1000930407974120033,"No Cleaning Fee, Large Twin Queen Beds Room",301768563,V,Christchurch City,Papanui Ward,-43.48955997,172.61479624,Private room,219.0,1,0,,,2,350,0,,
1440764986236005023,Bishop Charm,259094780,Mohammad,Christchurch City,Papanui Ward,-43.49304,172.59236,Private room,65.0,1,0,,,1,363,0,,
1486635018839542171,Homely Convenient Pad,429991620,Christine,Christchurch City,Riccarton Ward,-43.51763,172.57473,Entire home/apt,128.0,1,0,,,1,68,0,,
573175717028367163,ð¤© The Movie House ð¥,202585247,Ohana,Christchurch City,Fendalton Ward,-43.51498,172.616,Entire home/apt,129.0,1,264,2025-09-29,6.06,121,12,32,,2025-09
565978238943634674,Light and Bright on Lyttelton Street,158648993,Emily,Christchurch City,Spreydon Ward,-43.561508,172.6138,Entire home/apt,148.0,2,70,2025-07-12,1.62,1,203,18,,2025-07
779896605720574309,Private overlooking mountain view room,424963036,Gemma Alegre,Christchurch City,Halswell Ward,-43.58677264606994,172.6087922583359,Private room,,1,23,2025-02-26,0.68,3,0,7,,2025-02
803387541655155601,North Western Sanctuary,495830365,Philip,Christchurch City,Harewood Ward,-43.45340602478986,172.61948790489353,Private room,,2,35,2024-04-09,1.06,1,363,0,,2024-04
1061953839641410464,Betty place,139032017,Deepinder,Christchurch City,Burwood Ward,-43.51846,172.70659,Private room,,1,0,,,1,0,0,,
1345090284419926150,Quiet Peaceful Rest in Casebrook near Airport,432570678,Faith,Christchurch City,Harewood Ward,-43.4785,172.60249,Private room,200.0,1,0,,,1,90,0,,
32506146,Belle Rose Cottage,209848843,Kim,Christchurch City,Cashmere Ward,-43.55635,172.63504,Entire home/apt,109.0,1,110,2025-05-12,1.37,2,348,10,,2025-05
1130221286248519479,The Riccarton Niche - Sleek 2-Bedroom Urban Pad,202585247,Ohana,Christchurch City,Riccarton Ward,-43.5311391,172.6101217,Entire home/apt,145.0,1,44,2025-04-23,2.42,121,151,25,,2025-04
1104146378781315352,"Urban Locale: Bars, Bites, Shops",510730797,Katarina Anne,Christchurch City,Fendalton Ward,-43.51277273096501,172.62477982789278,Entire home/apt,213.0,1,9,2025-02-08,0.57,8,56,6,,2025-02
31802161,"Warm, sunny, cosy beach house.",61334093,Lorcan,Christchurch City,Coastal Ward,-43.53001,172.73733,Entire home/apt,,2,36,2025-04-27,0.45,1,0,4,,2025-04
1417867315881262635,Ensuite,679913269,Vijay,Christchurch City,Halswell Ward,-43.57011615109144,172.58052367313718,Entire home/apt,119.0,1,0,,,1,342,0,,
1296623720643412700,"Sunny 2 Bed Home By Westfield Mall, Free Parking",49642171,Xihang,Christchurch City,Riccarton Ward,-43.53092924429115,172.5931566350417,Entire home/apt,194.0,1,19,2025-09-27,1.83,88,318,19,,2025-09
958058332647370854,Modern Townhouse in Park Setting,531865808,John And Christine,Christchurch City,Spreydon Ward,-43.5490807,172.5930719,Entire home/apt,229.0,2,28,2025-04-27,1.13,1,247,12,,2025-04
1291425420035701207,Groups wanted CHCH CBD 3bed 3 bath with garage,365360819,Chao,Christchurch City,Central Ward,-43.5205856,172.6496382,Entire home/apt,172.0,1,9,2025-10-01,1.02,13,76,9,,2025-10
1472143806955374693,Merivale Court Large Studio-Unit 2,707858717,Hao,Christchurch City,Fendalton Ward,-43.516087275114,172.6235914518303,Entire home/apt,120.0,1,2,2025-08-15,1.09,12,325,2,,2025-08
1477201900332955596,Peaceful Private Oasis 2bdrm 2bthrm Free Parking,45768555,Lexia Margaret,Christchurch City,Central Ward,-43.5288993,172.6622898,Entire home/apt,145.0,1,1,2025-09-21,1.0,60,320,1,,2025-09
845956409292827970,Private Room with Ensuite.,505136076,Diann,Christchurch City,Innes Ward,-43.51284,172.63723,Private room,121.0,1,7,2025-02-22,0.22,1,90,1,,2025-02
29100341,Private quiet location & quaint accommodation,219317374,Rebecca,Christchurch City,Harewood Ward,-43.45138,172.62817,Private room,130.0,1,9,2024-02-10,0.11,1,365,0,,2024-02
1292549038085439498,Your Home in Christchurch,162838353,Syed,Christchurch City,Papanui Ward,-43.47667970265973,172.62373902490305,Private room,,1,2,2024-11-23,0.19,3,365,2,,2024-11
1376555817538993482,Warm and Comfy Home with Carpark near CBD,551181197,Paula Kat Charlotte,Christchurch City,Central Ward,-43.5245878090609,172.65347648584483,Entire home/apt,428.0,1,2,2025-05-10,0.32,146,217,2,,2025-05
12363747,Cozy Self-Contained Studio with Beachside Charm,66691457,Tracy,Christchurch City,Coastal Ward,-43.48418,172.72136,Entire home/apt,108.0,1,54,2025-03-30,0.77,1,184,9,,2025-03
53484140,Winchester Haven,81390838,Katie,Christchurch City,Fendalton Ward,-43.51725,172.61913,Entire home/apt,521.0,2,56,2024-12-11,1.22,45,0,6,,2024-12
21194575,Cozy Tidy  Close to town and Amenities  .,153075592,Behrooz,Christchurch City,Innes Ward,-43.51167,172.6359,Private room,59.0,2,13,2023-11-17,0.22,1,1,0,,2023-11
1034180728840003190,Cozy room near Sumner,295619094,Yu,Christchurch City,Linwood Ward,-43.53731,172.6694,Private room,66.0,1,6,2025-09-20,0.3,1,267,3,,2025-09
39515850,Family saving room. Near city center.,298456605,Tony,Christchurch City,Linwood Ward,-43.5183,172.68871,Private room,60.0,1,14,2025-09-23,0.37,6,37,6,,2025-09
853326127856710119,2 Bedrooms Overlooking Park - Exquisite Views,482671075,Paula Corinne,Christchurch City,Riccarton Ward,-43.53520431154209,172.58490608993534,Entire home/apt,147.0,1,82,2025-09-25,2.69,124,249,20,,2025-09
1211061444116982530,Private Stylish Central North Facing City Space,127481904,Grant,Christchurch City,Central Ward,-43.52163385701903,172.6343505481002,Entire home/apt,,2,45,2025-09-28,4.08,1,66,45,,2025-09
1265653416224892151,Fun funky beach house,367598181,Ruth,Christchurch City,Coastal Ward,-43.5477372,172.746651,Private room,95.0,1,4,2025-03-30,0.41,1,360,4,,2025-03
20139393,Snowberry Cottage @ Loch Sloy Farm Little River,42799059,Robin Stuart,Christchurch City,Banks Peninsula Ward,-43.7817,172.79195,Entire home/apt,150.0,1,182,2025-09-06,1.86,2,303,15,,2025-09
1340802605078759137,Greendale Retreat in Avonhead,74811135,Yaoyao,Christchurch City,Waimairi Ward,-43.5125320900675,172.5609128043645,Entire home/apt,,1,5,2025-07-01,0.59,40,0,5,,2025-07
18725148,Happy house with cat/ dog housemate,115396571,Stuart,Christchurch City,Papanui Ward,-43.4713,172.62645,Private room,45.0,3,3,2023-12-22,0.04,1,178,0,,2023-12
888001113832779860,Christchurch Parkside View - EV Charger & Garage,307971138,Stephanie,Christchurch City,Riccarton Ward,-43.5298370428505,172.61158234973755,Entire home/apt,200.0,2,17,2024-12-29,0.68,2,157,2,,2024-12
1374841819334304379,Karearea Cottage - Rural Retreat Purau,145244100,Bachcare,Christchurch City,Banks Peninsula Ward,-43.64996312580655,172.7567024761734,Entire home/apt,156.0,2,1,2025-06-18,0.27,1547,357,1,,2025-06
985258046554234923,"Beachside Townhouse,  2 Bedrooms 2-3 beds, 2 bath",537639282,Judith,Christchurch City,Coastal Ward,-43.509601,172.731309,Entire home/apt,199.0,1,23,2025-09-26,0.98,6,197,8,,2025-09
1135891155533712233,Hereford Central,81390838,Katie,Christchurch City,Central Ward,-43.53338,172.63479,Entire home/apt,189.0,2,12,2025-09-03,0.68,45,316,7,,2025-09
1163935496568721896,"Central City. Entire House2 Bedroom, Free Carpark",78652671,Brad,Christchurch City,Central Ward,-43.52334,172.63227,Entire home/apt,169.0,2,25,2025-08-29,1.56,1,83,16,,2025-08
46775597,Standard Studio - Kauri Motel,302631641,Kauri,Christchurch City,Riccarton Ward,-43.529858,172.596909,Private room,173.0,1,0,,,4,328,0,,
1008908987109400598,Garden View 2-Bedroom Getaway in Christchurch,202585247,Ohana,Christchurch City,Central Ward,-43.53347082189339,172.65796045767212,Entire home/apt,102.0,1,141,2025-09-25,5.94,121,122,65,,2025-09
869229541170434399,City Lights Retreat with Carpark 2 Bed 2 Bath,482671075,Paula Corinne,Christchurch City,Central Ward,-43.5316099,172.6490754,Entire home/apt,188.0,1,24,2025-06-08,0.8,124,257,10,,2025-06
665399461281757519,Louisa Chandler â Retro Charm by the City,24205506,Karen Louise,Christchurch City,Central Ward,-43.52648,172.65215,Entire home/apt,143.0,1,43,2025-04-13,1.12,77,332,11,,2025-04
1294545597621314780,Berry Delight - Christchurch Holiday Home,145244100,Bachcare,Christchurch City,Central Ward,-43.516352033294446,172.63231541497586,Entire home/apt,317.0,2,2,2025-07-03,0.26,1547,359,2,,2025-07
1041614486694611256,Start your Family Holiday here,550006618,James,Christchurch City,Central Ward,-43.5187446,172.6453485,Entire home/apt,188.0,2,27,2025-10-01,1.25,1,334,17,,2025-10
1350802873590118642,beautiful house on the hill,677363072,Qingying,Christchurch City,Cashmere Ward,-43.575275736774536,172.63378094808226,Private room,127.0,1,1,2025-10-04,1.0,1,87,1,,2025-10
319770,Gateway to the South Island,1639584,Jennifer,Christchurch City,Innes Ward,-43.50961,172.65552,Private room,,1,3,2015-01-09,0.02,1,364,0,,2015-01
1131342717156058677,Luxury Living: Christchurch City Gem,482671075,Paula Corinne,Christchurch City,Central Ward,-43.5338328,172.6488824,Entire home/apt,177.0,1,33,2025-09-08,1.82,124,246,20,,2025-09
1145178505817918088,Gorgeous Riverfront House in  CHCH,129355585,Justina,Christchurch City,Riccarton Ward,-43.5250114,172.5954475,Private room,76.0,1,11,2025-09-29,0.67,1,298,10,,2025-09
1151169759957143703,Delightful CBD 2 Bed 2 Baths - Stylish Getaway,49642171,Xihang,Christchurch City,Central Ward,-43.53259,172.65021,Entire home/apt,105.0,1,9,2025-08-12,0.57,88,305,6,,2025-08
53756719,Holiday Home Close By Christchurch Airport,48550774,Happy-Home,Christchurch City,Waimairi Ward,-43.50551,172.57202,Entire home/apt,181.0,1,0,,,1,362,0,,
1334502822058631445,Spacious City Retreat Perfect for Getaways,551181197,Paula Kat Charlotte,Christchurch City,Central Ward,-43.5278212,172.6500305,Entire home/apt,211.0,1,20,2025-07-01,2.46,146,199,20,,2025-07
1139306834570569568,Relaxing City Hideaway - 2 Bed in Christchurch CBD,551181197,Paula Kat Charlotte,Christchurch City,Central Ward,-43.5330056,172.6402228,Entire home/apt,247.0,1,60,2025-09-30,3.4,146,160,43,,2025-09
658047813536699129,Luxury 2 Bed Townhouse In CBD With Free Parking,49642171,Xihang,Christchurch City,Central Ward,-43.52573,172.63491,Entire home/apt,167.0,1,38,2025-03-14,1.69,88,232,4,,2025-03
1030688731900069984,Quaint Worcester Quarters: 3BR Delight,202585247,Ohana,Christchurch City,Central Ward,-43.5314,172.6445,Entire home/apt,121.0,1,83,2025-09-19,3.66,121,54,41,,2025-09
1306203827762803599,Trendy Central City Studio Stay,482671075,Paula Corinne,Christchurch City,Central Ward,-43.54030656497585,172.63414319144323,Entire home/apt,142.0,1,4,2025-08-31,0.42,124,103,4,,2025-08
1238678824968905733,"Trendy Ground Floor Studio  - Central, Cafes",551181197,Paula Kat Charlotte,Christchurch City,Central Ward,-43.53795,172.63064,Entire home/apt,,1,29,2025-08-28,2.25,146,253,25,,2025-08
1151615096411103446,Luxury 2 Bedroom Hideout Near CBD/Merivale Mall,49642171,Xihang,Christchurch City,Fendalton Ward,-43.51206,172.6263,Entire home/apt,117.0,1,11,2025-09-07,0.78,88,295,10,,2025-09
576966778306226997,Repton City Townhouse,81390838,Katie,Christchurch City,Fendalton Ward,-43.51529,172.6163,Entire home/apt,433.0,2,45,2025-07-24,1.08,45,257,5,,2025-07
1342436891020140964,New Build City Townhouse & Gated Car Park,70052928,Ellie,Christchurch City,Innes Ward,-43.509302385880375,172.65133397261755,Entire home/apt,160.0,1,3,2025-08-15,0.41,1,247,3,,2025-08
49019590,Gem of a Kiwi Bach!,57015466,Laura,Christchurch City,Heathcote Ward,-43.58137,172.77607,Entire home/apt,91.0,2,142,2025-09-25,2.66,1,121,21,,2025-09
1502457447799678494,4 rooms at detached sleepout,105265867,Andrew,Christchurch City,Riccarton Ward,-43.53803,172.57023,Private room,223.0,2,0,,,11,172,0,,
1269342002794321754,Central City Villa perfect for up to 12-guests,566822288,Rameez,Christchurch City,Central Ward,-43.520549,172.6299375,Entire home/apt,684.0,2,2,2025-06-12,0.21,5,20,2,,2025-06
728323584107523809,Perfectly Located en-suite bedroom,77201581,Polly,Christchurch City,Cashmere Ward,-43.56186717445292,172.61806196137695,Private room,96.0,1,15,2024-08-02,0.74,1,131,0,,2024-08
1329123889157819663,"Master room, En-suite Bathroom",27743702,David,Christchurch City,Central Ward,-43.51928918592285,172.64843444769346,Private room,,5,0,,,4,0,0,,
41388482,Luxury Cottage @ Cranford Cottages and Motel,305389317,Rodney Allen,Christchurch City,Innes Ward,-43.51076,172.63743,Entire home/apt,214.0,1,17,2025-09-21,0.25,4,352,1,,2025-09
1409854663748672761,Central Merivale Town House,65000078,Victoria,Christchurch City,Fendalton Ward,-43.51519533131728,172.61426226367902,Entire home/apt,168.0,3,3,2025-10-01,1.01,1,258,3,,2025-10
25300250,Convenient Comfort In the Heart of Christchurch,4154366,Mary,Christchurch City,Central Ward,-43.52277,172.62693,Private room,65.0,1,49,2025-09-10,0.68,2,228,7,,2025-09
1432176429738387502,Modern and Contemporary 3BR Home,331763232,Benjamin Dearden,Christchurch City,Central Ward,-43.53448246894551,172.64916392379834,Entire home/apt,184.0,2,6,2025-09-09,1.84,96,160,6,,2025-09
1273649270556094008,"Beachside Townhouse, 1 Bedroom",537639282,Judith,Christchurch City,Coastal Ward,-43.50994,172.73076,Entire home/apt,146.0,1,6,2025-10-02,0.6,6,32,6,,2025-10
876345219541794974,SWEET AS Sleepout Double room,105265867,Andrew,Christchurch City,Riccarton Ward,-43.5366,172.56998,Private room,40.0,2,40,2025-03-29,1.34,11,130,8,,2025-03
1394694262014140975,LUX NEW CBD Retreat - 2Bed2Bath With Parking!,531001980,Hengtao,Christchurch City,Central Ward,-43.5265134226296,172.6391980995416,Entire home/apt,180.0,1,6,2025-07-08,1.13,1,246,6,,2025-07
40183209,Ensuite Double,98758734,North South Holiday Park,Christchurch City,Harewood Ward,-43.47103,172.57169,Private room,183.0,1,0,,,20,294,0,,
1178567676258813098,Private guest suite close to the airport.,7644479,Barbara,Christchurch City,Waimairi Ward,-43.51289,172.56588,Private room,,1,143,2025-10-05,9.47,1,6,127,,2025-10
22148690,"Near from airport, quiet and cozy!",160962130,JosÃ© Alexandre,Christchurch City,Waimairi Ward,-43.5015,172.58418,Private room,74.0,1,0,,,1,362,0,,
750103808917622148,"Peaceful in Redwood, Christchurch",26334225,Raylene,Christchurch City,Papanui Ward,-43.47611,172.62025,Private room,65.0,2,10,2024-03-06,0.28,2,364,0,,2024-03
1039889404397068556,Young Heart of the Harbour (& breakfast),37434003,Antje,Christchurch City,Banks Peninsula Ward,-43.6262755,172.739567,Private room,126.0,1,1,2025-03-02,0.14,2,347,1,,2025-03
43581101,Sheridan and Nespresso - Rest and Rev!,347830957,Kelly,Christchurch City,Spreydon Ward,-43.54863,172.58696,Private room,55.0,1,261,2025-03-31,4.07,1,192,26,,2025-03
46751754,Monck's Bay Retreat,8558995,Judith,Christchurch City,Heathcote Ward,-43.56847,172.74462,Private room,36.0,3,36,2025-09-22,0.87,2,96,6,,2025-09
1390284535658358544,Central City Hideaway,125757390,Caitlin,Christchurch City,Central Ward,-43.52377383378349,172.63967994221971,Entire home/apt,237.0,1,11,2025-09-24,1.99,7,152,11,,2025-09
1438928821793202570,Bright and New Studio Unit Walk to Town,482671075,Paula Corinne,Christchurch City,Central Ward,-43.5371788,172.6478091,Entire home/apt,131.0,1,2,2025-09-11,0.88,124,334,2,,2025-09
1365522626719817178,Stylish 1BR Retreat on Ferry Road,331763232,Benjamin Dearden,Christchurch City,Central Ward,-43.53645318476583,172.6484901686095,Entire home/apt,98.0,2,2,2025-09-19,0.68,96,175,2,,2025-09
54306761,Studio 294.  Inner City Oasis,111997739,Gabrielle,Christchurch City,Central Ward,-43.53066,172.64841,Private room,101.0,1,173,2025-10-05,4.1,2,4,21,,2025-10
1039352271020081872,Gem one bedroom townhouse in CBD,211195948,Jenny,Christchurch City,Central Ward,-43.53406,172.65034,Entire home/apt,98.0,1,32,2025-09-18,1.44,17,214,14,,2025-09
1132768478165178554,Luxury 2 Bed 2 Bath Townhouse Central Christchurch,7686048,Virginia,Christchurch City,Central Ward,-43.53583786632901,172.64973283837193,Entire home/apt,107.0,1,3,2024-04-26,0.17,1,72,0,,2024-04
1322755832994856228,2 Bedroom Unit,98758734,North South Holiday Park,Christchurch City,Harewood Ward,-43.47059,172.57067,Entire home/apt,323.0,2,1,2025-06-06,0.24,20,303,1,,2025-06
927951536112520050,"Homely, Clean & Cheap for Two",48816295,Terri,Christchurch City,Halswell Ward,-43.5786261,172.5614209,Private room,40.0,1,21,2025-08-24,0.82,3,365,8,,2025-08
1108136987547601642,Explore from 8 Wilmer: Upper Level Cozy Studio,551181197,Paula Kat Charlotte,Christchurch City,Central Ward,-43.5384944,172.6313989,Entire home/apt,146.0,1,15,2025-08-20,0.79,146,236,8,,2025-08
8020834,"Sunny bedroom in warm, quiet home",42353024,Danielle,Christchurch City,Cashmere Ward,-43.56867,172.64398,Private room,50.0,2,81,2025-10-06,0.66,3,228,13,,2025-10
1294437463164638196,Private room with ensuite and living area,130651541,Alla Sergeevna,Christchurch City,Spreydon Ward,-43.56810341457293,172.59139788701395,Private room,80.0,2,3,2025-02-23,0.29,1,363,3,,2025-02
1197544462751685467,CBD Luxury Parkside Living 2 Bedroom With Parking,49642171,Xihang,Christchurch City,Fendalton Ward,-43.5205342,172.6220731,Entire home/apt,155.0,1,5,2025-08-01,0.4,88,251,4,,2025-08
42236422,New townhouse. Own ensuite!,39497723,Jaime,Christchurch City,Central Ward,-43.51589,172.64376,Private room,66.0,3,23,2025-10-02,0.34,1,51,4,,2025-10
1270660398448081476,Close to all amenities,657869193,Parminder Singh,Christchurch City,Spreydon Ward,-43.54320682953794,172.60933975515613,Entire home/apt,208.0,1,0,,,1,255,0,,
37473608,Sleepout  - Close to Airport & City,91719995,Selina,Christchurch City,Innes Ward,-43.49107,172.63497,Private room,56.0,2,0,,,1,2,0,,
1259562742408697067,Sunny Queen size bedroom,655340092,Qian,Christchurch City,Central Ward,-43.51501,172.66116,Private room,,1,3,2025-02-13,0.28,1,363,3,,2025-02
1225844540208606760,Cosy Central Addington 3bed Home,69908412,Alica,Christchurch City,Spreydon Ward,-43.54272,172.6141,Entire home/apt,,2,33,2025-10-05,2.69,1,0,32,,2025-10
1374976458196276469,Spacious and comfy single room,272097975,Khymne,Christchurch City,Fendalton Ward,-43.505193880798416,172.60190044038382,Private room,68.0,1,0,,,1,179,0,,
865982067838572129,Riverside Villa at the edge Banks Peninsular,509283690,Peter,Christchurch City,Cashmere Ward,-43.56331,172.63225,Entire home/apt,145.0,2,56,2025-09-28,1.91,1,214,28,,2025-09
19234121,Serviced Guest suite in City Centre,87223355,Karen,Christchurch City,Central Ward,-43.53199,172.64397,Private room,106.0,1,772,2025-09-29,7.7,3,177,103,,2025-09
1292263759916427397,Superior Twin Ensuite in City Centre,573074023,Drifter,Christchurch City,Central Ward,-43.53533040020803,172.63967613178244,Private room,240.0,1,1,2025-06-30,0.3,11,306,1,,2025-06
46265660,"Large Superior Studio, City Center NO CLEANING FEE",370484539,Colombo Lodge,Christchurch City,Central Ward,-43.544,172.63626,Private room,182.0,1,41,2025-07-08,0.7,5,364,1,,2025-07
1196782627167451807,"The Bubbly Bunks - 8 Beds, Hens Party Vibes",573074023,Drifter,Christchurch City,Central Ward,-43.53377,172.63819,Private room,361.0,1,0,,,11,347,0,,
1055403304575538316,Hillside Rural Haven,552831298,Penny,Christchurch City,Cashmere Ward,-43.57855,172.62232,Entire home/apt,130.0,1,17,2025-08-03,0.84,1,203,8,,2025-08
1511910375417739883,Stylish Sanctuary in Governors Bay,405354703,Dougal,Christchurch City,Banks Peninsula Ward,-43.623,172.65007,Entire home/apt,315.0,1,0,,,1,173,0,,
8472935,Rooms with a view in Christchurch,44620039,Carol,Christchurch City,Cashmere Ward,-43.58063,172.63356,Entire home/apt,91.0,2,162,2025-05-02,1.33,1,74,11,,2025-05
1109159113149884646,Chic City Pad â Studio on Wilmer Street,331763232,Benjamin Dearden,Christchurch City,Central Ward,-43.53901,172.63031,Entire home/apt,,2,75,2025-09-21,3.91,96,88,65,,2025-09
1050047867112702983,Contemporary Comfort: 2-Bed Townhouse Close To CBD,49642171,Xihang,Christchurch City,Spreydon Ward,-43.5514,172.616,Entire home/apt,171.0,1,31,2025-06-03,1.47,88,322,16,,2025-06
1077223799173026482,5mins walk to Riccarton House and Bush RM01,180085404,Jessie,Christchurch City,Riccarton Ward,-43.52848,172.6017,Private room,,1,23,2025-02-09,1.13,4,0,7,,2025-02
1250060735515306718,Character House By The Sea,95211040,Jo,Christchurch City,Heathcote Ward,-43.56165866001157,172.73758416050998,Entire home/apt,,3,4,2025-02-15,0.4,2,212,4,,2025-02
51313482,Affordable Apartment Hagley Park Super Fast Wifi,45768555,Lexia Margaret,Christchurch City,Spreydon Ward,-43.54026,172.61786,Entire home/apt,135.0,1,146,2025-08-12,2.94,60,233,17,,2025-08
1303175953486529488,"Riverside Haven: City, Beer&Brew",664977374,Jack Anthony,Christchurch City,Central Ward,-43.52633,172.6483808,Entire home/apt,,2,1,2024-12-06,0.1,1,0,1,,2024-12
1382801619864879092,Chill in a Quiet House & Yard,74811135,Yaoyao,Christchurch City,Halswell Ward,-43.55432424973294,172.58624185866802,Entire home/apt,148.0,1,5,2025-09-23,0.83,40,0,5,,2025-09
21756241,Elevated home with hill views,157580521,Mary Ann,Christchurch City,Heathcote Ward,-43.55957,172.6702,Private room,,1,153,2025-10-02,1.65,1,314,24,,2025-10
615313985007063347,The Perfect City Nook.,202585247,Ohana,Christchurch City,Central Ward,-43.5337122,172.6490796,Entire home/apt,109.0,1,271,2025-09-20,6.5,121,115,54,,2025-09
871849845979834306,Stylish City Fringe 2 Bedroom House,510533154,Francesca,Christchurch City,Central Ward,-43.51774,172.64286,Entire home/apt,146.0,1,170,2025-07-19,5.83,4,282,39,,2025-07
1316029539653366582,Centrally Located working distance to Central City,667950876,Vineshni,Christchurch City,Central Ward,-43.53107,172.64991,Private room,114.0,2,1,2025-01-27,0.12,1,361,1,,2025-01
20221439,"Two storey estuary house, mins walk to beach.",59688721,Colleen & Shelley,Christchurch City,Coastal Ward,-43.548,172.7459,Entire home/apt,,2,28,2025-02-27,0.3,3,5,5,,2025-02
1085811449983276963,Luxurious 3 bed home with pool,6120762,Caroline,Christchurch City,Fendalton Ward,-43.5133801,172.6051603,Entire home/apt,500.0,7,0,,,1,53,0,,
1007445495928433267,Peaceful Elegant Designated Park King Bed.,45768555,Lexia Margaret,Christchurch City,Central Ward,-43.51904,172.64306,Entire home/apt,152.0,1,41,2025-08-11,1.78,60,330,20,,2025-08
1135069334582390337,Stylish City Central Apartment With Free Parking,49642171,Xihang,Christchurch City,Central Ward,-43.52463435949464,172.63548068280335,Entire home/apt,131.0,3,12,2025-08-15,0.79,88,327,11,,2025-08
1258273672130894441,Hawkesbury Executive Home,81390838,Katie,Christchurch City,Fendalton Ward,-43.50575,172.62716,Entire home/apt,169.0,2,4,2025-02-15,0.33,45,200,4,,2025-02
1063907321961952573,City Fringe Townhouse,40836361,Emma,Christchurch City,Central Ward,-43.5172275,172.6393579,Entire home/apt,132.0,2,9,2025-02-22,0.44,1,11,2,,2025-02
14702230,SiloStay - one of it's kind in the world,91435809,Rob,Christchurch City,Banks Peninsula Ward,-43.76857,172.79229,Entire home/apt,169.0,1,371,2025-09-27,3.42,1,353,66,,2025-09
884226134448573632,Stylish Brand New Sunny 3Bdrm 3Bth garage sleeps 6,45768555,Lexia Margaret,Christchurch City,Spreydon Ward,-43.5425451,172.6126479,Entire home/apt,195.0,1,132,2025-08-03,4.55,60,252,30,,2025-08
11623658,Comfortable Sunny unit,60973927,Alice,Christchurch City,Heathcote Ward,-43.55609,172.64138,Entire home/apt,145.0,1,1,2022-10-16,0.03,1,128,0,,2022-10
22555308,"Suburban Oasis.
A place to call home",12678171,Jo,Christchurch City,Innes Ward,-43.50357,172.63884,Entire home/apt,225.0,2,17,2024-05-18,0.53,1,230,0,,2024-05
35468898,Orari - Room 07,258827985,Ashton,Christchurch City,Central Ward,-43.53007,172.6302,Hotel room,289.0,1,1,2022-12-21,0.03,10,203,0,,2022-12
937869577900693636,Small Sustainable House,81390838,Katie,Christchurch City,Central Ward,-43.51583,172.63976,Entire home/apt,213.0,28,4,2025-01-03,0.2,45,254,2,,2025-01
867048468098055942,The Den on Dudley - modern studio sleepout,84419227,Rebecca Catherine Bell,Christchurch City,Innes Ward,-43.513878573980485,172.65505861490965,Entire home/apt,76.0,1,9,2025-10-05,0.48,1,270,4,,2025-10
780678291164800079,Big House with nearby parks,7650205,Sue & Tim,Christchurch City,Harewood Ward,-43.46329,172.6187,Entire home/apt,930.0,2,5,2024-01-08,0.15,3,362,0,,2024-01
893085646774299536,"New, Bright & Fun Townhouse Close to the CBD",57733005,Emily,Christchurch City,Heathcote Ward,-43.55178,172.63382,Entire home/apt,252.0,5,2,2025-01-01,0.1,1,168,1,,2025-01
21680282,Beach House - South Brighton 2 bedroom unit,135886387,Peter,Christchurch City,Coastal Ward,-43.5339,172.74123,Entire home/apt,113.0,2,106,2025-10-04,1.54,1,9,13,,2025-10
1235302601362763288,Single Level Studio Escape on Wilmer St - Central,551181197,Paula Kat Charlotte,Christchurch City,Central Ward,-43.53805,172.63205,Entire home/apt,110.0,1,13,2025-05-06,1.0,146,321,9,,2025-05
1374977147072939830,Sunny Kilmore Apartment,81390838,Katie,Christchurch City,Central Ward,-43.525832391158445,172.63093980956165,Entire home/apt,350.0,2,3,2025-04-15,0.45,45,0,3,,2025-04
24192833,Location Comfort Location!,4154366,Mary,Christchurch City,Central Ward,-43.52217,172.6269,Entire home/apt,149.0,2,92,2025-02-22,1.01,2,321,3,,2025-02
1021333969654211324,Luxurious City Retreat 3Bed 3Bath Near CBD,542186568,Sharon,Christchurch City,Heathcote Ward,-43.5513297,172.6365371,Entire home/apt,145.0,1,54,2025-09-20,2.8,13,16,30,,2025-09
900501957432872857,Lovely townhouse in Avonhead,74811135,Yaoyao,Christchurch City,Waimairi Ward,-43.51647,172.55342,Entire home/apt,163.0,1,65,2025-08-29,2.33,40,291,28,,2025-08
1168539638008981220,Twin Room Ensuite Accessible,565751605,Aashish,Christchurch City,Central Ward,-43.53218733495357,172.62985511758413,Private room,163.0,1,0,,,10,202,0,,
1324338595580616936,Burke Street Sanctuary,8639464,Rhys,Christchurch City,Central Ward,-43.54376,172.62687,Entire home/apt,156.0,2,5,2025-03-15,0.64,1,5,5,,2025-03
1462516925086759558,Luxe City Stay Sleeps 7 with Free Car Park,551181197,Paula Kat Charlotte,Christchurch City,Heathcote Ward,-43.5513457,172.6487557,Entire home/apt,201.0,1,10,2025-10-01,3.57,146,236,10,,2025-10
36619350,One Bedroom Family Unit,266905655,Harikrishnan,Christchurch City,Central Ward,-43.52051,172.64185,Entire home/apt,199.0,1,49,2025-04-13,0.71,4,345,8,,2025-04
1402738098428315986,"Family-Friendly Home | Hot Tub, Firepit, Sleeps 9",59249793,Philip,Christchurch City,Fendalton Ward,-43.51533126831055,172.614990234375,Entire home/apt,202.0,1,18,2025-09-30,3.42,7,6,18,,2025-09
793630539431432974,Brand new and convenience in CBD,94933806,Li,Christchurch City,Central Ward,-43.538,172.63939,Entire home/apt,121.0,1,78,2025-07-05,2.35,1,300,20,,2025-07
558101365834713785,A Million City Views - Sleeps 12,202585247,Ohana,Christchurch City,Cashmere Ward,-43.58259,172.63994,Entire home/apt,320.0,2,317,2025-09-24,7.12,121,64,67,,2025-09
1036401474743681775,Studio with a View,82363146,Wendy,Christchurch City,Cashmere Ward,-43.58538,172.63654,Entire home/apt,130.0,1,75,2025-05-07,3.39,4,242,31,,2025-05
23235161,Warm apartment  close Uni/Airport/Riccarton,95365448,Vladimir,Christchurch City,Riccarton Ward,-43.51782,172.57334,Entire home/apt,,2,13,2021-05-08,0.14,1,0,0,,2021-05
1176317134512580043,one bedroom,582753827,Qin,Christchurch City,Papanui Ward,-43.482305212481016,172.61760416338956,Entire home/apt,144.0,3,0,,,5,360,0,,
15872954,Christchurch Private  Studio Room on Port Hills,15657377,Gerda,Christchurch City,Cashmere Ward,-43.57538,172.6525,Entire home/apt,63.0,4,42,2025-09-08,0.41,1,250,7,,2025-09
1286311620520627410,Wow! The view is stunning.,135770159,Diane,Christchurch City,Banks Peninsula Ward,-43.62251569721373,172.6464136595219,Entire home/apt,117.0,2,7,2025-06-14,0.64,1,309,7,,2025-06
758798997193132466,The Hut,170690190,Louise,Christchurch City,Banks Peninsula Ward,-43.6111,172.65514,Entire home/apt,131.0,1,13,2025-05-17,0.38,1,362,3,,2025-05
34062192,Cashmere apartment with amazing views.,257214205,Barry,Christchurch City,Cashmere Ward,-43.57971,172.6377,Entire home/apt,96.0,2,255,2025-10-01,3.26,2,280,35,,2025-10
566284365296787585,Deluxe Entire Townhouse on Hereford with King bed,86216394,Min,Christchurch City,Central Ward,-43.53239,172.64928,Entire home/apt,126.0,1,114,2025-08-08,2.59,40,142,26,,2025-08
1475637350905928884,Beautiful Views & Heated Pool,82363146,Wendy,Christchurch City,Cashmere Ward,-43.58516,172.63594,Entire home/apt,675.0,4,0,,,4,305,0,,
1374058579955122855,Governors Bay Cottage,112335247,Sarah,Christchurch City,Banks Peninsula Ward,-43.62109499721567,172.6502242073837,Entire home/apt,176.0,1,0,,,1,211,0,,
1503254964369211590,"Elegant Mansion for Weddings, Business & Family",309594374,Hackthorne Gardens,Christchurch City,Cashmere Ward,-43.57614,172.63275,Entire home/apt,3029.0,2,0,,,1,365,0,,
1451822505246831974,The Riverside Apartment,81390838,Katie,Christchurch City,Central Ward,-43.52633607402826,172.64119582422083,Entire home/apt,278.0,90,0,,,45,43,0,,
1138059989712743810,"The Glacier Dorm - 8 Beds, Private Space",573074023,Drifter,Christchurch City,Central Ward,-43.53313,172.63959,Private room,433.0,1,1,2025-02-22,0.13,11,322,1,,2025-02
49160622,Merivale Village Apartment,81390838,Katie,Christchurch City,Fendalton Ward,-43.5116,172.61784,Entire home/apt,244.0,2,27,2025-04-25,0.5,45,224,5,,2025-04
675113531579372721,2 Bedroom House,98758734,North South Holiday Park,Christchurch City,Harewood Ward,-43.4710081,172.5700892,Entire home/apt,407.0,2,3,2024-02-11,0.08,20,298,0,,2024-02
39559010,Ensuite Cabin (Sleeps 4),98758734,North South Holiday Park,Christchurch City,Harewood Ward,-43.47127,172.56978,Private room,183.0,1,2,2021-06-20,0.04,20,323,0,,2021-06
835616827563123951,Home sweet home CBD Christchurch 2 bed 2 bath,365360819,Chao,Christchurch City,Central Ward,-43.5322057,172.6494295,Entire home/apt,121.0,1,81,2025-09-11,2.56,13,154,18,,2025-09
977777342591287332,Garden Serenity,170865743,Jessie,Christchurch City,Waimairi Ward,-43.51444,172.5611,Private room,73.0,1,5,2024-03-23,0.21,2,83,0,,2024-03
1300291425631390650,Home in Fendalton,146831113,Tracey,Christchurch City,Fendalton Ward,-43.50963625407333,172.59461811472872,Entire home/apt,387.0,1,1,2025-01-12,0.11,1,52,1,,2025-01
1353858528439783883,Affordable Comfort 2BR with Carpark,551181197,Paula Kat Charlotte,Christchurch City,Linwood Ward,-43.5454488,172.6608673,Entire home/apt,152.0,1,28,2025-10-01,3.61,146,234,28,,2025-10
1031389595861194520,Family friendly in Cashmere,145755706,Hannah,Christchurch City,Cashmere Ward,-43.56838,172.62958,Entire home/apt,464.0,6,4,2025-02-22,0.18,1,75,3,,2025-02
1301943298715896978,Park & Central City Spa-pool Escape,133825107,Yvette,Christchurch City,Central Ward,-43.52273414307752,172.6299604551251,Entire home/apt,201.0,2,28,2025-09-30,3.41,2,64,28,,2025-09
1472152587424170997,Merivale Court Large Studio-Unit 3,707858717,Hao,Christchurch City,Fendalton Ward,-43.51590411421796,172.6239234770492,Entire home/apt,120.0,1,1,2025-08-21,0.61,12,350,1,,2025-08
43012810,"Suite As, Hotel Carlton Mill",50694865,Hotel,Christchurch City,Fendalton Ward,-43.520267,172.626251,Entire home/apt,299.0,1,10,2024-02-15,0.16,11,343,0,,2024-02
17224719,Freshly Renovated Downstairs Studio Unit #6,50694865,Hotel,Christchurch City,Fendalton Ward,-43.520267,172.626251,Entire home/apt,224.0,1,90,2023-03-31,0.85,11,327,0,,2023-03
27680096,Self contained flat in the heart of Christchurch,257452840,Malcolm,Christchurch City,Central Ward,-43.52895,172.63076,Entire home/apt,171.0,6,104,2024-10-09,1.2,1,59,1,,2024-10
1457743670691828127,Cashmere Cool,44722942,Paul,Christchurch City,Cashmere Ward,-43.57810945836043,172.630626372993,Entire home/apt,130.0,2,1,2025-09-13,1.0,1,346,1,,2025-09
3853118,Yurt in the Woods,12996972,Jane,Christchurch City,Banks Peninsula Ward,-43.78643,172.81997,Private room,76.0,3,55,2025-02-15,0.53,6,42,5,,2025-02
51313091,Relax Unwind Super Fast Internet,45768555,Lexia Margaret,Christchurch City,Central Ward,-43.52152,172.64353,Entire home/apt,106.0,1,98,2025-09-18,1.99,60,330,23,,2025-09
29014525,Roker Street Retreat,148337472,Lucy And Callum,Christchurch City,Cashmere Ward,-43.55471,172.62898,Entire home/apt,109.0,1,365,2025-09-27,4.97,1,266,99,,2025-09
1479431747726281225,Room in Bright & Sunny Home!,84279395,Pearl,Christchurch City,Central Ward,-43.51898430756725,172.64229899733704,Private room,,1,1,2025-09-19,1.0,2,6,1,,2025-09
772525694591965366,Spacious and Comfy Townhouse,667025918,Nicholas Charles,Christchurch City,Heathcote Ward,-43.5559497,172.6430901,Entire home/apt,173.0,2,44,2025-08-11,1.31,1,197,31,,2025-08
1190879560429957725,The Potterâs Guesthouse,586735904,Gordon,Christchurch City,Cashmere Ward,-43.56649,172.63054,Entire home/apt,95.0,2,40,2025-09-19,2.7,1,256,35,,2025-09
1211949850987973740,Sanctuary At The Bay - Diamond Harbour Retreat,145244100,Bachcare,Christchurch City,Banks Peninsula Ward,-43.62601,172.72021,Entire home/apt,460.0,2,6,2025-09-20,0.47,1547,361,5,,2025-09
1375117522137625502,Cottage by the Sea,106313995,Jenna,Christchurch City,Heathcote Ward,-43.5580731,172.7317534,Entire home/apt,,2,6,2025-06-30,0.97,1,65,6,,2025-06
1070750241106796779,Stylish 3BR City Apartment on St Asaph Street,331763232,Benjamin Dearden,Christchurch City,Central Ward,-43.53555,172.63593,Entire home/apt,199.0,2,63,2025-09-23,3.05,96,49,33,,2025-09
1138047112247394300,Family Loft Suite in City Centre,573074023,Drifter,Christchurch City,Central Ward,-43.53345,172.63942,Private room,416.0,1,1,2024-09-16,0.08,11,327,0,,2024-09
1138056131942566715,Two Bedroom Loft in City Centre,573074023,Drifter,Christchurch City,Central Ward,-43.53484,172.63962,Private room,324.0,1,1,2024-12-28,0.11,11,309,1,,2024-12
1168540827508543105,Haka House-Entire 8 Bed Dorm Ens,565751605,Aashish,Christchurch City,Central Ward,-43.53219,172.62984,Private room,756.0,1,0,,,10,235,0,,
40094069,Prime Location Handy CBD& Restaurants,45768555,Lexia Margaret,Christchurch City,Central Ward,-43.52232,172.6295,Entire home/apt,95.0,1,139,2025-09-13,1.96,60,336,15,,2025-09
52624191,Studio Queen Room at Samhil Motor Lodge,425993439,Raj,Christchurch City,Riccarton Ward,-43.52717,172.61091,Private room,142.0,1,3,2025-02-16,0.09,4,350,1,,2025-02
1138045400125631751,Family Ensuite in City Centre,573074023,Drifter,Christchurch City,Central Ward,-43.53403,172.63958,Private room,328.0,1,3,2025-04-24,0.45,11,310,3,,2025-04
1196781162145307337,Bring it out of the Group Chat - 8 Beds,573074023,Drifter,Christchurch City,Central Ward,-43.53328,172.63999,Private room,442.0,1,0,,,11,339,0,,
38186323,Avonview Cottage,174595370,Liesbeth,Christchurch City,Central Ward,-43.52242,172.65902,Entire home/apt,135.0,2,148,2025-10-05,2.0,1,151,46,,2025-10
938092977371671827,Leading Light,407344657,Bernard,Christchurch City,Banks Peninsula Ward,-43.6205778,172.6434911,Entire home/apt,160.0,1,159,2025-10-04,5.99,1,96,56,,2025-10
1103092140426797922,City Living: Upper Studio Haven on Wilmer,551181197,Paula Kat Charlotte,Christchurch City,Central Ward,-43.5384944,172.6313989,Entire home/apt,140.0,1,7,2025-07-23,0.36,146,220,3,,2025-07
48149313,"Modern, self-contained unit in a restful setting.",36107689,Alison,Christchurch City,Banks Peninsula Ward,-43.7475,172.82748,Entire home/apt,112.0,2,38,2025-07-11,0.69,1,47,8,,2025-07
1425791567695773558,"Resort Style, 30Â°C indoor pool, whole house",21461254,Philip,Christchurch City,Cashmere Ward,-43.581102096490575,172.639835340182,Entire home/apt,900.0,2,0,,,2,276,0,,
1515623517093675418,Cosy Bungalow in the heart of Fendalton,57353031,Georgie,Christchurch City,Fendalton Ward,-43.52391189999999,172.5966896,Entire home/apt,322.0,2,0,,,1,74,0,,
838702289225495288,Gem in Papanui Christchurch,191831593,William,Christchurch City,Papanui Ward,-43.49008,172.61445,Entire home/apt,252.0,3,23,2025-07-24,0.73,2,312,2,,2025-07
1135663607227061362,Sunrise Serenity with Hot Tub,125757390,Caitlin,Christchurch City,Heathcote Ward,-43.5769,172.77391,Entire home/apt,314.0,2,59,2025-10-02,3.71,7,104,42,,2025-10
1016491599676246392,Discover a Brand New Apartment in Vibrant CHCH U1,74811135,Yaoyao,Christchurch City,Central Ward,-43.53034,172.65507,Entire home/apt,125.0,1,22,2025-07-17,1.01,40,303,15,,2025-07
1292263758806777818,The Family Quad,573074023,Drifter,Christchurch City,Central Ward,-43.53379303297666,172.6384355024,Private room,198.0,1,0,,,11,341,0,,
1271355594550288449,Stylish 3-Level Townhouse | 2BR+2BA | Walk to CBD,501222894,Marilyn,Christchurch City,Central Ward,-43.52526636966717,172.64576626326956,Entire home/apt,116.0,1,48,2025-09-06,4.25,5,315,48,,2025-09
1298854937185431298,Central Convenience: Stroll to Bars and Eateries,551181197,Paula Kat Charlotte,Christchurch City,Central Ward,-43.5264274,172.646713,Entire home/apt,159.0,1,22,2025-09-01,2.12,146,211,22,,2025-09
26958096,Spacious stylish home - 7 Night special deals,24205506,Karen Louise,Christchurch City,Riccarton Ward,-43.53136,172.60573,Entire home/apt,358.0,1,129,2025-09-27,1.52,77,285,21,,2025-09
887967358669099475,Inner-city Top Floor Apartment - Spectacular Views,24205506,Karen Louise,Christchurch City,Central Ward,-43.5314756,172.6433048,Entire home/apt,244.0,1,73,2025-09-22,2.49,77,59,21,,2025-09
1474920272418603312,Merivale Court Studio-Unit 6,707858717,Hao,Christchurch City,Fendalton Ward,-43.51765784514209,172.62553876414287,Entire home/apt,114.0,1,2,2025-08-15,1.03,12,318,2,,2025-08
1350266274214073236,Riverside Retreat,190937381,Clare,Christchurch City,Cashmere Ward,-43.5615757,172.63505,Entire home/apt,700.0,7,0,,,1,130,0,,
43669749,LyLo Twin Ensuite Accessible,368461906,Alexandria,Christchurch City,Harewood Ward,-43.48955,172.54792,Private room,260.0,1,0,,,16,336,0,,
966384513112427873,6 min to Airport Burnside Full house with big yard,86216394,Min,Christchurch City,Waimairi Ward,-43.49712,172.57063,Entire home/apt,205.0,2,100,2025-09-27,4.04,40,119,39,,2025-09
25455712,Relaxed 3BR Hideaway â¢ Outdoor Living & Pets,24205506,Karen Louise,Christchurch City,Fendalton Ward,-43.51062,172.61792,Entire home/apt,178.0,1,61,2025-08-15,0.71,77,285,6,,2025-08
1271891266196298806,Parkside Retreat - 3 Beds/Sleeps 6 Near Westfield,49642171,Xihang,Christchurch City,Riccarton Ward,-43.53619600594249,172.58538953692496,Entire home/apt,114.0,1,7,2025-07-19,0.66,88,312,7,,2025-07
17516925,Sea View,118765196,David,Christchurch City,Heathcote Ward,-43.57946,172.76543,Private room,,1,130,2025-10-03,1.33,1,263,14,,2025-10
1267135241648958968,The Cottage at Greystones,119195642,Millie,Christchurch City,Harewood Ward,-43.50161937991331,172.43337500975144,Entire home/apt,93.0,1,11,2025-09-30,1.03,2,267,11,,2025-09
1472838319513041189,Merivale Court Family Suit(2bedr)-Unit 1,707858717,Hao,Christchurch City,Fendalton Ward,-43.51760938023054,172.625527635809,Entire home/apt,164.0,1,0,,,12,331,0,,
1052298247844448567,Alpha Motel Elite Spa Studio,179297759,Peng,Christchurch City,Riccarton Ward,-43.5384412,172.5789749,Entire home/apt,127.0,1,10,2025-09-21,0.71,20,263,9,,2025-09
3852863,Tipi in the Garden,12996972,Jane,Christchurch City,Banks Peninsula Ward,-43.7876,172.81902,Private room,76.0,3,48,2025-01-03,0.45,6,42,1,,2025-01
1506143928066533365,"Modern City Retreat â 3BR, 2BA",202585247,Ohana,Christchurch City,Central Ward,-43.5267436,172.6484079,Entire home/apt,150.0,1,2,2025-09-20,2.0,121,162,2,,2025-09
11325254,Great Views on Cashmere hills.,44327253,Benjamin,Christchurch City,Cashmere Ward,-43.57474,172.63415,Entire home/apt,68.0,28,6,2024-12-07,0.05,1,59,1,,2024-12
9700667,Karl Popper Retreat,20309792,Michael,Christchurch City,Cashmere Ward,-43.57696,172.6309,Entire home/apt,115.0,1,154,2025-03-01,1.32,1,246,5,,2025-03
22413337,6min to city centre | Cosy & Quiet Vintage Retreat,133886406,Nicole,Christchurch City,Heathcote Ward,-43.5526632,172.642893,Entire home/apt,106.0,1,329,2025-03-21,3.47,2,113,42,,2025-03
1501232887477529508,Your Home Away From Home on Barrington Street,482671075,Paula Corinne,Christchurch City,Cashmere Ward,-43.562345895842185,172.62456120070934,Entire home/apt,227.0,1,0,,,124,198,0,,
1201972728964466168,Charming character home in quiet leafy Somerfield,147001502,Angela,Christchurch City,Cashmere Ward,-43.55936,172.63056,Entire home/apt,177.0,2,22,2025-10-01,1.63,1,101,20,,2025-10
29864989,Central Luxurious House           Free Breakfast,74398185,Rob,Christchurch City,Innes Ward,-43.51265,172.63297,Entire home/apt,320.0,1,22,2025-09-20,0.26,4,0,16,,2025-09
1521983701324287951,CBD Fringe Standalone 2Bed2.5Bath With Parking,49642171,Xihang,Christchurch City,Central Ward,-43.54698,172.62698,Entire home/apt,108.0,1,0,,,88,360,0,,
1295510349668729791,closer place to hills & town,558330049,Arshdhillon,Christchurch City,Heathcote Ward,-43.54775074891444,172.62886727302407,Entire home/apt,265.0,1,0,,,2,116,0,,
1398912826098460780,Central City Retreat. Stylish 3BR + Parking,551181197,Paula Kat Charlotte,Christchurch City,Central Ward,-43.5291776,172.6294649,Entire home/apt,258.0,2,16,2025-09-29,2.81,146,38,16,,2025-09
881468377011824404,Dickens St - modern and cosy handy to city,24205506,Karen Louise,Christchurch City,Spreydon Ward,-43.54335,172.61565,Entire home/apt,158.0,1,9,2025-02-11,0.31,77,292,3,,2025-02
1029332951446559457,Funky Central City Apartment,55752053,Kendra,Christchurch City,Central Ward,-43.5311796,172.6445883,Entire home/apt,69.0,1,34,2025-09-12,1.58,2,26,25,,2025-09
582043278286283357,Fully Renovated Hillside Apartment Close To City,155408984,Nick,Christchurch City,Cashmere Ward,-43.57435,172.63341,Entire home/apt,96.0,2,65,2025-09-09,1.54,1,127,6,,2025-09
1389436601035056636,3 Bed Family Retreat Classic Charm With Park Views,482671075,Paula Corinne,Christchurch City,Heathcote Ward,-43.55132,172.64867,Entire home/apt,224.0,1,9,2025-09-13,1.71,124,307,9,,2025-09
35468895,Orari - Room 5,258827985,Ashton,Christchurch City,Central Ward,-43.53001,172.63001,Hotel room,320.0,1,1,2022-07-14,0.03,10,210,0,,2022-07
39669013,Birdsong retreat,216305400,Christine Joy,Christchurch City,Cashmere Ward,-43.56436,172.63044,Private room,88.0,2,13,2025-02-21,0.18,1,88,1,,2025-02
1435223539534463655,Comfy room near hills and ocean,157306656,Bridie,Christchurch City,Heathcote Ward,-43.55739,172.66933,Private room,,1,0,,,1,0,0,,
1237440453465323595,"Top Floor Oasis | Pool, Gym + Parking",682808597,Devon,Christchurch City,Central Ward,-43.52113,172.63264,Entire home/apt,209.0,1,26,2025-09-13,2.11,22,258,25,,2025-09
814981270429591756,Stylish 3 Bed Lux Home Close To CBD With Garage!,49642171,Xihang,Christchurch City,Innes Ward,-43.50744900352824,172.6363969460327,Entire home/apt,297.0,2,71,2025-07-09,2.2,88,175,32,,2025-07
1322765114103289114,Backpacker Deluxe with living space,98758734,North South Holiday Park,Christchurch City,Harewood Ward,-43.47061,172.57066,Entire home/apt,189.0,1,1,2025-01-25,0.12,20,288,1,,2025-01
1145453620381548180,Charming City Cottage,574811217,Chet,Christchurch City,Heathcote Ward,-43.54851360418315,172.6406417414546,Entire home/apt,144.0,2,4,2025-09-19,0.52,1,335,4,,2025-09
746771667732305581,Incredible getaway by Hagley Park!,49642171,Xihang,Christchurch City,Riccarton Ward,-43.52852182323718,172.6113217111145,Entire home/apt,134.0,1,199,2025-10-04,5.65,88,260,29,,2025-10
1282422245269327774,Modern CBD 3-BRM Townhouse|3 Ensuites|Free Carpark,43367626,Sharon,Christchurch City,Central Ward,-43.5321361,172.6478268,Entire home/apt,221.0,1,27,2025-09-11,2.48,12,310,27,,2025-09
45588035,City Center Entire Townhouse Netflix & 1000M Fibre,86216394,Min,Christchurch City,Central Ward,-43.52799,172.64852,Entire home/apt,109.0,1,161,2025-09-27,2.64,40,77,15,,2025-09
757992042127459324,Private room in Christchurch,120365151,Don,Christchurch City,Harewood Ward,-43.48298,172.58626,Private room,56.0,1,5,2023-04-20,0.15,1,363,0,,2023-04
48262251,Safe bushy area clean budget æ¥æ¬äººæ­è¿,37646848,Dave,Christchurch City,Papanui Ward,-43.49945,172.60139,Private room,27.0,1,0,,,1,352,0,,
1312770612034348747,St Albans Townhouse near City Centre,201425552,Rachel,Christchurch City,Innes Ward,-43.50368,172.63584,Entire home/apt,239.0,2,7,2025-04-01,0.88,1,110,7,,2025-04
1075018761891951372,"4bed/4bath/Carpark ""Urban Elegance Retreat""",264130845,Kim,Christchurch City,Central Ward,-43.5355988,172.6317141,Entire home/apt,415.0,3,64,2025-09-24,3.16,2,292,35,,2025-09
43857059,LyLo Family Pod Room,368461906,Alexandria,Christchurch City,Harewood Ward,-43.48889,172.54921,Private room,370.0,1,9,2022-07-16,0.14,16,364,0,,2022-07
1431402493983919661,Sweet home near airport,542186568,Sharon,Christchurch City,Harewood Ward,-43.4931057,172.5822909,Entire home/apt,96.0,1,21,2025-09-24,5.29,13,342,21,,2025-09
22110375,Bright spacious home with stunning views,161202518,Jane,Christchurch City,Banks Peninsula Ward,-43.62999,172.73077,Entire home/apt,,7,8,2019-11-29,0.08,1,0,0,,2019-11
27234653,Our Tranquil Treehouse - Office or stay bubble!,53230978,Sandy,Christchurch City,Cashmere Ward,-43.5709,172.63623,Entire home/apt,200.0,2,33,2024-10-28,0.41,6,331,1,,2024-10
1432183160290602456,Warm and Stylish 2BR Home,331763232,Benjamin Dearden,Christchurch City,Fendalton Ward,-43.51678081271896,172.62424169363453,Entire home/apt,170.0,2,3,2025-08-16,0.73,96,118,3,,2025-08
933762217584580660,Large Medium Room - Downstairs,184564246,Tung,Christchurch City,Waimairi Ward,-43.4974633,172.5653503,Private room,58.0,1,62,2025-08-28,2.31,5,230,20,,2025-08
16798852,Yani Home,111675989,Yani,Christchurch City,Waimairi Ward,-43.51944,172.56245,Private room,56.0,2,99,2025-04-04,0.94,1,269,4,,2025-04
1490325394309577837,Modern Hillside Stay,151740992,Noby,Christchurch City,Halswell Ward,-43.58842,172.60675,Entire home/apt,,3,0,,,1,36,0,,
41775310,Lyttel West B & B with spa pool,99496641,Helen,Christchurch City,Banks Peninsula Ward,-43.60044,172.70703,Entire home/apt,83.0,2,77,2025-09-11,1.11,1,221,11,,2025-09
1085743649471320285,Peterborough Street Tack Room,235792794,Tiffany,Christchurch City,Central Ward,-43.5257371,172.6303234,Entire home/apt,611.0,1,0,,,2,259,0,,
1506337972784293975,Master Bedroom with Ensuite-7 min drive to Airport,553318953,Nabeel,Christchurch City,Hornby Ward,-43.52086,172.5255,Private room,63.0,1,0,,,1,46,0,,
41482287,Peaceful Retreat within City Limits,12557746,Donald,Christchurch City,Burwood Ward,-43.46084,172.66631,Entire home/apt,297.0,3,61,2025-02-22,0.88,1,192,3,,2025-02
1467709539145537599,Sunny Queen Room Near Airport & City & Shops,147316883,Siyan,Christchurch City,Harewood Ward,-43.48965,172.5829,Private room,,1,0,,,1,0,0,,
1138046334240884980,Superior Queen Ensuite with Balcony,573074023,Drifter,Christchurch City,Central Ward,-43.53469,172.63809,Private room,284.0,1,3,2024-11-18,0.23,11,336,1,,2024-11
1312535061685137105,"Superb Modern Warm - 2 bedroom- Smart 49""TV",45768555,Lexia Margaret,Christchurch City,Central Ward,-43.5379343,172.638452,Entire home/apt,182.0,1,14,2025-07-19,1.52,60,283,14,,2025-07
952435555792942499,Central City Stay â Walk Everywhere + Free Carpark,24205506,Karen Louise,Christchurch City,Central Ward,-43.534209,172.6412786,Entire home/apt,270.0,1,23,2025-03-26,0.91,77,326,5,,2025-03
1450558370565075595,Private 2BR House w Garage Great Central Location,551181197,Paula Kat Charlotte,Christchurch City,Central Ward,-43.5236443,172.631053,Entire home/apt,151.0,1,7,2025-10-02,2.14,146,260,7,,2025-10
933707164000386411,Large single room - Upstairs,184564246,Tung,Christchurch City,Waimairi Ward,-43.4974633,172.5653503,Private room,54.0,1,41,2025-06-09,1.55,5,269,13,,2025-06
1298757650711306247,"CBD Living, private, stand alone",30987547,Patrick Arthur Hume,Christchurch City,Central Ward,-43.52707179999999,172.6465011,Entire home/apt,165.0,1,45,2025-08-31,5.25,1,265,45,,2025-08
40864065,Secure City Center Apartment close to attractions,318078169,Matthew,Christchurch City,Central Ward,-43.53413,172.6304,Entire home/apt,110.0,2,19,2020-03-16,0.27,1,18,0,,2020-03
1390066063638977928,Riverside Escape near Hagley Park and Hospital,551181197,Paula Kat Charlotte,Christchurch City,Central Ward,-43.5370905,172.6249006,Entire home/apt,304.0,1,6,2025-09-21,1.38,146,221,6,,2025-09
31040916,Spacious Family Home in Central Christchurch,19256013,Robyn,Christchurch City,Fendalton Ward,-43.51423,172.60978,Entire home/apt,330.0,7,9,2024-12-30,0.15,2,118,1,,2024-12
1082786985426397527,City Two-Bedroom Relax Spa house,179297759,Peng,Christchurch City,Papanui Ward,-43.4900208,172.5942475,Entire home/apt,350.0,1,0,,,20,267,0,,
1419298498335634218,Central Stay Addington,574309505,Leana,Christchurch City,Spreydon Ward,-43.54203668141266,172.61225759983063,Entire home/apt,136.0,1,5,2025-09-27,2.42,1,278,5,,2025-09
1462575964205793637,Trendy And Lux Studio In CBD By South City Mall!,507210765,Donna,Christchurch City,Central Ward,-43.53915484941684,172.63562584484404,Entire home/apt,104.0,1,2,2025-10-04,2.0,1,174,2,,2025-10
44417907,A Taste of Kiwi close to Event Centres,164323766,Joel,Christchurch City,Spreydon Ward,-43.54884,172.59496,Entire home/apt,160.0,2,91,2025-09-29,1.49,3,224,16,,2025-09
704556549743355312,The Dream Townhouse,202585247,Ohana,Christchurch City,Central Ward,-43.51838,172.64728,Entire home/apt,97.0,1,189,2025-09-23,5.06,121,163,50,,2025-09
1314690886886387749,Stay at Puhara - Parklands Escape,24205506,Karen Louise,Christchurch City,Burwood Ward,-43.47734,172.6912,Entire home/apt,175.0,1,6,2025-09-22,0.65,77,265,6,,2025-09
1303057633633916458,Lovely 2 Bed 2 Bath,331763232,Benjamin Dearden,Christchurch City,Riccarton Ward,-43.534390527247815,172.58646004932802,Entire home/apt,163.0,2,18,2025-07-29,1.82,96,44,18,,2025-07
36618496,Queen Studio Unit,266905655,Harikrishnan,Christchurch City,Central Ward,-43.5205078125,172.641845703125,Entire home/apt,126.0,1,31,2025-07-18,0.41,4,344,3,,2025-07
38165279,Spacious family home.,285446275,Anna,Christchurch City,Fendalton Ward,-43.51843,172.5823,Entire home/apt,475.0,7,1,2020-01-05,0.01,1,27,0,,2020-01
1104510109511356596,Central City Apartments,445310859,Michiel,Christchurch City,Central Ward,-43.5370293,172.6385295,Entire home/apt,221.0,1,15,2025-09-26,0.81,1,254,9,,2025-09
1285456776560220556,Belfast Escape,261760721,Kavinda,Christchurch City,Harewood Ward,-43.44061701107155,172.6339439097092,Private room,56.0,1,5,2025-03-22,0.51,2,355,5,,2025-03
1334508408580305348,"Private Entry 
 Sunny Deck & Ensuite
Room 3",672613640,Stephen,Christchurch City,Burwood Ward,-43.51133112039447,172.66636390665803,Private room,87.0,1,43,2025-08-16,5.08,3,317,43,,2025-08
1413412509320106859,Very Central 2BR - Balcony & Full Kitchen,202585247,Ohana,Christchurch City,Central Ward,-43.53545039999999,172.6353908,Entire home/apt,148.0,1,30,2025-10-04,5.92,121,95,30,,2025-10
1490867766414755913,One bedroom with Carpark,513669927,Benjamin,Christchurch City,Central Ward,-43.53738,172.64048,Entire home/apt,118.0,1,0,,,2,156,0,,
24182612,Cityscape apartment with carpark,182147873,Amy,Christchurch City,Central Ward,-43.53576525534641,172.63767358255618,Entire home/apt,191.0,1,125,2025-07-31,4.0,1,163,10,,2025-07
861926364384336970,Close to new Stadium. Great for families,43398377,Graham,Christchurch City,Central Ward,-43.5316011,172.6488084,Entire home/apt,248.0,1,98,2025-10-03,3.44,5,276,35,,2025-10
23923992,"Great value,B'fast,garden,spa,nr uni/airport/city",108085108,Barbara Marilyn,Christchurch City,Fendalton Ward,-43.51191,172.577,Private room,68.0,2,96,2025-02-22,1.05,3,78,5,,2025-02
21848694,Akaroa Coastal Cabin,47422452,Oliver,Christchurch City,Banks Peninsula Ward,-43.83113,172.94567,Entire home/apt,268.0,1,212,2025-09-18,2.21,2,253,70,,2025-09
1327331867026411747,Charming 2BR Home in Mohua Lane,331763232,Benjamin Dearden,Christchurch City,Riccarton Ward,-43.53638,172.58518,Entire home/apt,167.0,2,7,2025-09-22,0.91,96,88,7,,2025-09
52607141,Private single room in stunning contemporary home.,424963036,Gemma Alegre,Christchurch City,Halswell Ward,-43.58731,172.60726,Private room,,1,58,2025-02-27,1.24,3,0,9,,2025-02
1356225870249657149,Executive home - central & sunny,17779582,Andrew,Christchurch City,Riccarton Ward,-43.52905859383925,172.58657668981266,Entire home/apt,227.0,7,1,2025-09-20,1.0,1,14,1,,2025-09
39446017,Bingsland - Close to the city,56779299,Esther,Christchurch City,Innes Ward,-43.51679,172.65761,Entire home/apt,240.0,60,33,2021-01-15,0.46,1,173,0,,2021-01
1090303968066116998,4 Bedrooms in the Heart of Christchurch CBD,551181197,Paula Kat Charlotte,Christchurch City,Central Ward,-43.5366847,172.6407056,Entire home/apt,437.0,1,50,2025-09-30,2.69,146,235,24,,2025-09
1429302528623596168,Christchurch Central Studio,331763232,Benjamin Dearden,Christchurch City,Central Ward,-43.53750251894583,172.64710372838772,Entire home/apt,115.0,2,3,2025-08-30,1.73,96,175,3,,2025-08
1299524731580097444,Exclusive Studio Retreat close to South City Mall,551181197,Paula Kat Charlotte,Christchurch City,Central Ward,-43.5392668,172.6349548,Entire home/apt,116.0,1,20,2025-07-22,1.97,146,254,20,,2025-07
1334283174465862807,King suite with stunning view20 Min from Chch,149037644,Cristina,Christchurch City,Banks Peninsula Ward,-43.6211779932012,172.64888033805218,Private room,190.0,5,9,2025-06-04,1.17,1,58,9,,2025-06
805115934551207032,2 Bedroom Central Christchurch Hub,482671075,Paula Corinne,Christchurch City,Central Ward,-43.5366847,172.6407056,Entire home/apt,159.0,1,70,2025-08-26,2.11,124,138,13,,2025-08
1403389319974753862,Pool Table & Hagley Park Funhouse,59249793,Philip,Christchurch City,Fendalton Ward,-43.51529,172.61479,Entire home/apt,169.0,1,19,2025-09-03,3.54,7,23,19,,2025-09
1048306470874845097,Contemporary 2BR Apartment on St Asaph Street,331763232,Benjamin Dearden,Christchurch City,Central Ward,-43.5361789,172.6353027,Entire home/apt,155.0,2,65,2025-09-21,2.98,96,37,48,,2025-09
1462843271211417466,Box Office on Madras,482671075,Paula Corinne,Christchurch City,Central Ward,-43.5340324,172.6425015,Entire home/apt,154.0,1,6,2025-09-21,2.34,124,200,6,,2025-09
1410446380075350516,Cosy Studio in Allen Street,331763232,Benjamin Dearden,Christchurch City,Central Ward,-43.537598279386536,172.6407968490526,Entire home/apt,117.0,2,8,2025-09-14,1.71,96,166,8,,2025-09
46627912,Stylish Seaview Villa perched above Akaroa,156839737,Zane,Christchurch City,Banks Peninsula Ward,-43.79892,172.96755,Entire home/apt,428.0,2,282,2025-10-03,4.91,5,29,57,,2025-10
1414078052210026372,Light & Central CBD Stay,331763232,Benjamin Dearden,Christchurch City,Central Ward,-43.53857850791663,172.64144022114667,Entire home/apt,142.0,2,5,2025-09-21,1.46,96,180,5,,2025-09
1056675792148649772,Greek Island Inspired 2 Bed room 1 Bath Townhouse,551181197,Paula Kat Charlotte,Christchurch City,Central Ward,-43.5360956,172.63505,Entire home/apt,213.0,1,31,2025-10-03,1.44,146,0,9,,2025-10
1416278115295345546,Stylish Christchurch CBD 1BR,331763232,Benjamin Dearden,Christchurch City,Central Ward,-43.53692237664328,172.64281692306986,Entire home/apt,134.0,2,5,2025-07-09,0.99,96,180,5,,2025-07
1003825028629270704,Modern Luxury Central City Apartment,339599193,Justine,Christchurch City,Central Ward,-43.53680251911817,172.6399012674865,Entire home/apt,152.0,1,12,2025-10-03,1.28,1,114,12,,2025-10
31150918,"Quality, modern,  sunny one bedroom apartment",232627620,Geoff,Christchurch City,Central Ward,-43.546379,172.646439,Entire home/apt,95.0,2,270,2025-10-05,3.3,2,165,38,,2025-10
1237454298561278822,"Chic City Escape | Sleeps 7 + Pool, Gym & 2 Parks",682808597,Devon,Christchurch City,Central Ward,-43.52231,172.63261,Entire home/apt,340.0,1,56,2025-10-04,4.44,22,215,53,,2025-10
872547136630455957,1 Bedroom City Base with Free Car Park,23278101,Jason,Christchurch City,Central Ward,-43.524851,172.6359997,Entire home/apt,151.0,1,172,2025-10-04,5.75,16,249,75,,2025-10
21111023,City Views - Affordable Luxury 5kms From The City,152241212,Joanne,Christchurch City,Cashmere Ward,-43.57383,172.63483,Private room,98.0,2,209,2025-10-07,2.16,2,141,34,,2025-10
1257019733633103737,Wow Spacious Apartment CBD,537639282,Judith,Christchurch City,Central Ward,-43.53842278439485,172.63779732306173,Entire home/apt,142.0,1,0,,,6,76,0,,
17666972,QUEEN BEDR00M & ENSUITE-BREAKFAST INCLUD,44203564,Patricia Ann,Christchurch City,Halswell Ward,-43.57141,172.54318,Private room,80.0,1,737,2025-10-04,7.11,1,303,86,,2025-10
1299168997740935123,Cosy Room Christchurch Central,664228788,Xuemei,Christchurch City,Central Ward,-43.534779,172.6606091,Private room,74.0,1,27,2025-09-21,2.88,1,355,27,,2025-09
24561890,Fabulous Views of city and alps,50867124,Chryssie,Christchurch City,Heathcote Ward,-43.57355,172.71798,Private room,120.0,1,150,2025-09-12,1.79,1,192,26,,2025-09
1469801548100476771,The Beautiful Trio â 3 Homes for One Group,131734373,Alicia,Christchurch City,Linwood Ward,-43.5485,172.67262,Entire home/apt,673.0,1,0,,,8,268,0,,
1186205375741916298,Chic and Contemporary Living at Cambridge Terrace,202585247,Ohana,Christchurch City,Central Ward,-43.5274687,172.639466,Entire home/apt,172.0,1,139,2025-10-03,9.05,121,64,111,,2025-10
25925037,City Warm Suite (Free Breakfast) *Free cleaning*,74398185,Rob,Christchurch City,Fendalton Ward,-43.51215,172.6316,Entire home/apt,,1,477,2025-08-30,5.53,4,0,76,,2025-08
1280090330590159753,Cashel Haven & Modern 4 beds 4 Bath Townhouses,482671075,Paula Corinne,Christchurch City,Central Ward,-43.53419691499316,172.6506266265231,Entire home/apt,328.0,1,4,2025-09-22,0.63,124,249,4,,2025-09
1288174813595484817,Amazing Central City Location: 3bd + 2bth,45172785,Lisa,Christchurch City,Central Ward,-43.5311938,172.6481437,Entire home/apt,192.0,1,63,2025-09-12,5.91,44,282,63,,2025-09
45470958,Beautiful 2 bedroom apartment in the CDB,89191145,Jackson,Christchurch City,Central Ward,-43.53407,172.64206,Entire home/apt,,2,30,2024-02-24,0.53,4,0,0,,2024-02
14981360,Hidden Gem - Homestay,94400943,Sharon,Christchurch City,Innes Ward,-43.4962,172.65997,Private room,140.0,1,4,2025-02-23,0.05,1,364,1,,2025-02
553056370657590460,Copper Beech Cottage,219787553,Hayley,Christchurch City,Heathcote Ward,-43.56019,172.66271,Entire home/apt,144.0,1,371,2025-09-29,8.76,1,224,121,,2025-09
940160213161635352,Cozy 2-bedroom near CBD,211195948,Jenny,Christchurch City,Central Ward,-43.528155907169385,172.65669383452703,Entire home/apt,116.0,1,78,2025-08-30,2.94,17,125,31,,2025-08
1135656937970459557,Akaroa Walnut Retreat 2024,572511188,Roger,Christchurch City,Banks Peninsula Ward,-43.80945,172.96405,Entire home/apt,575.0,2,9,2025-06-21,0.75,1,110,9,,2025-06
51825560,Three Bedroom Unit at Northwood Motor Lodge,155296784,Peter,Christchurch City,Harewood Ward,-43.46805,172.57649,Private room,331.0,1,27,2025-08-29,0.59,2,265,11,,2025-08
13829453,Modern and Inviting,73865518,Jane,Christchurch City,Fendalton Ward,-43.50495,172.59409,Private room,70.0,1,11,2018-02-19,0.1,1,89,0,,2018-02
1237458129629985716,Deluxe 4-Bedroom CBD Apartment with Pool & Parking,682808597,Devon,Christchurch City,Central Ward,-43.52249,172.63434,Entire home/apt,424.0,1,72,2025-10-04,5.82,22,218,71,,2025-10
1274872392612788788,Westmorland Hilltop Retreat,74811135,Yaoyao,Christchurch City,Halswell Ward,-43.581238858576896,172.5999784429056,Entire home/apt,91.0,1,9,2025-08-31,1.08,40,336,9,,2025-08
1211500840353801863,Amross Court centrally located,592876483,Vincent,Christchurch City,Central Ward,-43.51986,172.63062,Entire home/apt,163.0,1,7,2025-02-11,0.53,1,176,5,,2025-02
1308393788545395062,Maunga,42796710,Josh,Christchurch City,Harewood Ward,-43.45288345012143,172.6132104460182,Entire home/apt,240.0,5,2,2025-06-16,0.22,2,38,2,,2025-06
28445109,Sunny and cozy double bedroom waitting for you!,114475989,Vince,Christchurch City,Hornby Ward,-43.52178,172.53565,Private room,,1,54,2025-09-27,0.63,4,250,17,,2025-09
1137359280322147133,Incredible Villa On Bealey Ave - Sleeps Up To 33,566822288,Rameez,Christchurch City,Central Ward,-43.52053,172.62992,Entire home/apt,1347.0,2,8,2025-06-24,0.52,5,20,6,,2025-06
1224861124176141142,Large townhouse. Lots of free parking!,37117323,Thomas,Christchurch City,Linwood Ward,-43.54169,172.65727,Entire home/apt,254.0,2,17,2025-07-05,1.33,1,331,14,,2025-07
873475397226708234,Addington luxury townhouse,211195948,Jenny,Christchurch City,Spreydon Ward,-43.54193,172.61216,Entire home/apt,136.0,1,172,2025-09-11,5.75,17,190,79,,2025-09
1462638886075643507,Luxurious and warm central Christchurch base,1003724,Vicky,Christchurch City,Central Ward,-43.53206641919283,172.64996556878666,Entire home/apt,96.0,1,5,2025-10-04,5.0,2,265,5,,2025-10
24233719,French Bay House - Onuku King Suite,130642642,Tim And Jacqui,Christchurch City,Banks Peninsula Ward,-43.80903,172.96288,Hotel room,,1,22,2025-04-08,0.26,4,206,1,,2025-04
805825720645458865,Spacious Luxury 3 Bedroom Family Retreat,49642171,Xihang,Christchurch City,Fendalton Ward,-43.5144483,172.6263306,Entire home/apt,232.0,1,113,2025-07-03,3.53,88,234,15,,2025-07
925137482870991706,Large townhouse near City Centre! On-site parking!,82592386,Mike,Christchurch City,Linwood Ward,-43.54193,172.65695,Entire home/apt,247.0,2,105,2025-09-06,3.8,1,242,14,,2025-09
22193925,One Bedroom Spa Bath Apartment,44728588,Anita Marie,Christchurch City,Papanui Ward,-43.485,172.61692,Hotel room,212.0,1,4,2025-03-12,0.04,6,350,2,,2025-03
46418560,"Inner City House, Sunny Backyard - Great Location!",40661647,Danny,Christchurch City,Central Ward,-43.52921,172.64912,Entire home/apt,,2,72,2025-08-23,1.27,1,338,7,,2025-08
1460421959424849707,Heart of the City â Stylish 2BR with Parking,551181197,Paula Kat Charlotte,Christchurch City,Central Ward,-43.5378573,172.6384748,Entire home/apt,284.0,1,1,2025-08-09,0.49,146,52,1,,2025-08
1375610263960937171,Cozy Studio Retreat in Ferry Road,331763232,Benjamin Dearden,Christchurch City,Central Ward,-43.53757574955624,172.64722417081842,Entire home/apt,98.0,2,6,2025-08-16,0.94,96,167,6,,2025-08
1316029600867050741,Christchurch Home away from home,160737406,Stephen,Christchurch City,Innes Ward,-43.49923136134971,172.64541180551075,Entire home/apt,540.0,1,8,2025-09-26,0.85,1,272,8,,2025-09
17223933,Fresh Look Unit One on Carlton Corner,50694865,Hotel,Christchurch City,Fendalton Ward,-43.520267,172.626251,Entire home/apt,224.0,1,126,2025-09-19,1.2,11,357,3,,2025-09
37997222,Modern family home in peaceful suburb with spa,259064212,Jessica,Christchurch City,Coastal Ward,-43.4754,172.70761,Entire home/apt,,5,18,2025-04-24,0.31,1,1,2,,2025-04
1012866483314569831,Unwind in Stylish New Accom in Bustling CHCH U3,74811135,Yaoyao,Christchurch City,Central Ward,-43.52938,172.65528,Entire home/apt,125.0,1,31,2025-04-26,1.34,40,10,15,,2025-04
1295957381256428178,Metro Escape Studio across South City Mall,551181197,Paula Kat Charlotte,Christchurch City,Central Ward,-43.5392668,172.6349548,Entire home/apt,111.0,1,25,2025-08-05,2.39,146,337,25,,2025-08
44926806,Kereru Haven: Pigeon Bay home with a view,362879771,Natasha,Christchurch City,Banks Peninsula Ward,-43.67692,172.8806,Entire home/apt,210.0,2,171,2025-09-27,2.81,1,205,32,,2025-09
1470075056738874195,"Sea-views in Redcliffs.
Style, comfort & birdsong!",80978447,Amy,Christchurch City,Heathcote Ward,-43.56365149859917,172.73411263999336,Entire home/apt,232.0,1,8,2025-10-04,3.58,1,86,8,,2025-10
1379189899929165239,Andover near the Park,81390838,Katie,Christchurch City,Fendalton Ward,-43.52092919623441,172.62248775840698,Entire home/apt,176.0,90,0,,,45,137,0,,
1254565206291223259,Addington 3 Bedroom With Parking Close To Arena,49642171,Xihang,Christchurch City,Spreydon Ward,-43.54348202589178,172.60784014816198,Entire home/apt,181.0,1,10,2025-09-22,0.82,88,1,10,,2025-09
23599830,Entire  four bedroom family home in Papanui,161169221,Nichola,Christchurch City,Papanui Ward,-43.49479,172.61027,Entire home/apt,354.0,4,19,2025-02-23,0.23,1,166,3,,2025-02
1514308654965803882,Bright and Spacious Townhouse close to CHCH CBD,365360819,Chao,Christchurch City,Heathcote Ward,-43.55109,172.63888,Entire home/apt,180.0,1,0,,,13,135,0,,
1506346430153615474,Executive Central City Townhouse with Parking,551181197,Paula Kat Charlotte,Christchurch City,Central Ward,-43.5226917,172.6430901,Entire home/apt,179.0,1,1,2025-09-26,1.0,146,224,1,,2025-09
1418358550516464734,Modern 2 Bed City-Fringe | Carpark & Courtyard,482671075,Paula Corinne,Christchurch City,Central Ward,-43.5288803,172.6599129,Entire home/apt,154.0,1,4,2025-07-19,0.81,124,272,4,,2025-07
1303846325251355173,"Nestled in Nature, Near City",32539052,Frances,Christchurch City,Cashmere Ward,-43.5785033,172.6459753,Entire home/apt,149.0,5,2,2025-04-29,0.22,1,65,2,,2025-04
46264996,One-Bed-Room Studio Close City Central,370484539,Colombo Lodge,Christchurch City,Central Ward,-43.54373,172.63638,Private room,202.0,2,12,2025-01-12,0.2,5,351,1,,2025-01
28441745,Akaroa Waterfront Apartment,81390838,Katie,Christchurch City,Banks Peninsula Ward,-43.80889893,172.96299744,Entire home/apt,,2,109,2025-04-29,1.29,45,0,11,,2025-04
700866717931173791,Thomas Townhouse,24205506,Karen Louise,Christchurch City,Spreydon Ward,-43.54901,172.60672,Entire home/apt,169.0,1,14,2025-09-27,0.39,77,215,5,,2025-09
1361240011788345849,Large Motel Unit closed to town,583177769,Angela,Christchurch City,Central Ward,-43.51575523685009,172.6379976379875,Entire home/apt,98.0,1,1,2025-03-28,0.15,2,98,1,,2025-03
1430996059674967830,Modern Madras Apartment,21389379,Christine,Christchurch City,Central Ward,-43.52548083827186,172.64219045608755,Entire home/apt,117.0,2,0,,,9,325,0,,
598076573659387775,"Dog friendly, self contained Clifton living",56080061,Harriet,Christchurch City,Heathcote Ward,-43.57262,172.74677,Entire home/apt,74.0,1,113,2025-09-04,3.46,1,146,41,,2025-09
780880701214690922,Heart of Christchurch City Studio*New Bathroom,74811135,Yaoyao,Christchurch City,Central Ward,-43.53154,172.6469,Private room,89.0,1,141,2025-09-14,4.12,40,322,29,,2025-09
1464142248963565554,Apartment on Short,96129652,Su,Christchurch City,Linwood Ward,-43.5422137,172.6599591,Entire home/apt,230.0,1,10,2025-09-25,4.55,4,154,10,,2025-09
1491942413812254888,"Cosy cabin, WI-FI, Close to CBD.",532142019,Tracy,Christchurch City,Central Ward,-43.53210591481822,172.6592943511919,Entire home/apt,59.0,1,3,2025-09-18,2.65,6,65,3,,2025-09
1003892148612102019,CBD Contemporary Comfort Townhouse 2BR 2.5Bath,542186568,Sharon,Christchurch City,Heathcote Ward,-43.5513297,172.6365371,Entire home/apt,106.0,1,109,2025-09-22,4.55,13,280,54,,2025-09
15424952,Garden suite,81876955,Jerry,Christchurch City,Cashmere Ward,-43.56923,172.63571,Entire home/apt,120.0,1,222,2025-10-03,2.05,1,275,32,,2025-10
35468559,Orari - Room 3,258827985,Ashton,Christchurch City,Central Ward,-43.53,172.63007,Hotel room,277.0,1,9,2024-12-28,0.13,10,208,1,,2024-12
1168550838983641490,Haka House - Entire 3 Bed Dorm,565751605,Aashish,Christchurch City,Central Ward,-43.53221,172.62985,Private room,190.0,1,0,,,10,324,0,,
1335721271174045335,The Gilded Cross - Luxury CBD 3 Bedrooms,49642171,Xihang,Christchurch City,Linwood Ward,-43.5375710401696,172.6594274909148,Entire home/apt,138.0,1,9,2025-07-25,1.15,88,277,9,,2025-07
32197237,Spacious 5BR 2BA 2LR plus sleepout Family Home,119067882,Yifan,Christchurch City,Spreydon Ward,-43.5587,172.58159,Entire home/apt,365.0,2,56,2025-08-21,0.69,2,273,28,,2025-08
1438158214879797487,Warm Family Comfort in the City w Garage Parking,482671075,Paula Corinne,Christchurch City,Innes Ward,-43.5137562,172.6445692,Entire home/apt,188.0,1,2,2025-09-14,0.59,124,349,2,,2025-09
1238064460701518987,Spacious Stay near Avon River w/ Carpark,551181197,Paula Kat Charlotte,Christchurch City,Central Ward,-43.5195555,172.6594498,Entire home/apt,263.0,1,18,2025-09-06,1.49,146,187,18,,2025-09
1079809571132300337,Harbour-View Master Suite with Pool Access,34538405,Luke,Christchurch City,Banks Peninsula Ward,-43.6264419,172.6475341,Private room,163.0,1,13,2025-04-05,0.63,2,103,6,,2025-04
1219952962339024701,4 Bedroom Home near Christchurch Airport,250552000,Sreela,Christchurch City,Harewood Ward,-43.45139,172.61819,Entire home/apt,343.0,3,7,2025-07-09,0.76,2,160,7,,2025-07
1312584803425647985,Beautiful home Near CBD Pet Friendly with Carpark,482671075,Paula Corinne,Christchurch City,Central Ward,-43.523554,172.6531331,Entire home/apt,190.0,1,21,2025-09-27,2.2,124,228,21,,2025-09
33973411,Studio with native garden views,97876830,La Rochelle,Christchurch City,Banks Peninsula Ward,-43.80233,172.97131,Private room,,1,84,2025-08-31,1.13,2,199,9,,2025-08
35468917,Orari - Room  4,258827985,Ashton,Christchurch City,Central Ward,-43.53009,172.63005,Hotel room,283.0,1,2,2022-09-10,0.04,10,194,0,,2022-09
34397036,Christchurch Character Home in Heart of Strowan,76237120,Deb,Christchurch City,Fendalton Ward,-43.510505083014834,172.60724790394306,Entire home/apt,,2,162,2025-10-02,2.13,2,228,35,,2025-10
1270601791976192291,Luxury Private Apartment Strowan,17608003,Zani,Christchurch City,Fendalton Ward,-43.50950425610945,172.6052613976149,Entire home/apt,179.0,2,4,2025-09-16,0.38,1,89,4,,2025-09
1012862363797836219,Enjoy Contemporary Urban Living in the Centre U7,74811135,Yaoyao,Christchurch City,Central Ward,-43.53097,172.65602,Entire home/apt,145.0,1,44,2025-09-23,1.89,40,109,16,,2025-09
1213237444295801823,"Church Corner,  Parking and Large Living Area",551181197,Paula Kat Charlotte,Christchurch City,Riccarton Ward,-43.53192,172.56866,Entire home/apt,240.0,1,94,2025-10-01,6.64,146,151,83,,2025-10
35468896,Orari - Room 06,258827985,Ashton,Christchurch City,Central Ward,-43.52999,172.63034,Hotel room,320.0,1,2,2022-05-20,0.05,10,199,0,,2022-05
1208208241793459542,Serene 2 Bed CBD Retreat,551181197,Paula Kat Charlotte,Christchurch City,Central Ward,-43.53184,172.65058,Entire home/apt,179.0,1,8,2025-03-16,0.57,146,269,3,,2025-03
41383298,New!  Kingfisher Apartment a treat you deserve,186134617,Michael,Christchurch City,Cashmere Ward,-43.57988,172.62808,Entire home/apt,213.0,2,62,2025-06-27,0.91,1,220,13,,2025-06
36811613,Tranquil Family Retreat in Akaroa,191332341,Simone,Christchurch City,Banks Peninsula Ward,-43.79316,172.96854,Entire home/apt,379.0,2,35,2025-01-25,0.47,1,309,1,,2025-01
1300268306440922784,Prime Family 4 Bedroom Retreat Near Stadium & Cafe,551181197,Paula Kat Charlotte,Christchurch City,Central Ward,-43.5360637,172.6485723,Entire home/apt,319.0,1,6,2025-09-06,0.84,146,231,6,,2025-09
1056679122662235967,New 2bed2bath townhouse w/ parking by Hagley Park,510565698,Kieran,Christchurch City,Fendalton Ward,-43.5186262,172.6250373,Entire home/apt,191.0,1,10,2025-02-10,0.51,2,180,9,,2025-02
591562785762996997,Modern Beach Getaway,4692629,Anna,Christchurch City,Heathcote Ward,-43.572243,172.75946,Entire home/apt,,2,86,2025-08-14,2.0,1,0,19,,2025-08
48188105,Simply The Best CBD 3 Mins Plus Garage,45768555,Lexia Margaret,Christchurch City,Central Ward,-43.53248,172.64157,Entire home/apt,188.0,1,371,2025-08-04,6.59,60,232,44,,2025-08
21950707,Okereru - Relax & Recharge,160238893,Kimberley,Christchurch City,Banks Peninsula Ward,-43.81208,172.89129,Entire home/apt,104.0,1,341,2025-04-19,3.62,1,7,37,,2025-04
1318509145370424413,Brand New 2 Bed Near CBD With Parking,49642171,Xihang,Christchurch City,Linwood Ward,-43.53806,172.65836,Entire home/apt,109.0,1,10,2025-09-03,1.08,88,321,10,,2025-09
794464420535551287,Christchurch Parkside Apartment - with EV Charger,307971138,Stephanie,Christchurch City,Riccarton Ward,-43.5297719,172.6113008,Entire home/apt,220.0,2,20,2025-01-10,0.61,2,308,1,,2025-01
608031967085559400,Sunny Family Home on Garden,81390838,Katie,Christchurch City,Fendalton Ward,-43.51815,172.61169,Entire home/apt,,28,5,2025-07-14,0.18,45,0,2,,2025-07
51328709,An idyllic 2 bedroom A-frame,415705836,Jessica,Christchurch City,Banks Peninsula Ward,-43.62026,172.64912,Entire home/apt,185.0,2,30,2025-02-11,0.6,1,29,6,,2025-02
1453224067650875183,Redecorated Three Bedroom Home,102072072,Brent,Christchurch City,Linwood Ward,-43.54853,172.66452,Entire home/apt,216.0,2,3,2025-10-04,1.02,1,134,3,,2025-10
13632399,Private Queen Room Near City Centre,4606077,Tawny,Christchurch City,Innes Ward,-43.51567,172.64604,Private room,88.0,2,103,2025-04-16,0.91,2,265,6,,2025-04
1347353994900561996,Sunny 3BR Haven: Modern Comfort for 7 with Carpark,551181197,Paula Kat Charlotte,Christchurch City,Central Ward,-43.52633,172.6483808,Entire home/apt,236.0,1,29,2025-10-01,3.57,146,2,29,,2025-10
16480028,Streamview Studio Apartments (Ground Floor),100992313,Tony And Monique,Christchurch City,Innes Ward,-43.50971,172.65454,Entire home/apt,101.0,2,198,2024-12-29,1.85,2,274,1,,2024-12
1262502977104510298,Fun relaxing home away from home,484074723,Emily,Christchurch City,Heathcote Ward,-43.5639207,172.6691455,Entire home/apt,307.0,6,2,2025-04-22,0.23,1,88,2,,2025-04
1474308004139540702,City Central Hideout | Modern Comfort in CBD,73418733,Ha,Christchurch City,Central Ward,-43.52426626600159,172.64192584902048,Entire home/apt,90.0,1,3,2025-08-28,1.5,1,165,3,,2025-08
815625354473616110,Peaceful garden cottage,201748,Debby,Christchurch City,Cashmere Ward,-43.563657,172.6403891,Entire home/apt,73.0,2,82,2025-10-02,2.52,1,272,4,,2025-10
38361527,Come stay with locals!,6068226,Joshua,Christchurch City,Linwood Ward,-43.52712,172.67834,Private room,57.0,1,82,2025-09-27,1.11,1,298,38,,2025-09
39840259,Easy Christchurch Central Townhouse,221014561,William,Christchurch City,Spreydon Ward,-43.54111,172.61587,Entire home/apt,123.0,1,391,2025-09-20,5.45,1,84,70,,2025-09
14491096,Newly Renovated Studio Unit #2,50694865,Hotel,Christchurch City,Fendalton Ward,-43.520267,172.626251,Entire home/apt,224.0,1,177,2024-02-17,1.59,11,345,0,,2024-02
22252261,Christchurch 4bdrm close to Hagley Park Riccarton,76237120,Deb,Christchurch City,Riccarton Ward,-43.53122251169707,172.6098010316491,Entire home/apt,106.0,2,182,2025-09-29,1.97,2,116,34,,2025-09
872757238166910431,"Urban Nest Explorer: Walk to City, Free Parking",510730797,Katarina Anne,Christchurch City,Central Ward,-43.531563,172.6491831,Entire home/apt,157.0,1,49,2025-09-19,1.66,8,113,17,,2025-09
1387584491834800018,Uniquely located apartment with Kitchen,686294777,Laura,Christchurch City,Central Ward,-43.53066099999999,172.6385368,Entire home/apt,114.0,1,11,2025-09-20,2.39,3,295,11,,2025-09
1414129773724827212,Cosy bedroom in Riccarton Mall!,99772917,Fiorella,Christchurch City,Riccarton Ward,-43.5348732,172.6021255,Private room,46.0,1,7,2025-09-27,1.4,2,23,7,,2025-09
1164910160196443625,Cozy Townhouse in Christchurch,147170227,George,Christchurch City,Innes Ward,-43.5140413,172.6431534,Entire home/apt,113.0,3,1,2024-06-03,0.06,1,10,0,,2024-06
1043242154679592063,Classy Modern Unit 6 mins from Airport & shops/bus,28774099,Elizabeth,Christchurch City,Harewood Ward,-43.4864933,172.5852899,Entire home/apt,178.0,1,30,2025-05-08,1.4,2,287,22,,2025-05
1123729077064326872,Somerfield Statement: Bold 4BR House on Barrington,202585247,Ohana,Christchurch City,Cashmere Ward,-43.5628207,172.6257003,Entire home/apt,171.0,1,70,2025-09-26,4.16,121,0,47,,2025-09
14635112,"Stand alone, ensuite - The Pool House",90859739,Lynn,Christchurch City,Linwood Ward,-43.54321,172.68812,Private room,90.0,1,420,2025-09-18,3.91,1,291,56,,2025-09
44576739,Central City - Atlas Quarter,89191145,Jackson,Christchurch City,Central Ward,-43.53614,172.63934,Entire home/apt,,2,35,2025-04-26,0.56,4,0,2,,2025-04
51253058,Light & Spacious 2Bdrm Townhouse Off Street Park,45768555,Lexia Margaret,Christchurch City,Central Ward,-43.52047,172.65235,Entire home/apt,129.0,1,106,2025-06-08,2.21,60,261,13,,2025-06
917122985775016012,Lincoln Road Two Bedroom Townhouse - Luxury!,49642171,Xihang,Christchurch City,Spreydon Ward,-43.54253713895386,172.61214037354122,Entire home/apt,114.0,1,109,2025-09-24,3.99,88,241,39,,2025-09
1091448087491209112,Conveniently located in Merivale,75112372,Tori,Christchurch City,Fendalton Ward,-43.5075,172.62565,Entire home/apt,130.0,1,39,2025-10-03,2.12,1,196,26,,2025-10
17331633,"""the place to be"",  safe and quiet, central.",116642481,Rowan,Christchurch City,Innes Ward,-43.50854,172.63388,Private room,45.0,2,527,2025-09-29,5.05,1,351,35,,2025-09
1512703817542253371,"Cute cottage with views of sea, city and snowpeeks",435117318,Ankita,Christchurch City,Heathcote Ward,-43.57043,172.71805,Entire home/apt,138.0,1,0,,,1,334,0,,
915243156714718628,Brand New 2 Bedroom | Free off Street Parking,45768555,Lexia Margaret,Christchurch City,Central Ward,-43.54597,172.62879,Entire home/apt,122.0,1,88,2025-08-09,3.19,60,291,14,,2025-08
1334350465152183361,Tranquil 2 Bedroom Oasis sleeps 6,551181197,Paula Kat Charlotte,Christchurch City,Central Ward,-43.5278199,172.6501219,Entire home/apt,195.0,1,14,2025-09-24,1.69,146,194,14,,2025-09
48630897,Walk to Arena in 15 minutes - Addington Cottage,43398377,Graham,Christchurch City,Spreydon Ward,-43.5435791015625,172.6154327392578,Entire home/apt,133.0,2,36,2024-12-28,0.66,5,169,4,,2024-12
840246168412697350,"*CBD 3BR Stayâ¢ Walk to Hagley, CBD, Hosp, & Oval*",461462003,Aimee,Christchurch City,Central Ward,-43.5375386,172.6252073,Entire home/apt,186.0,2,152,2025-08-28,4.87,2,148,46,,2025-08
774899308218976868,Beautiful 30m2 tiny home!,131734373,Alicia,Christchurch City,Linwood Ward,-43.54946,172.6722883,Entire home/apt,116.0,1,83,2025-08-09,2.42,8,330,20,,2025-08
1512134401450688780,Cozy Studio with Private Yard in Christchurch CBD,331763232,Benjamin Dearden,Christchurch City,Central Ward,-43.53764,172.64816,Entire home/apt,119.0,2,0,,,96,350,0,,
1309036231527596025,Spacious studio,582753827,Qin,Christchurch City,Papanui Ward,-43.48215742947813,172.61748159359286,Entire home/apt,120.0,1,4,2025-02-20,0.42,5,360,4,,2025-02
1168536277777603067,Haka House - Entire 4 Bed Dorm,565751605,Aashish,Christchurch City,Central Ward,-43.53218,172.62987,Private room,174.0,1,3,2025-07-03,0.35,10,287,3,,2025-07
47803329,Classic Quad Room,270614463,Samuel William,Christchurch City,Central Ward,-43.53251,172.62714,Private room,167.0,1,24,2025-08-28,0.52,14,288,7,,2025-08
648933754631980641,Harmony 5 bedroom City Centre Apartments,43226526,Janine,Christchurch City,Linwood Ward,-43.53557,172.66025,Entire home/apt,252.0,2,17,2023-11-16,0.43,5,361,0,,2023-11
50984040,Close to Arena 1km to Railwaystation with car park,365360819,Chao,Christchurch City,Spreydon Ward,-43.544708,172.60907,Entire home/apt,178.0,1,147,2025-09-23,2.85,13,233,19,,2025-09
22321748,Merivale/city modern & private 15 mins walk to CBD,64344206,Amie,Christchurch City,Fendalton Ward,-43.51234,172.6256,Entire home/apt,150.0,2,125,2025-07-17,1.32,4,265,5,,2025-07
1456164276923086419,Modern 2 Bedroom home - Marshlands!,385154264,Sarah,Christchurch City,Burwood Ward,-43.48141580000001,172.6731528,Entire home/apt,140.0,3,0,,,1,19,0,,
11326368,Recently Renovated Two Bedroom Unit near the Park,50694865,Hotel,Christchurch City,Fendalton Ward,-43.520267,172.626251,Entire home/apt,403.0,1,120,2023-02-04,1.02,11,343,0,,2023-02
47813987,Deluxe Family Room,270614463,Samuel William,Christchurch City,Central Ward,-43.53145,172.62802,Private room,210.0,1,48,2025-09-13,1.19,14,230,17,,2025-09
45414170,"Five Star luxury for two, in Christchurch Central",88024294,Costa,Christchurch City,Central Ward,-43.53071,172.62882,Private room,478.0,1,12,2025-03-01,0.2,2,282,1,,2025-03
43743813,Rapaki  Rendezvous by the Sea on Lyttelton Harbour,324058622,Christine,Christchurch City,Banks Peninsula Ward,-43.6064247,172.6811556,Entire home/apt,225.0,1,33,2025-10-04,1.06,1,332,10,,2025-10
1365561338436819528,Serene Getaway: 1BR on Ferry Road,331763232,Benjamin Dearden,Christchurch City,Central Ward,-43.53806943606129,172.6485359137438,Entire home/apt,100.0,2,5,2025-05-31,0.76,96,170,5,,2025-05
1376027572623536832,Applewood Cabin 2 by Tiny Away,481232463,Tiny Away NZ,Christchurch City,Harewood Ward,-43.4761659,172.5846462,Entire home/apt,146.0,1,2,2025-07-16,0.29,104,351,2,,2025-07
49215811,"Serene Studio(No Window), No Cleaning Fee",370484539,Colombo Lodge,Christchurch City,Central Ward,-43.54258,172.63575,Private room,,1,298,2025-09-21,5.6,5,364,46,,2025-09
40596453,Atlas Quarter Big ground floor apartment,89191145,Jackson,Christchurch City,Central Ward,-43.53661,172.63883,Entire home/apt,,2,6,2025-07-04,0.09,4,0,1,,2025-07
1333602753248012518,Step Into Comfort: Studio on Bath street,482671075,Paula Corinne,Christchurch City,Central Ward,-43.5392668,172.6349548,Entire home/apt,113.0,1,22,2025-09-26,3.0,124,256,22,,2025-09
1213794020732030326,Tuam Street Enclave - 1 Bedroom APT,202585247,Ohana,Christchurch City,Central Ward,-43.535478,172.6351439,Entire home/apt,122.0,1,61,2025-09-21,4.38,121,157,49,,2025-09
813259682015692602,Deluxe Central Retreat with Super King Bed,482671075,Paula Corinne,Christchurch City,Central Ward,-43.5372287,172.6410557,Entire home/apt,163.0,1,186,2025-09-20,5.7,124,243,44,,2025-09
1316930604137478312,Beachside Home in Sumner,83137468,Joel,Christchurch City,Heathcote Ward,-43.5732996,172.7658275,Entire home/apt,498.0,5,0,,,1,339,0,,
21451015,"Merivale -  Location, Location",135791498,Rochelle,Christchurch City,Fendalton Ward,-43.51312,172.61856,Entire home/apt,160.0,2,271,2025-09-21,2.81,3,71,32,,2025-09
1010276435676670806,Stylish Art Loft with Spa & Soaring Ceilings,23389870,Hennie,Christchurch City,Central Ward,-43.5451242,172.6372055,Entire home/apt,202.0,1,139,2025-08-22,5.97,5,152,57,,2025-08
1168534896490432814,Haka House - Twin Room Ensuite,565751605,Aashish,Christchurch City,Central Ward,-43.53220549068963,172.62982281234088,Private room,157.0,1,1,2025-02-23,0.13,10,184,1,,2025-02
1168549076903871641,Haka House - Entire 6 Bed Dorm,565751605,Aashish,Christchurch City,Central Ward,-43.53218,172.62986,Private room,336.0,1,1,2025-01-20,0.11,10,229,1,,2025-01
1052497591187977012,"Single Level Studio, CBD Escape: King bed",551181197,Paula Kat Charlotte,Christchurch City,Central Ward,-43.5360956,172.63505,Entire home/apt,154.0,1,88,2025-10-02,4.08,146,240,38,,2025-10
1380778169721723983,"Private, peaceful studio with bonus car park!",551181197,Paula Kat Charlotte,Christchurch City,Central Ward,-43.537251,172.6477124,Entire home/apt,139.0,1,30,2025-09-28,4.76,146,297,30,,2025-09
1343760786362721828,Cosy Apartment - 5 minutes from City Centre,682808597,Devon,Christchurch City,Central Ward,-43.52903624901779,172.65539877181033,Entire home/apt,118.0,1,16,2025-09-26,2.89,22,15,16,,2025-09
11535067,Delightful Sleep-out in Bryndwr,60851743,Marianne & John,Christchurch City,Fendalton Ward,-43.50298,172.5856,Entire home/apt,90.0,1,432,2025-10-02,3.7,1,336,32,,2025-10
1296559134948281893,Spacious Ground-Level Studio in Central Location,551181197,Paula Kat Charlotte,Christchurch City,Central Ward,-43.5392668,172.6349548,Entire home/apt,136.0,1,61,2025-10-01,5.87,146,333,61,,2025-10
1246698277377606180,Hagley Haven,652290358,Joshua,Christchurch City,Riccarton Ward,-43.52849662125188,172.61170651163937,Entire home/apt,106.0,2,29,2025-08-15,2.66,1,221,29,,2025-08
946680553324838342,Private room with a garden view,494010048,Mansi,Christchurch City,Spreydon Ward,-43.557898208125295,172.58945614099505,Private room,52.0,1,2,2025-05-09,0.28,1,339,2,,2025-05
1417135422864774224,"Tuam St Stay - 1BR with Balcony, Bath",202585247,Ohana,Christchurch City,Central Ward,-43.53545,172.63539,Entire home/apt,126.0,1,23,2025-10-03,4.79,121,89,23,,2025-10
858199393286050410,Designer's Pad In Central City,202585247,Ohana,Christchurch City,Central Ward,-43.535478,172.6351439,Entire home/apt,130.0,1,202,2025-10-03,6.6,121,64,59,,2025-10
1241368912811080729,Superb Location - 2bd + 2bth - Carpark Included,45172785,Lisa,Christchurch City,Central Ward,-43.5260972,172.6408548,Entire home/apt,124.0,1,124,2025-10-03,5.2,44,268,69,,2025-10
1019714444450541840,Find Your Modern Oasis in the Heart of City U4,74811135,Yaoyao,Christchurch City,Central Ward,-43.52934,172.65521,Entire home/apt,118.0,1,44,2025-09-23,1.93,40,113,16,,2025-09
544272321884946997,Cozy Rattan Escape | Winter Warmth in Central CHC,86216394,Min,Christchurch City,Central Ward,-43.53148,172.64991,Entire home/apt,109.0,1,133,2025-09-29,3.0,40,149,28,,2025-09
53206741,"Sun Drenched City Pad, Free Parking",189822451,Shaun,Christchurch City,Central Ward,-43.52579,172.64802,Entire home/apt,144.0,2,183,2025-10-06,3.98,3,66,61,,2025-10
53976929,"Self contained Tiny House, an urban retreat",170246455,Monique,Christchurch City,Spreydon Ward,-43.55439,172.60052,Entire home/apt,69.0,2,66,2025-09-12,1.44,1,150,25,,2025-09
1126254016142397203,Luxury 2 Bdrms Townhouse in the CBD - Stadium View,49642171,Xihang,Christchurch City,Central Ward,-43.53623620649845,172.64828637242317,Entire home/apt,117.0,1,10,2025-04-26,0.56,88,96,6,,2025-04
959676520557116080,5. Single room - Downstairs,184564246,Tung,Christchurch City,Waimairi Ward,-43.4974633,172.5653503,Private room,54.0,1,70,2025-09-22,2.79,5,274,31,,2025-09
1394488165947043085,Upscale Townhouse with Parking in Prime Location,551181197,Paula Kat Charlotte,Christchurch City,Central Ward,-43.52574,172.63574,Entire home/apt,237.0,1,23,2025-10-02,4.08,146,183,23,,2025-10
1269342217797564204,9-Bedroom Christchurch City Villa - Sleeps 19,566822288,Rameez,Christchurch City,Central Ward,-43.520549,172.6299375,Entire home/apt,999.0,2,8,2025-07-12,1.02,5,20,8,,2025-07
1345929901454188707,Luxury 3 Bed Townhouse By Hagley Park With Garage,49642171,Xihang,Christchurch City,Spreydon Ward,-43.54204588026428,172.61210799244404,Entire home/apt,337.0,1,1,2025-04-19,0.17,88,179,1,,2025-04
1143936959542245469,Cashel Grandeur - Luxurious 4-Bedroom Home,202585247,Ohana,Christchurch City,Central Ward,-43.53344,172.65043,Entire home/apt,166.0,1,15,2025-09-06,0.9,121,53,10,,2025-09
1297992375044197634,Bright & Modern Studio on Bath Street,331763232,Benjamin Dearden,Christchurch City,Central Ward,-43.53824032186571,172.6354827763904,Entire home/apt,119.0,2,12,2025-09-14,1.17,96,65,12,,2025-09
946007408282173327,Modern Townhouse Cashel Street 2 bed 2 bath,482671075,Paula Corinne,Christchurch City,Central Ward,-43.5335761,172.6495891,Entire home/apt,162.0,1,37,2025-10-02,1.4,124,255,12,,2025-10
1329167283090521451,Cozy 2BR House on Mohua Lane,331763232,Benjamin Dearden,Christchurch City,Riccarton Ward,-43.53615384832621,172.5851891305917,Entire home/apt,162.0,2,3,2025-09-06,0.37,96,66,3,,2025-09
1299499224449114784,Bright and Inviting Studio Near South City Mall,551181197,Paula Kat Charlotte,Christchurch City,Central Ward,-43.53909651908395,172.63540590370482,Entire home/apt,139.0,1,25,2025-08-28,2.43,146,200,25,,2025-08
42203640,City Centre Studio Apartment,281110869,City Centre,Christchurch City,Central Ward,-43.52148,172.63849,Entire home/apt,184.0,1,167,2025-09-13,2.56,5,336,37,,2025-09
1159803570880144295,Citypad Studio,23278101,Jason,Christchurch City,Central Ward,-43.5247316,172.6355987,Entire home/apt,131.0,1,84,2025-10-01,5.03,16,279,66,,2025-10
1312648249537201241,Premium City 3bed Apartment with Gated 2 car parks,493392689,Matt,Christchurch City,Central Ward,-43.5318753,172.6414653,Entire home/apt,461.0,2,48,2025-10-03,5.11,8,136,48,,2025-10
966859003719680814,Whole sunny house on Huntsbury!,41518718,Jessica,Christchurch City,Cashmere Ward,-43.56745,172.65242,Entire home/apt,290.0,5,0,,,1,27,0,,
1385808514052976582,Bright 2BR w Yard Washer Full Kitchen,202585247,Ohana,Christchurch City,Central Ward,-43.5323907,172.6424969,Entire home/apt,150.0,1,47,2025-09-29,7.34,121,81,47,,2025-09
30277275,The Potterâs Cottage Annex,227394577,Chikako,Christchurch City,Fendalton Ward,-43.50883,172.5769,Entire home/apt,105.0,2,122,2025-03-29,1.5,1,140,18,,2025-03
1138044821739788027,Superior King Ensuite in City Centre,573074023,Drifter,Christchurch City,Central Ward,-43.53333,172.63831,Private room,460.0,1,4,2025-10-06,0.36,11,329,4,,2025-10
1391046801701974472,Seaside sanctuary with spa,14691243,Christopher Nathaniel,Christchurch City,Banks Peninsula Ward,-43.7959394692492,172.91849474127807,Entire home/apt,362.0,2,10,2025-09-27,2.07,1,305,10,,2025-09
40894936,Treetop Retreat - Takamatua Holiday Home,145244100,Bachcare,Christchurch City,Banks Peninsula Ward,-43.78621,172.94895,Entire home/apt,348.0,2,15,2025-03-28,0.22,1547,362,4,,2025-03
39697895,Akaroa harbourview studio: SEE NOTE/landscape work,305109323,Charlotte,Christchurch City,Banks Peninsula Ward,-43.81713,172.95164,Entire home/apt,175.0,1,504,2025-10-01,7.02,1,46,78,,2025-10
1450990509449414918,Hockey Hideaway,24205506,Karen Louise,Christchurch City,Harewood Ward,-43.48760754548146,172.5733569715582,Entire home/apt,176.0,1,1,2025-09-12,1.0,77,0,1,,2025-09
40265231,Stunning sea views in Akaroa township,311028057,John,Christchurch City,Banks Peninsula Ward,-43.79912,172.97038,Entire home/apt,214.0,2,74,2025-09-23,1.04,1,148,12,,2025-09
5385328,Tranquil and relaxing Lavender Studio,24350479,Rebecca,Christchurch City,Banks Peninsula Ward,-43.78376,172.97608,Entire home/apt,165.0,2,152,2025-03-22,1.17,2,321,9,,2025-03
955194888250164055,Stylish CBD Retreat with Free Parking,49642171,Xihang,Christchurch City,Central Ward,-43.5316,172.6490827,Entire home/apt,230.0,1,55,2025-08-12,2.21,88,214,8,,2025-08
53084920,Double bedroom in Character Villa,29970846,Nikki,Christchurch City,Linwood Ward,-43.54127,172.66309,Private room,,2,25,2025-07-04,0.8,3,0,7,,2025-07
49116548,Handy CBD Covered Free Parking Gym 2 Bdrm,45768555,Lexia Margaret,Christchurch City,Central Ward,-43.52014,172.64573,Entire home/apt,111.0,1,167,2025-08-30,3.06,60,322,18,,2025-08
812651524338344833,Cosy cottage,66848108,Timothy,Christchurch City,Harewood Ward,-43.48856,172.59396,Entire home/apt,99.0,4,29,2025-07-08,0.92,3,68,2,,2025-07
613999490335901252,Carnmore Hotel Christchurch,456230960,Yuri,Christchurch City,Central Ward,-43.52517,172.6357,Private room,266.0,1,5,2024-12-27,0.13,1,355,1,,2024-12
26573686,Stylish studio close to the hills,94047469,Helen,Christchurch City,Heathcote Ward,-43.5567,172.6686,Entire home/apt,95.0,2,42,2025-03-22,0.85,1,360,3,,2025-03
609503996966601810,Luxury Central City Getaway,202585247,Ohana,Christchurch City,Central Ward,-43.52322,172.64187,Entire home/apt,98.0,1,326,2025-10-03,7.77,121,93,73,,2025-10
1379889744338562888,Quiet and warm family home,661507438,Young,Christchurch City,Riccarton Ward,-43.5375647,172.5832716,Private room,59.0,1,5,2025-09-26,0.77,1,231,5,,2025-09
1035780052969941865,2 Bedrooms & private bathroom 10 mins from Airport,236208457,Vinu,Christchurch City,Hornby Ward,-43.54941230000001,172.5338239,Private room,107.0,1,73,2025-10-04,3.25,2,331,50,,2025-10
49345155,"Boutique BNB closest to town, sleeps 6 own access",126394991,Hamish,Christchurch City,Central Ward,-43.5306,172.64324,Private room,275.0,1,265,2025-09-13,4.9,1,310,40,,2025-09
1429311704125667353,"Central City Gem, Patio Garden and Garage Parking",462637782,Kate,Christchurch City,Central Ward,-43.5278094,172.6490848,Entire home/apt,197.0,1,4,2025-10-04,2.26,1,329,4,,2025-10
868948731676758714,Cabin in the Trees,142497516,Felicity,Christchurch City,Banks Peninsula Ward,-43.6177533222252,172.64442801475525,Entire home/apt,120.0,1,46,2025-09-13,2.72,1,323,38,,2025-09
18076578,Relaxing and Friendly in Fendalton,82621971,Joyce,Christchurch City,Fendalton Ward,-43.51233,172.59935,Private room,95.0,1,120,2025-09-27,1.29,1,259,24,,2025-09
1474928353776436226,Merivale Court One Bedroom Apartment-Unit 7,707858717,Hao,Christchurch City,Fendalton Ward,-43.51776212776995,172.62443732225242,Entire home/apt,101.0,1,0,,,12,350,0,,
28316463,Good as New Studio #7,50694865,Hotel,Christchurch City,Fendalton Ward,-43.520267,172.626251,Entire home/apt,224.0,1,77,2025-02-22,0.9,11,332,1,,2025-02
46567098,Modern Self-Contained Unit with Panoramic Views,279277097,Jens Martin,Christchurch City,Heathcote Ward,-43.5702,172.75039,Private room,128.0,1,117,2025-09-13,2.0,1,107,22,,2025-09
24018800,"Quiet Cul-de-Sac, Airport 3km, Transfers Avail.",44972250,Warren,Christchurch City,Waimairi Ward,-43.50162,172.57375,Private room,77.0,1,398,2025-10-06,5.9,1,30,132,,2025-10
568949570277268481,Character and charm in a perfect location,45172785,Lisa,Christchurch City,Papanui Ward,-43.50333786010742,172.6168975830078,Entire home/apt,173.0,1,163,2025-04-27,3.87,44,43,25,,2025-04
1365575611418356856,Comfortable 1BR Living on Ferry Road,331763232,Benjamin Dearden,Christchurch City,Central Ward,-43.53839704635515,172.6470514975771,Entire home/apt,111.0,2,5,2025-09-21,0.72,96,162,5,,2025-09
560977902338049299,Brand New stylish Two bedroom townhouse in CBD,85444189,Aely,Christchurch City,Central Ward,-43.53235,172.64914,Entire home/apt,,1,169,2025-07-06,3.93,2,0,41,,2025-07
1360193550834019595,Self-contained studio.,59688721,Colleen & Shelley,Christchurch City,Coastal Ward,-43.5512095,172.7477667,Entire home/apt,140.0,1,0,,,3,7,0,,
1138055398852872178,"The Canterbury Quad - 4 Beds, Ensuite",573074023,Drifter,Christchurch City,Central Ward,-43.53482,172.6379,Private room,243.0,1,1,2024-11-09,0.09,11,349,1,,2024-11
37436662,Brand new penthouse apartment overlooking the park,137200167,Emma,Christchurch City,Spreydon Ward,-43.54071,172.61797,Entire home/apt,130.0,1,163,2025-04-15,2.18,2,245,3,,2025-04
1005178444414530582,A Southshore Classic,35579808,Alex,Christchurch City,Coastal Ward,-43.55458,172.74947,Entire home/apt,373.0,2,4,2024-01-03,0.18,1,21,0,,2024-01
22973894,Quiet unit by the hill & the bay. (Sorry no Shops),110400359,Cathy,Christchurch City,Banks Peninsula Ward,-43.61911,172.64747,Entire home/apt,117.0,2,361,2025-09-27,3.9,1,189,29,,2025-09
1271971778371254681,The boat shed,28958504,Daniel,Christchurch City,Banks Peninsula Ward,-43.6182023,172.6568574,Entire home/apt,110.0,2,20,2025-10-04,1.79,1,69,20,,2025-10
34001168,"Welcome to our Villa, 
on the edge of the CBD.",125448109,Madeline,Christchurch City,Innes Ward,-43.51576908491404,172.6549992339138,Private room,58.0,1,10,2025-09-07,2.73,1,181,10,,2025-09
1487397760092278218,Stadium Edge Retreat  Modern 2 Bed with Carpark,551181197,Paula Kat Charlotte,Christchurch City,Central Ward,-43.5321685,172.6422461,Entire home/apt,222.0,1,2,2025-09-26,2.0,146,242,2,,2025-09
1421400173834826187,Luxe and Location,23278101,Jason,Christchurch City,Central Ward,-43.5262553,172.6406017,Entire home/apt,267.0,1,23,2025-10-01,5.15,16,290,23,,2025-10
22364236,Ranui Garden Retreat,84553719,Ingrid,Christchurch City,Banks Peninsula Ward,-43.62736,172.72487,Private room,75.0,1,30,2025-09-16,0.32,1,72,5,,2025-09
2009003,Luxury Cass Bay Retreat (B),10339399,Vivienne,Christchurch City,Banks Peninsula Ward,-43.60411,172.69502,Entire home/apt,161.0,2,419,2025-09-30,2.94,3,262,57,,2025-09
30237340,Bond Estate Luxury Accommodation Christchurch,227081436,Garry,Christchurch City,Hornby Ward,-43.52169,172.50432,Entire home/apt,1421.0,1,48,2025-09-06,0.59,1,118,9,,2025-09
1140190678543213214,Modern Christchurch Apartment,56014015,Olivia,Christchurch City,Central Ward,-43.5247767,172.6377314,Entire home/apt,193.0,1,23,2025-07-15,1.32,2,88,15,,2025-07
851090981201099636,Sunny private room with bathroom,93574305,Kimberley,Christchurch City,Halswell Ward,-43.59343,172.57316,Private room,78.0,1,55,2025-08-02,1.78,1,18,16,,2025-08
1329885812953424387,Sumner Sunsetter,345682413,Elizabeth Jane,Christchurch City,Heathcote Ward,-43.57221,172.7548148,Private room,135.0,1,3,2025-09-12,0.41,1,347,3,,2025-09
852379563003393500,2 Bedroom City Pad with Free Car park,23278101,Jason,Christchurch City,Central Ward,-43.524851,172.6359997,Entire home/apt,215.0,1,101,2025-10-05,3.32,16,267,58,,2025-10
1264186987829708823,Black Bunker,656395599,Nicholas,Christchurch City,Heathcote Ward,-43.5761063,172.7750349,Entire home/apt,148.0,3,33,2025-10-04,3.1,1,266,33,,2025-10
11576486,Family friendly Eco Stay,30825105,Shaun And Vanessa,Christchurch City,Banks Peninsula Ward,-43.76331,172.80575,Entire home/apt,225.0,1,137,2025-09-06,1.42,2,298,36,,2025-09
1522038305398958822,Hidden Halswell Gem,170302078,Jillian Margaret,Christchurch City,Halswell Ward,-43.58985701586261,172.57148006942813,Entire home/apt,193.0,3,0,,,1,108,0,,
1474365728952414711,The light Inn,235491432,Yingming,Christchurch City,Harewood Ward,-43.47612,172.59181,Entire home/apt,288.0,3,0,,,1,48,0,,
32456437,Discover more of Christchurch,88598911,Kate,Christchurch City,Central Ward,-43.5300407409668,172.64346313476562,Private room,109.0,1,49,2025-02-28,0.78,1,286,11,,2025-02
1261794313225782940,roXztr Retreat,655827282,Jesley,Christchurch City,Innes Ward,-43.50248830348178,172.65703870975346,Private room,65.0,3,35,2025-07-03,2.95,2,63,35,,2025-07
1452655790464282330,2 Bdrm in Merivale| free Carpark,43367626,Sharon,Christchurch City,Fendalton Ward,-43.51556,172.62535,Entire home/apt,195.0,2,5,2025-09-07,1.61,12,64,5,,2025-09
1061902202885086604,Next to Margaret Mahy Playground With Free Parking,49135895,Qin,Christchurch City,Central Ward,-43.52812014168112,172.6393819297962,Entire home/apt,140.0,1,12,2025-07-09,2.05,1,30,12,,2025-07
1035878258810578984,Stunning Summer Holiday Rental,102449321,Sean,Christchurch City,Halswell Ward,-43.56091,172.56994,Entire home/apt,250.0,30,0,,,1,263,0,,
13086620,Finca Flora Cottage,72625380,Kath,Christchurch City,Halswell Ward,-43.5928,172.5476,Entire home/apt,100.0,2,136,2025-09-27,1.2,1,307,12,,2025-09
895458991751681493,Home in Church Corner,133703679,Anthy,Christchurch City,Riccarton Ward,-43.53279,172.56659,Entire home/apt,237.0,1,32,2025-08-10,1.17,3,290,6,,2025-08
1476586113164854045,Cosy room in warm home,94309327,Faezeh,Christchurch City,Halswell Ward,-43.59088101088996,172.56692559605438,Private room,66.0,1,0,,,1,236,0,,
882341847699783999,Mariners Cabin: Your seaside escape,377819206,Chelsea,Christchurch City,Banks Peninsula Ward,-43.60472071695861,172.6898292729285,Entire home/apt,153.0,1,227,2025-09-26,7.94,1,60,93,,2025-09
51522809,Beautiful Kereru Cottage..... everything on offer,417375305,Cam,Christchurch City,Banks Peninsula Ward,-43.77256,172.78811,Entire home/apt,155.0,1,263,2025-09-14,5.44,1,226,46,,2025-09
774301125872084924,Surf Break Apartment 1,489814732,Cheryl,Christchurch City,Heathcote Ward,-43.56749407861191,172.7573892615738,Entire home/apt,381.0,2,37,2025-07-05,1.14,2,319,8,,2025-07
800773499513543755,The Outlook by Tiny Away,154813436,Tiny Away,Christchurch City,Banks Peninsula Ward,-43.63563,172.72137,Entire home/apt,237.0,1,41,2025-10-03,1.24,7,351,13,,2025-10
18549752,The East Penthouse,90996140,Meedoo,Christchurch City,Central Ward,-43.53055,172.63852,Private room,5000.0,1,0,,,1,179,0,,
1326982253661173022,Lovely Spacious Cottage,657552388,Justin,Christchurch City,Riccarton Ward,-43.52744,172.60488,Entire home/apt,120.0,2,18,2025-08-20,2.06,1,114,18,,2025-08
1103893208667375653,Serenity by the Sea: Coastal Escape1 bed 1 bath,551181197,Paula Kat Charlotte,Christchurch City,Coastal Ward,-43.5036555,172.7291983,Entire home/apt,141.0,1,24,2025-10-02,1.33,146,218,15,,2025-10
39403528,Wigram quite sunny room,302657091,Hongmei,Christchurch City,Halswell Ward,-43.56044,172.55462,Private room,81.0,1,0,,,2,125,0,,
687088072539794981,1 Bedroom Apartment Pool Car Park Cathedral Square,452062247,Cushla,Christchurch City,Central Ward,-43.53115,172.63809,Entire home/apt,158.0,1,228,2025-09-20,5.93,1,212,39,,2025-09
776299880968318243,Modern Indoor/Outdoor Living in Burwood,201964581,Thomas,Christchurch City,Burwood Ward,-43.478002223382695,172.67507310824303,Entire home/apt,180.0,2,2,2025-04-21,0.21,1,127,2,,2025-04
1310527565630945053,"The Ultimate Cecil Wood Stay - Hot Tub, BBQ & View",202585247,Ohana,Christchurch City,Heathcote Ward,-43.5729264,172.756247,Entire home/apt,300.0,1,39,2025-10-02,5.25,121,100,39,,2025-10
935771650284510992,no.8 Private Single Room in Detached Sleepout,105265867,Andrew,Christchurch City,Riccarton Ward,-43.53884,172.5701,Private room,43.0,1,38,2025-07-10,1.42,11,137,13,,2025-07
1417177494212137191,Inner City Sanctuary: Free Parking,333925728,Juliet,Christchurch City,Central Ward,-43.533721761516446,172.642064653337,Entire home/apt,122.0,1,34,2025-10-01,6.85,1,12,34,,2025-10
38713461,Loft Style City Apartment with Parking,295997316,Noriko,Christchurch City,Central Ward,-43.52385,172.63662,Entire home/apt,176.0,2,84,2025-07-04,1.21,1,237,7,,2025-07
1416200179977939929,Stylish Stay â Heart of the CBD,510730797,Katarina Anne,Christchurch City,Central Ward,-43.52613856152472,172.63859998061506,Entire home/apt,183.0,1,5,2025-10-06,1.06,8,106,5,,2025-10
1358272974973331226,Heart of the CBD 1 bed with car park,482671075,Paula Corinne,Christchurch City,Central Ward,-43.52960740005737,172.642368282234,Entire home/apt,151.0,1,31,2025-09-24,4.06,124,213,31,,2025-09
1181402666717871385,Right-side Private Guest Studio near airport,537007306,Po-Wen,Christchurch City,Harewood Ward,-43.48343,172.56115,Entire home/apt,108.0,1,53,2025-09-25,4.66,2,88,53,,2025-09
22656416,RELAX IN THE POOL - STAYING IN CBD BY CATHEDRAL,166878022,Michelle,Christchurch City,Central Ward,-43.53162,172.63783,Entire home/apt,179.0,1,540,2025-07-26,5.78,3,28,55,,2025-07
1329338475020012911,Spacious studio,582753827,Qin,Christchurch City,Papanui Ward,-43.48160358722305,172.616346688215,Entire home/apt,105.0,3,4,2025-02-20,0.49,5,360,4,,2025-02
1035105828386935445,Sumner Beach Pad,548626603,Maxine,Christchurch City,Heathcote Ward,-43.57279002045904,172.76457086205482,Entire home/apt,783.0,3,5,2025-02-23,0.25,1,336,4,,2025-02
1457507444250005550,Stoked on Sumner Seaside Retreat,81390838,Katie,Christchurch City,Heathcote Ward,-43.57336,172.76037,Entire home/apt,198.0,2,0,,,45,338,0,,
6695894,Beach Front Apartment,15913354,Chris,Christchurch City,Heathcote Ward,-43.56989,172.75997,Entire home/apt,294.0,4,14,2025-05-31,0.45,1,227,7,,2025-05
1059027196631020917,Magic on Maffeys,184737876,Leanne,Christchurch City,Heathcote Ward,-43.5592418,172.7235657,Entire home/apt,503.0,30,0,,,1,198,0,,
1048232879335861473,Quiet and secluded in Sumner,413609185,Adam,Christchurch City,Heathcote Ward,-43.58516,172.7527,Entire home/apt,464.0,5,0,,,1,263,0,,
601764322116880594,Luxe Eco friendly one bedroom cottage,453561286,Richard,Christchurch City,Banks Peninsula Ward,-43.76576,172.79105,Entire home/apt,198.0,2,27,2025-09-21,0.66,1,273,9,,2025-09
1272021990647608084,"Family Home with Spa, Office, BBQ, & EV Charging",658162740,Dr Waqas,Christchurch City,Hornby Ward,-43.55512708102582,172.52816619961882,Entire home/apt,270.0,2,9,2025-09-21,0.87,2,346,9,,2025-09
1400604223708523632,Cosy Tiny Home â Peaceful Paddock Stay,482671075,Paula Corinne,Christchurch City,Harewood Ward,-43.5081935,172.4761624,Entire home/apt,117.0,2,7,2025-10-03,1.93,124,163,7,,2025-10
1305994646072576049,Esay living 3 Bedroom in Wigram,74811135,Yaoyao,Christchurch City,Halswell Ward,-43.55352978399304,172.5630863292295,Entire home/apt,195.0,1,21,2025-09-22,2.24,40,292,21,,2025-09
33316094,Lovely guess cottage close to Airport,145686302,Aurora,Christchurch City,Waimairi Ward,-43.49157,172.5692,Entire home/apt,76.0,4,84,2025-09-08,1.34,1,13,12,,2025-09
36184286,Warm and Cozy Modern Home,104207502,Zhou,Christchurch City,Waimairi Ward,-43.51146,172.56463,Entire home/apt,138.0,1,198,2025-09-28,2.65,1,118,23,,2025-09
1443840693036867004,Corporate-Chic CBD stay,124460926,Melanie,Christchurch City,Central Ward,-43.5229487,172.6369111,Entire home/apt,133.0,1,2,2025-07-27,0.63,1,300,2,,2025-07
50625936,Awesome new townhouse with KING Bed on Armagh,86216394,Min,Christchurch City,Central Ward,-43.52768,172.64505,Entire home/apt,107.0,1,283,2025-09-28,5.47,40,110,54,,2025-09
1246562665159753415,"Protea Getaway,
City Center new luxury Apartment",651211728,Johannes Frederik,Christchurch City,Central Ward,-43.5322026,172.6399268,Entire home/apt,190.0,2,17,2025-09-29,1.6,3,321,17,,2025-09
1415717042048560156,Walk 2 City â¢Parking â¢Washer/Dryer â¢Kitchen â¢WIFI,598854641,Mohd Ner Hanif,Christchurch City,Central Ward,-43.5313834,172.6435245,Entire home/apt,148.0,1,10,2025-10-03,2.34,3,31,10,,2025-10
1370020436878343442,City Apartment Latimer Sq-For Holiday or Business!,196436630,Dale,Christchurch City,Central Ward,-43.53233962180865,172.64241776137692,Entire home/apt,206.0,1,37,2025-10-05,5.75,1,228,37,,2025-10
24233834,French Bay House - Ånawe King Suite,130642642,Tim And Jacqui,Christchurch City,Banks Peninsula Ward,-43.80896,172.96283,Hotel room,340.0,1,9,2025-04-20,0.2,4,230,2,,2025-04
824239319070122326,Christchurch CBD townhouse,211195948,Jenny,Christchurch City,Central Ward,-43.53198,172.66438,Entire home/apt,123.0,1,78,2025-09-20,2.42,17,151,20,,2025-09
1005515557863887702,"Modern apartment, superb views",216795392,Chris,Christchurch City,Heathcote Ward,-43.57974649583687,172.7147159725427,Private room,99.0,2,26,2025-05-04,1.1,1,132,10,,2025-05
1243103804158737990,Bruce Waterfront Apartment 31,24205506,Karen Louise,Christchurch City,Banks Peninsula Ward,-43.80827709726408,172.96009565091836,Entire home/apt,196.0,2,10,2025-10-02,0.86,77,100,10,,2025-10
893914850857110192,Vibrant Central Christchurch 2 bed,482671075,Paula Corinne,Christchurch City,Central Ward,-43.5312085,172.6470511,Entire home/apt,180.0,1,96,2025-09-25,3.38,124,254,38,,2025-09
956017620692827349,Breezy Beachside Haven - Brand New Retreat,49642171,Xihang,Christchurch City,Coastal Ward,-43.5096,172.7309,Entire home/apt,84.0,1,57,2025-10-05,2.24,88,331,22,,2025-10
46474138,Central City Townhouse,155051785,Suzanne,Christchurch City,Central Ward,-43.52388,172.64084,Entire home/apt,124.0,1,84,2025-03-17,1.43,1,130,7,,2025-03
46548988,Outstanding Townhouse on Salisbury 1000M/S Fibre,86216394,Min,Christchurch City,Central Ward,-43.52346,172.64251,Entire home/apt,116.0,1,203,2025-09-26,3.46,40,137,27,,2025-09
990020082081431864,Gorgeous Getaway on Gloucester St- 1 Bed 1 Bath,482671075,Paula Corinne,Christchurch City,Central Ward,-43.52957170000001,172.6449223,Entire home/apt,141.0,1,148,2025-09-26,6.03,124,233,55,,2025-09
834983944241442929,The Sleepout,408607282,Philippa,Christchurch City,Harewood Ward,-43.49595,172.58688,Entire home/apt,75.0,1,118,2025-10-05,3.78,1,304,51,,2025-10
819603694677820292,Close or near to Christchurch Airport,326089936,Marjorie,Christchurch City,Hornby Ward,-43.5238,172.52493,Private room,75.0,1,90,2024-07-27,2.77,3,364,0,,2024-07
898746109763853609,Inner-city stay - top location,24205506,Karen Louise,Christchurch City,Central Ward,-43.53021,172.64088,Entire home/apt,188.0,1,33,2025-02-05,1.2,77,300,4,,2025-02
1206894117184975072,Modern Stylish City Apartment,24205506,Karen Louise,Christchurch City,Central Ward,-43.5307798,172.6410375,Entire home/apt,174.0,1,8,2025-09-12,0.56,77,252,5,,2025-09
1512217292565037506,The Game Day Lounge | Walk to One NZ Stadium,551181197,Paula Kat Charlotte,Christchurch City,Central Ward,-43.5321334,172.6475968,Entire home/apt,262.0,1,0,,,146,263,0,,
47164182,One bedroom townhouse on Salisbury 1000m/s fibre,86216394,Min,Christchurch City,Central Ward,-43.52536,172.64226,Entire home/apt,131.0,1,125,2025-08-02,2.15,40,144,17,,2025-08
1518447965970007675,Luxurious 3-Bedroom Designer Townhouse With Garage,551181197,Paula Kat Charlotte,Christchurch City,Central Ward,-43.5298264,172.6405278,Entire home/apt,254.0,1,0,,,146,232,0,,
1009116747266842346,Peaceful and sunny studio,85429411,Emily,Christchurch City,Heathcote Ward,-43.55828,172.73674,Entire home/apt,108.0,3,13,2025-09-24,0.67,1,252,9,,2025-09
18899315,CBD Loft Style Apartment with Free Valet Parking,98868319,Nicole & Shane,Christchurch City,Central Ward,-43.52952,172.63951,Entire home/apt,494.0,1,422,2025-09-06,4.21,2,69,30,,2025-09
1361903004430574659,Home in Central City,330107507,Nathan,Christchurch City,Central Ward,-43.53378,172.64217,Entire home/apt,118.0,1,30,2025-10-02,4.25,1,160,30,,2025-10
1326532288962053124,Next to the NEW Stadium! Location! Location!,193835605,Svetlana,Christchurch City,Central Ward,-43.53226,172.65036,Entire home/apt,151.0,1,14,2025-09-22,1.74,1,199,14,,2025-09
21669515,Deluxe Private Studio close to Airport,90897150,Machi & Roger,Christchurch City,Harewood Ward,-43.47928,172.58117,Entire home/apt,88.0,1,860,2025-10-06,8.94,1,201,128,,2025-10
1030419245862784112,Sumner Esplanade Seaside Escape,539101367,Lana,Christchurch City,Heathcote Ward,-43.57158,172.76466,Entire home/apt,162.0,2,61,2025-04-26,2.68,1,191,32,,2025-04
1393837715310755090,CBD 2BR with Backyard - Walk Everywhere,202585247,Ohana,Christchurch City,Central Ward,-43.5296361,172.6450818,Entire home/apt,112.0,1,32,2025-10-03,7.01,121,115,32,,2025-10
21178486,Garden apartment with panoramic coastal views.,53657941,Stephen David,Christchurch City,Heathcote Ward,-43.56405,172.72342,Entire home/apt,131.0,2,176,2025-08-17,1.82,1,212,5,,2025-08
1019779447403942349,Elegant Coastal Escape with Pool and Harbour Views,34538405,Luke,Christchurch City,Banks Peninsula Ward,-43.62604,172.6467,Entire home/apt,855.0,3,11,2025-09-22,0.55,2,236,9,,2025-09
28210667,Stylish private townhouse. Free parking for 2 cars,201714794,Steve,Christchurch City,Central Ward,-43.51598,172.63206,Entire home/apt,111.0,1,373,2025-10-05,4.35,2,226,73,,2025-10
1378579133698096152,Spacious 5BR House on Athol Terrace,331763232,Benjamin Dearden,Christchurch City,Riccarton Ward,-43.524752091908255,172.57136899444166,Entire home/apt,329.0,2,7,2025-09-19,1.91,96,70,7,,2025-09
1149522022727834110,Retro Retreat in Christchurch,125757390,Caitlin,Christchurch City,Central Ward,-43.5453525,172.622706,Entire home/apt,136.0,1,41,2025-09-30,2.63,7,147,32,,2025-09
969757016385188228,Inner-city apartment - great location,24205506,Karen Louise,Christchurch City,Central Ward,-43.53009249999999,172.6416232,Entire home/apt,186.0,1,28,2025-09-02,1.13,77,292,8,,2025-09
1419736763666415934,"Central, cosy & spacious",380482871,Gwenyth Margaret,Christchurch City,Harewood Ward,-43.48759175977148,172.59405572087002,Entire home/apt,94.0,1,4,2025-07-12,0.94,1,5,4,,2025-07
22571185,Spa Bath Studio,44728588,Anita Marie,Christchurch City,Papanui Ward,-43.48509,172.61774,Hotel room,195.0,1,4,2024-07-26,0.05,6,335,0,,2024-07
660368475035637240,City Escape â Christchurch Central Apartment,145244100,Bachcare,Christchurch City,Central Ward,-43.52388,172.64476,Entire home/apt,338.0,2,7,2025-07-26,0.19,1547,364,1,,2025-07
25036583,Hagley Park Townhouse,173106384,Thomas,Christchurch City,Riccarton Ward,-43.52835774077717,172.61179970185245,Entire home/apt,237.0,2,54,2025-09-06,1.97,1,143,34,,2025-09
1300263021173295780,Bright Cityside 4BR Sunlit Balcony at Tuam St,482671075,Paula Corinne,Christchurch City,Central Ward,-43.5367072546429,172.63121247036452,Entire home/apt,352.0,1,13,2025-09-16,1.84,124,186,13,,2025-09
42984288,Home from home City Apartment,342238822,Zoe,Christchurch City,Central Ward,-43.51987,172.64032,Entire home/apt,144.0,2,283,2025-09-06,4.26,2,338,31,,2025-09
1299779572878619906,Perfect for Groups: Stylish 4BR Devonport Stay,551181197,Paula Kat Charlotte,Christchurch City,Fendalton Ward,-43.5129634,172.625209,Entire home/apt,342.0,1,2,2025-07-03,0.41,146,222,2,,2025-07
1179489344567014294,Bealey Delight,163248195,Lyndsay,Christchurch City,Central Ward,-43.5205680977606,172.64467049629516,Entire home/apt,117.0,1,39,2025-09-26,2.64,1,17,33,,2025-09
1156153354680620039,Nice tidy house.,577449487,Gurbir,Christchurch City,Coastal Ward,-43.47257,172.69397,Private room,63.0,1,0,,,1,269,0,,
1292510629739359819,Urban Oasis Central Christchurch - parking,256933781,Kelly,Christchurch City,Central Ward,-43.523963,172.6429593,Entire home/apt,125.0,2,22,2025-09-27,2.21,1,140,22,,2025-09
1383506021723956608,Three Bedroom - Two Bathroom - Gated Carpark,136453482,Kelly,Christchurch City,Fendalton Ward,-43.5120107183578,172.6230112775695,Entire home/apt,159.0,2,8,2025-10-03,2.38,2,305,8,,2025-10
1340402376678290109,Comfort 2-BR at Cambridge Tce,211195948,Jenny,Christchurch City,Central Ward,-43.533504320301496,172.6287128652501,Entire home/apt,140.0,1,49,2025-09-20,6.15,17,160,49,,2025-09
873412242875636535,2 Bedroom Near Hagley Park & Wolfbrook Arena,329341602,Andy,Christchurch City,Spreydon Ward,-43.54238166857053,172.61253316269642,Entire home/apt,167.0,2,92,2025-05-18,3.11,2,34,19,,2025-05
24742386,Garden Studio With Ensuite (Breakfast included),43654083,Kathy,Christchurch City,Papanui Ward,-43.50407,172.59607,Entire home/apt,110.0,2,170,2025-09-24,2.12,1,227,35,,2025-09
1293783901245797014,Elegant 4-Bedroom Townhouses in Vibrant CBD,482671075,Paula Corinne,Christchurch City,Central Ward,-43.53581020979104,172.6328421633099,Entire home/apt,346.0,1,9,2025-09-06,0.9,124,219,9,,2025-09
38808558,Modern Two-Bedroom Home in Merivale,35651055,Jack,Christchurch City,Fendalton Ward,-43.51265,172.62676,Entire home/apt,182.0,1,62,2025-08-15,0.85,1,73,11,,2025-08
1183000185654214205,Happy Holidays :Last Minute Specials 3br & Parking,63678807,Odhran,Christchurch City,Riccarton Ward,-43.5298422,172.6102259,Entire home/apt,183.0,2,29,2025-09-06,1.97,1,277,24,,2025-09
35844597,#23 Bruce Waterfront Apartments by AVI,70726871,Darren,Christchurch City,Banks Peninsula Ward,-43.81011,172.96229,Hotel room,190.0,1,23,2025-09-06,0.34,23,270,11,,2025-09
36774423,#55 The Captains Cottage Waterview Apt by AVI,70726871,Darren,Christchurch City,Banks Peninsula Ward,-43.80857,172.96068,Hotel room,202.0,1,56,2025-08-09,0.75,23,295,4,,2025-08
35845142,#52 Jacques Garden Apartments by AVI,70726871,Darren,Christchurch City,Banks Peninsula Ward,-43.81028,172.96134,Hotel room,262.0,1,17,2024-10-07,0.23,23,288,0,,2024-10
706625090086030996,Calm Swan Villa,229488806,Yanwei,Christchurch City,Harewood Ward,-43.4671365,172.6064059,Entire home/apt,901.0,1,62,2025-09-23,1.66,5,329,22,,2025-09
1379516330279225083,CBD Edge - 2BR Home with Balcony Sleeps 4,202585247,Ohana,Christchurch City,Central Ward,-43.5246798,172.6300407,Entire home/apt,150.0,1,38,2025-10-02,5.64,121,84,38,,2025-10
986420206136823944,Merivale comfy 2 beds with free parking,86216394,Min,Christchurch City,Fendalton Ward,-43.51966,172.62374,Entire home/apt,125.0,2,39,2025-07-25,1.63,40,143,19,,2025-07
1230970456620746598,Elegant 2-Bedroom Stay on Wilmer Street,331763232,Benjamin Dearden,Christchurch City,Central Ward,-43.53972,172.63182,Entire home/apt,145.0,2,15,2025-09-06,1.21,96,66,14,,2025-09
1463985703387272708,Group Getaways Made Easy â Central CHCH | Unit 7,573419952,Bruce,Christchurch City,Central Ward,-43.53141400000001,172.6474827,Entire home/apt,240.0,1,1,2025-09-27,1.0,8,258,1,,2025-09
1222099981111600540,"CBD Luxury Homes: Near Cafes, Hagley Park, River",482671075,Paula Corinne,Christchurch City,Central Ward,-43.5373725,172.6253013,Entire home/apt,331.0,1,30,2025-09-26,2.24,124,132,27,,2025-09
934378053766836590,Townhouse In The City With Parking and Courtyard,72194360,Breidi,Christchurch City,Central Ward,-43.5223929,172.6309316,Entire home/apt,179.0,2,118,2025-09-20,4.37,8,278,53,,2025-09
1365530056472791095,Fendalton Comfort Stylish and Convenient w Carpark,551181197,Paula Kat Charlotte,Christchurch City,Fendalton Ward,-43.5213938,172.6096994,Entire home/apt,183.0,1,28,2025-10-01,3.96,146,288,28,,2025-10
1238861831029352701,"Modern 6BD Homes,Carpark, Avebury Park, Avon River",551181197,Paula Kat Charlotte,Christchurch City,Central Ward,-43.5195555,172.6594498,Entire home/apt,427.0,1,34,2025-10-04,3.32,146,182,34,,2025-10
1226557708323478638,Barrington Brickworks,43398377,Graham,Christchurch City,Spreydon Ward,-43.55603,172.61969,Entire home/apt,148.0,2,15,2025-10-04,1.21,5,204,13,,2025-10
1415035837861303517,Christchurch CityNest with Garden,156850647,Jun,Christchurch City,Central Ward,-43.5185644,172.6459604,Entire home/apt,121.0,2,1,2025-09-27,1.0,1,336,1,,2025-09
1370081812745549740,"Urban Comfort 3BR with Garage, Guest Favourite",551181197,Paula Kat Charlotte,Christchurch City,Central Ward,-43.51636962582822,172.63732326410877,Entire home/apt,272.0,1,38,2025-09-28,5.85,146,151,38,,2025-09
1453413355176624783,Summer holiday in Christchurch?,426510159,Darren,Christchurch City,Heathcote Ward,-43.56265,172.71917,Entire home/apt,146.0,3,0,,,1,78,0,,
916753998285135942,Esplanade - Beachfront - Sumner Getaway,214933379,Benjamin,Christchurch City,Heathcote Ward,-43.5720791,172.7649366,Entire home/apt,1200.0,5,0,,,2,0,0,,
1438039337045484606,Harbour Views & Hillside Charm,135938638,Ariana,Christchurch City,Banks Peninsula Ward,-43.59856,172.71666,Entire home/apt,135.0,1,1,2025-07-17,0.36,1,33,1,,2025-07
893710526906564059,Private 4BR Family Home | Parking | 4km to Airport,145918006,Stephanie,Christchurch City,Waimairi Ward,-43.50245657311978,172.58197169629517,Entire home/apt,306.0,1,95,2025-09-24,3.42,2,216,40,,2025-09
1424871246010994719,Georgian Retreat! 3 Bed Townhouse In CBD With Park,49642171,Xihang,Christchurch City,Central Ward,-43.52402,172.63886,Entire home/apt,183.0,1,2,2025-09-25,2.0,88,337,2,,2025-09
1236779934033284131,Cannon Hill E-scape,146373432,Lynda,Christchurch City,Heathcote Ward,-43.56232,172.71476,Entire home/apt,240.0,1,2,2025-02-26,0.16,6,335,1,,2025-02
23313394,Sunny studio with estuary and mountain views,17665598,Cecile,Christchurch City,Heathcote Ward,-43.56068,172.72159,Entire home/apt,110.0,6,45,2025-05-15,0.48,1,185,19,,2025-05
800470951967005634,The Sunny Lounger,170315282,Thushantha,Christchurch City,Papanui Ward,-43.498111742977656,172.60121285894908,Entire home/apt,113.0,1,39,2025-09-24,3.81,1,178,39,,2025-09
24286375,Otaranui Farm Flat,42180188,Jozefa,Christchurch City,Banks Peninsula Ward,-43.60685,172.70377,Entire home/apt,114.0,2,95,2025-10-05,1.05,1,45,11,,2025-10
42295186,Quality Apartment; Million Dollar View  Courtyard.,7666271,Clive Anthony,Christchurch City,Heathcote Ward,-43.56828,172.71835,Entire home/apt,129.0,1,58,2025-03-01,0.86,1,334,6,,2025-03
1237188525302130764,Mersey Mews - Brand New 2 Bed Townhouse Near CBD,49642171,Xihang,Christchurch City,Innes Ward,-43.50641546533082,172.63826205797756,Entire home/apt,123.0,1,29,2025-09-15,2.36,88,302,28,,2025-09
1399436726970049188,2BR City Townhouse walk to the Convention Centre,551181197,Paula Kat Charlotte,Christchurch City,Central Ward,-43.5257352,172.6358014,Entire home/apt,163.0,1,4,2025-08-03,0.7,146,341,4,,2025-08
27267634,Restful in Riccarton - Christchurch,145244100,Bachcare,Christchurch City,Riccarton Ward,-43.53357,172.60372,Entire home/apt,414.0,2,69,2025-08-16,0.8,1547,361,7,,2025-08
30450536,Beach Guest House with pool & private beach access,213149937,Robert,Christchurch City,Coastal Ward,-43.55578,172.7518,Entire home/apt,110.0,5,53,2024-06-04,0.65,1,35,0,,2024-06
1015392920158351090,Lyttelton Sweet Spot,242653543,Lisette,Christchurch City,Banks Peninsula Ward,-43.59991549999999,172.720745,Entire home/apt,222.0,6,11,2025-04-21,0.51,1,261,4,,2025-04
1507693111655917179,Sun Filled Living Hagley Park Hospital 2BR 2BA,45768555,Lexia Margaret,Christchurch City,Riccarton Ward,-43.5279988,172.6118876,Entire home/apt,170.0,1,4,2025-10-02,4.0,60,349,4,,2025-10
1030692919939332487,Madras Retreat,374915856,Simeon Henry,Christchurch City,Central Ward,-43.528551,172.6432378,Entire home/apt,167.0,1,3,2024-03-01,0.14,120,76,0,,2024-03
730781891707202562,What A Cutie CBD 3 Mins to Handy Secure Park.,45768555,Lexia Margaret,Christchurch City,Central Ward,-43.5351,172.64209,Entire home/apt,124.0,1,106,2025-06-09,2.9,60,299,10,,2025-06
1235274828170022996,"Getaway on Manchester Street - Carpark, Central",551181197,Paula Kat Charlotte,Christchurch City,Central Ward,-43.5281,172.63989,Entire home/apt,270.0,1,41,2025-09-29,3.24,146,203,37,,2025-09
1393798111054587109,Stylish City Home with Parking Prime Location,551181197,Paula Kat Charlotte,Christchurch City,Central Ward,-43.5257355,172.6357443,Entire home/apt,222.0,1,34,2025-09-23,5.83,146,241,34,,2025-09
1476567986306044104,Pacific Horizon â¢ Luxury Sky Suite â¢ 19th Floor,24205506,Karen Louise,Christchurch City,Central Ward,-43.53003349999999,172.6391504,Entire home/apt,465.0,1,4,2025-09-21,3.0,77,281,4,,2025-09
43582068,LyLo  Ensuite Queen Room,368461906,Alexandria,Christchurch City,Harewood Ward,-43.48966,172.54814,Private room,238.0,1,28,2025-09-19,0.44,16,365,10,,2025-09
49911750,"*NEW in Central CBD*
  2 bed/2 bath
*Free Parking*",91370988,Lourina,Christchurch City,Central Ward,-43.533924,172.641937,Entire home/apt,180.0,5,64,2025-03-25,1.22,1,137,10,,2025-03
25161855,Beachside Paradise,135150399,Toni,Christchurch City,Coastal Ward,-43.47716,172.71811,Private room,97.0,2,55,2025-09-17,0.63,2,211,7,,2025-09
703338521673544563,Modern 3BR Townhouse Central City Walk to Stadium,86216394,Min,Christchurch City,Central Ward,-43.53422,172.65004,Entire home/apt,144.0,1,73,2025-09-27,1.95,40,141,25,,2025-09
13589008,City-Fringe Oasis with Carpark in Christchurch,69693674,Ben,Christchurch City,Central Ward,-43.51453,172.65018,Entire home/apt,141.0,3,33,2025-06-08,1.32,2,15,14,,2025-06
876915259311816990,New and Close to City Centre with Carpark,501222894,Marilyn,Christchurch City,Central Ward,-43.51833184621031,172.64376986771822,Entire home/apt,167.0,1,83,2025-08-25,2.8,5,280,32,,2025-08
1361186163445105064,2BDR. Riccarton. FREE Carpark,43367626,Sharon,Christchurch City,Riccarton Ward,-43.5356932185432,172.5847776979208,Entire home/apt,160.0,1,16,2025-10-07,2.65,12,62,16,,2025-10
1178016017740289440,Inner City Apartment with EV charger & Parking,24205506,Karen Louise,Christchurch City,Central Ward,-43.53275,172.641,Entire home/apt,176.0,1,35,2025-09-26,2.32,77,62,31,,2025-09
940731717328835933,"2 Bedroom House, Amazing Location + 2 Carparks",45172785,Lisa,Christchurch City,Central Ward,-43.5160789,172.651277,Entire home/apt,94.0,1,116,2025-10-04,4.33,44,324,52,,2025-10
1211821643986951362,Merivale Separate Studio,310238414,Kathryn,Christchurch City,Fendalton Ward,-43.51532,172.61993,Entire home/apt,111.0,1,119,2025-09-19,8.26,1,155,99,,2025-09
655274653812851381,Premium Location 2beds2bath on Madras,86216394,Min,Christchurch City,Central Ward,-43.52409,172.64274,Entire home/apt,122.0,1,103,2025-08-16,2.6,40,142,23,,2025-08
29266100,"Luxurious House, Sunny & Inviting, 3 king beds",74398185,Rob,Christchurch City,Innes Ward,-43.51096,172.6328,Entire home/apt,225.0,1,171,2025-07-19,2.04,4,287,13,,2025-07
1246676192148580561,Riverside Retreat in Merivale,682808597,Devon,Christchurch City,Fendalton Ward,-43.52139,172.62117,Entire home/apt,325.0,1,49,2025-10-01,4.58,22,190,49,,2025-10
1419925100881496262,Great for Family Stays - 10 Minutes to Airport,662925615,Robert,Christchurch City,Harewood Ward,-43.464952847423774,172.58673954111188,Entire home/apt,252.0,2,7,2025-10-04,2.21,1,6,7,,2025-10
761026623269956825,Central City Studio with Sunny Balcony,38196340,Ross,Christchurch City,Central Ward,-43.5245242719272,172.635634919574,Entire home/apt,111.0,4,69,2025-08-01,2.01,2,294,16,,2025-08
936446699362227930,Cozy Nest On Manchester,112736892,Nina,Christchurch City,Central Ward,-43.5165,172.63982,Entire home/apt,219.0,2,168,2025-10-04,6.32,1,236,76,,2025-10
829736835923312060,Stylish Coastal Living,145299159,Jason,Christchurch City,Coastal Ward,-43.50644,172.72519,Entire home/apt,275.0,4,19,2025-09-29,0.63,1,277,10,,2025-09
867710494701418018,Inner City Delight - Walk To Cathedral Square,482671075,Paula Corinne,Christchurch City,Central Ward,-43.5312859,172.6450051,Entire home/apt,190.0,1,39,2025-09-27,1.35,124,249,11,,2025-09
713148516723368363,Family friendly - 10 min drive to Chch city centre,482671075,Paula Corinne,Christchurch City,Innes Ward,-43.50228,172.64507,Entire home/apt,177.0,2,97,2025-09-12,2.7,124,163,11,,2025-09
38131508,Once in a Blue Room,12222757,Kelsey,Christchurch City,Spreydon Ward,-43.55475,172.60642,Entire home/apt,77.0,2,104,2025-10-03,1.42,3,174,19,,2025-10
899433579551279137,Little Cutie on Worcester Quiet|Stylish,86216394,Min,Christchurch City,Central Ward,-43.53194,172.6446,Entire home/apt,115.0,1,94,2025-09-28,3.3,40,134,40,,2025-09
663865174329279524,Worcester Terraces - One Central Christchurch,128163295,Rachael,Christchurch City,Central Ward,-43.53107,172.64087,Entire home/apt,293.0,1,183,2025-09-19,4.63,3,242,45,,2025-09
23025099,Akaroa Sunshine Views and Spa Pool !!,161209435,Annie,Christchurch City,Banks Peninsula Ward,-43.80869,172.97298,Entire home/apt,230.0,2,162,2025-06-08,1.74,1,100,4,,2025-06
1505531112570312666,Lake House Cozy Home VIP6,230462319,Siyao,Christchurch City,Burwood Ward,-43.4956566,172.6798997,Private room,46.0,1,1,2025-09-29,1.0,5,165,1,,2025-09
40355440,Fabulous townhouse  in Christchurch centre,86216394,Min,Christchurch City,Central Ward,-43.52753,172.64305,Entire home/apt,131.0,1,357,2025-07-25,5.02,40,134,24,,2025-07
28764644,Affordable CBD Studio For 4!  - Free Parking,180772694,Andrew,Christchurch City,Fendalton Ward,-43.52201,172.62124,Entire home/apt,87.0,1,157,2025-07-20,1.91,1,299,55,,2025-07
1062525801573252836,Your Ultimate Getaway Awaits! 3 bedroom,551181197,Paula Kat Charlotte,Christchurch City,Central Ward,-43.5361789,172.6353027,Entire home/apt,336.0,1,83,2025-09-22,3.99,146,184,48,,2025-09
1508333579601395885,Prime Location! Cozy Apartment Near ONE NZ Stadium,365360819,Chao,Christchurch City,Central Ward,-43.5334849,172.6492141,Entire home/apt,116.0,1,0,,,13,130,0,,
1495375358522144115,Christchurch Charmer 1 bed CBD,331763232,Benjamin Dearden,Christchurch City,Central Ward,-43.53317,172.64955,Entire home/apt,113.0,1,0,,,96,80,0,,
908930082943794248,Cashel Street Hideaway 2 bed 2 bath,482671075,Paula Corinne,Christchurch City,Central Ward,-43.5334885,172.6499689,Entire home/apt,170.0,1,49,2025-08-24,1.77,124,256,22,,2025-08
49930417,"LOCATION, LOCATION! SUNNY TOWNHOUSE IN MERIVALE",386394417,Kimberly,Christchurch City,Fendalton Ward,-43.51329,172.62607,Entire home/apt,282.0,2,125,2025-09-30,2.38,1,259,26,,2025-09
49574851,Deluxe two bedroom unit,237306334,Erin,Christchurch City,Fendalton Ward,-43.51936,172.626,Entire home/apt,300.0,1,12,2025-09-27,0.22,2,52,6,,2025-09
1280763454636782763,Ultimate Christchurch Escape: 4-Bed 4-Bath Carpark,482671075,Paula Corinne,Christchurch City,Central Ward,-43.5373554449877,172.64140092247777,Entire home/apt,319.0,1,4,2025-10-02,2.61,124,202,4,,2025-10
19000230,LOCATION .. central to everything! Sunny + modern!,905079,Fiona And Steven,Christchurch City,Fendalton Ward,-43.51804,172.58487,Private room,90.0,2,223,2025-09-13,2.2,1,249,22,,2025-09
52623958,Studio Quad Room at Samhil Motor Lodge,425993439,Raj,Christchurch City,Riccarton Ward,-43.52948,172.60972,Private room,165.0,1,0,,,4,356,0,,
862729897306600043,Riccarton 2 Bed 1 Bath w/Garage,482671075,Paula Corinne,Christchurch City,Riccarton Ward,-43.53502,172.58588,Entire home/apt,255.0,1,73,2025-08-31,2.42,124,222,35,,2025-08
1379861160925869869,Sunny Studio Sanctuary â Bath Street Stay,331763232,Benjamin Dearden,Christchurch City,Central Ward,-43.540256032621336,172.63539776541245,Entire home/apt,112.0,1,5,2025-09-14,0.83,96,150,5,,2025-09
787778775400488819,Beating Heart of Christchurch,202585247,Ohana,Christchurch City,Central Ward,-43.5366847,172.6407056,Entire home/apt,158.0,1,209,2025-09-27,6.17,121,56,62,,2025-09
40493902,Luxury Style Free Street Parking CBD Location,45768555,Lexia Margaret,Christchurch City,Central Ward,-43.53641,172.64227,Entire home/apt,115.0,1,279,2025-09-14,3.95,60,259,20,,2025-09
684181385138500939,Incredible luxury 3 floors Townhouse High Ceiling,86216394,Min,Christchurch City,Central Ward,-43.53307,172.64968,Entire home/apt,189.0,1,152,2025-09-21,3.97,40,106,28,,2025-09
1221401518048257076,Derby St Townhouse,24205506,Karen Louise,Christchurch City,Central Ward,-43.51903,172.63022,Entire home/apt,215.0,1,0,,,77,261,0,,
674260150226299749,Bealey Avenue 3 Bedroom Villa-Central Christchurch,1368723,Natalia,Christchurch City,Central Ward,-43.5203862308847,172.65018604695797,Entire home/apt,240.0,2,60,2025-06-30,1.64,3,47,6,,2025-06
1507770108046584640,Accessible City Stay - Opposite Stadium,24205506,Karen Louise,Christchurch City,Central Ward,-43.53451344322469,172.64319595853706,Entire home/apt,148.0,1,1,2025-10-05,1.0,77,202,1,,2025-10
1056783083626078009,Modern City Lifestyle: 2 Bedroom 1 Bath,551181197,Paula Kat Charlotte,Christchurch City,Central Ward,-43.5361789,172.6353027,Entire home/apt,189.0,1,40,2025-08-28,1.86,146,249,12,,2025-08
1415470148306086200,Spacious Allen Street 1BR Stay,331763232,Benjamin Dearden,Christchurch City,Central Ward,-43.53704337698154,172.64094019607683,Entire home/apt,135.0,2,2,2025-08-23,0.91,96,181,2,,2025-08
1509939822688570543,BRAND NEW apartment â1.5km to city centre!,45564662,Shelly,Christchurch City,Central Ward,-43.5334223,172.6599007,Entire home/apt,181.0,1,0,,,1,339,0,,
1226313744008101573,Stylish Central City townhouse Next to Little High,551181197,Paula Kat Charlotte,Christchurch City,Central Ward,-43.5366847,172.6407056,Entire home/apt,417.0,1,25,2025-09-21,1.89,146,223,23,,2025-09
1277369390441388419,Spacious 4-Bedroom Family Home!,586798345,Sara,Christchurch City,Riccarton Ward,-43.51878325568993,172.5720306953272,Entire home/apt,129.0,3,1,2025-03-03,0.14,1,36,1,,2025-03
1085966000704620213,Central 3BR Stay on St Asaph Street,331763232,Benjamin Dearden,Christchurch City,Central Ward,-43.53507,172.63579,Entire home/apt,210.0,2,82,2025-09-22,4.05,96,42,54,,2025-09
1371188904937170127,"Stylish Unit near CBD, Te Pae,Town Hall,Hagly Park",331762601,Yvonne,Christchurch City,Central Ward,-43.5275385,172.6315072,Entire home/apt,115.0,3,9,2025-10-05,1.44,2,58,9,,2025-10
1367113532457819375,Bibiana Breeze,370686572,Lin,Christchurch City,Halswell Ward,-43.56677655558515,172.57146254181862,Entire home/apt,356.0,1,9,2025-09-29,1.63,1,339,9,,2025-09
656228133419711952,Triple Room with Private Living Area and Balcony,1743811,Kelly,Christchurch City,Spreydon Ward,-43.55059,172.60995,Private room,39.0,7,4,2022-12-09,0.11,5,153,0,,2022-12
18584458,"Beautiful Bush Setting, 5 mins from Airport.",129035891,Paula,Christchurch City,Harewood Ward,-43.46262,172.59438,Private room,79.0,1,115,2025-07-12,1.21,1,343,14,,2025-07
626271546787038507,The Ki House in Fendalton,81390838,Katie,Christchurch City,Fendalton Ward,-43.51892,172.60488,Entire home/apt,304.0,2,26,2025-04-13,0.69,45,273,9,,2025-04
1409725420264680201,Stadium Suite on Southwark - Luxury in City Centre,551181197,Paula Kat Charlotte,Christchurch City,Central Ward,-43.5369835,172.6408163,Entire home/apt,164.0,1,3,2025-08-16,0.59,146,275,3,,2025-08
1301983968678140951,Studio with City Views â Bath Street,331763232,Benjamin Dearden,Christchurch City,Central Ward,-43.53841332301918,172.6355686561438,Entire home/apt,128.0,2,18,2025-09-09,1.83,96,79,18,,2025-09
1296543297720263718,Charming Studio with desk space near South City,551181197,Paula Kat Charlotte,Christchurch City,Central Ward,-43.5392668,172.6349548,Entire home/apt,116.0,1,23,2025-09-29,2.2,146,328,23,,2025-09
1140834812828605194,"Warm, sunny, modern home",278432309,Sarah,Christchurch City,Burwood Ward,-43.48268,172.66932,Entire home/apt,172.0,2,13,2025-08-01,0.75,1,37,4,,2025-08
17386921,Eliza House (Group Bookings - breakfast included),110222955,Beverley Pamela,Christchurch City,Fendalton Ward,-43.5103,172.62456,Private room,230.0,1,29,2023-02-11,0.28,2,303,0,,2023-02
792037440328699357,A Touch of Luxury in CHCH CBD,482671075,Paula Corinne,Christchurch City,Central Ward,-43.5366847,172.6407056,Entire home/apt,188.0,1,38,2025-07-05,1.15,124,231,10,,2025-07
768455795847426978,Whow! Unique Quirky Spacious Free Off Street Park,45768555,Lexia Margaret,Christchurch City,Central Ward,-43.5374746,172.6384688,Entire home/apt,177.0,1,63,2025-08-15,1.83,60,210,18,,2025-08
846595843743458997,2 Bedrooms apprtmt.+Underground Parking in CBD,245025642,Amy,Christchurch City,Central Ward,-43.53498,172.63512,Entire home/apt,153.0,1,158,2025-09-01,5.06,1,122,31,,2025-09
1429318633599582036,Inner City Studio Retreat,331763232,Benjamin Dearden,Christchurch City,Central Ward,-43.53747844254689,172.647475668393,Entire home/apt,101.0,2,6,2025-09-20,1.89,96,177,6,,2025-09
1422044130736008283,Relax and Unwind Central City Hideaway w Carpark,551181197,Paula Kat Charlotte,Christchurch City,Central Ward,-43.53857106994883,172.63737185289037,Entire home/apt,205.0,1,5,2025-09-25,1.15,146,277,5,,2025-09
797199553416126759,Central City Convenience At The Salt District,49642171,Xihang,Christchurch City,Central Ward,-43.53697,172.64091,Entire home/apt,135.0,1,106,2025-09-30,3.22,88,276,12,,2025-09
39274870,Private Room with ensuite close to Airport/CBD,55841444,Stefano,Christchurch City,Fendalton Ward,-43.50358,172.58965,Private room,85.0,1,470,2025-10-06,6.52,1,19,70,,2025-10
15454568,Sunny and private townhouse close to city centre,60663898,Ange,Christchurch City,Innes Ward,-43.50932,172.63326,Entire home/apt,248.0,2,37,2025-02-22,0.34,1,357,1,,2025-02
43971005,One central apartments city centre,128163295,Rachael,Christchurch City,Central Ward,-43.5339,172.64374,Entire home/apt,148.0,2,108,2025-09-17,1.69,3,280,5,,2025-09
1335685529834728922,"Queen + KS Private Entry, Deck
& Ensuite 
 Room 1",672613640,Stephen,Christchurch City,Burwood Ward,-43.50996,172.668,Private room,87.0,1,33,2025-05-06,4.04,3,328,33,,2025-05
47583890,"Chch Central, kitchenette, 800m to New Regent St",16718467,Stephen,Christchurch City,Central Ward,-43.52387,172.64298,Private room,57.0,1,88,2025-09-22,1.61,2,119,36,,2025-09
39559004,Deluxe Standard Cabin,98758734,North South Holiday Park,Christchurch City,Harewood Ward,-43.47004,172.57088,Private room,114.0,1,29,2025-02-11,0.4,20,360,1,,2025-02
1038906639695908558,One Bedroom up for grabs,521722847,William,Christchurch City,Fendalton Ward,-43.50581,172.61695,Private room,92.0,1,0,,,2,266,0,,
27532768,"A cosy, rustic family holiday home  in the city",133135248,Wayne,Christchurch City,Central Ward,-43.52414,172.66494,Entire home/apt,96.0,1,100,2021-02-13,1.17,1,162,0,,2021-02
1277917115508682073,BnB 2 Rooms upstairs near Christchurch Airport,250552000,Sreela,Christchurch City,Harewood Ward,-43.45269308740136,172.61732278761832,Private room,126.0,1,10,2025-10-07,0.96,2,129,10,,2025-10
1330290769226446104,Luxury 2 Bed Near ARA/Stadium and CBD With Parking,49642171,Xihang,Christchurch City,Linwood Ward,-43.53874223316468,172.65950393301003,Entire home/apt,104.0,1,7,2025-09-30,0.83,88,331,7,,2025-09
1501212289758612698,Rimu Retreat - Your Home Away from Home,3953223,Tracey,Christchurch City,Innes Ward,-43.50897,172.64979,Entire home/apt,164.0,2,0,,,1,116,0,,
1438791003548877720,"Classical, with space, new (CNZhouse)",55183024,Clark,Christchurch City,Central Ward,-43.52775370000001,172.6497157,Entire home/apt,115.0,1,22,2025-10-06,5.64,3,259,22,,2025-10
1056001137050214112,Luxury City Pad Near Riverside Market Free Parking,49642171,Xihang,Christchurch City,Central Ward,-43.5361789,172.6353027,Entire home/apt,183.0,1,11,2025-01-04,0.51,88,283,4,,2025-01
53448614,super king size bed give you comfortable enjoyment,114475989,Vince,Christchurch City,Hornby Ward,-43.52093,172.53431,Private room,76.0,1,46,2025-09-25,1.27,4,247,12,,2025-09
1483133910104107133,Travellers' dream close2 airport,365360819,Chao,Christchurch City,Papanui Ward,-43.4931863,172.6123595,Entire home/apt,118.0,1,3,2025-10-01,3.0,13,105,3,,2025-10
1027864169621451664,Quiet Room in Christchurch,338919098,Josh,Christchurch City,Innes Ward,-43.4959,172.64196,Private room,54.0,1,4,2024-09-06,0.18,2,89,0,,2024-09
33688229,Brand new bargain price for beauty,201638718,Helen,Christchurch City,Burwood Ward,-43.47825,172.6721,Private room,60.0,1,51,2025-03-09,1.27,3,77,1,,2025-03
1074194198870092313,Central Chch Greek Island Vibe: 2bed townhouse,551181197,Paula Kat Charlotte,Christchurch City,Central Ward,-43.5334596,172.6490214,Entire home/apt,143.0,1,24,2025-09-21,1.17,146,238,9,,2025-09
23166665,Central City Comfort and Style off street parking,82911111,Joanne Lesley,Christchurch City,Innes Ward,-43.5056,172.64269,Private room,87.0,2,67,2025-02-16,0.72,1,86,3,,2025-02
1267585931400180700,At the head of Akaroa Harbour,191584754,Kathryn,Christchurch City,Banks Peninsula Ward,-43.755343512285,172.944421400829,Entire home/apt,284.0,2,2,2025-03-08,0.21,2,166,2,,2025-03
1505481437814885140,Cozy Private Room in Spacious Home â Near City,284171267,Thrwat,Christchurch City,Innes Ward,-43.48762,172.64995,Private room,79.0,1,0,,,1,276,0,,
843917675732912298,A Hidden Gem in central city,133703679,Anthy,Christchurch City,Central Ward,-43.53760740000001,172.6252083,Entire home/apt,143.0,1,46,2025-07-17,1.47,3,288,10,,2025-07
1187870849506330840,Lovely Small room for small price in new house,201638718,Helen,Christchurch City,Burwood Ward,-43.4763,172.67121,Private room,40.0,1,45,2025-10-04,2.93,3,167,38,,2025-10
708896459416149338,"The Terraces, 1 Bedroom Apartment in Huntsbury",110401860,Adam,Christchurch City,Cashmere Ward,-43.56299,172.65049,Entire home/apt,68.0,2,39,2025-08-10,1.07,1,69,15,,2025-08
1298825819572982521,Mountain vistas over the city,57221522,Rufus,Christchurch City,Cashmere Ward,-43.56334,172.66344,Entire home/apt,198.0,2,6,2025-04-21,0.63,1,40,6,,2025-04
1446150122997854227,Spacious Double Room in Papanui,505310570,Gishnu,Christchurch City,Papanui Ward,-43.48812668491384,172.6230716336954,Private room,74.0,1,0,,,1,365,0,,
735028956064632114,Homey & cozy place near the CBD,23398504,Dionne Melodi,Christchurch City,Central Ward,-43.51649,172.63395,Private room,64.0,1,37,2024-12-20,1.09,1,66,5,,2024-12
718566556166952597,Best Stay in Town,237719878,Kelvin,Christchurch City,Central Ward,-43.51906,172.65332,Private room,101.0,1,0,,,1,365,0,,
1837611,"Close to University, 10 mins from Airport and City",9542449,Shona,Christchurch City,Fendalton Ward,-43.51332,172.5784,Private room,75.0,2,87,2025-09-18,0.61,1,213,16,,2025-09
1046157440027138070,Little Gem in a private place,235601944,Somalay,Christchurch City,Papanui Ward,-43.4945193,172.5988882,Private room,46.0,1,32,2025-08-13,1.48,1,62,15,,2025-08
1055944673062586321,Budget Single Room close to Airport,96129652,Su,Christchurch City,Fendalton Ward,-43.50445,172.58762,Private room,41.0,1,121,2025-09-27,5.62,4,68,54,,2025-09
1518591641387401694,Hidden Gem in the City,133053720,Jade,Christchurch City,Innes Ward,-43.51506,172.6337,Private room,104.0,1,0,,,2,365,0,,
1522179050119911902,A Hidden Gem right in City Centre,133053720,Jade,Christchurch City,Fendalton Ward,-43.51334,172.63166,Private room,105.0,1,0,,,2,362,0,,
1041062993898302148,Holly Road Executive Townhouse,81390838,Katie,Christchurch City,Fendalton Ward,-43.51746,172.62558,Entire home/apt,351.0,2,16,2025-04-16,0.77,45,143,4,,2025-04
1335260492835240060,Ensuite room near City2Seapath,265879830,Thi Hau,Christchurch City,Burwood Ward,-43.51141619795895,172.66694080084562,Private room,91.0,1,5,2025-10-02,0.65,1,271,5,,2025-10
902435483982528550,Modern city apt with pool & gym,517253710,Claire,Christchurch City,Central Ward,-43.52235,172.64568,Entire home/apt,135.0,2,46,2025-07-08,1.61,1,348,16,,2025-07
27786771,Spacious centrally located - 7 Night special deals,24205506,Karen Louise,Christchurch City,Central Ward,-43.52795,172.6289,Entire home/apt,190.0,1,87,2025-09-18,1.16,77,323,7,,2025-09
1295441582131704241,Cozy City Studio â Bath Street Escape,331763232,Benjamin Dearden,Christchurch City,Central Ward,-43.53969770955626,172.6338076255217,Entire home/apt,99.0,2,13,2025-09-23,1.24,96,62,13,,2025-09
1204791721703121332,Unique Stadium View in St Asaph 2 bed 2 bath,551181197,Paula Kat Charlotte,Christchurch City,Central Ward,-43.53633,172.64837,Entire home/apt,164.0,1,7,2025-06-30,0.68,146,257,7,,2025-06
600151871958662797,Little Garden Home,81390838,Katie,Christchurch City,Fendalton Ward,-43.51806,172.60983,Entire home/apt,211.0,2,11,2025-09-12,0.28,45,242,1,,2025-09
1506366164583991766,3brm open plan fully fenced house near CBD,135727771,Arlene,Christchurch City,Innes Ward,-43.508558569809765,172.64780927449465,Entire home/apt,214.0,2,0,,,1,353,0,,
1500900189628614699,Forfar Casa,243047638,Clara,Christchurch City,Innes Ward,-43.50728,172.63954,Private room,84.0,1,0,,,2,363,0,,
1476549906125688285,"Akaroa Hideaway â Cosy Studio, walk to Village",24205506,Karen Louise,Christchurch City,Banks Peninsula Ward,-43.80895614423801,172.96378521083906,Entire home/apt,129.0,1,1,2025-09-14,1.0,77,347,1,,2025-09
1172098772839063154,Chic 2-Bedroom Apartment on Avon River,682808597,Devon,Christchurch City,Fendalton Ward,-43.52111,172.62193,Entire home/apt,313.0,1,62,2025-09-28,4.22,22,208,57,,2025-09
634110355656239813,High Roller Luxury Casino Suite & Hot Tub,202585247,Ohana,Christchurch City,Central Ward,-43.52611541748047,172.63377380371094,Entire home/apt,142.0,1,365,2025-10-03,8.92,121,94,80,,2025-10
1343748772899999213,Touch of Class 2Bdrm free Park CBD,45768555,Lexia Margaret,Christchurch City,Central Ward,-43.53172134122224,172.6439482148887,Entire home/apt,156.0,1,8,2025-09-23,0.95,60,326,8,,2025-09
947535036619522313,"Family friendly, harbour views",487780645,Holly,Christchurch City,Banks Peninsula Ward,-43.60255622232757,172.71415979577029,Entire home/apt,297.0,2,8,2025-04-21,0.37,1,171,2,,2025-04
43281284,Central City Brand New 3 bed room,181322080,Isabella,Christchurch City,Central Ward,-43.52351,172.64143,Entire home/apt,572.0,2,20,2024-11-23,0.31,1,345,1,,2024-11
1383649095119345614,Modern 2BR House on Madras Street,331763232,Benjamin Dearden,Christchurch City,Central Ward,-43.52430262642784,172.64291642604638,Entire home/apt,152.0,2,3,2025-04-30,0.51,96,48,3,,2025-04
967843133073777514,"Tuam Street delight, 4 bed 4 bath with Carpark",482671075,Paula Corinne,Christchurch City,Central Ward,-43.535568,172.6318853,Entire home/apt,466.0,1,109,2025-10-03,4.3,124,232,35,,2025-10
22130249,Self Contained Studio 10min from City centre,45165874,Tania,Christchurch City,Linwood Ward,-43.5420367,172.6694475,Entire home/apt,73.0,2,176,2025-10-04,1.85,3,24,21,,2025-10
1167722540372439663,Luxury Three Bedroom City Getaway,72194360,Breidi,Christchurch City,Papanui Ward,-43.50177,172.62477,Entire home/apt,288.0,2,18,2025-10-02,1.27,8,203,16,,2025-10
1487337514545087645,Cozy Studio with Backyard in Wilmer Street,331763232,Benjamin Dearden,Christchurch City,Central Ward,-43.53782,172.63055,Entire home/apt,127.0,2,1,2025-09-10,1.0,96,173,1,,2025-09
35432336,Orari - Room 1,258827985,Ashton,Christchurch City,Central Ward,-43.53059,172.63005,Hotel room,278.0,1,1,2024-08-03,0.07,10,183,0,,2024-08
40491071,Riverside Studio -  Christchurch City Centre,182132264,Sarah,Christchurch City,Central Ward,-43.53464,172.63112,Entire home/apt,185.0,1,448,2025-10-01,6.59,1,26,68,,2025-10
53190702,"Stylish close to city, 2 bedroom house, 1 carpark",97694138,Stacey,Christchurch City,Spreydon Ward,-43.54561,172.61926,Entire home/apt,114.0,2,117,2025-10-07,2.53,2,303,38,,2025-10
1016446456564642746,Refined Retreat holiday house,74811135,Yaoyao,Christchurch City,Spreydon Ward,-43.54448,172.62041,Entire home/apt,143.0,1,119,2025-09-19,5.12,40,310,61,,2025-09
1074110761010947779,Renovated City Retreat - with secure carpark,24205506,Karen Louise,Christchurch City,Central Ward,-43.52827,172.647,Entire home/apt,178.0,1,8,2025-05-03,0.4,77,331,2,,2025-05
1346900448115617221,Calm & Cozy Townhouse With Garage + Sky Sport!,544843325,Lianne,Christchurch City,Heathcote Ward,-43.55713944984726,172.6433516630783,Entire home/apt,135.0,2,11,2025-09-28,1.36,1,260,11,,2025-09
1389437636677602756,City-Fringe Gem â¢ Chic Studio in Prime Location,551181197,Paula Kat Charlotte,Christchurch City,Central Ward,-43.5371788,172.6478091,Entire home/apt,124.0,1,14,2025-10-03,2.23,146,0,14,,2025-10
1375126518889911598,Central city luxury apartment 2 min to  Te Kaha,87223355,Karen,Christchurch City,Central Ward,-43.5311796,172.6445883,Entire home/apt,227.0,1,0,,,3,191,0,,
925876583304780110,Large Sunny Room Upstairs (En-suite),184564246,Tung,Christchurch City,Waimairi Ward,-43.49645,172.56616,Private room,78.0,1,18,2025-02-25,0.82,5,239,3,,2025-02
1466943293362630657,A cozy corner in the busy city,133703679,Anthy,Christchurch City,Harewood Ward,-43.51094,172.50287,Private room,152.0,1,0,,,3,365,0,,
1048306929505766503,Sunny Oasis: Modern Loft Hidden on Cashel,311094794,Lulu,Christchurch City,Central Ward,-43.5335979,172.6499267,Entire home/apt,113.0,1,89,2025-09-13,4.12,2,252,46,,2025-09
1460615188809441079,New Central Stay Near Christchurchâs Best | Unit 2,573419952,Bruce,Christchurch City,Central Ward,-43.53237,172.64842,Entire home/apt,240.0,1,13,2025-09-27,7.36,8,253,13,,2025-09
1342946465975261854,Self Contained Unit: 10mins from CBD/ EV Charger,24205506,Karen Louise,Christchurch City,Fendalton Ward,-43.51194737647095,172.60284757964183,Entire home/apt,107.0,1,5,2025-09-12,1.58,77,127,5,,2025-09
5752166,Chic Private Studio 6mins from Airport & shops/bus,28774099,Elizabeth,Christchurch City,Harewood Ward,-43.48641586303711,172.58523559570312,Entire home/apt,131.0,1,515,2025-09-30,11.15,2,274,62,,2025-09
1492591036106747748,City Escape 2B2B in Central CHCH,378938952,Joseph,Christchurch City,Central Ward,-43.5261118,172.6474369,Entire home/apt,134.0,2,2,2025-09-30,2.0,2,282,2,,2025-09
1039533776526946400,Convenient Urban Townhouse 2 carparks available,45768555,Lexia Margaret,Christchurch City,Central Ward,-43.52938,172.65176,Entire home/apt,147.0,1,58,2025-09-17,2.65,60,319,19,,2025-09
12073907,Grassmere Estate  With Beautiful Tranquil Gardens,64702979,Kim And Mandy,Christchurch City,Papanui Ward,-43.49461,172.61691,Entire home/apt,179.0,2,238,2025-09-28,2.1,1,233,13,,2025-09
698679672986567099,Church Bay Hideaway - Beach Access & Sea Views,26320955,Laura,Christchurch City,Banks Peninsula Ward,-43.633959914136426,172.71888077259064,Entire home/apt,250.0,2,189,2025-09-28,5.6,1,237,46,,2025-09
984555851970849256,"An Easy Walk to the CBD - 2 Bed, 2 Bathroom",482671075,Paula Corinne,Christchurch City,Central Ward,-43.53212,172.64593,Entire home/apt,182.0,1,29,2025-08-13,1.17,124,213,9,,2025-08
747299313315958022,Latimer View Apartment,81390838,Katie,Christchurch City,Central Ward,-43.5304985,172.64199829,Entire home/apt,317.0,2,42,2025-10-01,1.19,45,268,6,,2025-10
1224943158323892998,Townhouse Close To Merivale. Off Street  Parking,72194360,Breidi,Christchurch City,Fendalton Ward,-43.50695,172.62289,Entire home/apt,193.0,2,30,2025-10-02,2.34,8,319,26,,2025-10
22571313,Two Bedroom Spa Bath Apartment,44728588,Anita Marie,Christchurch City,Papanui Ward,-43.48523,172.61557,Hotel room,225.0,1,8,2025-02-07,0.09,6,340,1,,2025-02
971246924251015386,Cosy Room,82738418,Daniel,Christchurch City,Fendalton Ward,-43.50232,172.5894,Private room,41.0,2,88,2025-06-17,3.48,1,71,39,,2025-06
1322281891107360213,Relax and enjoy your stayâ¦!,667897298,Kanchana Udayanthi,Christchurch City,Harewood Ward,-43.47891,172.58744,Private room,100.0,1,11,2025-10-03,1.32,1,361,11,,2025-10
39559008,Standard Cabin,98758734,North South Holiday Park,Christchurch City,Harewood Ward,-43.47117,172.57144,Private room,102.0,1,21,2025-08-21,0.32,20,345,2,,2025-08
1085712832302428003,Small/Single bedroom with private shower & toilet.,417869210,Tom,Christchurch City,Harewood Ward,-43.47905,172.58314,Private room,50.0,1,87,2025-05-07,4.29,1,9,32,,2025-05
1168531571545483689,Haka House - Twin room,565751605,Aashish,Christchurch City,Central Ward,-43.53221804976927,172.6298845607308,Private room,123.0,1,13,2025-07-26,0.86,10,325,8,,2025-07
1065565103002127833,Bungalow in Riccarton,51287913,Ruihua,Christchurch City,Riccarton Ward,-43.53241,172.58045,Entire home/apt,185.0,1,30,2025-09-29,1.44,1,70,14,,2025-09
1085736998993718128,Montreal Tack Room,235792794,Tiffany,Christchurch City,Central Ward,-43.5257371,172.6303234,Entire home/apt,611.0,1,2,2024-03-24,0.11,2,281,0,,2024-03
28923326,Brand New 2BR Home - Close to Everything,147777927,Venu,Christchurch City,Linwood Ward,-43.53239,172.67073,Entire home/apt,159.0,1,80,2025-08-20,4.29,3,103,49,,2025-08
1510470250234345755,Unit in Ilam,53500855,Amanda,Christchurch City,Riccarton Ward,-43.51882450000001,172.5756096,Entire home/apt,104.0,1,0,,,1,98,0,,
17833991,THe Meadows Villa,121973814,Bruce,Christchurch City,Innes Ward,-43.4363,172.66778,Entire home/apt,220.0,2,35,2024-06-30,0.39,1,246,0,,2024-06
1048872340397416517,Executive Family - 7 mins to city - Sleep 6,25553832,Rachel,Christchurch City,Halswell Ward,-43.56451,172.58281,Entire home/apt,244.0,1,76,2025-10-02,3.74,2,297,46,,2025-10
1001066360429786234,Sunny Room in Central City,69744267,Emile,Christchurch City,Central Ward,-43.51725,172.66004,Private room,62.0,1,50,2025-09-27,2.09,2,153,24,,2025-09
1456080072430491022,Wairarapa Cottage - Merivale,81390838,Katie,Christchurch City,Fendalton Ward,-43.51695,172.61193,Entire home/apt,235.0,2,1,2025-08-17,0.57,45,179,1,,2025-08
1472161217701891393,Merivale Court Family Suit(2bedr)-Unit 4,707858717,Hao,Christchurch City,Fendalton Ward,-43.51604056114709,172.62541014961516,Entire home/apt,161.0,1,1,2025-09-19,1.0,12,351,1,,2025-09
1053060138588435011,Discover Elegance - New central Haven. 3 bedroom,551181197,Paula Kat Charlotte,Christchurch City,Central Ward,-43.5360956,172.63505,Entire home/apt,308.0,1,120,2025-10-01,5.54,146,198,54,,2025-10
950101202044267016,Central City Hideout with/Free Car parking,482671075,Paula Corinne,Christchurch City,Central Ward,-43.5197978,172.653372,Entire home/apt,130.0,1,137,2025-10-04,5.21,124,299,58,,2025-10
703217582305232763,Christchurch Westfield holiday home,211195948,Jenny,Christchurch City,Riccarton Ward,-43.53713,172.59225,Entire home/apt,161.0,1,162,2025-09-16,4.34,17,140,44,,2025-09
44360235,Modern & Cosy Timber Guesthouse,107328831,Carol & Ken,Christchurch City,Halswell Ward,-43.59833,172.61693,Entire home/apt,174.0,2,135,2025-10-01,2.14,1,231,18,,2025-10
958226999670291684,"Sunsoaked & Stylish 3 Bed, 1.5 Bath Home w Garage",482671075,Paula Corinne,Christchurch City,Innes Ward,-43.50693,172.63762,Entire home/apt,234.0,1,105,2025-10-03,4.03,124,243,34,,2025-10
28162459,"Garden View Apartment, private and sunny.",102175588,Ann-Marie,Christchurch City,Harewood Ward,-43.45472,172.6245,Entire home/apt,90.0,1,475,2025-10-05,5.58,1,274,84,,2025-10
1520768040170934173,The Light Inn,50942205,Sophie,Christchurch City,Harewood Ward,-43.4771618,172.5923278,Entire home/apt,254.0,3,0,,,1,264,0,,
837058062814020519,Enchanting Getaway in Merivale,202585247,Ohana,Christchurch City,Fendalton Ward,-43.5146541,172.6258586,Entire home/apt,113.0,1,227,2025-09-24,7.16,121,56,76,,2025-09
1313398398968012071,CBD New 2 Bed 2 Baths By Hagley Park With Parking,49642171,Xihang,Christchurch City,Spreydon Ward,-43.54165709632117,172.6115757281866,Entire home/apt,162.0,1,7,2025-05-18,0.78,88,183,7,,2025-05
1301129310400396913,2 bed 2 bath with Carpark near Canterbury Uni,482671075,Paula Corinne,Christchurch City,Fendalton Ward,-43.51993979758108,172.58499366106443,Entire home/apt,175.0,1,40,2025-10-04,3.9,124,170,40,,2025-10
1403402595300125274,2BR Movie-Themed Retreat | Sleeps 5,59249793,Philip,Christchurch City,Fendalton Ward,-43.5152927,172.614752,Entire home/apt,129.0,1,9,2025-09-07,1.91,7,12,9,,2025-09
1158883105878776459,Location - Spacious Apartment in City Centre,45172785,Lisa,Christchurch City,Central Ward,-43.5340324,172.6425015,Entire home/apt,109.0,1,45,2025-09-20,2.74,44,314,39,,2025-09
1515727300425817246,Central City Apartment. Sleeps 4. Elevator Access,551181197,Paula Kat Charlotte,Christchurch City,Central Ward,-43.535675,172.6355541,Entire home/apt,173.0,1,0,,,146,239,0,,
29661763,Luxury/BrandyNew 2 bedroom heart CDB Free Carpk!,56790664,Yan,Christchurch City,Central Ward,-43.5361789,172.6353027,Entire home/apt,160.0,1,113,2025-10-01,5.27,5,232,57,,2025-10
1416389140193851033,Lovely CBD Studio on Allen,331763232,Benjamin Dearden,Christchurch City,Central Ward,-43.53847676085857,172.64245867038534,Entire home/apt,103.0,1,2,2025-09-20,1.87,96,183,2,,2025-09
1506875717116876955,Stadium Central 2â Modern CBD Stay w/ Secure Entry,24205506,Karen Louise,Christchurch City,Central Ward,-43.5340324,172.6425015,Entire home/apt,156.0,1,0,,,77,238,0,,
18293759,"City Paradise  
CabbageTree Retreat",126515549,Vicky,Christchurch City,Central Ward,-43.52263,172.65459,Entire home/apt,113.0,2,332,2025-09-26,3.31,1,307,19,,2025-09
1254641538177955272,Charming 3-Bedroom Retreat with Modern Comforts,482671075,Paula Corinne,Christchurch City,Linwood Ward,-43.54357,172.66373,Entire home/apt,202.0,1,20,2025-09-13,1.69,124,270,20,,2025-09
714704241562367821,"Fantastic central location,stylish,5 star reviews",27424928,Josie,Christchurch City,Central Ward,-43.5369355,172.6380263,Entire home/apt,170.0,2,159,2025-10-03,4.32,1,132,54,,2025-10
43582798,Like new 2 bed fast broadband and car space,123463466,Tracey,Christchurch City,Central Ward,-43.5348,172.64281,Entire home/apt,160.0,3,179,2025-09-29,3.42,3,130,49,,2025-09
1300312004097829413,"Central City, Stylish Studio Living",482671075,Paula Corinne,Christchurch City,Central Ward,-43.538008644440296,172.6362209520908,Entire home/apt,133.0,1,75,2025-09-27,7.45,124,215,75,,2025-09
1103787467513725189,Strowan manor - off street park,8056856,Samantha,Christchurch City,Fendalton Ward,-43.50819105105269,172.60960839196972,Entire home/apt,99.0,2,24,2025-10-02,1.24,1,103,22,,2025-10
1368353506669763351,City Fringe Hideout - 2 Bed With Car Park,49642171,Xihang,Christchurch City,Linwood Ward,-43.53820025340523,172.658439460667,Entire home/apt,132.0,1,6,2025-09-17,0.84,88,344,6,,2025-09
667758223208977117,"WakeUp in CHCH Urban Oasis, Close to Arena&Railway",25913857,Ads,Christchurch City,Spreydon Ward,-43.54508,172.61071,Entire home/apt,134.0,1,210,2025-10-07,5.32,1,315,60,,2025-10
2238148,"Private, Cosy Self Contained. Long Stay's Welcome",6155840,Robyn,Christchurch City,Papanui Ward,-43.47967543598596,172.61712715029716,Entire home/apt,84.0,2,398,2025-10-06,2.81,1,206,60,,2025-10
1047531436179474590,Parkside Convenient Living - Close to Westfield!,49642171,Xihang,Christchurch City,Riccarton Ward,-43.53426,172.5846,Entire home/apt,81.0,1,40,2025-09-07,1.97,88,280,20,,2025-09
1496742999002292409,Luxury Penthouse in the City,72194360,Breidi,Christchurch City,Central Ward,-43.5264225,172.6329885,Entire home/apt,720.0,2,0,,,8,173,0,,
1067088958697917140,2-Bed Oasis with a King Bed and Green Accents,551181197,Paula Kat Charlotte,Christchurch City,Central Ward,-43.5324672,172.6493601,Entire home/apt,159.0,1,43,2025-09-15,2.05,146,224,27,,2025-09
929187095309978911,Unique NewYork loft apartment in Heritage Building,117503447,Liliana,Christchurch City,Central Ward,-43.53559,172.63696,Entire home/apt,192.0,2,90,2025-09-20,3.52,2,311,40,,2025-09
1502555039212766605,Modern 3 bedroom 3 Bathroom in CBD,211195948,Jenny,Christchurch City,Central Ward,-43.53421,172.64758,Entire home/apt,151.0,1,1,2025-09-22,1.0,17,191,1,,2025-09
1347712974941210246,At the central of Halswell,352644732,Vinu,Christchurch City,Halswell Ward,-43.574274,172.5807215,Private room,64.0,1,2,2025-05-18,0.25,1,363,2,,2025-05
1063508882344658729,Burnsideï¼ç»æµå®æ 4 æ¿ï¼ç¬ç«å«å¢ï¼è¿æºåºï¼å®éå°¾è¡,180085404,Jessie,Christchurch City,Papanui Ward,-43.4970961,172.5904639,Entire home/apt,270.0,1,9,2024-03-01,0.43,4,6,0,,2024-03
1395263900138500438,"Central 1BR Apt - Balcony, Kitchen & Bath",202585247,Ohana,Christchurch City,Central Ward,-43.535478,172.6351439,Entire home/apt,139.0,1,29,2025-09-16,4.94,121,121,29,,2025-09
691560291828319358,sunny house ( near airport),413070785,Sharon,Christchurch City,Waimairi Ward,-43.49627,172.57458,Entire home/apt,255.0,1,148,2025-10-03,3.98,1,249,44,,2025-10
1468135799576359318,"Binge, Chill & Snooze Pad",561053190,Dhruv,Christchurch City,Central Ward,-43.51948549999999,172.6378499,Entire home/apt,41.0,1,0,,,1,273,0,,
1073598316388110078,Designer Detailing in the CBD: 2 bed 2.5 bath,551181197,Paula Kat Charlotte,Christchurch City,Central Ward,-43.535568,172.6318853,Entire home/apt,190.0,1,47,2025-10-02,2.3,146,214,22,,2025-10
878463453561086648,Modern 2 bed Hagley Park Riverside Market,482671075,Paula Corinne,Christchurch City,Central Ward,-43.5373725,172.6253013,Entire home/apt,137.0,1,67,2025-08-09,2.38,124,242,29,,2025-08
830238950782558696,Addington Stadium Stay,202585247,Ohana,Christchurch City,Spreydon Ward,-43.54470999999999,172.6090661,Entire home/apt,114.0,1,231,2025-09-25,7.73,121,155,75,,2025-09
898232000701755227,Where Home Meets Serenity in Christchurch,202585247,Ohana,Christchurch City,Papanui Ward,-43.490923,172.613949,Entire home/apt,99.0,1,184,2025-09-20,6.39,121,159,61,,2025-09
27822466,"Gorgeous Villa, 7 mins from Airport",210097469,Rachelle,Christchurch City,Harewood Ward,-43.4818,172.58161,Private room,85.0,1,177,2025-06-29,2.05,1,22,18,,2025-06
40493257,Queen Bed in Private upstairs room.,231179953,Nick,Christchurch City,Riccarton Ward,-43.53487,172.60127,Private room,,1,1,2019-12-31,0.01,1,0,0,,2019-12
43654392,2 Bdrm - Sleep 5 in Central City - Secure Parking,40726446,Sarah,Christchurch City,Central Ward,-43.5308,172.638748,Entire home/apt,260.0,3,387,2025-10-03,6.04,4,254,71,,2025-10
855502585938146467,Entertainment Hub 2 bed 2 bath with Free Car park,482671075,Paula Corinne,Christchurch City,Central Ward,-43.5366847,172.6407056,Entire home/apt,194.0,1,168,2025-09-29,5.49,124,212,84,,2025-09
1345103200315907717,Lovely 2BR House on Aberdeen Street,331763232,Benjamin Dearden,Christchurch City,Central Ward,-43.52364760085362,172.6425056889926,Entire home/apt,157.0,2,16,2025-09-17,2.24,96,135,16,,2025-09
32166764,Luxury new 3 bedroom house in central city 5 star,124807546,Simone,Christchurch City,Central Ward,-43.52678,172.64735,Entire home/apt,404.0,2,27,2025-03-01,0.38,1,248,7,,2025-03
1014904656476258259,"Sunny, Queen Suite Breakfast Included Room 1.",490039964,Tony,Christchurch City,Halswell Ward,-43.5878153,172.5655193,Private room,76.0,1,146,2025-10-05,6.22,2,248,70,,2025-10
1161315969902971985,Serene Spaces on Tuam - 2-Bedroom Apartment,202585247,Ohana,Christchurch City,Central Ward,-43.535478,172.6351439,Entire home/apt,136.0,1,84,2025-10-04,5.12,121,46,57,,2025-10
40707974,Luxe Living in Christchurch CBD ** Free Parking!,174442263,Meg,Christchurch City,Central Ward,-43.53476,172.64225,Entire home/apt,135.0,1,477,2025-09-20,6.85,3,31,70,,2025-09
13815512,3min walk to shops &10min drive to city +FreePark,81355264,Carolyn Jane,Christchurch City,Cashmere Ward,-43.55765,172.65673,Entire home/apt,99.0,1,34,2025-09-25,2.42,1,268,28,,2025-09
45775755,The Herb Farm Cottage - An Idyllic Rustic Retreat,132262350,Alethea,Christchurch City,Banks Peninsula Ward,-43.80191,172.97999,Entire home/apt,206.0,2,128,2025-03-18,2.15,1,149,20,,2025-03
1385778189202993915,Modern Townhouse | Prime Location + Carpark,551181197,Paula Kat Charlotte,Christchurch City,Central Ward,-43.5257355,172.6357443,Entire home/apt,207.0,1,33,2025-09-27,5.35,146,241,33,,2025-09
52371093,Akaroa Coastal Cottage,47422452,Oliver,Christchurch City,Banks Peninsula Ward,-43.82937,172.94591,Entire home/apt,171.0,1,522,2025-09-21,10.7,2,218,107,,2025-09
1475523011763120243,Spacious 2BR 2Bath Home Base on Gloucester Street,551181197,Paula Kat Charlotte,Christchurch City,Central Ward,-43.5297182,172.6450892,Entire home/apt,182.0,1,6,2025-10-02,3.1,146,216,6,,2025-10
35266301,Private Rm+Bathrm in Christchurch City + Breakfast,162134717,Karen,Christchurch City,Central Ward,-43.5255,172.64435,Private room,82.0,1,124,2025-09-17,1.68,1,209,26,,2025-09
1061831977473227709,Children's Bay Exclusive - Akaroa,599729683,Ben,Christchurch City,Banks Peninsula Ward,-43.79834,172.96314,Entire home/apt,301.0,1,68,2025-09-25,3.25,6,329,45,,2025-09
8554890,Potters Croft Garden and B&B,45031191,Jocelyn,Christchurch City,Banks Peninsula Ward,-43.7999,172.97557,Entire home/apt,200.0,2,251,2025-04-20,2.07,1,330,18,,2025-04
10283682,Akaroa Cottage,52894210,Annette,Christchurch City,Banks Peninsula Ward,-43.79935,172.97332,Entire home/apt,158.0,2,296,2025-09-25,2.51,1,287,27,,2025-09
1066836001142569924,Sea View Retreat,41339123,Antoinette,Christchurch City,Banks Peninsula Ward,-43.80012,172.97275,Entire home/apt,465.0,2,21,2025-07-25,1.0,1,141,15,,2025-07
1373428497052833149,Spacious home close to the waterfront,248359085,Andrew,Christchurch City,Banks Peninsula Ward,-43.8135157980429,172.96247668772094,Entire home/apt,371.0,2,6,2025-10-04,1.07,1,136,6,,2025-10
1293760870025781314,Rooms in a house at the iris sphere æ¥äºå±,235950309,Shizheng,Christchurch City,Halswell Ward,-43.58327644336286,172.59958104973757,Private room,71.0,1,14,2025-07-04,1.32,1,237,14,,2025-07
28996839,Feel the serenity **Perfect for families**,97342975,Jody,Christchurch City,Banks Peninsula Ward,-43.81305,172.96555,Entire home/apt,188.0,2,234,2025-08-23,2.76,1,143,40,,2025-08
1352382977939434038,"Eleven week rental Chch fabulous quiet garden
home",666885525,Francis Robert,Christchurch City,Central Ward,-43.529863426005726,172.65259224881245,Entire home/apt,115.0,77,0,,,1,239,0,,
20833847,Queen Room+Private Bath! Walk to CBD/Stadium/ARA,148639945,Bixia,Christchurch City,Heathcote Ward,-43.54802,172.64331,Private room,44.0,3,82,2025-10-03,0.86,1,28,29,,2025-10
1131397420524641317,"Perfect Position, Hagley Park",102653021,Barbara Maree,Christchurch City,Riccarton Ward,-43.53077,172.60981,Entire home/apt,135.0,1,59,2025-09-07,3.48,1,261,47,,2025-09
876612046022154745,Luxury Life Galore - Sleeps 4,202585247,Ohana,Christchurch City,Central Ward,-43.53279,172.63908,Entire home/apt,146.0,1,270,2025-09-20,9.06,121,138,100,,2025-09
1139665958019476207,Misty Meadows Manor - Your Urban Oasis,202585247,Ohana,Christchurch City,Central Ward,-43.52938,172.64515,Entire home/apt,96.0,1,83,2025-09-14,4.83,121,76,59,,2025-09
13687446,Haven in Hillmorton,28035432,Catherine,Christchurch City,Spreydon Ward,-43.55469,172.59022,Entire home/apt,72.0,1,132,2025-10-04,1.56,1,206,39,,2025-10
1333812432304697985,Room with Queen Size bed - bedroom 1,173308474,Dawn,Christchurch City,Waimairi Ward,-43.50071326452485,172.56605010818723,Private room,52.0,1,62,2025-10-05,7.1,3,256,62,,2025-10
16470077,"Big value,quiet,2-bed(Q&S),B&B,nr city/uni/airport",108085108,Barbara Marilyn,Christchurch City,Fendalton Ward,-43.51354,172.5774,Private room,86.0,2,76,2025-03-25,0.73,3,151,10,,2025-03
11976730,2 bed house near Beach + Cycleway 15min to CBD,64000316,Sue,Christchurch City,Heathcote Ward,-43.55985,172.73823,Private room,560.0,4,53,2025-09-10,0.46,1,270,3,,2025-09
10973248,Rivendell Cottage in Christchurch CBD,56932783,Pamela Marie,Christchurch City,Central Ward,-43.5271,172.64739,Private room,120.0,2,109,2025-04-13,1.33,1,81,22,,2025-04
1071959694413576088,Boat house by the sea,189607978,David,Christchurch City,Banks Peninsula Ward,-43.59848,172.72716,Entire home/apt,216.0,4,4,2025-04-10,0.42,1,232,4,,2025-04
1020644097541608049,"Cosy House, Wi-Fi + Close to CBD",532142019,Tracy,Christchurch City,Central Ward,-43.53216,172.66071,Entire home/apt,223.0,2,4,2025-02-23,0.22,6,17,2,,2025-02
1475762472974823988,Central Studio With Free Private Parking,86643389,Samuel,Christchurch City,Central Ward,-43.524518,172.6424594,Entire home/apt,105.0,1,11,2025-10-05,6.35,1,134,11,,2025-10
43582164,Beautiful sunny apartment with off street carpark,123463466,Tracey,Christchurch City,Central Ward,-43.52799,172.64227,Entire home/apt,156.0,4,216,2025-10-01,3.33,3,150,52,,2025-10
22388288,Classic Kiwi Style Accommodation,163728866,Karl,Christchurch City,Spreydon Ward,-43.5615,172.60208,Entire home/apt,95.0,14,169,2020-03-03,1.79,1,0,0,,2020-03
1126277065390183496,Beauty in the CBD - 1bed | Free Parking | Pool,482671075,Paula Corinne,Christchurch City,Central Ward,-43.53109,172.6385,Entire home/apt,199.0,1,41,2025-09-11,2.27,124,200,24,,2025-09
15472945,Central & Stylish - Bedroom & Private Bathroom,37744826,Kevin,Christchurch City,Riccarton Ward,-43.52648,172.60572,Private room,95.0,2,205,2025-10-04,1.94,1,69,42,,2025-10
1407868609553591864,Cozy Super king bed/garden view/self check in,430177594,Bhaskar,Christchurch City,Hornby Ward,-43.55264988745799,172.52744145691395,Private room,46.0,1,42,2025-10-03,7.73,3,174,42,,2025-10
1414031349470253339,Modern 1BR Retreat with Laundry - Manchester,202585247,Ohana,Christchurch City,Central Ward,-43.52731,172.63981,Entire home/apt,117.0,1,11,2025-09-26,2.29,121,103,11,,2025-09
4711783,Takamatua Lavender Loft,24350479,Rebecca,Christchurch City,Banks Peninsula Ward,-43.7841,172.97777,Entire home/apt,171.0,2,63,2025-10-02,1.46,2,355,12,,2025-10
744275435865568190,Manor Apartment with Wifi and Sky TV,43226526,Janine,Christchurch City,Central Ward,-43.51686,172.63179,Entire home/apt,150.0,2,9,2025-03-02,0.25,5,362,4,,2025-03
8463513,City Centre 5 Bedroom Group Accommodation,43226526,Janine,Christchurch City,Linwood Ward,-43.53587,172.66089,Entire home/apt,250.0,2,58,2025-02-22,0.48,5,359,2,,2025-02
41436343,One Bedroom Apartment @Cranford Cottages and Motel,305389317,Rodney Allen,Christchurch City,Innes Ward,-43.5114,172.63837,Entire home/apt,205.0,1,4,2025-02-22,0.06,4,331,3,,2025-02
25789624,Warm room in modern home,86632390,Trish,Christchurch City,Burwood Ward,-43.47943,172.67865,Private room,70.0,1,454,2025-06-27,5.1,1,304,52,,2025-06
1394499573327862639,Cinema-Central-6B ensuites-GamesRoom-Freeparking,653922876,Moneel,Christchurch City,Central Ward,-43.52893349816466,172.65280536512535,Entire home/apt,362.0,1,12,2025-09-26,2.11,2,296,12,,2025-09
1168542628847897540,Haka House-Entire 6 Bed Dorm Ens,565751605,Aashish,Christchurch City,Central Ward,-43.53214301544271,172.62985405889307,Private room,348.0,1,0,,,10,256,0,,
1168479528960954250,Haka House Entire 4 Bed Dorm Ens,565751605,Aashish,Christchurch City,Central Ward,-43.53215801999091,172.62982995419372,Private room,207.0,1,0,,,10,274,0,,
1266859586571763509,Bright & Stylish 2BR Near Addington Park,551181197,Paula Kat Charlotte,Christchurch City,Spreydon Ward,-43.5467982,172.6073638,Entire home/apt,209.0,1,40,2025-09-24,3.42,146,224,40,,2025-09
40018829,Holly Manor - The Historic Gallery,86216394,Min,Christchurch City,Fendalton Ward,-43.5161,172.62774,Entire home/apt,,2,78,2025-07-16,1.09,40,0,2,,2025-07
51892118,Tui Triple - sole use for your group,1743811,Kelly,Christchurch City,Spreydon Ward,-43.55041,172.60932,Private room,45.0,5,33,2025-04-23,0.8,5,145,7,,2025-04
1491959718988062705,Modern 3-Level City Apartment Prime Cashel Street,714593025,Harmeet,Christchurch City,Central Ward,-43.5333919,172.6497471,Entire home/apt,198.0,1,2,2025-09-27,1.58,1,71,2,,2025-09
1365564363730073127,Modern 1BR Apartment on Ferry Road,331763232,Benjamin Dearden,Christchurch City,Central Ward,-43.53680048090179,172.64888263456473,Entire home/apt,114.0,2,10,2025-08-23,1.55,96,178,10,,2025-08
645790308467666490,Bristol Street,24205506,Karen Louise,Christchurch City,Central Ward,-43.51715009999999,172.6289292,Entire home/apt,134.0,1,10,2025-10-02,0.28,77,325,4,,2025-10
1096862117472449647,Luxury Brand New 2 Bed 5 Minutes From CBD,49642171,Xihang,Christchurch City,Fendalton Ward,-43.51413,172.62408,Entire home/apt,164.0,1,11,2025-04-28,0.57,88,286,2,,2025-04
639255833300581987,Spacious Central Townhouse â Perfect for All,510730797,Katarina Anne,Christchurch City,Central Ward,-43.53101,172.65198,Entire home/apt,281.0,1,104,2025-08-08,2.69,8,40,18,,2025-08
751849249762320284,Chic in the City,176508106,Shar,Christchurch City,Central Ward,-43.52962,172.65733,Entire home/apt,110.0,2,37,2025-10-03,1.38,1,352,14,,2025-10
1114184933775404682,"Modern, Stylish CBD 2 Bed Townhouse With Parking!",49642171,Xihang,Christchurch City,Central Ward,-43.5340835,172.6417548,Entire home/apt,173.0,1,21,2025-09-27,1.15,88,286,9,,2025-09
1236681721404043315,CBD Quiet Upstairs Studio Apartment,222511430,Annette Linda,Christchurch City,Central Ward,-43.53872,172.63558,Entire home/apt,117.0,1,2,2025-04-28,0.22,1,259,2,,2025-04
1265643560225251913,Little Blue Akaroa- Idyllic and Charming,64593001,Shelley,Christchurch City,Banks Peninsula Ward,-43.801150710953735,172.97605901956558,Entire home/apt,184.0,2,35,2025-10-04,3.03,1,83,35,,2025-10
1504173481203734793,Steps to Stadium â¢ Sleeps 5 â¢ Central City Stay,717503270,Ismael,Christchurch City,Central Ward,-43.53370940000001,172.6491341,Entire home/apt,191.0,1,0,,,1,265,0,,
1519122967455215692,The Nest â Modern Studio Retreat with Parking,482671075,Paula Corinne,Christchurch City,Innes Ward,-43.5058825,172.6361346,Entire home/apt,120.0,1,0,,,124,68,0,,
9845550,New Lease of Life for Unit 8,50694865,Hotel,Christchurch City,Fendalton Ward,-43.520267,172.626251,Entire home/apt,224.0,1,166,2023-03-25,1.4,11,340,0,,2023-03
33493805,Christchurch Getaway,133985647,Kathryn Anne,Christchurch City,Riccarton Ward,-43.53163,172.60952,Private room,86.0,1,77,2025-09-28,0.97,2,113,21,,2025-09
18722018,Self Contained Guest House.,130194847,Jennifer,Christchurch City,Papanui Ward,-43.50092,172.6215,Entire home/apt,88.0,2,198,2025-03-11,1.96,1,217,8,,2025-03
1423752577995252553,"Convenient City Pad - 2-BR, Laundry, Sleeps 5",202585247,Ohana,Christchurch City,Central Ward,-43.5340031,172.642468,Entire home/apt,127.0,1,11,2025-09-25,2.39,121,137,11,,2025-09
6467168,lazy porch studio,33781654,Lou,Christchurch City,Linwood Ward,-43.54546,172.67745,Entire home/apt,93.0,1,1484,2025-10-04,11.85,1,292,154,,2025-10
877765279118945674,"Sunny beachside retreat, Hot Pools,
Christchurch",404417379,Gregory,Christchurch City,Coastal Ward,-43.5036249,172.7293298,Entire home/apt,90.0,2,128,2025-10-06,4.35,1,235,68,,2025-10
23149005,Bottle Lake En-suite. Great wifi 12pm checkout!!,88769311,Steve,Christchurch City,Coastal Ward,-43.47105,172.69943,Entire home/apt,58.0,1,501,2025-10-05,6.26,1,116,36,,2025-10
47980156,Garden Cottage,2352013,Natalie-Rose,Christchurch City,Harewood Ward,-43.510724,172.4977578,Entire home/apt,137.0,2,86,2025-09-30,1.51,1,245,19,,2025-09
1350849560914986203,Fantail Coastal Cottage,12222757,Kelsey,Christchurch City,Banks Peninsula Ward,-43.62768,172.7303,Entire home/apt,196.0,3,20,2025-09-28,3.26,3,93,20,,2025-09
960264228751451152,Beautiful Central City Villa - Whole House,524202117,Richard,Christchurch City,Central Ward,-43.53104,172.64589,Entire home/apt,811.0,2,25,2025-09-21,1.27,1,325,15,,2025-09
1259615297274201375,Modern Spacious Hillside Retreat with Scenic Views,74811135,Yaoyao,Christchurch City,Heathcote Ward,-43.56135379539843,172.7151178461591,Entire home/apt,191.0,1,49,2025-08-22,4.39,40,276,49,,2025-08
1442389303045164521,Rare Find 3 bed CBD Single Level with 2 car parks,551181197,Paula Kat Charlotte,Christchurch City,Central Ward,-43.52625,172.64239,Entire home/apt,277.0,1,13,2025-09-18,4.11,146,244,13,,2025-09
1361821322804792832,City Town House,214310800,Jatinder,Christchurch City,Central Ward,-43.5451352810681,172.62843158444394,Private room,56.0,1,6,2025-09-29,0.81,1,147,6,,2025-09
18659644,Banks Peninsula Cottage-Paradise near Christchurch,129676037,Rowan,Christchurch City,Banks Peninsula Ward,-43.72316,172.71741,Entire home/apt,105.0,2,555,2025-09-21,5.43,1,257,42,,2025-09
1436077832940976322,Beachside Bliss @ Waimairi Beach,30800544,Nicole,Christchurch City,Coastal Ward,-43.4773509,172.7187179,Entire home/apt,360.0,2,0,,,1,171,0,,
31659082,"Te Onepoto lodge Sumner, breakfast, spa, L8 chkout",237369570,Julie,Christchurch City,Heathcote Ward,-43.58021,172.7757,Entire home/apt,189.0,1,311,2025-09-20,4.08,1,187,33,,2025-09
30268508,Luxury Diamond Harbour Retreat with Ocean Views,118622105,Rachel,Christchurch City,Banks Peninsula Ward,-43.63065,172.72596,Entire home/apt,127.0,1,267,2025-10-04,3.21,1,253,27,,2025-10
1100991056774973035,Beachside Bliss - Redcliffs,81390838,Katie,Christchurch City,Heathcote Ward,-43.55817,172.7375,Entire home/apt,295.0,2,17,2025-08-15,0.88,45,94,12,,2025-08
17101050,Relax in Comfort - The Stables- Heart of Lyttelton,59986216,Robin,Christchurch City,Banks Peninsula Ward,-43.60284,172.72009,Entire home/apt,256.0,2,138,2025-10-03,1.39,1,300,19,,2025-10
1017671989456056518,Views at Cannon Hill,146373432,Lynda,Christchurch City,Heathcote Ward,-43.56233,172.71498,Entire home/apt,167.0,3,2,2024-03-08,0.1,6,333,0,,2024-03
1431276119743110660,Portside Escape - Hotel Quality Linen,44139597,Sally,Christchurch City,Banks Peninsula Ward,-43.6024599,172.7245927,Entire home/apt,139.0,1,3,2025-09-10,0.7,4,128,3,,2025-09
1243138812553917733,Central City Heaven Spa,488268220,Martin Alejandro,Christchurch City,Central Ward,-43.52974,172.64509,Entire home/apt,177.0,1,66,2025-09-07,5.2,6,129,63,,2025-09
1274968494415668798,single room 10 mins nearby the airport,77196518,Jill,Christchurch City,Hornby Ward,-43.533122767505326,172.52288854231324,Private room,41.0,1,28,2025-09-29,2.55,4,270,28,,2025-09
1483126322765413521,Pebble Shore Haven - Little River Holiday Home,145244100,Bachcare,Christchurch City,Banks Peninsula Ward,-43.82435202894918,172.7091162351229,Entire home/apt,249.0,2,1,2025-09-06,0.91,1547,360,1,,2025-09
1313455169658574845,Beach Haven,5870360,Renee,Christchurch City,Coastal Ward,-43.55615834565026,172.7515045105896,Entire home/apt,230.0,2,2,2025-02-23,0.26,1,358,2,,2025-02
47031648,Five Acre Farm - The Cabin,96866236,Brie,Christchurch City,Heathcote Ward,-43.5677,172.71034,Entire home/apt,409.0,2,77,2025-08-05,1.34,1,291,13,,2025-08
15100620,The Red Bus,95619739,Arielle,Christchurch City,Banks Peninsula Ward,-43.76101,172.79675,Entire home/apt,110.0,1,537,2025-09-04,4.92,1,6,47,,2025-09
8476352,cozycozy guest house,22181030,Flora,Christchurch City,Hornby Ward,-43.53458,172.5513,Private room,70.0,1,24,2025-02-22,0.2,2,359,4,,2025-02
1225512285414456230,Very tidy & city central place,314361752,Qaiser,Christchurch City,Central Ward,-43.52789,172.64771,Private room,90.0,1,11,2025-04-21,1.11,1,359,11,,2025-04
840345082269963311,CityâFringe Private Room â CBD & ARA Vicinity,242784215,Arshi,Christchurch City,Linwood Ward,-43.53875,172.66446,Private room,63.0,1,43,2025-09-16,1.54,1,305,12,,2025-09
1383017223066043673,Ridgeway Escape,454030872,Neil Wisely,Christchurch City,Heathcote Ward,-43.56904,172.69499,Private room,123.0,2,0,,,1,155,0,,
23504695,PÅhue PurePod - luxurious glass eco-cabin,22739927,Stephanie,Christchurch City,Banks Peninsula Ward,-43.67181,172.78756,Entire home/apt,865.0,1,32,2025-08-30,0.38,16,324,6,,2025-08
1516193469946034419,Modern Coastal Retreat - 4 mins walk to the beach!,720381959,Corrina,Christchurch City,Heathcote Ward,-43.5719254,172.7589213,Entire home/apt,423.0,2,0,,,1,234,0,,
48081652,Kaihope Cottage,246642111,Annabel And Clare & Richard,Christchurch City,Banks Peninsula Ward,-43.6492,172.81929,Entire home/apt,201.0,2,45,2025-07-06,0.82,1,331,12,,2025-07
1429509660189222588,Sunny Upstairs Double Room in Upper Riccarton Home,105265867,Andrew,Christchurch City,Riccarton Ward,-43.53718078520185,172.57033812310692,Private room,28.0,1,3,2025-09-26,0.79,11,173,3,,2025-09
819067375079761965,Modern spacious apartment in CBD,102034919,Rudy And Bernie,Christchurch City,Central Ward,-43.52652,172.64754,Entire home/apt,129.0,2,201,2025-09-27,6.22,2,163,63,,2025-09
1336096975736691107,AnBâs AirBnB - end room,95653932,William,Christchurch City,Heathcote Ward,-43.556949600472855,172.64171920644057,Private room,84.0,1,5,2025-03-30,0.63,1,22,5,,2025-03
1277090859368096423,Repose x Head Of The Bay Stay,460622795,Jack,Christchurch City,Banks Peninsula Ward,-43.66440582143249,172.67623576337698,Entire home/apt,183.0,2,11,2025-05-30,1.01,3,76,11,,2025-05
1116895260959320736,Cottage by the Beach,206315550,Kate,Christchurch City,Coastal Ward,-43.531170977895584,172.7352348715067,Entire home/apt,138.0,1,42,2025-09-27,2.23,1,80,36,,2025-09
31414667,Sumner beachfront townhouse,95803725,Ann,Christchurch City,Heathcote Ward,-43.57434,172.76768,Entire home/apt,189.0,3,130,2025-09-24,1.6,2,194,16,,2025-09
21714617,Cosy on College Rd,158102210,Megan And Ra,Christchurch City,Banks Peninsula Ward,-43.59786,172.72718,Entire home/apt,86.0,2,92,2025-08-17,0.96,1,327,18,,2025-08
1514894249577131313,Restful rural retreat,109078928,Gabby,Christchurch City,Banks Peninsula Ward,-43.64225709999999,172.7530402,Entire home/apt,130.0,1,0,,,1,352,0,,
26496389,Coastal Cosy Sun-drenched on Beachville,180222253,Tracy,Christchurch City,Heathcote Ward,-43.56201,172.73815,Entire home/apt,303.0,2,153,2025-02-16,1.79,1,162,4,,2025-02
17479227,"Lovely, sunny ensuite home with most facilities",118404180,David Vincent,Christchurch City,Burwood Ward,-43.50051,172.68127,Entire home/apt,89.0,2,70,2025-07-12,0.67,2,235,7,,2025-07
1262834371512010579,"Brand New City Central 2 BR, rare 2 car Garage",49642171,Xihang,Christchurch City,Central Ward,-43.5323,172.6404,Entire home/apt,371.0,2,8,2025-09-27,0.9,88,182,8,,2025-09
1415109376973610394,"Elevated Ocean View Oasis - 3-BR, 2-Bath, Parking",202585247,Ohana,Christchurch City,Heathcote Ward,-43.5698711,172.7301574,Entire home/apt,153.0,1,13,2025-10-04,2.62,121,34,13,,2025-10
1391576532660811687,Overleigh Homestead,127379295,John,Christchurch City,Banks Peninsula Ward,-43.66080714228149,172.8100438666135,Entire home/apt,204.0,2,4,2025-09-20,0.79,2,348,4,,2025-09
46199744,Modern Diamond Harbour Hideaway,94675598,Rebecca,Christchurch City,Banks Peninsula Ward,-43.63181,172.74083,Entire home/apt,108.0,2,118,2025-09-25,2.05,1,103,24,,2025-09
993069594994366944,Brightside Spa & Sauna retreat,433476,Hjortur,Christchurch City,Coastal Ward,-43.522,172.72657,Entire home/apt,198.0,1,19,2025-10-02,1.91,1,161,19,,2025-10
813231393807164779,Marine Bach - Diamond Harbour,498144930,Kenn,Christchurch City,Banks Peninsula Ward,-43.62895,172.72986,Entire home/apt,195.0,2,64,2025-09-28,1.97,1,237,22,,2025-09
975516400891950720,Close to City & Beach: Modern Home with Garage,49642171,Xihang,Christchurch City,Linwood Ward,-43.53477,172.67697,Entire home/apt,132.0,1,102,2025-09-24,4.31,88,319,44,,2025-09
1119401281256441597,Riccarton éå¡é¡¿åé´2,508290494,Jackie,Christchurch City,Riccarton Ward,-43.52972,172.58686,Private room,46.0,7,0,,,2,87,0,,
1094458918173184621,"Beach Hideaway, Sumner",32460033,Fiona,Christchurch City,Heathcote Ward,-43.57606870877193,172.76306681334972,Entire home/apt,131.0,2,35,2025-09-22,1.76,1,12,19,,2025-09
10235867,Moncks bay retreat,8558995,Judith,Christchurch City,Heathcote Ward,-43.56726,172.74426,Private room,66.0,2,35,2025-03-04,0.5,2,172,2,,2025-03
1520637015528070519,Sumner Beach Retreat - Steps to Sand & Surf! + Spa,107606354,Callum,Christchurch City,Heathcote Ward,-43.57004024983364,172.76045233011246,Entire home/apt,200.0,1,0,,,1,349,0,,
1414861460368484319,Quiet Oasis by Hagley Park-Garden View with Patio,311094794,Lulu,Christchurch City,Riccarton Ward,-43.52706791847199,172.60722400708738,Entire home/apt,146.0,3,0,,,2,51,0,,
1347564986909598649,Renovated villa in Little River,66522357,Robyn Glynn,Christchurch City,Banks Peninsula Ward,-43.76459163639871,172.7979851046084,Entire home/apt,219.0,1,12,2025-08-09,1.46,1,339,12,,2025-08
1390343191745669203,Charming Room in 2BHK House,687691222,Akhil,Christchurch City,Central Ward,-43.5305334,172.6641125,Private room,80.0,1,0,,,1,364,0,,
27201423,AMAZING HISTORIC CBD APT - CATHEDRAL & TRAM VIEWS,166878022,Michelle,Christchurch City,Central Ward,-43.53112,172.63803,Entire home/apt,199.0,1,361,2025-09-20,4.12,3,266,53,,2025-09
40012440,Nikau Nest in Cass Bay / Lyttelton,73707835,Elfi,Christchurch City,Banks Peninsula Ward,-43.60366,172.6936,Entire home/apt,143.0,2,50,2025-04-19,0.7,1,148,4,,2025-04
1387568846052960604,Cosy Studio In CDB With Kitchenette,686294777,Laura,Christchurch City,Central Ward,-43.53066099999999,172.6385368,Entire home/apt,106.0,1,11,2025-09-20,2.29,3,285,11,,2025-09
22675910,Major Vista,10355302,Dene,Christchurch City,Heathcote Ward,-43.5671872,172.7162891,Entire home/apt,133.0,3,0,,,1,61,0,,
910585254583466291,Stay at the Birdhouse!,244822813,Matthew Guy,Christchurch City,Banks Peninsula Ward,-43.62578,172.73881,Entire home/apt,157.0,2,29,2025-07-05,1.14,1,177,9,,2025-07
1337349703674320075,Room with a View,32636421,Karyn,Christchurch City,Cashmere Ward,-43.56643,172.64814,Private room,99.0,1,2,2025-02-22,0.26,2,362,2,,2025-02
15509745,House Truck in the Garden,12996972,Jane,Christchurch City,Banks Peninsula Ward,-43.78824,172.81892,Entire home/apt,93.0,3,54,2025-02-14,0.5,6,35,5,,2025-02
975511391810470430,The Bolthole - Charteris Bay Holiday Home,145244100,Bachcare,Christchurch City,Banks Peninsula Ward,-43.64786,172.71141,Entire home/apt,632.0,2,2,2025-02-14,0.21,1547,364,2,,2025-02
1495926193921795500,Stay central. Stay stylish. Stay at The Pavilion.,510730797,Katarina Anne,Christchurch City,Central Ward,-43.52645853975918,172.64122957321865,Entire home/apt,406.0,2,0,,,8,110,0,,
1023376146101203237,"Luxury - your own indoor pool, spa & sauna!",49391474,Tejada,Christchurch City,Heathcote Ward,-43.5759,172.69392,Entire home/apt,465.0,2,7,2025-04-19,0.32,2,171,3,,2025-04
16017448,Cave Rock Guest House - Sumner beach apartment,59970552,Gayle,Christchurch City,Heathcote Ward,-43.56828,172.75776,Entire home/apt,179.0,1,27,2024-11-28,0.26,2,206,3,,2024-11
1084148394653577698,"Near, but feels far",174666921,Rebecca,Christchurch City,Banks Peninsula Ward,-43.62742,172.7417,Entire home/apt,129.0,1,11,2025-08-31,0.55,1,249,4,,2025-08
1048048319234552432,Alpha Motel Eco Spa Studio,179297759,Peng,Christchurch City,Riccarton Ward,-43.5384412,172.5789749,Private room,127.0,1,1,2024-06-08,0.06,20,270,0,,2024-06
1465098513258874810,City Townhouse 2BR 2BA with EV Charger & Work Desk,551181197,Paula Kat Charlotte,Christchurch City,Central Ward,-43.5260572,172.6400047,Entire home/apt,208.0,1,6,2025-09-28,3.21,146,252,6,,2025-09
29832758,A lovely modern home in Akaroa New Zealand,224231169,Gail,Christchurch City,Banks Peninsula Ward,-43.81466,172.96103,Private room,310.0,1,3,2023-02-04,0.04,1,363,0,,2023-02
28255608,Halfmoon Cottage,93365561,Cornelius & Margo,Christchurch City,Banks Peninsula Ward,-43.75799,172.91219,Private room,153.0,1,26,2024-01-22,0.3,4,79,0,,2024-01
1312670483273901962,Sumner Ocean Views,242963199,Antony,Christchurch City,Heathcote Ward,-43.56841163129612,172.7551373799454,Entire home/apt,720.0,3,1,2025-01-13,0.11,1,214,1,,2025-01
48696667,ðCentral City Paradise â£ï¸,202585247,Ohana,Christchurch City,Central Ward,-43.53165,172.6432,Entire home/apt,113.0,1,477,2025-09-27,8.59,121,172,88,,2025-09
997983300304872339,Charming Waterfront Retreat Redcliffs,81390838,Katie,Christchurch City,Heathcote Ward,-43.55803,172.73923,Entire home/apt,281.0,2,4,2024-07-15,0.18,45,100,0,,2024-07
1445341669007963838,Conveniently Located CBD 1BR,331763232,Benjamin Dearden,Christchurch City,Central Ward,-43.52367992660193,172.64158194286722,Entire home/apt,124.0,2,1,2025-08-05,0.47,96,162,1,,2025-08
1279433437578141845,Central & Stylish Includes Free Secure Parking,24205506,Karen Louise,Christchurch City,Central Ward,-43.532014195405225,172.64632585268487,Entire home/apt,151.0,2,18,2025-09-27,1.69,77,287,18,,2025-09
1345047333080548483,Elegant Living in Gloucester â Your Ideal Getaway,551181197,Paula Kat Charlotte,Christchurch City,Central Ward,-43.5295526,172.6446809,Entire home/apt,179.0,1,24,2025-09-27,2.99,146,250,24,,2025-09
51125428,Stones Throw From the Stadium & Hot Tub,202585247,Ohana,Christchurch City,Spreydon Ward,-43.54471,172.60907,Entire home/apt,124.0,1,446,2025-10-03,8.67,121,94,84,,2025-10
645998666546052452,Funk in the City - Luxury Apartment with Garage,92155537,Rachel,Christchurch City,Central Ward,-43.5298319,172.641253,Entire home/apt,226.0,1,21,2025-06-29,0.55,2,219,9,,2025-06
1242536186932055970,Brand New 2BR Home with Parking,147777927,Venu,Christchurch City,Linwood Ward,-43.5366477,172.6614565,Entire home/apt,151.0,2,40,2025-08-24,3.48,3,66,40,,2025-08
1345128029279658710,Perfect 1-Bedroom Retreat Near the Airport,551181197,Paula Kat Charlotte,Christchurch City,Waimairi Ward,-43.507641,172.5693324,Entire home/apt,121.0,1,26,2025-09-25,3.18,146,334,26,,2025-09
1200401398787717306,Cozy and Chic in Central Christchurch,551181197,Paula Kat Charlotte,Christchurch City,Central Ward,-43.53215669999999,172.640186,Entire home/apt,263.0,1,33,2025-09-29,2.28,146,180,26,,2025-09
27638717,Boutique Stadium Heights  -  Views of the Stadium,84042214,Karen,Christchurch City,Central Ward,-43.5360637,172.6485723,Entire home/apt,202.0,1,3,2025-07-06,0.32,1,61,3,,2025-07
20284776,Huntsbury Hill - private entrance Studio room,135707633,Ursula,Christchurch City,Cashmere Ward,-43.57083,172.65511,Entire home/apt,69.0,1,11,2025-07-21,0.12,1,139,7,,2025-07
16654861,"Longterm double, twin or triple in central city",41527093,Karen,Christchurch City,Central Ward,-43.52779,172.64685,Private room,53.0,7,41,2024-05-21,0.39,4,96,0,,2024-05
1132079562848522949,Tui's Retreat - Duvauchelle Holiday Home,145244100,Bachcare,Christchurch City,Banks Peninsula Ward,-43.75186,172.94121,Entire home/apt,464.0,2,1,2024-11-30,0.1,1547,364,1,,2024-11
1512070210378357745,Modern and comfortable,370344025,Shanise,Christchurch City,Innes Ward,-43.50856610418792,172.6334698498249,Entire home/apt,263.0,2,0,,,1,103,0,,
43423250,Stunning Views Await! Renovated Retreat in Akaroa,24205506,Karen Louise,Christchurch City,Banks Peninsula Ward,-43.81033,172.97036,Entire home/apt,408.0,2,61,2025-10-01,0.97,77,223,8,,2025-10
1082916023342403004,Papakowhai Bach,147339087,Elizabeth Catherine,Christchurch City,Banks Peninsula Ward,-43.76137,172.95085,Entire home/apt,185.0,1,17,2025-09-14,0.86,3,155,9,,2025-09
27936778,Overton Cottage - Akaroa Holiday Home,145244100,Bachcare,Christchurch City,Banks Peninsula Ward,-43.79323,172.97018,Entire home/apt,201.0,2,13,2025-02-20,0.16,1547,359,2,,2025-02
913989370589927668,"Large trendy 3 Bedroom Residence, Central City",482671075,Paula Corinne,Christchurch City,Central Ward,-43.5335761,172.6495891,Entire home/apt,197.0,1,56,2025-09-22,2.01,124,182,10,,2025-09
1485175487384780296,Stylish City Apartment with  Balcony and Parking,45768555,Lexia Margaret,Christchurch City,Central Ward,-43.53019,172.64244,Entire home/apt,216.0,1,1,2025-09-27,1.0,60,310,1,,2025-09
600960748449101325,Central Christchurch - double room. Free parking.,97189307,Jo,Christchurch City,Fendalton Ward,-43.511684,172.619247,Private room,,2,64,2025-09-28,1.56,1,220,15,,2025-09
1194567795273182285,Brand New Luxury 3 Bed 3 Baths Family Getaway,49642171,Xihang,Christchurch City,Fendalton Ward,-43.51403,172.62548,Entire home/apt,181.0,1,43,2025-09-30,2.84,88,291,35,,2025-09
1408184092369041574,Te Kaha House! 4BR + Central,28386584,Vance,Christchurch City,Central Ward,-43.533259105357246,172.65120010403118,Entire home/apt,225.0,2,10,2025-09-27,3.13,3,304,10,,2025-09
972834252356958965,Libeau Cottage - Akaroa Holiday Home,145244100,Bachcare,Christchurch City,Banks Peninsula Ward,-43.80246,172.97515,Entire home/apt,439.0,2,3,2025-02-08,0.16,1547,358,2,,2025-02
1425927653473712535,Airport Retreat 4 Bedrooms 8 Guests,695191864,Kee Chuang,Christchurch City,Waimairi Ward,-43.50581469999999,172.5695731,Entire home/apt,265.0,1,4,2025-08-28,1.71,1,148,4,,2025-08
27374938,Paradise by the beach!,135150399,Toni,Christchurch City,Coastal Ward,-43.4788,172.71784,Private room,92.0,2,193,2025-03-01,2.21,2,272,3,,2025-03
1365571155480519402,Charming 1BR Apartment on Ferry Road,331763232,Benjamin Dearden,Christchurch City,Central Ward,-43.53832204623309,172.64822068490287,Entire home/apt,99.0,2,2,2025-04-30,0.29,96,147,2,,2025-04
1451862194621421771,Luxe Central City 2 bedrooms with Carpark,482671075,Paula Corinne,Christchurch City,Central Ward,-43.5321369,172.6410932,Entire home/apt,233.0,1,20,2025-10-01,6.32,124,198,20,,2025-10
1337204397842159080,Cathedral Junction Apartment,535222454,Mieke,Christchurch City,Central Ward,-43.53063960920509,172.63877819881137,Entire home/apt,206.0,2,46,2025-10-04,5.9,1,53,46,,2025-10
1259534637646034624,Family home for relaxing and fun,24209750,Phil,Christchurch City,Burwood Ward,-43.49372370789243,172.66602816763128,Entire home/apt,100.0,2,4,2025-08-08,0.46,1,40,4,,2025-08
1426488645214241678,Tranquil 4 Bed Family Retreat 5Min To Airport,49642171,Xihang,Christchurch City,Hornby Ward,-43.519228444186005,172.52589410002594,Entire home/apt,191.0,1,8,2025-10-06,2.18,88,282,8,,2025-10
1467930829699242078,Compact Studio with free Parking,573757538,Harmeet,Christchurch City,Riccarton Ward,-43.53715381551839,172.6005887248384,Entire home/apt,124.0,1,11,2025-09-24,4.58,7,347,11,,2025-09
49777874,Walking Distance CBD 2 Bdrms Secure Park,45768555,Lexia Margaret,Christchurch City,Central Ward,-43.5233,172.63623,Entire home/apt,145.0,1,196,2025-08-02,3.7,60,308,23,,2025-08
1248955778437216351,Cosy And Stylish Single Level 2 Bed Home Near CBD,49642171,Xihang,Christchurch City,Linwood Ward,-43.53903704787669,172.66405702447943,Entire home/apt,108.0,1,40,2025-10-04,3.43,88,323,40,,2025-10
1083545545849121768,Chic 3-BR CBD Gem in Christchurch: Prime Location,551181197,Paula Kat Charlotte,Christchurch City,Central Ward,-43.5242973,172.6362563,Entire home/apt,313.0,1,35,2025-09-20,1.73,146,238,10,,2025-09
38787850,"3 bedroom brand new townhouse comes, don't miss!",74811135,Yaoyao,Christchurch City,Halswell Ward,-43.5639,172.54946,Entire home/apt,148.0,1,274,2025-07-10,3.73,40,63,21,,2025-07
47701137,The Little Red Hut,72591426,Fiona,Christchurch City,Linwood Ward,-43.53424,172.66915,Entire home/apt,86.0,4,23,2025-04-26,1.3,1,47,11,,2025-04
1018609195874089142,Indulge in New City Accom with All Amenities U6,74811135,Yaoyao,Christchurch City,Central Ward,-43.53028,172.65704,Entire home/apt,145.0,1,25,2025-08-30,1.07,40,289,14,,2025-08
1500598351241570358,Peaceful four bedroom holiday house near airport,211195948,Jenny,Christchurch City,Waimairi Ward,-43.49644,172.56805,Entire home/apt,206.0,1,0,,,17,210,0,,
1438771924396257635,The Moa's Perch,110570391,William,Christchurch City,Heathcote Ward,-43.5669222,172.7367083,Entire home/apt,102.0,5,0,,,1,274,0,,
1137067694175762746,The Hidden Doors,194363925,Caroline,Christchurch City,Heathcote Ward,-43.57886258900885,172.77501165396728,Entire home/apt,1125.0,2,0,,,1,269,0,,
574265726236174386,Waterfront 2-bedroom apartment with car park,447669268,Carolyn,Christchurch City,Banks Peninsula Ward,-43.81003,172.9623,Entire home/apt,185.0,1,376,2025-10-01,8.74,1,223,77,,2025-10
32795092,Spectacular views at Wainui Waterfront Haven,13965413,Sarah,Christchurch City,Banks Peninsula Ward,-43.81904,172.90317,Entire home/apt,212.0,2,151,2025-10-02,1.93,1,121,29,,2025-10
1119210049361804650,Boutique French Apartment with a Sea View,124354766,Karen,Christchurch City,Banks Peninsula Ward,-43.8097843,172.9613294,Entire home/apt,221.0,1,55,2025-10-04,5.94,1,163,55,,2025-10
1307363209304847990,Luxurious tranquil 3 bedroom home in culdesac,220872782,Tania,Christchurch City,Heathcote Ward,-43.5515579,172.6341581,Entire home/apt,213.0,2,2,2025-01-08,0.21,1,108,2,,2025-01
13382619,"Peaceful, Private Oasis in Sumner",66285637,Tania Rose,Christchurch City,Heathcote Ward,-43.58153380742747,172.757066660864,Private room,100.0,2,26,2025-03-04,0.25,1,39,11,,2025-03
1217695187293023936,Skyline Studio by airport w/home theater &Netflix,51395017,Elaine,Christchurch City,Waimairi Ward,-43.512,172.56725,Entire home/apt,88.0,1,107,2025-09-14,7.59,1,267,87,,2025-09
8846958,Central Christchurch Cottage,11083016,James,Christchurch City,Central Ward,-43.53261,172.649,Entire home/apt,105.0,2,160,2025-08-01,1.34,7,262,11,,2025-08
34371625,Modern and Convenient Townhouse,60308619,Diana,Christchurch City,Central Ward,-43.52472,172.63918,Entire home/apt,186.0,2,263,2025-09-13,3.37,1,26,32,,2025-09
1019721985667199998,Immerse Yourself in Contemporary Retreat in CBD U2,74811135,Yaoyao,Christchurch City,Central Ward,-43.52983,172.6559,Entire home/apt,161.0,1,42,2025-08-11,1.83,40,291,15,,2025-08
21270822,Central City 2 Bed Townhouse With Free Parking,49642171,Xihang,Christchurch City,Central Ward,-43.53299406902957,172.65004228941075,Entire home/apt,161.0,1,22,2025-09-20,1.37,88,261,15,,2025-09
1470090840969989903,The Chilean Home holidays,177768935,Mario,Christchurch City,Central Ward,-43.545794715624,172.62412514260262,Private room,63.0,1,2,2025-10-03,2.0,2,23,2,,2025-10
589915796391327773,"Heritage Cottage, Retro Touch, walk to CBD",24205506,Karen Louise,Christchurch City,Central Ward,-43.52249,172.6441,Entire home/apt,167.0,1,72,2025-10-02,1.7,77,96,12,,2025-10
25737967,Central City Escape â in the Heart of Christchurch,24205506,Karen Louise,Christchurch City,Central Ward,-43.52353,172.63615,Entire home/apt,288.0,2,28,2025-02-24,0.34,77,136,2,,2025-02
1068585801043939349,Christchurch Airport Stop,210171833,Lucy,Christchurch City,Waimairi Ward,-43.49821,172.56021,Entire home/apt,107.0,1,102,2025-10-02,4.95,1,324,61,,2025-10
24653598,The Woodshed,71203988,David And Claire,Christchurch City,Heathcote Ward,-43.57778,172.76355,Entire home/apt,196.0,2,32,2025-09-25,0.36,1,336,2,,2025-09
864042199874166799,"5 minutes from CBD Parking, Pet / Child Friendly,",69733783,John,Christchurch City,Central Ward,-43.52557,172.66239,Entire home/apt,108.0,2,62,2025-10-02,2.54,1,263,28,,2025-10
53564132,Your own spacious studio near the Airport,238665849,Hiroshi,Christchurch City,Waimairi Ward,-43.51778,172.56057,Entire home/apt,91.0,2,104,2025-09-22,2.22,1,64,25,,2025-09
33232168,Eclectic Cottage 2 minutes to airport,62684840,Sharon,Christchurch City,Waimairi Ward,-43.50461,172.56226,Entire home/apt,167.0,1,279,2025-10-04,3.5,1,259,51,,2025-10
1094455923982128429,Teddingtonâs Bay Countryside,562775880,Tina,Christchurch City,Banks Peninsula Ward,-43.66748,172.66012,Entire home/apt,180.0,1,13,2025-09-21,0.66,1,47,7,,2025-09
45452552,Your Home away from Home - Entire Home.,367682100,John Charles,Christchurch City,Halswell Ward,-43.57712,172.56505,Entire home/apt,135.0,3,33,2025-10-04,0.57,1,8,4,,2025-10
1148170805108041713,"Leafy 2BR Studio, 10 mins to airport",404266756,Alison,Christchurch City,Waimairi Ward,-43.50085,172.55899,Entire home/apt,177.0,1,136,2025-10-06,7.98,1,180,116,,2025-10
743956944312049806,Cosy stay near Christchurch airport,471135666,Mei,Christchurch City,Hornby Ward,-43.5247644,172.5288781,Private room,,1,195,2025-08-09,5.51,4,4,44,,2025-08
32504694,Private Apartment Close to Christchurch Airport,244242301,Hazel,Christchurch City,Waimairi Ward,-43.51147,172.54075,Entire home/apt,109.0,2,386,2025-09-30,4.8,1,270,71,,2025-09
893818876407149638,Harmony Haven At Burnside,74811135,Yaoyao,Christchurch City,Waimairi Ward,-43.4988,172.57108,Entire home/apt,,1,107,2025-08-22,3.96,40,0,28,,2025-08
47289733,Bevington - handy and private close to airport,24205506,Karen Louise,Christchurch City,Waimairi Ward,-43.52096,172.55327,Entire home/apt,104.0,2,49,2025-09-14,0.85,77,150,18,,2025-09
1274393895095033776,Charming Inner-City Townhouse!,505422467,William Richard,Christchurch City,Central Ward,-43.5330051,172.6401979,Entire home/apt,241.0,2,1,2025-01-02,0.11,1,67,1,,2025-01
768487037167064237,Le Bons Bay - The old hall,464252537,Paul,Christchurch City,Banks Peninsula Ward,-43.76331,173.0614,Entire home/apt,200.0,2,22,2025-09-13,0.66,1,331,7,,2025-09
53153984,Woodside - Akaroa Holiday Cottage,145244100,Bachcare,Christchurch City,Banks Peninsula Ward,-43.79488,172.96868,Entire home/apt,210.0,2,25,2025-07-24,0.53,1547,360,9,,2025-07
1434626918925418520,Stylish Central City Retreat,48064687,Tuck Chin,Christchurch City,Central Ward,-43.52895271981518,172.6440874358199,Entire home/apt,176.0,2,2,2025-10-01,2.0,1,22,2,,2025-10
1089482384897549348,French Peak Loft - French Farm Holiday Home,145244100,Bachcare,Christchurch City,Banks Peninsula Ward,-43.77739,172.89919,Entire home/apt,287.0,1,3,2024-11-16,0.24,1547,362,2,,2024-11
815435529637670062,Charteris Bay BnB,498618966,Felicity,Christchurch City,Banks Peninsula Ward,-43.64889,172.70926,Private room,144.0,2,15,2025-05-03,0.48,1,363,6,,2025-05
932719759724262524,Downtown Delight 2 bed 1 bath - Single Garage,482671075,Paula Corinne,Christchurch City,Central Ward,-43.5224723,172.6449048,Entire home/apt,138.0,1,82,2025-09-29,3.08,124,248,38,,2025-09
1160463041336650708,Central Ground Floor Apartment,257255998,Susan,Christchurch City,Central Ward,-43.52845765502843,172.64291593491822,Entire home/apt,162.0,2,39,2025-10-01,2.4,1,66,24,,2025-10
35842951,#69 Romantic Waterfront Apt  4-Poster Bed & Spa,70726871,Darren,Christchurch City,Banks Peninsula Ward,-43.80863,172.96231,Hotel room,163.0,1,110,2025-09-13,1.58,23,275,17,,2025-09
41844588,"Spacious Guest Suite, Cass Bay Beach, Christchurch",127308444,Sonja Melinda,Christchurch City,Banks Peninsula Ward,-43.60412,172.69131,Entire home/apt,110.0,2,49,2025-09-22,0.71,1,267,9,,2025-09
53747019,Cosy  1-bedroom self contained guest cabin,376924646,Kerry,Christchurch City,Banks Peninsula Ward,-43.80925,172.90809,Entire home/apt,90.0,2,101,2025-07-27,2.24,1,347,18,,2025-07
1022705066437676155,Ocean Views at Rapanui Lodge- 4BR Gem with Parking,202585247,Ohana,Christchurch City,Heathcote Ward,-43.56732,172.73128,Entire home/apt,199.0,1,110,2025-10-04,5.0,121,118,68,,2025-10
1083459656125082383,Luxury in Ilam | Walk to Uni,315800267,Kathryn,Christchurch City,Riccarton Ward,-43.52668,172.58825,Private room,155.0,1,6,2025-03-13,0.3,2,74,4,,2025-03
1411835561890889993,Central Cutie - Christchurch City Cottage,145244100,Bachcare,Christchurch City,Central Ward,-43.52957061890012,172.6529624900986,Entire home/apt,43178.0,2,0,,,1547,364,0,,
792144975562173723,Paradise close to the CBD,35741250,Kerri,Christchurch City,Heathcote Ward,-43.5490978,172.6461376,Private room,59.0,1,103,2025-08-30,3.08,2,165,36,,2025-08
17817425,Garden Cottage Farmstay,121804689,Charlotte,Christchurch City,Banks Peninsula Ward,-43.74381,172.85396,Entire home/apt,199.0,2,268,2025-10-05,2.61,1,102,79,,2025-10
1271953888292905097,Grand Hotel & Bar Akaroa - King Twin En-Suite,599729683,Ben,Christchurch City,Banks Peninsula Ward,-43.79961870439148,172.9692871292172,Private room,205.0,1,2,2025-04-19,0.22,6,303,2,,2025-04
1159012037387316428,Cosy self-contained unit,578174241,Alarice Kae,Christchurch City,Banks Peninsula Ward,-43.81717000808772,172.98814932565614,Entire home/apt,194.0,1,4,2025-01-01,0.31,1,126,3,,2025-01
37338400,The Rose Room at Blythcliffe,16025828,Lesley And John,Christchurch City,Banks Peninsula Ward,-43.80517,172.97061,Hotel room,237.0,1,17,2025-09-27,0.29,4,105,7,,2025-09
42049669,Luxury 2 bdrm Downstairs Apt w Private Pool,73243003,Jules,Christchurch City,Heathcote Ward,-43.57295,172.77326,Entire home/apt,315.0,2,15,2025-02-26,0.65,1,295,2,,2025-02
43669699,LyLo Queen Ensuite Accessible,368461906,Alexandria,Christchurch City,Harewood Ward,-43.49107,172.55009,Private room,245.0,1,0,,,16,302,0,,
2723640,Tranquillity with city views at The Bothy,13938410,Jennifer Anne,Christchurch City,Cashmere Ward,-43.57061,172.63118,Entire home/apt,135.0,1,201,2025-01-16,1.45,15,348,1,,2025-01
46842223,Location Location Location 2 Mins CBD Free Parking,45768555,Lexia Margaret,Christchurch City,Central Ward,-43.5325,172.6432,Entire home/apt,153.0,1,205,2025-07-20,3.67,60,319,27,,2025-07
1358949923456108408,Serene Studio Escape on Madras,551181197,Paula Kat Charlotte,Christchurch City,Central Ward,-43.5285632,172.6432595,Entire home/apt,125.0,1,12,2025-09-25,1.56,146,232,12,,2025-09
7878124,Entwhistle Cottage  - central city,41527093,Karen,Christchurch City,Central Ward,-43.5275,172.64771,Entire home/apt,201.0,2,355,2025-04-27,2.9,4,93,28,,2025-04
51272456,Exceptional Value For Money Sunny Warm 5 Mins CBD,45768555,Lexia Margaret,Christchurch City,Central Ward,-43.52602,172.63889,Entire home/apt,120.0,1,149,2025-07-10,3.02,60,247,18,,2025-07
37497062,#47 Jacques Garden Apartments by AVI,70726871,Darren,Christchurch City,Banks Peninsula Ward,-43.81015,172.96075,Hotel room,228.0,1,21,2025-03-01,0.4,23,267,1,,2025-03
43499396,Penthouse Studio,9427994,Mary,Christchurch City,Banks Peninsula Ward,-43.8163,172.95242,Private room,262.0,1,1,2025-03-29,0.15,2,278,1,,2025-03
1489546755421431673,The Captain's House,6382453,Roy,Christchurch City,Banks Peninsula Ward,-43.80954,172.97053,Private room,132.0,1,0,,,1,37,0,,
48787508,Tree house in a penguin colony (in season),193551136,Kevin,Christchurch City,Banks Peninsula Ward,-43.86746,173.00501,Private room,203.0,1,9,2024-01-15,0.16,2,362,0,,2024-01
1361077767873140510,Serenity at Richmond Ave!,249794223,Ramesh,Christchurch City,Halswell Ward,-43.572516438303815,172.54093977253268,Private room,80.0,1,0,,,1,364,0,,
32257650,Inviting Unit close to beach,113576029,Colleen,Christchurch City,Coastal Ward,-43.49432,172.72457,Entire home/apt,96.0,2,133,2025-07-26,1.65,1,303,19,,2025-07
598737361036907188,Uptown City Haven - Christchurch Townhouse,145244100,Bachcare,Christchurch City,Fendalton Ward,-43.51457,172.62393,Entire home/apt,261.0,1,62,2025-09-15,0.75,1547,363,2,,2025-09
805453119675747858,Designer beauty townhouse on Peacock with garage,86216394,Min,Christchurch City,Central Ward,-43.5219421,172.6326196,Entire home/apt,189.0,1,76,2025-09-25,2.33,40,159,29,,2025-09
1010570221548491367,Memorial holiday home,211195948,Jenny,Christchurch City,Fendalton Ward,-43.51604,172.58808,Entire home/apt,259.0,1,59,2025-09-14,2.54,17,97,23,,2025-09
1183593447556914013,1890 Cottage! 3BR House+ Central+ 2BIKES+ Backyard,28386584,Vance,Christchurch City,Central Ward,-43.52691129999999,172.6525827,Entire home/apt,233.0,2,50,2025-10-05,3.35,3,281,38,,2025-10
1267145957641608513,Zion House | Modern & Cozy | near Airport,51956035,Ing Ing,Christchurch City,Waimairi Ward,-43.5092,172.56363,Entire home/apt,135.0,1,87,2025-09-28,7.74,1,277,87,,2025-09
5787709,The Velvet Suite,21073822,Sue & Greg,Christchurch City,Harewood Ward,-43.47665,172.56715,Entire home/apt,320.0,1,24,2025-02-27,0.19,2,254,4,,2025-02
840228952104716691,3Bedroom Family House Close Airport,110408144,Shiyao,Christchurch City,Hornby Ward,-43.52377,172.53985,Entire home/apt,222.0,1,126,2025-08-30,4.03,1,176,13,,2025-08
1422675197426864775,City Centre Comfort â 3BR Townhouse with Parking,96125711,Thomas Guy,Christchurch City,Central Ward,-43.5241646,172.635356,Entire home/apt,184.0,2,1,2025-09-06,0.94,1,136,1,,2025-09
47225102,Stylish one bedroom entire apartment Speedy WiFi,86216394,Min,Christchurch City,Central Ward,-43.52533,172.64131,Entire home/apt,111.0,1,160,2025-09-26,2.76,40,131,28,,2025-09
1360310316876067260,Mallside Retreat close to city,542186568,Sharon,Christchurch City,Spreydon Ward,-43.5552231,172.6225478,Entire home/apt,101.0,1,22,2025-09-15,3.07,13,302,22,,2025-09
24561883,Home on Hoani,50163342,Susanne,Christchurch City,Papanui Ward,-43.49364,172.60034,Entire home/apt,130.0,2,81,2025-10-03,0.9,2,154,12,,2025-10
47225488,Comfy entire townhouse with enhanced cleaning,86216394,Min,Christchurch City,Central Ward,-43.52359,172.64247,Entire home/apt,112.0,1,197,2025-09-29,3.39,40,137,19,,2025-09
29555265,Allandale Bush Retreat,222519520,Denise,Christchurch City,Banks Peninsula Ward,-43.64191,172.63812,Entire home/apt,142.0,2,157,2025-09-20,1.91,1,165,15,,2025-09
15619194,Country House - Super King Space,100696941,Tara-Jayne,Christchurch City,Waimairi Ward,-43.50506,172.56618,Private room,251.0,7,2,2021-07-18,0.02,4,269,0,,2021-07
1432202288393453726,Ohinetahi Guesthouse,712998602,Shelley,Christchurch City,Banks Peninsula Ward,-43.63545,172.64586,Entire home/apt,279.0,2,0,,,1,211,0,,
46800217,Settlers Retreat (quiet oasis) with own entrance.,13349472,John Warwick,Christchurch City,Banks Peninsula Ward,-43.62929,172.65009,Entire home/apt,120.0,2,60,2025-04-19,1.08,1,166,6,,2025-04
53451677,City Garden Retreat: Private Room in Urban Oasis,12222757,Kelsey,Christchurch City,Spreydon Ward,-43.555,172.60435,Private room,55.0,2,27,2025-10-02,0.68,3,332,10,,2025-10
1102446861497914936,Penthouse in the City,81390838,Katie,Christchurch City,Central Ward,-43.53808,172.63971,Entire home/apt,269.0,2,24,2025-09-21,1.25,45,272,16,,2025-09
1288668073969548216,Urban Studio Escape Central City,551181197,Paula Kat Charlotte,Christchurch City,Central Ward,-43.5392668,172.6349548,Entire home/apt,127.0,1,19,2025-09-16,1.75,146,347,19,,2025-09
31125766,Quality Centrally Located Two Bedroom Apartment,232627620,Geoff,Christchurch City,Central Ward,-43.54658,172.64623,Entire home/apt,119.0,2,192,2025-09-29,2.34,2,88,24,,2025-09
842307883026755345,Spacious City Apartment with stunning views,504396169,Denise,Christchurch City,Burwood Ward,-43.49517,172.66655,Private room,116.0,1,6,2023-04-15,0.19,1,269,0,,2023-04
1012592927913058060,Long Cottage Mews Townhouse,306797561,Michael,Christchurch City,Fendalton Ward,-43.5139817,172.6228297,Entire home/apt,113.0,1,12,2025-10-04,0.78,1,301,10,,2025-10
47802823,Deluxe Queen Room,270614463,Samuel William,Christchurch City,Central Ward,-43.53281,172.62722,Private room,170.0,1,32,2025-09-15,0.86,14,309,20,,2025-09
1515631184256663259,Armagh Executive Stays,153948924,Alisa Kate,Christchurch City,Central Ward,-43.52824,172.64945,Entire home/apt,260.0,1,0,,,3,361,0,,
850458123351206396,Spacious 3 Bed Family Home Close to CBD,341042204,Kyung Jun,Christchurch City,Innes Ward,-43.5126403,172.6385321,Entire home/apt,456.0,2,40,2025-05-19,1.32,1,122,14,,2025-05
1023403948678853875,Trinity Studio Apartment.,145619855,Brent,Christchurch City,Central Ward,-43.52953,172.64889,Entire home/apt,150.0,2,75,2025-10-04,3.34,1,292,35,,2025-10
859056316757461135,"Under the Yellow Canopy, Mt Pleasant, Christchurch",36298173,Lynette,Christchurch City,Heathcote Ward,-43.558051685114805,172.71436006444094,Entire home/apt,127.0,2,82,2025-09-28,2.7,1,153,36,,2025-09
752341962087649365,Lyttel BOS Studio,57440995,Melissa,Christchurch City,Banks Peninsula Ward,-43.60293,172.70898,Entire home/apt,176.0,2,72,2025-09-30,2.12,1,357,21,,2025-09
759029814457248725,Free Secure Park CBD Location 2 Bdrms 5 mins CBD,45768555,Lexia Margaret,Christchurch City,Central Ward,-43.52781,172.64633,Entire home/apt,183.0,1,41,2025-10-04,1.18,60,345,1,,2025-10
39030207,French Farm Winery,299094262,Caroline,Christchurch City,Banks Peninsula Ward,-43.77746,172.89742,Private room,197.0,1,22,2024-02-16,0.65,1,350,0,,2024-02
1310056374614115337,Modern Living in 1800's Hotel,140854309,Manpreet,Christchurch City,Spreydon Ward,-43.5518,172.5975,Shared room,81.0,1,4,2025-09-26,0.43,3,358,4,,2025-09
1299002342197673102,Serene Forest Retreat,94689217,Rachel,Christchurch City,Banks Peninsula Ward,-43.82380556020396,172.98571907401296,Private room,100.0,1,16,2025-04-15,1.54,1,51,16,,2025-04
1051916457455033788,Christchurch City Villa,34476868,Jessica,Christchurch City,Innes Ward,-43.51135,172.65024,Entire home/apt,191.0,1,3,2025-01-02,0.26,1,116,3,,2025-01
15487609,Luxury & Quiet stay @ Entire House in Christchurch,99451014,David,Christchurch City,Halswell Ward,-43.58421767066455,172.58212228465575,Entire home/apt,340.0,1,25,2025-08-22,0.72,1,124,5,,2025-08
11378699,"Clovelly Cottage, Akaroa",59539435,Mary,Christchurch City,Banks Peninsula Ward,-43.80068,172.97365,Private room,150.0,1,98,2025-04-12,0.9,1,177,11,,2025-04
1365672020490142765,Charming Studio and 1 BR Retreat in CBD with Parki,551181197,Paula Kat Charlotte,Christchurch City,Central Ward,-43.52795581744982,172.64272085804907,Entire home/apt,190.0,1,0,,,146,211,0,,
28255196,Halfmoon Cottage at the end of  Akaroa harbour.,93365561,Cornelius & Margo,Christchurch City,Banks Peninsula Ward,-43.75832,172.91413,Private room,153.0,1,39,2025-01-27,0.46,4,82,3,,2025-01
47803217,Male Dormitory,270614463,Samuel William,Christchurch City,Central Ward,-43.53325,172.62746,Shared room,65.0,1,2,2025-02-14,0.09,14,334,1,,2025-02
48945214,Stylish oasis in central city,128163295,Rachael,Christchurch City,Central Ward,-43.52401,172.64234,Entire home/apt,119.0,2,99,2025-10-01,1.82,3,325,5,,2025-10
877734750121795480,A Hidden Gem on Lincoln Road,155024348,Jenna,Christchurch City,Spreydon Ward,-43.54379,172.61418,Entire home/apt,126.0,1,164,2025-09-19,5.82,1,223,84,,2025-09
1203291274735057335,Stunning 3 bedroom private house,302772664,Holly,Christchurch City,Innes Ward,-43.45707,172.62514,Entire home/apt,244.0,2,0,,,1,89,0,,
899685749912725370,Cheerful and Centrally located,501222894,Marilyn,Christchurch City,Central Ward,-43.52302,172.64262,Entire home/apt,135.0,1,86,2025-07-11,3.0,5,330,22,,2025-07
817559392372482647,"Quiet, Private, Exclusive Spot!",91780005,Alana,Christchurch City,Fendalton Ward,-43.5187,172.6249,Entire home/apt,225.0,2,105,2025-10-08,4.1,2,0,48,,2025-10
1131415334367861083,Urban Gem in the CBD - Wilmer St Studio,482671075,Paula Corinne,Christchurch City,Central Ward,-43.5384944,172.6313989,Entire home/apt,105.0,1,93,2025-09-26,5.14,124,241,55,,2025-09
1366193762191865784,Home in Christchurch & lovely neighbourhood,175127039,Phasitt,Christchurch City,Innes Ward,-43.5112464,172.6457365,Entire home/apt,100.0,1,55,2025-10-02,7.71,1,77,55,,2025-10
1298820646779802436,Walk to Canterbury Uni has own private car park,482671075,Paula Corinne,Christchurch City,Fendalton Ward,-43.52062,172.58511,Entire home/apt,187.0,1,29,2025-09-27,3.0,124,216,29,,2025-09
960266371700349997,Central City-Urban Oasis 1 bed 1 bath w/sofa bed,482671075,Paula Corinne,Christchurch City,Central Ward,-43.52566,172.64314,Entire home/apt,141.0,1,89,2025-09-14,3.61,124,161,30,,2025-09
811928820432102986,"Apartment with sole use of indoor pool, spa, sauna",49391474,Tejada,Christchurch City,Heathcote Ward,-43.57477,172.69392,Private room,325.0,2,6,2024-04-14,0.19,2,177,0,,2024-04
21255028,Waipapa -The Heart of the Harbour (& breakfast),37434003,Antje,Christchurch City,Banks Peninsula Ward,-43.6254997253418,172.7392120361328,Private room,150.0,1,13,2025-06-01,0.63,2,178,6,,2025-06
1408467299578818634,Guesthouse on Gardiners - No cleaning fee.,300616410,Elisabeth,Christchurch City,Harewood Ward,-43.4624,172.58873,Entire home/apt,105.0,1,78,2025-10-06,14.63,1,76,78,,2025-10
872528956283395020,Stylish Townhouse in Riccarton With Free Parking,682808597,Devon,Christchurch City,Riccarton Ward,-43.53384,172.5938,Entire home/apt,285.0,1,203,2025-10-03,6.77,22,225,85,,2025-10
1202634894075522773,Hagley Park Retreat - With Free Parking,44139597,Sally,Christchurch City,Riccarton Ward,-43.52865,172.61179,Entire home/apt,143.0,1,73,2025-09-21,4.99,4,102,60,,2025-09
46786855,Park view on Hagley Park,321562392,J&H House,Christchurch City,Central Ward,-43.52953,172.61297,Entire home/apt,101.0,1,418,2025-10-03,7.09,3,123,68,,2025-10
17415321,"Stylish, Comfortable Clock Tower View Apartment",2185000,Jo,Christchurch City,Central Ward,-43.52403,172.63203,Entire home/apt,199.0,1,600,2025-09-19,5.76,5,246,78,,2025-09
1204719785300405628,Spa | Games Room | Parking | Garden | Central,33737430,Bevan,Christchurch City,Spreydon Ward,-43.5558325,172.6065522,Entire home/apt,168.0,1,98,2025-10-04,6.68,1,294,83,,2025-10
27859940,Strowan House 1 - Stylish Comfort,200539374,Rose,Christchurch City,Fendalton Ward,-43.50974,172.60462,Entire home/apt,196.0,3,122,2025-10-03,1.45,1,274,17,,2025-10
51015911,Cosy home in Arena stadium with secure car park,321562392,J&H House,Christchurch City,Spreydon Ward,-43.54585,172.60841,Entire home/apt,121.0,1,443,2025-10-07,8.62,3,116,91,,2025-10
18466951,"HOME AWAY FROM HOME
ARENA#STADIUM#TRANZALPINE#CITY",125315385,Leeanne And David,Christchurch City,Spreydon Ward,-43.54962,172.60355,Entire home/apt,71.0,1,639,2025-10-07,6.22,1,283,80,,2025-10
675571824847066088,Elegant 2-Level Penthouse with Panoramic Views,682808597,Devon,Christchurch City,Fendalton Ward,-43.52106,172.62068,Entire home/apt,519.0,1,156,2025-10-03,4.14,22,219,68,,2025-10
1414294228380229084,"Airport Luxury, no cleaning fee",67545571,Sharon,Christchurch City,Waimairi Ward,-43.4991295631148,172.5785432547501,Entire home/apt,121.0,1,37,2025-09-24,7.25,3,202,37,,2025-09
1010672693333841784,Funky and Floral Central City Stay,55752053,Kendra,Christchurch City,Central Ward,-43.5311796,172.6445883,Private room,41.0,2,10,2025-03-06,0.46,2,14,8,,2025-03
2249963,Charming family cottage in Somerfield,962315,Gemma,Christchurch City,Cashmere Ward,-43.5554722,172.6283052,Entire home/apt,206.0,2,16,2025-08-17,0.74,1,170,6,,2025-08
1305487166446914887,Cosy and cute,96519360,Brydie,Christchurch City,Central Ward,-43.53393,172.66195,Entire home/apt,171.0,3,1,2024-12-25,0.1,2,265,1,,2024-12
1426565769027617686,New Townhouse - Walk to your Coffee and shops,22183001,Rachael,Christchurch City,Innes Ward,-43.50702960736995,172.63236530649417,Entire home/apt,169.0,2,6,2025-09-29,2.9,1,249,6,,2025-09
1258266453336664483,Spacious Family Home -Sleeps 7-Near Airport & City,83232135,Emily,Christchurch City,Papanui Ward,-43.48271929999999,172.60702352820698,Entire home/apt,189.0,28,19,2025-09-26,1.67,1,252,19,,2025-09
52830397,Close to airport getaway,23389870,Hennie,Christchurch City,Harewood Ward,-43.48845,172.57352,Entire home/apt,77.0,1,500,2025-09-29,10.51,5,290,78,,2025-09
1362652400101469288,Nifty on Norfolk,194188437,Belinda,Christchurch City,Papanui Ward,-43.5038512,172.6170847,Entire home/apt,133.0,2,5,2025-09-27,0.8,2,115,5,,2025-09
24289615,"Peaceful Garden Studio: separate, no cleaning fee",183232246,Tracey,Christchurch City,Fendalton Ward,-43.5062,172.6222,Entire home/apt,109.0,2,265,2025-09-27,2.95,1,25,42,,2025-09
992875503859885560,Stylish Boutique Townhouse Luxe Comfort,45768555,Lexia Margaret,Christchurch City,Innes Ward,-43.5115,172.65237,Entire home/apt,125.0,1,54,2025-10-01,2.23,60,346,34,,2025-10
1443909684573158439,Cozy 1 BR 1 Bathroom studio,211195948,Jenny,Christchurch City,Central Ward,-43.53804,172.63305,Entire home/apt,103.0,1,1,2025-07-06,0.32,17,244,1,,2025-07
1040156052687115632,Stylish~Central~Gated free car park-King Beds,537318846,Jemima,Christchurch City,Innes Ward,-43.51499,172.63791,Entire home/apt,124.0,1,130,2025-09-22,6.31,5,44,85,,2025-09
1241362289050096704,"Location, stunning new townhouse",45172785,Lisa,Christchurch City,Central Ward,-43.51684849999999,172.6359575,Entire home/apt,124.0,1,72,2025-09-30,5.79,44,288,70,,2025-09
719766372866700075,Outstanding on Aikmans!,72194360,Breidi,Christchurch City,Fendalton Ward,-43.51253,172.61963,Entire home/apt,240.0,2,149,2025-10-01,4.02,8,249,56,,2025-10
1425757879042419108,Old Gem near the city Madras #B,696473453,Punyadeep Singh,Christchurch City,Central Ward,-43.51724230914101,172.64142648090592,Entire home/apt,139.0,1,0,,,4,250,0,,
775733180577168083,Surf Break Apartment 2,489814732,Cheryl,Christchurch City,Heathcote Ward,-43.5675981,172.7574481,Entire home/apt,298.0,2,40,2025-04-19,1.22,2,304,5,,2025-04
663123779828972140,Double bedroom with a Queens bed,466458668,Bonya,Christchurch City,Burwood Ward,-43.50359,172.69663,Private room,38.0,1,57,2025-09-17,1.45,2,164,14,,2025-09
39846658,Chester Street West Apartment,81390838,Katie,Christchurch City,Central Ward,-43.52886,172.63339,Entire home/apt,232.0,90,55,2025-04-15,0.77,45,47,4,,2025-04
1291141104050673751,"Luxury 5BR Villa: BBQ, Hot Tub, Dining, Golf",202585247,Ohana,Christchurch City,Hornby Ward,-43.520077,172.5082745,Entire home/apt,382.0,1,45,2025-10-01,4.55,121,96,45,,2025-10
1295146600051307648,MM Villa - Christchurch Holiday Home,145244100,Bachcare,Christchurch City,Waimairi Ward,-43.49704581334288,172.5676932605941,Entire home/apt,315.0,2,1,2025-02-22,0.13,1547,364,1,,2025-02
1460457776181838013,Spacious 5BR Family Escape on Busch Lane,331763232,Benjamin Dearden,Christchurch City,Hornby Ward,-43.56705,172.52369,Entire home/apt,379.0,2,0,,,96,185,0,,
1040165894333073209,Gated free car park~Central~2 Bathroom,537318846,Jemima,Christchurch City,Central Ward,-43.51671,172.63641,Entire home/apt,148.0,1,161,2025-09-21,7.83,5,51,97,,2025-09
782236470176105298,Tranquil And Entertaining Lifestyle 3 Bed House,489786737,Jing,Christchurch City,Innes Ward,-43.4775865,172.6590199,Entire home/apt,230.0,2,28,2025-04-24,0.85,2,341,4,,2025-04
740983881101877498,1 Bedroom Gem with Hagley Park at your Doorstep,482671075,Paula Corinne,Christchurch City,Riccarton Ward,-43.5284992,172.6120639,Entire home/apt,147.0,1,162,2025-09-28,4.64,124,127,35,,2025-09
1040165976858575249,Stylish~Central~Gated free car park-King Bed,537318846,Jemima,Christchurch City,Central Ward,-43.51706,172.63595,Entire home/apt,115.0,1,84,2025-09-22,4.15,5,83,59,,2025-09
588792595589642283,Convenient  1 or 2 or 3 bedroom Oasis,102656424,Dave And Wendy,Christchurch City,Innes Ward,-43.51386,172.65297,Entire home/apt,135.0,1,184,2025-10-07,4.35,1,187,32,,2025-10
841556388627446413,Gateway to Hagley Park - 2 Bed w/Carpark,482671075,Paula Corinne,Christchurch City,Riccarton Ward,-43.5311678,172.6101226,Entire home/apt,185.0,1,111,2025-09-20,3.52,124,230,39,,2025-09
48596199,Private modern residence in central location,151829651,Wan Yu,Christchurch City,Riccarton Ward,-43.53662,172.60406,Entire home/apt,234.0,2,498,2025-09-18,9.05,2,212,104,,2025-09
1524258612709741351,Cosy entire home in Riccarton Mall,99772917,Fiorella,Christchurch City,Riccarton Ward,-43.534273380338135,172.60088232711627,Entire home/apt,173.0,2,0,,,2,12,0,,
880173979573913977,Lincoln road modern townhouse,211195948,Jenny,Christchurch City,Spreydon Ward,-43.5433,172.61288,Entire home/apt,131.0,1,145,2025-09-24,4.97,17,210,64,,2025-09
1093906577254511367,Beautiful house near everything!,131734373,Alicia,Christchurch City,Spreydon Ward,-43.56162,172.58311,Entire home/apt,313.0,1,101,2025-09-24,5.1,8,306,60,,2025-09
1288574345017677016,Charming 1BR Retreat next to UC,542186568,Sharon,Christchurch City,Fendalton Ward,-43.5207314,172.5849414,Entire home/apt,81.0,1,40,2025-09-25,3.85,13,28,40,,2025-09
1200340706648091407,"Family-Friendly | Spa, Games Room & Secure Parking",551181197,Paula Kat Charlotte,Christchurch City,Innes Ward,-43.50011749999999,172.6406212,Entire home/apt,398.0,1,52,2025-10-04,3.8,146,323,50,,2025-10
1387283093861827238,Cozy 2-Bedroom - Kitchen Yard Central Location,202585247,Ohana,Christchurch City,Spreydon Ward,-43.5448233,172.6090316,Entire home/apt,134.0,1,25,2025-10-04,3.95,121,251,25,,2025-10
1370751902527768165,Grand 5-Bedroom Villa in Fendalton,551181197,Paula Kat Charlotte,Christchurch City,Fendalton Ward,-43.52057757513222,172.6092389322624,Entire home/apt,485.0,2,6,2025-10-02,1.15,146,187,6,,2025-10
1057494426658475676,Casebrook Guest Suite - No cleaning fee,553364401,Timothy,Christchurch City,Harewood Ward,-43.469555970085935,172.6016340404749,Entire home/apt,97.0,1,142,2025-09-29,6.6,1,153,70,,2025-09
890446716417767421,Architectural Luxury Retreat/Parking/Sky/Sleeps 11,514180659,Lux BnB Care,Christchurch City,Innes Ward,-43.5071,172.64442,Entire home/apt,451.0,1,83,2025-10-04,5.22,3,298,68,,2025-10
855824410311713641,Burnside Launchpad,8928964,Karl,Christchurch City,Waimairi Ward,-43.49835,172.56755,Entire home/apt,81.0,1,76,2025-10-06,2.77,1,10,19,,2025-10
42908593,Two Bedroom Townhouse at Airways Motel,341679977,Jeff,Christchurch City,Waimairi Ward,-43.519215,172.535065,Entire home/apt,396.0,1,11,2024-07-22,0.16,2,357,0,,2024-07
20180944,"5 Star Home, urban oasis near ChCh Airport",3737562,Kathy,Christchurch City,Waimairi Ward,-43.49366,172.56739,Entire home/apt,208.0,2,116,2025-08-20,1.23,1,0,3,,2025-08
22181841,Cashmere Hideaway - with mountain views,31696883,Victoria,Christchurch City,Cashmere Ward,-43.56824,172.62874,Entire home/apt,,2,115,2024-04-11,1.27,1,31,0,,2024-04
37333087,City Centre 2 Bedroom Apartment,281110869,City Centre,Christchurch City,Central Ward,-43.52172,172.63711,Entire home/apt,290.0,1,65,2025-08-31,0.92,5,319,8,,2025-08
1440203549139400022,Cosy 2 Bed Single Level House Near Uni And Airport,49642171,Xihang,Christchurch City,Hornby Ward,-43.52694,172.55472,Entire home/apt,118.0,1,4,2025-10-04,1.26,88,272,4,,2025-10
4063028,The Pool Studio,21073822,Sue & Greg,Christchurch City,Harewood Ward,-43.47764,172.5668,Entire home/apt,295.0,1,32,2024-02-08,0.25,2,236,0,,2024-02
42203678,City Centre Studio,281110869,City Centre,Christchurch City,Central Ward,-43.52298,172.6368,Entire home/apt,175.0,1,6,2024-02-24,0.09,5,242,0,,2024-02
41960124,Fyffe Two Bedroom Family Unit,58116308,Rod,Christchurch City,Riccarton Ward,-43.5292,172.58831,Entire home/apt,283.0,2,9,2024-03-27,0.15,4,274,0,,2024-03
1493790290837597022,Modern Bright 2BR w/ Balcony & Hagley Park Outlook,482671075,Paula Corinne,Christchurch City,Central Ward,-43.53834519999999,172.6210031,Entire home/apt,187.0,1,2,2025-09-10,1.76,124,228,2,,2025-09
897232512006829594,"2 bed Escape, Heart of Riccarton w/carpark",482671075,Paula Corinne,Christchurch City,Riccarton Ward,-43.5351477,172.598604,Entire home/apt,157.0,1,87,2025-09-21,3.05,124,108,27,,2025-09
1241359704320664791,Modern townhouse in amazing location + carpark,45172785,Lisa,Christchurch City,Central Ward,-43.5169058,172.6359035,Entire home/apt,139.0,1,172,2025-10-04,5.17,44,313,74,,2025-10
898855163705264502,Luxury Living in Amazing Location - 2 Car Parks,45172785,Lisa,Christchurch City,Innes Ward,-43.5154435,172.6388883,Entire home/apt,172.0,1,109,2025-09-29,3.99,44,69,43,,2025-09
20057526,Maison Rouge,63850245,Danielle,Christchurch City,Central Ward,-43.51784,172.65733,Entire home/apt,163.0,2,332,2025-07-11,3.35,2,286,39,,2025-07
1408354599386758484,The Pool House @ Woodford Grace,6361383,Michelle,Christchurch City,Fendalton Ward,-43.52095231585249,172.62297363905634,Entire home/apt,164.0,1,21,2025-09-25,4.63,1,46,21,,2025-09
13548527,"""Home away from Home"" - warm, sunny, welcoming.",73257997,Keryn,Christchurch City,Spreydon Ward,-43.55942,172.61579,Entire home/apt,85.0,2,179,2025-09-29,1.58,1,229,20,,2025-09
1355434997983395241,Cosy Stay Close to Airport,542186568,Sharon,Christchurch City,Harewood Ward,-43.4931115,172.5823023,Entire home/apt,90.0,1,37,2025-09-24,4.83,13,329,37,,2025-09
1272983809552211218,"2BR Townhouse, Riccarton Mall, Hagley Park",551181197,Paula Kat Charlotte,Christchurch City,Riccarton Ward,-43.5314557607224,172.5998416372516,Entire home/apt,182.0,1,32,2025-09-27,2.86,146,220,32,,2025-09
41534043,4BR City Escape | Family-Friendly + Parking,24205506,Karen Louise,Christchurch City,Central Ward,-43.52178,172.64264,Entire home/apt,373.0,1,158,2025-06-21,2.29,77,250,12,,2025-06
1103832683069723274,Merivale Gem: 2BR Townhouse Oasis,551181197,Paula Kat Charlotte,Christchurch City,Fendalton Ward,-43.5129634,172.625209,Entire home/apt,198.0,1,44,2025-09-04,2.3,146,222,28,,2025-09
1276929563546348578,Halswell 2 bedrooms Retreat,655394846,Bridget,Christchurch City,Halswell Ward,-43.573687,172.5849974,Entire home/apt,101.0,1,28,2025-09-20,2.44,1,122,28,,2025-09
1059780873612306655,City heaven on Tuam Street 2beds1bath,86216394,Min,Christchurch City,Central Ward,-43.53525,172.63105,Entire home/apt,121.0,1,45,2025-09-28,2.16,40,122,30,,2025-09
17624439,Character Home - Modern Comfort | Close to Airport,24205506,Karen Louise,Christchurch City,Hornby Ward,-43.52676,172.55393,Entire home/apt,313.0,2,131,2025-04-26,1.26,77,286,5,,2025-04
1182783472671692163,Merivale/Hagley Park Favourite - Stylish & Quiet,584521739,Suzanna Jane,Christchurch City,Fendalton Ward,-43.52137,172.61819,Entire home/apt,378.0,2,53,2025-10-03,3.4,1,55,40,,2025-10
40041040,Hidden Gem of Christchurch - Sleeps 13,202585247,Ohana,Christchurch City,Halswell Ward,-43.5761604309082,172.57949829101562,Entire home/apt,302.0,1,512,2025-10-02,7.18,121,155,60,,2025-10
10792884,Vintage charm - 1930s Home with Luxe Bedding,52334730,Sutza,Christchurch City,Cashmere Ward,-43.56710052490234,172.6211395263672,Entire home/apt,160.0,2,281,2025-10-01,2.41,1,67,19,,2025-10
11529335,Merivale Self-contained Studio,21295271,Margaret,Christchurch City,Fendalton Ward,-43.51583,172.62082,Entire home/apt,77.0,1,598,2025-09-19,5.33,1,166,93,,2025-09
729072384375709069,Home away from home.,85947440,Zoe,Christchurch City,Harewood Ward,-43.47839,172.58391,Entire home/apt,300.0,30,50,2025-02-22,1.47,1,227,6,,2025-02
988520051301728024,3 Bed 2.5 Bath Riccarton W/Games room & CarPark,482671075,Paula Corinne,Christchurch City,Riccarton Ward,-43.5329889,172.592829,Entire home/apt,260.0,1,181,2025-09-25,7.4,124,152,78,,2025-09
1281479104819801085,The perfect Christchurch Escapeï¼,660256988,Youn Sun,Christchurch City,Riccarton Ward,-43.534358124409295,172.60468828937036,Entire home/apt,153.0,1,74,2025-10-04,6.75,1,168,74,,2025-10
1384839415640435899,Central | Sleeps 3 | Free Parking Space,686294777,Laura,Christchurch City,Central Ward,-43.53066099999999,172.6385368,Entire home/apt,157.0,1,22,2025-09-28,4.62,3,255,22,,2025-09
28474210,The BEST view at special winter rates,214946854,Julia,Christchurch City,Banks Peninsula Ward,-43.81559,172.95986,Private room,,1,512,2025-04-25,5.99,1,308,22,,2025-04
926449034030595139,New Beautiful City Centre Townhouse,523186247,Dan,Christchurch City,Central Ward,-43.535568,172.6318853,Entire home/apt,163.0,1,63,2025-08-31,2.4,2,45,21,,2025-08
1460428683612586709,Bright Studio with Balcony on Bath Street,331763232,Benjamin Dearden,Christchurch City,Central Ward,-43.54044,172.63454,Entire home/apt,106.0,1,1,2025-09-13,1.0,96,159,1,,2025-09
1490147066012551024,New Cosy Central City Studio,659502893,Tina,Christchurch City,Central Ward,-43.52624796907587,172.6368260212538,Entire home/apt,129.0,1,0,,,3,48,0,,
1052418029842952222,Alpha Motel One-bedroom with Spa,179297759,Peng,Christchurch City,Riccarton Ward,-43.53789,172.57978,Entire home/apt,137.0,1,16,2025-08-28,0.75,20,268,9,,2025-08
976135826937167403,Central Charm 2 bed 2 bath with sunny Balcony,482671075,Paula Corinne,Christchurch City,Central Ward,-43.535568,172.6318853,Entire home/apt,177.0,1,111,2025-09-29,4.47,124,197,31,,2025-09
1211335509157903882,Spacious 4 Bed Family Home,49642171,Xihang,Christchurch City,Halswell Ward,-43.55986,172.56137,Entire home/apt,165.0,1,25,2025-09-27,1.89,88,265,23,,2025-09
13434509,"Coombe Farm, B&B, Akaroa, Banks Peninsula",33238586,Kathrine,Christchurch City,Banks Peninsula Ward,-43.78468,172.98529,Private room,276.0,1,139,2025-09-30,1.3,2,284,24,,2025-09
1074807877294513867,City Fringe luxury with pool and spa,52325821,Emma,Christchurch City,Fendalton Ward,-43.51314,172.60133,Entire home/apt,675.0,2,10,2025-05-10,0.51,1,133,9,,2025-05
1499685328773989724,Pinot's Pod,62181900,Alan,Christchurch City,Banks Peninsula Ward,-43.80386789482687,172.97391040674592,Private room,138.0,1,1,2025-09-07,0.94,1,161,1,,2025-09
923285116820945710,Stylish City Apartment,342238822,Zoe,Christchurch City,Central Ward,-43.51993,172.64346,Entire home/apt,132.0,2,58,2025-09-28,2.09,2,330,19,,2025-09
51395048,Bel Air Mansion - Sleeps 12 Villa,202585247,Ohana,Christchurch City,Riccarton Ward,-43.523963928222656,172.59078979492188,Entire home/apt,459.0,2,249,2025-09-24,4.91,121,55,44,,2025-09
618234455671580077,Two Bedrooms townhouse with free Park near Hagley,86216394,Min,Christchurch City,Riccarton Ward,-43.52807,172.61113,Entire home/apt,144.0,1,111,2025-03-24,2.69,40,0,19,,2025-03
42690376,Cozy 1BR Apartment with Hagley Park View,331763232,Benjamin Dearden,Christchurch City,Central Ward,-43.53835,172.62151,Entire home/apt,160.0,2,346,2025-09-23,5.47,96,68,53,,2025-09
27111058,Kiwi as Bro! Little Sweety.,148604490,Leigh,Christchurch City,Spreydon Ward,-43.55603,172.59006,Entire home/apt,139.0,1,379,2025-09-07,4.49,3,260,35,,2025-09
36723809,Penthouse with Park View,92155537,Rachel,Christchurch City,Central Ward,-43.53822,172.61871,Entire home/apt,167.0,1,124,2025-04-30,1.66,2,229,6,,2025-04
992558942935683403,Central City Work or Play Pad!,168218832,Benjamin,Christchurch City,Central Ward,-43.5179232,172.656595,Entire home/apt,239.0,1,53,2025-10-02,2.43,1,164,31,,2025-10
1111372618899301962,Serene family home near Airport and Uni,566837624,Mj,Christchurch City,Riccarton Ward,-43.5262975,172.563787,Entire home/apt,191.0,4,1,2024-07-18,0.07,1,24,0,,2024-07
22636858,Airport Express Cosy Studio 3 min drive to Airport,166675010,Gordon And Wendy,Christchurch City,Waimairi Ward,-43.49745,172.5632,Entire home/apt,107.0,1,380,2020-04-03,4.04,1,99,0,,2020-04
1505536201126442582,Lake House Cozy Home VIP1,230462319,Siyao,Christchurch City,Burwood Ward,-43.4956566,172.6798997,Private room,39.0,1,3,2025-10-04,3.0,5,261,3,,2025-10
1512681103153019498,"Stylish 2BR, 2BA Retreat with Yard in Christchurch",331763232,Benjamin Dearden,Christchurch City,Central Ward,-43.53851815017793,172.63040792759975,Entire home/apt,148.0,2,0,,,96,186,0,,
1308388864607117015,Cosmic Space close to the City Centre,666229549,Pavel,Christchurch City,Central Ward,-43.529607354975255,172.6452340392868,Entire home/apt,126.0,1,33,2025-07-07,3.33,1,81,33,,2025-07
1222169060917137882,Stylish LUX Homes 4 Bed  CBD Walk to Cafes Latimer,482671075,Paula Corinne,Christchurch City,Central Ward,-43.5312859,172.6450051,Entire home/apt,350.0,1,27,2025-10-01,2.38,124,145,27,,2025-10
802616868833793566,Beautiful New Townhouse Private Parking by Hagley,86216394,Min,Christchurch City,Riccarton Ward,-43.53008,172.6112,Entire home/apt,169.0,1,127,2025-09-20,3.83,40,20,44,,2025-09
1280141530192942178,Charming 3 Bedroom Escape with Carpark,551181197,Paula Kat Charlotte,Christchurch City,Central Ward,-43.5170436,172.6392809,Entire home/apt,297.0,1,28,2025-09-27,2.55,146,242,28,,2025-09
39154740,Beautiful Hagley Park view apartment in CBD,49642171,Xihang,Christchurch City,Central Ward,-43.53885,172.61747,Entire home/apt,139.0,1,128,2025-09-28,1.77,88,294,27,,2025-09
772048331959116071,Tranquil And Entertaining Lifestyle 2 Bed House,489786737,Jing,Christchurch City,Innes Ward,-43.4775865,172.6590199,Entire home/apt,204.0,2,32,2025-08-31,0.94,2,265,9,,2025-08
782096306107847578,Addington SOHO Two Bedroom Townhouse,49642171,Xihang,Christchurch City,Spreydon Ward,-43.54594,172.61536,Entire home/apt,115.0,1,129,2025-07-29,4.04,88,160,30,,2025-07
1256738139148386521,The Kind Kiwi. A brand new home in Riccarton,551181197,Paula Kat Charlotte,Christchurch City,Riccarton Ward,-43.53548,172.5886055,Entire home/apt,254.0,1,36,2025-07-10,2.91,146,226,35,,2025-07
880054467429718501,Panoramic Beach Views in Sumner,233387057,Blake,Christchurch City,Heathcote Ward,-43.5684885,172.7526449,Entire home/apt,585.0,2,35,2025-10-02,1.22,1,16,13,,2025-10
1108172332785647473,Christchurch Coastal Abode,5106498,Cameron,Christchurch City,Coastal Ward,-43.495,172.71486,Entire home/apt,131.0,2,24,2025-07-26,1.25,1,11,20,,2025-07
954792674763608239,Inner City Gem By Latimer Square,49642171,Xihang,Christchurch City,Central Ward,-43.5295824,172.6450848,Entire home/apt,120.0,1,66,2025-08-16,2.68,88,280,28,,2025-08
1131615923701976256,"""Cloud Nine"" Your Elegant Escape Awaits",356977265,Karolina,Christchurch City,Central Ward,-43.52942757178943,172.6451132312828,Entire home/apt,182.0,1,65,2025-09-30,3.67,2,224,41,,2025-09
1313234913500965216,Spacious 2BR House on Mohua Lane,331763232,Benjamin Dearden,Christchurch City,Riccarton Ward,-43.53615209530844,172.58552687175353,Entire home/apt,162.0,2,15,2025-09-01,1.57,96,62,15,,2025-09
1390911116516704002,"Bright City Base - 1Bed, Kitchen, Outdoor Space",202585247,Ohana,Christchurch City,Central Ward,-43.5269482,172.63981,Entire home/apt,120.0,1,37,2025-09-24,5.97,121,103,37,,2025-09
43178606,Three Bedroom Apartment at Bella Vista Motel,90849795,Emma & Fidel,Christchurch City,Central Ward,-43.51946,172.63947,Entire home/apt,382.0,1,27,2023-12-25,0.44,2,333,0,,2023-12
547923718619174506,Riverside - in the heart of Chch city with carpark,442122929,Faye,Christchurch City,Central Ward,-43.53472,172.63009,Entire home/apt,176.0,1,150,2025-10-01,3.35,1,21,23,,2025-10
634098944161725542,Central Stay â Sleeps 5 | Walk to Te Pae & Casino,202585247,Ohana,Christchurch City,Central Ward,-43.5261141,172.6337774,Entire home/apt,125.0,1,339,2025-09-27,8.34,121,201,78,,2025-09
1109144959395988332,Your Cosy Sunny Cove near Travis Wetlands,239700620,Mehek Lalit,Christchurch City,Burwood Ward,-43.49095,172.69207,Private room,41.0,1,32,2025-09-19,1.67,3,40,14,,2025-09
26822189,Central City Apartment,114687337,Garry,Christchurch City,Central Ward,-43.52452,172.63319,Entire home/apt,99.0,1,999,2025-10-02,11.34,1,129,107,,2025-10
1466278122007244011,Addington cozy corner,578777777,Nina,Christchurch City,Spreydon Ward,-43.5456119,172.6146934,Entire home/apt,119.0,2,1,2025-09-07,1.0,1,86,1,,2025-09
1489404609380851447,Compact Studio with free Parking,573757538,Harmeet,Christchurch City,Riccarton Ward,-43.53747,172.6016,Entire home/apt,120.0,1,3,2025-09-23,2.25,7,364,3,,2025-09
1092302298229138417,Modern 2BR Apartment on Salisbury Street,331763232,Benjamin Dearden,Christchurch City,Central Ward,-43.52471,172.63566,Entire home/apt,153.0,2,13,2025-04-26,0.67,96,43,6,,2025-04
13962354,Cashmere Hills with Stunning Mountain Views,28378709,Angela,Christchurch City,Cashmere Ward,-43.57454,172.6285,Entire home/apt,146.0,2,160,2025-06-07,1.53,1,253,22,,2025-06
1505517673905253974,Lake House Cozy Home VIP3,230462319,Siyao,Christchurch City,Burwood Ward,-43.4956566,172.6798997,Private room,35.0,1,5,2025-10-04,5.0,5,263,5,,2025-10
817011585202989754,Clifftop Retreat- Seaviews,245921468,Donna,Christchurch City,Heathcote Ward,-43.56142,172.73152,Entire home/apt,115.0,1,103,2025-09-21,3.16,1,314,25,,2025-09
1056914490055508782,Aylmers Valley Vista,553244065,Amy,Christchurch City,Banks Peninsula Ward,-43.8140677,172.9615118,Entire home/apt,478.0,2,7,2025-05-24,0.34,1,311,2,,2025-05
1153079471185773158,#60 La Voyageur Waterfront Apts by AVI,70726871,Darren,Christchurch City,Banks Peninsula Ward,-43.80877,172.9625,Entire home/apt,185.0,1,1,2024-06-15,0.06,23,190,0,,2024-06
1463595538153568051,CBD Comfort & Style â Walk Everywhere | Unit 4,573419952,Bruce,Christchurch City,Central Ward,-43.5312116,172.6474848,Entire home/apt,240.0,1,6,2025-09-28,3.4,8,259,6,,2025-09
27821323,Walk along the Beach from a Cosy Studio in Sumner,144414938,Rachel,Christchurch City,Heathcote Ward,-43.57627,172.76412,Entire home/apt,116.0,1,462,2025-09-27,5.38,1,129,63,,2025-09
21125919,Garden Rm: Enquire/Book When 3-4 Travel Together.,152241212,Joanne,Christchurch City,Cashmere Ward,-43.57257,172.63441,Private room,95.0,2,102,2025-09-13,1.05,2,265,2,,2025-09
27120141,Eco Living with AMAZING Ocean & Mountain Views,77191872,Brenda,Christchurch City,Heathcote Ward,-43.57541,172.72647,Private room,225.0,2,58,2024-12-03,0.68,2,364,1,,2024-12
5161047,"Best Views, Brilliant Coffee, no cleaning fee.",10627780,Veronica Mary,Christchurch City,Cashmere Ward,-43.57472,172.63431,Private room,105.0,2,23,2025-01-13,0.19,1,364,2,,2025-01
1153094927810043869,#64 La Voyageur Waterfront Apts by AVI,70726871,Darren,Christchurch City,Banks Peninsula Ward,-43.81285,172.95923,Entire home/apt,192.0,1,2,2025-03-15,0.21,23,198,2,,2025-03
1153091151500045217,#63 La Voyageur Waterfront Apts by AVI,70726871,Darren,Christchurch City,Banks Peninsula Ward,-43.80867,172.96255,Entire home/apt,192.0,1,1,2024-08-21,0.07,23,219,0,,2024-08
645862508946385530,Central City Loft - Sleeps 10,202585247,Ohana,Christchurch City,Central Ward,-43.53315,172.63811,Entire home/apt,304.0,1,312,2025-07-27,7.9,121,0,61,,2025-07
43406592,Halfmoon Cottage Akaroa,93365561,Cornelius & Margo,Christchurch City,Banks Peninsula Ward,-43.76006,172.9145,Private room,153.0,1,0,,,4,82,0,,
874749048351092337,Sea Air and Sandy Beach Beautiful 1 bed 1 bath,482671075,Paula Corinne,Christchurch City,Coastal Ward,-43.5036249,172.7293298,Entire home/apt,127.0,1,102,2025-09-15,3.42,124,191,34,,2025-09
23340874,Airport / rental car companies very close.,173866719,Katy,Christchurch City,Harewood Ward,-43.46435,172.59099,Private room,80.0,1,43,2025-10-04,0.53,1,56,7,,2025-10
1404891852003655405,"Privacy, comfort and a lot more -2 bedroom, cycles",143320659,Lijo,Christchurch City,Burwood Ward,-43.51317814969447,172.71078670159994,Entire home/apt,156.0,1,11,2025-10-01,2.29,1,26,11,,2025-10
750379744089215466,French Bay House - Raupo Room,130642642,Tim And Jacqui,Christchurch City,Banks Peninsula Ward,-43.81022,172.96406,Private room,340.0,1,0,,,4,218,0,,
1439644825923718809,City Centre Modern Townhouse + Free Parking,132529848,Meikee,Christchurch City,Central Ward,-43.525166812707695,172.64044904187105,Entire home/apt,155.0,1,15,2025-10-01,4.09,2,196,15,,2025-10
740344854827299177,Luxury Central City Abode,59763756,Jack,Christchurch City,Central Ward,-43.51776,172.63391,Entire home/apt,105.0,2,25,2025-09-20,0.74,1,20,16,,2025-09
11852621,"Spa pool with great views,  Lyttelton/Christchurch",55159216,Gregor,Christchurch City,Banks Peninsula Ward,-43.60254,172.72462,Entire home/apt,154.0,1,842,2025-09-24,7.44,1,298,66,,2025-09
1356429096737436331,Luxury King studio with spa and private carpark,482671075,Paula Corinne,Christchurch City,Central Ward,-43.52479124662882,172.64316612234077,Entire home/apt,212.0,1,53,2025-09-27,6.88,124,321,53,,2025-09
622628452869454032,"Big House - Great for families/groups, nearby CBD",15218301,Kate,Christchurch City,Central Ward,-43.52626,172.6673,Entire home/apt,166.0,2,41,2025-05-25,1.01,2,76,5,,2025-05
46301262,Brand-new Inner-city Apartment!,374813070,J,Christchurch City,Central Ward,-43.52973,172.64511,Entire home/apt,121.0,1,509,2025-09-16,8.68,1,190,83,,2025-09
858386913431812148,Sunsoaked seaside 1 bedroom 1 bath,482671075,Paula Corinne,Christchurch City,Coastal Ward,-43.5036249,172.7293298,Entire home/apt,122.0,1,141,2025-09-30,4.62,124,226,38,,2025-09
858414304417682604,Beachside Haven 1 bed 1 bath,482671075,Paula Corinne,Christchurch City,Coastal Ward,-43.5036249,172.7293298,Entire home/apt,134.0,1,98,2025-10-03,3.21,124,209,28,,2025-10
1377388619747408656,Home from home in Halswell,58499446,Fiona,Christchurch City,Halswell Ward,-43.57280175151525,172.5770089097787,Private room,39.0,1,7,2025-10-02,1.06,1,137,7,,2025-10
52861676,#2 The Wharf Seaview Apartments by AVI,70726871,Darren,Christchurch City,Banks Peninsula Ward,-43.80831,172.96179,Entire home/apt,163.0,1,3,2025-08-14,0.07,23,291,1,,2025-08
1109481859369924521,Room by the golf course with ensuite and spa,186382574,Wayne,Christchurch City,Burwood Ward,-43.50549,172.69958,Private room,74.0,1,59,2025-09-23,3.08,3,113,37,,2025-09
1120801971191668152,"2-BR ensuite, close to CBD, comfy w/ own parking",428049579,Irwin,Christchurch City,Linwood Ward,-43.54067,172.65827,Entire home/apt,211.0,1,9,2025-02-12,0.6,1,326,8,,2025-02
50999491,Unwind and relax amongst stunning native bush,412544860,Corey,Christchurch City,Banks Peninsula Ward,-43.73582,172.77979,Entire home/apt,115.0,2,121,2025-06-14,2.51,1,343,13,,2025-06
760114928498477403,Private central city standalone home with parking,411147933,Konrad,Christchurch City,Central Ward,-43.5246593,172.6428791,Entire home/apt,136.0,3,115,2025-09-29,3.38,1,57,51,,2025-09
53172996,Matagouri Cottage - Port Levy Holiday Home,145244100,Bachcare,Christchurch City,Banks Peninsula Ward,-43.67456,172.81526,Entire home/apt,237.0,2,15,2025-09-13,0.36,1547,359,2,,2025-09
46926200,"Homey Townhouse in Central City, CBD Place",379113054,Dan,Christchurch City,Central Ward,-43.52428,172.64159,Entire home/apt,119.0,1,536,2025-10-04,9.2,1,159,95,,2025-10
43499389,Beachside Apartment,9427994,Mary,Christchurch City,Banks Peninsula Ward,-43.81497,172.95135,Private room,246.0,1,4,2023-03-02,0.08,2,257,0,,2023-03
1153097663982764201,#65 La Voyageur Waterfront Apts by AVI,70726871,Darren,Christchurch City,Banks Peninsula Ward,-43.81014,172.96055,Entire home/apt,192.0,1,0,,,23,215,0,,
1153073966167029358,#56 Le Petite Palais - La Voyageur Waterfront Apts,70726871,Darren,Christchurch City,Banks Peninsula Ward,-43.8094855,172.9616825,Entire home/apt,245.0,1,10,2025-01-24,0.59,23,206,1,,2025-01
1416133026648826423,Quiet Comfort Near It All,74811135,Yaoyao,Christchurch City,Heathcote Ward,-43.553595730621794,172.64842371399027,Entire home/apt,135.0,1,0,,,40,315,0,,
996706136833322111,C-Side-R (Modern Beachfront Living),64394181,Cherie,Christchurch City,Coastal Ward,-43.50833,172.73143,Entire home/apt,108.0,2,74,2025-10-01,3.1,1,123,31,,2025-10
1393133567437194121,Sleepout by the Beach,96588416,Renee,Christchurch City,Coastal Ward,-43.4884392,172.7197228,Entire home/apt,86.0,1,6,2025-07-18,1.03,1,302,6,,2025-07
734425165492263110,New and Cosy on Salisbury Street - City Centre,482671075,Paula Corinne,Christchurch City,Central Ward,-43.52421469999999,172.6417818,Entire home/apt,132.0,1,152,2025-09-28,4.27,124,245,34,,2025-09
688822012514899028,West peak Cottage- Okains Bay,430010262,Phoebe,Christchurch City,Banks Peninsula Ward,-43.7207,173.03453,Entire home/apt,170.0,2,59,2025-04-24,1.64,1,333,13,,2025-04
632676662518375173,Delightful Dolphin 'Lodge',61298318,Hollie,Christchurch City,Banks Peninsula Ward,-43.804573,172.988098,Entire home/apt,119.0,1,38,2025-09-27,0.93,1,121,17,,2025-09
40014649,"Number One Archdalls,
Robinsons Bay",86033053,Amy,Christchurch City,Banks Peninsula Ward,-43.76103,172.95207,Entire home/apt,204.0,1,589,2025-10-05,8.3,1,164,88,,2025-10
30124708,Cosy Beach Retreat,226356684,Denise,Christchurch City,Coastal Ward,-43.48788,172.72119,Entire home/apt,180.0,4,90,2025-09-28,1.09,1,227,11,,2025-09
1115317567447171240,Beachside Nest,16959135,Jo,Christchurch City,Coastal Ward,-43.50892429260995,172.73138891905546,Entire home/apt,101.0,2,23,2025-10-04,1.24,1,166,12,,2025-10
1284946565159566484,Spacious and centrally located,22509852,Alicja,Christchurch City,Cashmere Ward,-43.554131,172.632789,Private room,56.0,2,5,2025-03-21,0.64,1,120,5,,2025-03
1292950395823945818,Bay View Family Retreat,20665858,Adam,Christchurch City,Banks Peninsula Ward,-43.7574008,172.9438832,Entire home/apt,205.0,1,19,2025-10-04,1.93,11,355,19,,2025-10
46852276,Akaroa apartment with sea views,178901714,Kathryn,Christchurch City,Banks Peninsula Ward,-43.80781,172.96323,Entire home/apt,162.0,2,261,2025-10-04,4.51,1,202,43,,2025-10
1483930198538559615,Chic stay close CBD&Tranzalpine,365360819,Chao,Christchurch City,Spreydon Ward,-43.54393,172.60862,Entire home/apt,124.0,1,1,2025-10-01,1.0,13,72,1,,2025-10
1235618546202635230,Waterfront 2-Bedroom Harbour View Apartment,20665858,Adam,Christchurch City,Banks Peninsula Ward,-43.8097843,172.9613294,Entire home/apt,193.0,2,57,2025-09-27,5.34,11,292,57,,2025-09
693588539843713850,Glenwood Akaroa Bush Retreat,159130015,Jennifer Jane,Christchurch City,Banks Peninsula Ward,-43.8085,172.99923,Entire home/apt,217.0,1,31,2025-09-27,0.92,2,162,17,,2025-09
991059759333336248,"Comfy Room, Wi-Fi, Double Bed + Close to CBD",532142019,Tracy,Christchurch City,Central Ward,-43.533,172.65997,Private room,61.0,1,14,2025-08-07,0.61,6,142,5,,2025-08
748654842441848858,City Centre Apartment on Gloucester,42796710,Josh,Christchurch City,Central Ward,-43.529498607324925,172.6450191065669,Entire home/apt,91.0,1,297,2025-09-28,8.34,2,139,69,,2025-09
1289499394296943880,Akaroa Oceanview Home,81390838,Katie,Christchurch City,Banks Peninsula Ward,-43.813317987242776,172.95525773264177,Entire home/apt,272.0,2,16,2025-09-15,1.49,45,296,16,,2025-09
1280581319682245474,Panoramic Perfection,64594082,Martin,Christchurch City,Heathcote Ward,-43.568806952730256,172.75229304105568,Entire home/apt,212.0,5,10,2025-08-30,0.93,1,69,10,,2025-08
1219080913433015718,"The Red House, Pigeon Bay",7815883,Elena,Christchurch City,Banks Peninsula Ward,-43.6846435,172.8905194,Entire home/apt,144.0,1,20,2025-09-22,1.5,1,171,17,,2025-09
761715228536755812,Fyffe Executive Spa Studio,58116308,Rod,Christchurch City,Riccarton Ward,-43.53119,172.58942,Private room,211.0,1,0,,,4,307,0,,
41113877,Tranquil hideaway,24561336,Maree,Christchurch City,Banks Peninsula Ward,-43.81493,172.96426,Entire home/apt,236.0,1,380,2025-08-29,5.42,1,284,73,,2025-08
775760849961458369,Great Location Kotuku Rose large family home,490417330,Karina,Christchurch City,Heathcote Ward,-43.55397,172.69315,Entire home/apt,234.0,2,99,2025-10-03,2.88,1,115,32,,2025-10
37942941,"Orchard Cottage, Diamond Harbour",251871632,Paula,Christchurch City,Banks Peninsula Ward,-43.62664,172.7414,Entire home/apt,107.0,2,116,2025-06-02,1.6,1,214,12,,2025-06
47056288,Duvauchelle Dream,16025828,Lesley And John,Christchurch City,Banks Peninsula Ward,-43.74744,172.9325,Entire home/apt,320.0,2,53,2025-09-27,0.91,4,80,16,,2025-09
41158752,Kanuka Retreat,10953991,Peter,Christchurch City,Banks Peninsula Ward,-43.8029,172.9882,Entire home/apt,144.0,2,223,2025-03-21,3.6,3,301,15,,2025-03
658372698395586164,"Charming Rose Cottage, Akaroa",233725674,Lucy,Christchurch City,Banks Peninsula Ward,-43.80044,172.97626,Entire home/apt,207.0,2,143,2025-07-27,3.63,2,305,47,,2025-07
50045889,#70 The Penthouse Suite,70726871,Darren,Christchurch City,Banks Peninsula Ward,-43.80892,172.96117,Entire home/apt,220.0,1,44,2025-09-18,0.85,23,297,13,,2025-09
21731055,Rustic Cabin,158251762,Fiona Grace,Christchurch City,Banks Peninsula Ward,-43.71518,172.8968,Entire home/apt,94.0,1,414,2025-07-19,4.4,2,265,48,,2025-07
1301102285956281858,Executive House - Huntsbury Hill,53382815,Ross,Christchurch City,Cashmere Ward,-43.57233953515525,172.65019258189517,Entire home/apt,2250.0,5,0,,,1,364,0,,
1344442943703340823,Mill Cottage with Spa and Sauna,675767196,Maree,Christchurch City,Banks Peninsula Ward,-43.8010250016617,172.97953954973758,Entire home/apt,236.0,2,24,2025-08-16,2.95,1,53,24,,2025-08
1367785166279960984,Beach Front Paradise,262724619,Ryan,Christchurch City,Banks Peninsula Ward,-43.637881,172.7535093,Entire home/apt,232.0,2,8,2025-06-04,1.34,1,106,8,,2025-06
1289482711566422259,KÅ«kupa Matairangi at Akaroa Lavender,30174761,Malcolm,Christchurch City,Banks Peninsula Ward,-43.74664267760413,172.9369067538849,Entire home/apt,517.0,1,3,2025-07-27,0.4,2,329,3,,2025-07
1404611457267643041,Relaxed City Living - 3 Bedroom Home with Parking,29406849,Chris And Jen,Christchurch City,Fendalton Ward,-43.5214872,172.6114344,Entire home/apt,225.0,2,3,2025-10-04,3.0,1,298,3,,2025-10
1409780415921603187,Laneside - Akaroa Holiday Cottage,145244100,Bachcare,Christchurch City,Banks Peninsula Ward,-43.794359320128855,172.96719143658095,Entire home/apt,211.0,2,1,2025-07-26,0.4,1547,361,1,,2025-07
816159461050381230,"A Great Location 4 bedrooms , quiet and comfort !",497805832,Sunny,Christchurch City,Riccarton Ward,-43.52591,172.57291,Entire home/apt,171.0,1,114,2025-09-27,3.63,1,121,44,,2025-09
1365466938273989679,Heywood Delight,374915856,Simeon Henry,Christchurch City,Central Ward,-43.5235229,172.6531472,Entire home/apt,196.0,1,0,,,120,0,0,,
985630726695248144,Modern home near the beach,538281346,Bee,Christchurch City,Coastal Ward,-43.5082235,172.7312974,Entire home/apt,136.0,3,19,2025-03-23,0.88,1,49,9,,2025-03
767575312518998828,Comfortable caravan experience,124343788,Vera,Christchurch City,Coastal Ward,-43.47948,172.70849,Entire home/apt,61.0,2,15,2025-02-03,0.46,1,363,4,,2025-02
50706253,The Sumner Loft,84622864,Matt And Caroline,Christchurch City,Heathcote Ward,-43.56859,172.75874,Entire home/apt,154.0,2,166,2025-09-25,3.42,1,303,41,,2025-09
958390211484302929,Luxury in Fendalton with Spa,315800267,Kathryn,Christchurch City,Riccarton Ward,-43.5270018,172.5875317,Private room,132.0,1,6,2025-02-22,0.26,2,167,2,,2025-02
1505502124232161794,Lake House Cozy Home VIP2,230462319,Siyao,Christchurch City,Burwood Ward,-43.49566,172.6799,Private room,39.0,1,4,2025-10-02,4.0,5,247,4,,2025-10
703104519599711015,Relax with amazing ocean views,94414839,Alison,Christchurch City,Heathcote Ward,-43.56759,172.75303,Entire home/apt,127.0,1,101,2025-10-06,4.98,1,95,62,,2025-10
1209850299627879424,Central City Rm lounge & office,515270819,Shala,Christchurch City,Central Ward,-43.52442138294538,172.63407703489065,Private room,57.0,1,0,,,1,359,0,,
1517988456772117450,Relaxed Kiwi Bach Over Akaroa Harbour - Port Watch,24205506,Karen Louise,Christchurch City,Banks Peninsula Ward,-43.79982010343136,172.97314201917615,Entire home/apt,338.0,1,0,,,77,199,0,,
23204560,Retro Hut,158251762,Fiona Grace,Christchurch City,Banks Peninsula Ward,-43.71427,172.89668,Entire home/apt,73.0,1,273,2025-04-26,2.93,2,269,40,,2025-04
53066844,Cosy 1 bedroom +ensuite with own entrance in the Christchurch hills.,101588626,Sylvia,Christchurch City,Cashmere Ward,-43.57629,172.62832,Private room,80.0,2,114,2025-07-06,2.42,1,325,22,,2025-07
1354774335327608889,Bellbird Bach - Akaroa,678384663,Lisa,Christchurch City,Banks Peninsula Ward,-43.814656563622194,172.96278591367258,Entire home/apt,238.0,1,4,2025-09-22,0.64,1,285,4,,2025-09
997406387895535931,Valley View - Paradise in Wainui,45842834,Lucinda Katherine,Christchurch City,Banks Peninsula Ward,-43.80739,172.90368,Entire home/apt,298.0,2,39,2025-07-08,1.68,1,323,16,,2025-07
24413321,Kakariki Ecostay,135725510,Kim,Christchurch City,Heathcote Ward,-43.57023,172.746,Entire home/apt,420.0,2,150,2025-09-28,1.66,1,66,8,,2025-09
21848740,The Black House - Akaroa Harbour,28321324,Catherine,Christchurch City,Banks Peninsula Ward,-43.83186,172.90221,Entire home/apt,340.0,3,73,2025-08-19,0.78,1,145,10,,2025-08
975028604049794810,The New Stables with a view,535920595,Craig,Christchurch City,Banks Peninsula Ward,-43.7581,172.94823,Entire home/apt,225.0,2,24,2025-04-04,1.13,1,144,11,,2025-04
1245257931483690310,Charming & Central Retreat with parking,7573206,Deborah,Christchurch City,Central Ward,-43.52363,172.64319,Private room,68.0,3,43,2025-09-23,3.51,1,177,42,,2025-09
776963873883977112,Modern two bedroom Apartment  with Wi Fi,474211319,John,Christchurch City,Banks Peninsula Ward,-43.80782,172.96308,Entire home/apt,149.0,2,117,2025-10-04,3.51,1,293,38,,2025-10
14651890,Foley Towers BBH,90991234,Janet,Christchurch City,Central Ward,-43.52543,172.64527,Private room,56.0,7,34,2025-05-29,0.32,1,63,5,,2025-05
23065093,Twin or single room,41527093,Karen,Christchurch City,Central Ward,-43.52779,172.64685,Private room,54.0,7,35,2025-04-07,0.38,4,65,6,,2025-04
14564035,"Sunny, Private Queen Room Near City Centre",4606077,Tawny,Christchurch City,Innes Ward,-43.51464,172.64726,Private room,79.0,2,65,2025-07-28,0.79,2,265,7,,2025-07
1371287448215736024,Peaceful in Pipers,372800521,Raewyn,Christchurch City,Banks Peninsula Ward,-43.74684384406936,172.95240594232786,Entire home/apt,143.0,1,10,2025-09-27,1.52,1,107,10,,2025-09
1204678619598242033,1 bedroom ocean view â 4 guests,36181980,Narsimooloo,Christchurch City,Coastal Ward,-43.503680527801166,172.72939699206543,Entire home/apt,125.0,1,9,2024-12-28,0.68,1,221,4,,2024-12
993870335455542325,Parklands Pad,425092691,Zach,Christchurch City,Coastal Ward,-43.47551,172.69936,Entire home/apt,120.0,1,42,2025-01-05,1.74,1,60,4,,2025-01
988971548453341410,Takamatua Holiday Home,537639282,Judith,Christchurch City,Banks Peninsula Ward,-43.78449,172.95071,Entire home/apt,257.0,1,22,2025-04-14,0.9,6,213,7,,2025-04
1062136412909193640,KÅ«kupa Puni at Akaroa Lavender by Tiny Away,481232463,Tiny Away NZ,Christchurch City,Banks Peninsula Ward,-43.7462476,172.9373347,Entire home/apt,229.0,1,24,2025-08-24,1.13,104,349,15,,2025-08
44450397,Love Akaroa Retreat,69251025,Claire,Christchurch City,Banks Peninsula Ward,-43.80822,172.9752,Entire home/apt,378.0,2,61,2025-06-21,0.99,3,286,3,,2025-06
1419141231675245572,A charming house on Montreal,213361214,Sheun,Christchurch City,Central Ward,-43.54613372641938,172.62929009045126,Private room,67.0,1,4,2025-09-27,0.82,2,310,4,,2025-09
1381269607476367188,Peaceful 2-Bedroom Retreat with Harbour Outlook,20665858,Adam,Christchurch City,Banks Peninsula Ward,-43.8097843,172.9613294,Entire home/apt,191.0,1,21,2025-09-22,3.33,11,300,21,,2025-09
879229537631874283,Robinson's Bay Lifestyle,426704386,Kimberley,Christchurch City,Banks Peninsula Ward,-43.76146,172.96074,Entire home/apt,165.0,2,33,2025-09-27,1.21,1,267,12,,2025-09
8476612,Kereru holiday home - Le Bons Bay,1868108,Anna,Christchurch City,Banks Peninsula Ward,-43.74045,173.09303,Entire home/apt,215.0,2,32,2025-05-10,1.27,1,226,15,,2025-05
45899184,Park Motel,98758734,North South Holiday Park,Christchurch City,Harewood Ward,-43.46982,172.57101,Private room,245.0,1,2,2022-07-15,0.04,20,342,0,,2022-07
1514345702532451279,Libeau Lane View,567821287,Amy,Christchurch City,Banks Peninsula Ward,-43.80323,172.97422,Entire home/apt,180.0,2,0,,,1,296,0,,
1335995694531034450,You Have Found Solace.,592236781,Simon,Christchurch City,Banks Peninsula Ward,-43.67543,172.99468,Entire home/apt,225.0,2,1,2025-07-19,0.37,1,160,1,,2025-07
721292427895248402,Camellia Cottage by the sea.,424362646,Zelda,Christchurch City,Banks Peninsula Ward,-43.81056,172.96073,Entire home/apt,190.0,2,95,2025-09-12,2.7,1,305,32,,2025-09
43061771,City Centre Superior Villa 3 large Double bedrooms,182871907,Mei & Steven,Christchurch City,Central Ward,-43.53087,172.64523,Entire home/apt,371.0,1,43,2025-02-14,0.68,2,116,1,,2025-02
34004247,Charming Seaside Villa in the Heart of Wainui,175419492,Caroline,Christchurch City,Banks Peninsula Ward,-43.81222,172.90329,Entire home/apt,199.0,1,462,2025-09-28,6.04,1,193,102,,2025-09
1035679923207298025,Secluded modern rural retreat with coastal views,131004794,Annabel,Christchurch City,Banks Peninsula Ward,-43.67802,173.03795,Entire home/apt,492.0,2,113,2025-09-30,5.23,2,192,69,,2025-09
964059875139283048,Avon Haven City Escape - 1 bed 1 bath,482671075,Paula Corinne,Christchurch City,Central Ward,-43.5267886,172.639983,Entire home/apt,145.0,1,108,2025-07-08,4.25,124,221,36,,2025-07
905980260796682275,Apartment In The Central City,513357992,Diane,Christchurch City,Central Ward,-43.52311,172.63662,Entire home/apt,88.0,1,243,2025-09-30,8.74,2,158,102,,2025-09
54023662,Cass Bay Escape: Modern Seaside Home with Views,340463660,Nicola Maree,Christchurch City,Banks Peninsula Ward,-43.60476,172.68934,Entire home/apt,159.0,2,76,2025-10-06,1.69,3,324,24,,2025-10
1506100971825338860,Heart of Christchurch â 2BR at Salisbury,331763232,Benjamin Dearden,Christchurch City,Central Ward,-43.524612728296425,172.63671351431046,Entire home/apt,150.0,1,0,,,96,31,0,,
45226251,Perfect getaway CHCH CBD tidy cozy townhouse,365360819,Chao,Christchurch City,Central Ward,-43.52822,172.64532,Entire home/apt,93.0,1,274,2025-10-05,4.44,13,176,24,,2025-10
8144885,Cass Bay House,10339399,Vivienne,Christchurch City,Banks Peninsula Ward,-43.60461,172.6948,Entire home/apt,345.0,3,15,2025-02-27,0.22,3,223,9,,2025-02
1010499541192618481,Bedroom & private bathroom 10 mins from Airport,236208457,Vinu,Christchurch City,Hornby Ward,-43.55005,172.53329,Private room,73.0,2,7,2024-02-26,0.3,2,235,0,,2024-02
593743172640289395,Hector's Tiny House - Akaroa Holiday Home,145244100,Bachcare,Christchurch City,Banks Peninsula Ward,-43.76267,172.94449,Entire home/apt,244.0,2,14,2025-09-29,0.19,1547,354,3,,2025-09
1048913895671608761,Opawa house,551462929,MarÃ­a Rosa,Christchurch City,Heathcote Ward,-43.54895161198882,172.65845320346875,Private room,53.0,2,18,2025-07-28,0.84,1,248,9,,2025-07
1485376737164478264,"Private Room Near Airport, HornbyâQuick City Drive",432822397,Sanjo Vincent,Christchurch City,Hornby Ward,-43.522286926866194,172.52467036032047,Private room,56.0,1,4,2025-09-11,2.45,1,358,4,,2025-09
1208972654129244877,Central City Abode on St Asaph,374915856,Simeon Henry,Christchurch City,Central Ward,-43.5360637,172.6485723,Entire home/apt,214.0,1,6,2025-03-11,0.43,120,219,5,,2025-03
1050226937718084984,"Views + Quiet, Akaroa Retreat- pet friendly",24205506,Karen Louise,Christchurch City,Banks Peninsula Ward,-43.81078,172.96749,Entire home/apt,239.0,2,16,2025-07-27,0.81,77,196,10,,2025-07
927059385903578638,Latimer Square 1 bed 1 bath - Single Level,482671075,Paula Corinne,Christchurch City,Central Ward,-43.53029811407317,172.64142055396732,Entire home/apt,165.0,1,118,2025-09-26,4.34,124,159,34,,2025-09
27318691,Daisy Hill Cottage - Enjoy the outdoor Hot Tub!!,7947371,Victoria,Christchurch City,Banks Peninsula Ward,-43.80009,172.9721,Entire home/apt,163.0,2,428,2025-10-02,5.05,1,159,57,,2025-10
44367152,"Enjoy this magical place,  best views in the bay",302229457,Kimberley,Christchurch City,Banks Peninsula Ward,-43.81169,172.90853,Entire home/apt,284.0,2,178,2025-07-13,2.85,1,149,13,,2025-07
1161776238716477293,Long Harbour View,96885888,Justine,Christchurch City,Banks Peninsula Ward,-43.81731,172.95287,Entire home/apt,855.0,2,11,2025-10-04,0.77,1,300,10,,2025-10
773979923937128991,Glenwood Akaroa Bush Retreat - Kanuka Hut,159130015,Jennifer Jane,Christchurch City,Banks Peninsula Ward,-43.80802843600328,172.99700053649292,Entire home/apt,217.0,1,18,2025-04-20,0.54,2,192,11,,2025-04
18815287,Banks Peninsula Heritage Farmhouse | Sleeps 17,131004794,Annabel,Christchurch City,Banks Peninsula Ward,-43.67506,173.01616,Entire home/apt,623.0,2,83,2025-07-19,0.82,2,247,16,,2025-07
1290836826714308210,Harbour View 3-Bedroom Retreat,20665858,Adam,Christchurch City,Banks Peninsula Ward,-43.7596192,172.945332,Entire home/apt,217.0,1,25,2025-10-03,2.76,11,332,25,,2025-10
1020713480801355661,Serene Hideout: 1 Bedroom on Cashel Street,331763232,Benjamin Dearden,Christchurch City,Central Ward,-43.53268,172.64931,Entire home/apt,143.0,2,27,2025-06-07,1.2,96,21,7,,2025-06
46328701,Le Bons Bay Beach House,288043923,Sophie,Christchurch City,Banks Peninsula Ward,-43.74227,173.09222,Entire home/apt,201.0,2,62,2025-10-07,1.07,1,318,6,,2025-10
1522928768217569343,Heart of the City with Stadium Outlook + Parking,551181197,Paula Kat Charlotte,Christchurch City,Central Ward,-43.5329477,172.6404189,Entire home/apt,178.0,1,0,,,146,260,0,,
37122552,The Grandstand - French Farm Holiday Home,145244100,Bachcare,Christchurch City,Banks Peninsula Ward,-43.78801,172.9065,Entire home/apt,326.0,2,16,2025-05-25,0.23,1547,361,2,,2025-05
770471281982412891,Spacious Sunny Family Home in Akaroa,81390838,Katie,Christchurch City,Banks Peninsula Ward,-43.81234,172.9617,Entire home/apt,233.0,2,25,2025-02-13,0.77,45,102,3,,2025-02
887092022866010026,Huge Family Home in Akaroa,6267072,Craig,Christchurch City,Banks Peninsula Ward,-43.8063189,172.9687008,Entire home/apt,316.0,2,40,2025-07-12,1.85,1,135,20,,2025-07
1392415565357429486,"Harbourview bush retreat, Akaroa",286172717,Tonia,Christchurch City,Banks Peninsula Ward,-43.80025,172.97291,Entire home/apt,325.0,2,0,,,1,338,0,,
1364060305994728252,6 Beds. 2 Bathrooms. Private.,20665858,Adam,Christchurch City,Banks Peninsula Ward,-43.8005544,172.9732156,Entire home/apt,278.0,1,9,2025-09-20,1.23,11,337,9,,2025-09
1256874646319966460,Centrally located townhouse in the heart of Akaroa,99981707,Joanne,Christchurch City,Banks Peninsula Ward,-43.809989771825855,172.96239014714956,Entire home/apt,320.0,2,21,2025-07-26,1.8,1,314,21,,2025-07
23468503,Akaroa Vista,15742007,Peter Michael,Christchurch City,Banks Peninsula Ward,-43.80930709838867,172.9618377685547,Entire home/apt,157.0,1,121,2025-08-28,1.33,3,216,5,,2025-08
1404730003781897293,Onuku Peace,113330545,Georgina Helen,Christchurch City,Banks Peninsula Ward,-43.814899375035566,172.95475258136196,Entire home/apt,387.0,2,2,2025-07-06,0.46,1,113,2,,2025-07
1246905629340023922,The Chilean home,177768935,Mario,Christchurch City,Central Ward,-43.54458,172.62398,Private room,52.0,1,88,2025-09-30,7.1,2,91,87,,2025-09
1437433881677664651,Sculpture House,519488257,Pamela Bronwyn,Christchurch City,Coastal Ward,-43.53642869999999,172.7419738,Entire home/apt,86.0,1,7,2025-10-04,1.84,1,205,7,,2025-10
1283672523558167262,Holiday at the beach,346550336,Tanja,Christchurch City,Coastal Ward,-43.48934241588721,172.72330129398088,Entire home/apt,250.0,5,1,2025-01-05,0.11,1,8,1,,2025-01
17612186,Tree House Hut - Across  the river,56150980,Lynnie,Christchurch City,Banks Peninsula Ward,-43.80356,172.99224,Entire home/apt,132.0,2,79,2025-04-16,0.81,2,266,6,,2025-04
1365578378154703790,Trendy Studio on Ferry Road,331763232,Benjamin Dearden,Christchurch City,Central Ward,-43.53814628906328,172.64818432044993,Entire home/apt,108.0,2,3,2025-05-11,0.49,96,186,3,,2025-05
914548851065833679,La Maison de Manu Waiata - Akaroa Holiday Home,145244100,Bachcare,Christchurch City,Banks Peninsula Ward,-43.80835,172.97184,Entire home/apt,43188.0,1,2,2023-10-22,0.08,1547,364,0,,2023-10
43898362,Relax with the Bellbirds in Akaroa,26142610,Aaron,Christchurch City,Banks Peninsula Ward,-43.81554,172.96408,Entire home/apt,408.0,2,76,2025-09-29,1.19,1,232,12,,2025-09
1500374157679491336,1-Bedroom Retreat with Spa Bath & Harbour Outlook,20665858,Adam,Christchurch City,Banks Peninsula Ward,-43.80978,172.96133,Entire home/apt,176.0,1,3,2025-09-28,2.73,11,325,3,,2025-09
1493043607447366297,Maison Pierre Rouge - Duvauchelle Holiday Home,145244100,Bachcare,Christchurch City,Banks Peninsula Ward,-43.73796766917117,172.93427243193315,Entire home/apt,351.0,2,0,,,1547,364,0,,
919863472030667911,Brockworth Comfort,133985647,Kathryn Anne,Christchurch City,Riccarton Ward,-43.5323347,172.6103348,Private room,206.0,1,12,2025-02-28,0.44,2,44,2,,2025-02
896800298014517655,Home Away From Home,262148957,Eru And Averil,Christchurch City,Linwood Ward,-43.52435453089455,172.68418941646814,Private room,52.0,1,64,2025-10-01,2.33,1,236,19,,2025-10
35270741,Charteris Bay Getaway.,197635259,Abie,Christchurch City,Banks Peninsula Ward,-43.64877,172.70757,Entire home/apt,300.0,2,69,2025-02-22,0.9,1,15,3,,2025-02
1005192445168070318,Modern CBD retreat with parking and courtyard,72194360,Breidi,Christchurch City,Central Ward,-43.5214297,172.6443499,Entire home/apt,180.0,2,125,2025-10-04,5.5,8,137,62,,2025-10
53560787,Purau Bay - Slice of Paradise!,63116373,James,Christchurch City,Banks Peninsula Ward,-43.63831,172.75225,Entire home/apt,87.0,3,74,2025-08-30,1.89,1,232,18,,2025-08
1410484574087764324,"Tranquil Bay Family Retreat | Relax, Recharge",24205506,Karen Louise,Christchurch City,Banks Peninsula Ward,-43.75504856944127,172.94497131192003,Entire home/apt,203.0,2,2,2025-09-23,0.81,77,307,2,,2025-09
47096594,Otahuahua - Akaroa Holiday Home,145244100,Bachcare,Christchurch City,Banks Peninsula Ward,-43.79687,172.96294,Entire home/apt,325.0,2,34,2025-09-13,0.59,1547,357,10,,2025-09
39117117,French Farm Whare,131092358,Mark,Christchurch City,Banks Peninsula Ward,-43.78393,172.90976,Entire home/apt,143.0,2,97,2025-06-24,1.35,1,328,22,,2025-06
46665510,Pocket of Paradise,170491934,Karyn,Christchurch City,Banks Peninsula Ward,-43.62822,172.74174,Entire home/apt,129.0,2,126,2025-06-15,2.16,1,84,23,,2025-06
1376390926322656285,Float on Pacific Highs,17414661,Adrien,Christchurch City,Heathcote Ward,-43.57875057997605,172.76955807817313,Entire home/apt,553.0,4,2,2025-10-07,0.65,1,83,2,,2025-10
984502987860533781,Style Location New Sunny 2Bdrms Free Park,45768555,Lexia Margaret,Christchurch City,Central Ward,-43.5210709,172.6513667,Entire home/apt,134.0,1,34,2025-06-17,1.37,60,329,12,,2025-06
822754037586828380,Maison en Noyer - Akaroa Holiday Home,145244100,Bachcare,Christchurch City,Banks Peninsula Ward,-43.81092,172.96493,Entire home/apt,491.0,2,4,2024-10-21,0.18,1547,364,1,,2024-10
45414665,Family Bach on Woodills,367284717,Victoria,Christchurch City,Banks Peninsula Ward,-43.80033,172.97273,Entire home/apt,207.0,2,43,2025-03-22,0.72,2,293,7,,2025-03
44573643,Hidden Gem at the backyard of Christchurch,191831593,William,Christchurch City,Banks Peninsula Ward,-43.6305,172.72373,Entire home/apt,261.0,2,116,2025-08-16,1.86,2,244,15,,2025-08
13979317,"Home, Land and Sea Adventure",83381954,Anji,Christchurch City,Banks Peninsula Ward,-43.60444,172.69045,Private room,87.0,1,135,2025-09-09,1.25,2,140,13,,2025-09
795807242501503262,"2 Single Size Beds, Clean & Tidy, Central Location",451174187,Hou Keet,Christchurch City,Heathcote Ward,-43.55059,172.65046,Private room,56.0,1,133,2025-09-22,3.99,2,110,25,,2025-09
1231520357780482394,New Farm - Akaroa Holiday Home,145244100,Bachcare,Christchurch City,Banks Peninsula Ward,-43.79614,172.97661,Entire home/apt,400.0,2,4,2025-06-01,0.33,1547,364,4,,2025-06
1312573911367030567,Waterfront 2-Bedroom Harbour View Apartment,20665858,Adam,Christchurch City,Banks Peninsula Ward,-43.8097243,172.9614093,Entire home/apt,204.0,2,41,2025-09-27,4.23,11,298,41,,2025-09
37338251,The Stables at Blythcliffe,16025828,Lesley And John,Christchurch City,Banks Peninsula Ward,-43.8071,172.9702,Entire home/apt,314.0,1,20,2025-09-06,0.41,4,130,6,,2025-09
1353450518171461038,Waterfront. Central. Amazing Views Over Harbour,20665858,Adam,Christchurch City,Banks Peninsula Ward,-43.8106351,172.9609871,Entire home/apt,362.0,1,26,2025-10-04,3.55,11,291,26,,2025-10
53616042,"Ocean views, 2 bdrm Bach, beautiful interior decor",434163133,Matthew,Christchurch City,Banks Peninsula Ward,-43.80907,172.96978,Entire home/apt,170.0,1,203,2025-08-23,4.41,1,228,45,,2025-08
1279876833535113246,Central city home with carpark sleeps 5,551181197,Paula Kat Charlotte,Christchurch City,Central Ward,-43.5327342,172.6499711,Entire home/apt,193.0,1,7,2025-08-20,0.63,146,256,7,,2025-08
16123605,Lyttelton Boatique House - Marina/Harbour Views,76024169,Frances,Christchurch City,Banks Peninsula Ward,-43.6026,172.71657,Entire home/apt,281.0,1,23,2025-09-20,0.22,2,344,2,,2025-09
697057213295577132,City Top Floor  Studio Apartment with lift access,75857776,Michael,Christchurch City,Central Ward,-43.52795,172.64272,Entire home/apt,117.0,2,129,2025-10-05,7.53,2,32,93,,2025-10
25783183,"Spacious, sunny, harbour views and close to town.",193768941,John,Christchurch City,Banks Peninsula Ward,-43.8061,172.97092,Entire home/apt,289.0,2,121,2025-08-01,1.38,1,116,4,,2025-08
27686531,Fabulous Guest Wing near CBD & Airport inc Netflix,25471419,Cheryl,Christchurch City,Fendalton Ward,-43.51655,172.59063,Private room,90.0,1,281,2025-10-05,3.23,2,225,42,,2025-10
28937002,One Bedroom at Aotea Motel,218117204,Manav,Christchurch City,Central Ward,-43.521137,172.647675,Hotel room,147.0,1,11,2023-03-23,0.15,2,318,0,,2023-03
658804161022012120,Anchor in Akaroa - Akaroa Holiday Home,145244100,Bachcare,Christchurch City,Banks Peninsula Ward,-43.81078,172.96166,Entire home/apt,312.0,2,9,2025-04-05,0.26,1547,357,2,,2025-04
39028599,Villa Akaroa - Akaroa Pet Friendly Holiday Home,145244100,Bachcare,Christchurch City,Banks Peninsula Ward,-43.80834,172.96417,Entire home/apt,509.0,2,14,2025-03-06,0.2,1547,362,3,,2025-03
45944592,Spacious bedroom with private bathroom,15218301,Kate,Christchurch City,Central Ward,-43.52586,172.66755,Private room,58.0,1,275,2025-09-19,6.41,2,13,51,,2025-09
1006371746452641756,Harbour Haven - Akaroa Holiday Home,145244100,Bachcare,Christchurch City,Banks Peninsula Ward,-43.81367,172.95444,Entire home/apt,501.0,2,0,,,1547,362,0,,
29989360,Cockle Lane Beach Studio Two,225439420,Despina,Christchurch City,Coastal Ward,-43.48384,172.72264,Entire home/apt,234.0,1,61,2025-02-22,0.75,2,303,4,,2025-02
53665943,ð« Sleep Amongst the Clouds - Panoramic Views âï¸ð¤,202585247,Ohana,Christchurch City,Central Ward,-43.53071,172.63806,Entire home/apt,240.0,1,357,2025-09-26,7.67,121,82,47,,2025-09
40238717,Group Accommodation *Special discounts Apply*,43226526,Janine,Christchurch City,Linwood Ward,-43.53636,172.66097,Entire home/apt,251.0,2,24,2023-11-19,0.35,5,360,0,,2023-11
38912136,Home away from home,236632691,Philip,Christchurch City,Fendalton Ward,-43.518,172.59404,Private room,51.0,1,232,2025-06-28,3.18,1,195,30,,2025-06
593745446809390005,Coastal City Retreat - New Brighton Accommodation,145244100,Bachcare,Christchurch City,Coastal Ward,-43.50779,172.73028,Entire home/apt,162.0,2,1,2022-06-05,0.02,1547,362,0,,2022-06
48945694,Experience all the entertainment Christchurch has,377176109,Paula,Christchurch City,Central Ward,-43.52963,172.6451,Entire home/apt,78.0,1,279,2025-09-20,6.07,2,193,68,,2025-09
45639036,#72 3 Bedroom Apt with partial Water Views,70726871,Darren,Christchurch City,Banks Peninsula Ward,-43.80867,172.9612,Entire home/apt,160.0,1,55,2025-08-19,0.92,23,227,13,,2025-08
23258663,Much more than a hotel!  Central city location.,137200167,Emma,Christchurch City,Central Ward,-43.52916,172.64957,Entire home/apt,119.0,1,114,2025-04-19,1.46,2,235,3,,2025-04
939512531332903750,"New home, new bed, warm home - low price",201638718,Helen,Christchurch City,Burwood Ward,-43.47688394738516,172.67062582075596,Private room,50.0,1,165,2025-10-03,6.25,3,241,54,,2025-10
809719963522999386,Your own space in an apartment. Close to stadiums,10376640,Sue,Christchurch City,Spreydon Ward,-43.55085,172.59585,Private room,78.0,2,47,2025-09-24,1.43,1,254,12,,2025-09
25464282,Peaceful paradise,22963739,Jacqui,Christchurch City,Banks Peninsula Ward,-43.81195,172.96162,Entire home/apt,153.0,1,120,2022-04-21,1.37,1,293,0,,2022-04
593743323294587097,Kotare Point Paradise - Akaroa Holiday Home,145244100,Bachcare,Christchurch City,Banks Peninsula Ward,-43.78454,172.94965,Entire home/apt,544.0,2,9,2024-02-10,0.12,1547,361,0,,2024-02
26607644,Akaroa Retreat Gatekeepers Cottage,10953991,Peter,Christchurch City,Banks Peninsula Ward,-43.80371,172.98709,Entire home/apt,195.0,2,188,2025-09-02,2.28,3,258,12,,2025-09
1360644420568132344,Woodbury Cottage - Cozy & Quiet,329368423,Dan,Christchurch City,Waimairi Ward,-43.5157170332271,172.5399359644955,Private room,70.0,1,4,2025-10-03,1.21,1,137,4,,2025-10
998988937581767083,Relax overlooking Akaroa Harbour,454656692,Nicola,Christchurch City,Banks Peninsula Ward,-43.81282,172.96473,Entire home/apt,420.0,2,16,2025-04-26,0.75,1,251,8,,2025-04
7715869,Spacious stylish home - 7 Night special deals,24205506,Karen Louise,Christchurch City,Riccarton Ward,-43.5309,172.60518,Entire home/apt,366.0,2,139,2025-10-01,1.15,77,93,9,,2025-10
1211972554315239033,The Salisbury - 2-Bedroom Home,202585247,Ohana,Christchurch City,Central Ward,-43.5246108,172.6355281,Entire home/apt,151.0,1,111,2025-09-30,7.74,121,143,96,,2025-09
1257875577428084999,KÅ«kupa Taunga at Akaroa Lavender by Tiny Away,481232463,Tiny Away NZ,Christchurch City,Banks Peninsula Ward,-43.7462476,172.9373347,Entire home/apt,237.0,1,15,2025-09-02,1.3,104,341,15,,2025-09
34092924,"Seaclusion - Water Views, Great for Big Families",257443958,Annette,Christchurch City,Banks Peninsula Ward,-43.80634,172.97249,Entire home/apt,336.0,2,139,2025-10-04,1.8,1,294,13,,2025-10
710948262069320811,Sunny 3 bedroom home with stunning harbour views,77175072,Rachael,Christchurch City,Banks Peninsula Ward,-43.806072,172.971893,Entire home/apt,325.0,2,78,2025-08-10,2.13,1,322,23,,2025-08
1182371131632736897,Peaceful holiday home in Duvauchelles,42199625,Maree,Christchurch City,Banks Peninsula Ward,-43.7469573,172.9322358,Entire home/apt,196.0,2,12,2025-07-20,0.85,2,330,10,,2025-07
1298296763838190832,Bay views and birdsong,257644040,Celyn,Christchurch City,Banks Peninsula Ward,-43.75671,172.94447,Entire home/apt,279.0,3,2,2025-04-26,0.22,1,80,2,,2025-04
28937601,Two Bedroom at Aotea Motel,218117204,Manav,Christchurch City,Central Ward,-43.521137,172.647675,Hotel room,176.0,1,31,2025-03-14,0.39,2,292,1,,2025-03
1049690496785725722,Hilltop Hideaway Akaroa,92070095,Philippa,Christchurch City,Banks Peninsula Ward,-43.81054,172.97109,Entire home/apt,110.0,2,71,2025-10-04,3.29,1,160,45,,2025-10
1100966719806807919,Escape to Duvauchelle,7583750,Stephanie,Christchurch City,Banks Peninsula Ward,-43.75790076314373,172.94439964232788,Entire home/apt,538.0,2,15,2025-09-14,1.0,1,188,11,,2025-09
34067826,2 bedroom self contained unit,118258506,Michelle,Christchurch City,Banks Peninsula Ward,-43.80128,172.97057,Entire home/apt,177.0,2,326,2025-09-20,4.19,1,136,25,,2025-09
551548833328799347,"Sunny, modern apartment with sea views",140812367,Melissa,Christchurch City,Banks Peninsula Ward,-43.813106536865234,172.9611053466797,Entire home/apt,293.0,2,122,2025-05-10,3.27,1,217,25,,2025-05
1482920806483532223,Modern Inner City Retreat-Walk to Parks and Cafes,202585247,Ohana,Christchurch City,Central Ward,-43.526254,172.6423938,Entire home/apt,124.0,1,16,2025-10-03,8.57,121,142,16,,2025-10
994394155630467214,Farmhouse at the bay.,246258993,Donna,Christchurch City,Banks Peninsula Ward,-43.70985,173.0411,Entire home/apt,144.0,2,23,2025-04-26,1.0,1,273,10,,2025-04
737452,Mumfords Akaroa,3851282,Susan Margaret,Christchurch City,Banks Peninsula Ward,-43.82343,172.94643,Entire home/apt,330.0,2,99,2025-04-13,0.69,1,256,5,,2025-04
41858980,The Boathouse - Akaroa Holiday Home,145244100,Bachcare,Christchurch City,Banks Peninsula Ward,-43.8072,172.96675,Entire home/apt,318.0,2,20,2024-12-16,0.29,1547,355,1,,2024-12
44523242,Pointers - Akaroa Holiday Home,145244100,Bachcare,Christchurch City,Banks Peninsula Ward,-43.8073,172.97327,Entire home/apt,344.0,2,10,2024-11-13,0.17,1547,359,1,,2024-11
16665527,"Stylish, charming, stay in our most chic suburb",110222955,Beverley Pamela,Christchurch City,Fendalton Ward,-43.51142883300781,172.62551879882812,Private room,90.0,1,187,2025-10-01,1.77,2,289,27,,2025-10
17628262,Double room with en suite and breakfast,96710780,Peter,Christchurch City,Innes Ward,-43.51461,172.65253,Private room,108.0,1,524,2025-10-04,5.13,3,111,92,,2025-10
1300965825517285048,Beach Tranquility in Tikao Bay,179889874,Kaye,Christchurch City,Banks Peninsula Ward,-43.79532,172.91627,Entire home/apt,330.0,1,15,2025-09-30,1.46,1,315,15,,2025-09
801618124369631156,Bushside Cottage - Akaroa Holiday Home,145244100,Bachcare,Christchurch City,Banks Peninsula Ward,-43.7937507388,172.9687752153,Entire home/apt,266.0,2,10,2024-11-23,0.35,1547,364,2,,2024-11
1153081911739732658,#62 The Turret - La Voyageur Waterfront Apts,70726871,Darren,Christchurch City,Banks Peninsula Ward,-43.80865,172.96226,Entire home/apt,189.0,1,22,2025-09-23,1.3,23,189,11,,2025-09
52209891,Historic Shipping Office - Akaroa,599729683,Ben,Christchurch City,Banks Peninsula Ward,-43.80881,172.96264,Entire home/apt,336.0,1,47,2025-03-29,0.98,6,330,14,,2025-03
1332009082898522448,Hammersley Homestead,62210393,Andrew,Christchurch City,Innes Ward,-43.5063758835739,172.65849427722307,Private room,64.0,1,15,2025-09-27,1.72,1,93,15,,2025-09
1491166578064883063,Garden view/Double bed/Heat Pump/Private Entrance,430177594,Bhaskar,Christchurch City,Hornby Ward,-43.55264478385439,172.52742134034634,Private room,48.0,1,9,2025-10-01,5.87,3,335,9,,2025-10
43095948,Two Bedroom Spa Apartment at Bella Vista Motel,90849795,Emma & Fidel,Christchurch City,Central Ward,-43.52027,172.63838,Entire home/apt,353.0,1,10,2022-10-05,0.16,2,336,0,,2022-10
46316531,Central Akaroa Retreat â Balcony & Parking,24205506,Karen Louise,Christchurch City,Banks Peninsula Ward,-43.80961990356445,172.96246337890625,Entire home/apt,286.0,2,32,2025-07-17,0.56,77,331,7,,2025-07
914026522342226717,Birdsong Bliss - Takamatua Holiday Home,145244100,Bachcare,Christchurch City,Banks Peninsula Ward,-43.78557,172.95512,Entire home/apt,361.0,2,3,2025-04-20,0.12,1547,360,2,,2025-04
31903653,Protea Cottage.  A place to connect with nature.,239163263,Tom,Christchurch City,Banks Peninsula Ward,-43.79172,172.82681,Entire home/apt,107.0,2,171,2025-09-27,2.11,1,207,19,,2025-09
16030936,The Hut by the River & Close to the Sea,56150980,Lynnie,Christchurch City,Banks Peninsula Ward,-43.80556,172.99072,Entire home/apt,96.0,3,221,2025-03-02,2.05,2,124,5,,2025-03
30026461,Cockle Lane Beach Studio One,225439420,Despina,Christchurch City,Coastal Ward,-43.48222,172.72223,Entire home/apt,234.0,1,35,2025-02-23,0.42,2,306,4,,2025-02
872536912546992887,Beachside apartment New Brighton,510565698,Kieran,Christchurch City,Coastal Ward,-43.5039339,172.7284552,Entire home/apt,121.0,1,37,2025-09-16,1.24,2,297,10,,2025-09
11104969,Pool House - Peaceful Sun Trap,57677232,Richard,Christchurch City,Heathcote Ward,-43.5597,172.66637,Entire home/apt,119.0,2,61,2025-02-24,0.52,1,121,3,,2025-02
710318515139246702,Spacious room in Family Home,251219305,Sarah,Christchurch City,Waimairi Ward,-43.52024,172.53817,Private room,46.0,1,159,2025-08-31,4.25,2,219,65,,2025-08
1424953242864005738,Modern living near the city #5,696473453,Punyadeep Singh,Christchurch City,Central Ward,-43.527968028284754,172.66291257156303,Entire home/apt,139.0,1,0,,,4,217,0,,
1386687997521702157,Queen bedroom with ensuite.Close to Airport & City,686755100,Satinder Pal,Christchurch City,Harewood Ward,-43.44861065016797,172.6295818454608,Private room,63.0,1,34,2025-10-06,5.48,1,317,34,,2025-10
23279192,Queen Bed - bedroom 2,173308474,Dawn,Christchurch City,Waimairi Ward,-43.4995527,172.5654651,Private room,51.0,1,79,2025-10-04,9.15,3,231,79,,2025-10
647450066988561662,CBD Location Sunny Warm Free off Street Parking,45768555,Lexia Margaret,Christchurch City,Central Ward,-43.529964,172.6411401,Entire home/apt,151.0,1,221,2025-09-26,5.56,60,270,41,,2025-09
39337939,Villa Heights . Native Bush and birdsong,210006890,Stuart,Christchurch City,Banks Peninsula Ward,-43.81054,172.97323,Entire home/apt,260.0,2,89,2025-04-07,1.26,1,214,13,,2025-04
1238191528816452719,Park and Stay 4BR Townhouse near Avon River,551181197,Paula Kat Charlotte,Christchurch City,Central Ward,-43.5195555,172.6594498,Entire home/apt,297.0,1,18,2025-08-14,1.47,146,6,17,,2025-08
1050228007913999395,Awesome Modern Akaroa Bach,11083016,James,Christchurch City,Banks Peninsula Ward,-43.80881,172.97107,Entire home/apt,399.0,2,35,2025-06-21,1.72,7,295,22,,2025-06
1429955726656838456,Sun Baked Duvachelle's Views,697723531,Cheryl,Christchurch City,Banks Peninsula Ward,-43.7603459,172.9476981,Entire home/apt,267.0,1,0,,,1,243,0,,
1289482913781028901,Lavender Cottage at Akaroa Lavender,30174761,Malcolm,Christchurch City,Banks Peninsula Ward,-43.74509619663165,172.93798326402273,Entire home/apt,486.0,2,0,,,2,255,0,,
916956819185070524,Harbour Views - Akaroa Holiday Home,145244100,Bachcare,Christchurch City,Banks Peninsula Ward,-43.81009,172.96888,Entire home/apt,418.0,2,4,2025-08-30,0.16,1547,361,2,,2025-08
1202405045220430039,Les Troupes Maison des Papillons,70726871,Darren,Christchurch City,Banks Peninsula Ward,-43.81057,172.96199,Entire home/apt,190.0,1,2,2025-07-12,0.24,23,213,2,,2025-07
1045273739890816252,Comfortable Stay With Affordable Price.,550753812,Manpreet,Christchurch City,Heathcote Ward,-43.549515739465,172.6517293229699,Private room,41.0,1,61,2025-09-28,2.85,1,254,53,,2025-09
36246836,Self-contained 2 bedroom apartment,272633559,Elise,Christchurch City,Banks Peninsula Ward,-43.80519,172.96649,Entire home/apt,256.0,1,43,2025-10-01,0.59,1,71,7,,2025-10
1449090768698901109,Fantail Loft,702752167,Julia,Christchurch City,Harewood Ward,-43.45408,172.61802,Private room,63.0,2,2,2025-09-25,2.0,1,139,2,,2025-09
665517904619564738,Woodills Wonderland â Akaroa Holiday Home,145244100,Bachcare,Christchurch City,Banks Peninsula Ward,-43.80123,172.97079,Entire home/apt,368.0,2,12,2025-08-23,0.42,1547,364,3,,2025-08
1019723264843596225,Stay in a Sleek Apartment in the Heart of CHCH U5,74811135,Yaoyao,Christchurch City,Central Ward,-43.53031,172.65709,Entire home/apt,126.0,1,52,2025-08-30,2.27,40,164,13,,2025-08
1076514059253184133,Room IN Riccarton,545975870,Li,Christchurch City,Riccarton Ward,-43.53175,172.59534,Private room,105.0,1,56,2025-08-06,2.71,1,56,32,,2025-08
1112335464725835490,Cliffside - Akaroa Holiday Home,145244100,Bachcare,Christchurch City,Banks Peninsula Ward,-43.81094,172.96507,Entire home/apt,460.0,2,1,2025-06-01,0.23,1547,361,1,,2025-06
1285792924279334357,Cosy on Colombo,117375097,Daniel,Christchurch City,Heathcote Ward,-43.554009750917125,172.63701126931153,Private room,45.0,1,33,2025-10-05,3.12,1,96,33,,2025-10
1202398782018835722,Les Troupes Maison Nature,70726871,Darren,Christchurch City,Banks Peninsula Ward,-43.8086,172.96282,Entire home/apt,190.0,1,12,2025-08-17,0.96,23,203,11,,2025-08
942948315090882485,The Cozy Cocoon 1 bed 1 bath apartment,482671075,Paula Corinne,Christchurch City,Central Ward,-43.5231077,172.6362107,Entire home/apt,146.0,1,112,2025-09-27,4.22,124,225,42,,2025-09
5738538,Akaroa Coastal Studio,26183903,Jenny & John,Christchurch City,Banks Peninsula Ward,-43.82883,172.94328,Private room,189.0,1,667,2025-09-20,5.31,1,258,89,,2025-09
987101443893647437,"""Urban Retreat: 2-Bedroom Haven near City Centre""",25974932,Rainiell,Christchurch City,Riccarton Ward,-43.52940234683304,172.60975744575262,Entire home/apt,144.0,1,73,2025-09-21,3.14,1,227,47,,2025-09
978616491387492343,"Historic Pavitt Cottage, Robinsons Bay.",536717272,Suky,Christchurch City,Banks Peninsula Ward,-43.75732,172.9713,Entire home/apt,197.0,2,62,2025-04-26,2.69,1,250,28,,2025-04
688061539804807067,Self-contained private ensuite by the river,60453585,Rachel,Christchurch City,Cashmere Ward,-43.56563,172.64582,Private room,66.0,1,152,2025-10-02,4.08,1,69,38,,2025-10
1378729868224723260,City Centre Stay,158252464,Satish,Christchurch City,Central Ward,-43.520951230346895,172.63807956129313,Private room,42.0,1,67,2025-10-07,9.85,1,27,67,,2025-10
713337408265816459,3 bedroom townhouse Opposite Hagley Park,74811135,Yaoyao,Christchurch City,Riccarton Ward,-43.53382,172.60985,Entire home/apt,161.0,1,232,2025-09-05,6.21,40,234,44,,2025-09
1381689839247314770,Brand New 3BR Home with Parking,147777927,Venu,Christchurch City,Linwood Ward,-43.5417698,172.6598668,Entire home/apt,175.0,2,3,2025-09-25,0.92,3,205,3,,2025-09
43759375,Fantail Cottage with Sea Views - Akaroa Home,145244100,Bachcare,Christchurch City,Banks Peninsula Ward,-43.79384,172.96914,Entire home/apt,258.0,2,9,2023-08-07,0.15,1547,362,0,,2023-08
683531903409584472,Glam escape High-End Living in Merivale,682808597,Devon,Christchurch City,Fendalton Ward,-43.5217896,172.6215023,Entire home/apt,380.0,1,134,2025-09-24,3.5,22,226,47,,2025-09
3852872,Yurt in the Garden,12996972,Jane,Christchurch City,Banks Peninsula Ward,-43.78759,172.81975,Private room,81.0,2,130,2025-02-16,0.98,6,35,6,,2025-02
1340166843012804045,Stylish Rental Merivale - 2-BR home,202585247,Ohana,Christchurch City,Fendalton Ward,-43.518637,172.6250952,Entire home/apt,195.0,1,54,2025-09-28,6.64,121,21,54,,2025-09
35844335,#25 The Bruce Waterfront Apartments by AVI,70726871,Darren,Christchurch City,Banks Peninsula Ward,-43.81013,172.96066,Hotel room,190.0,1,25,2025-09-23,0.51,23,286,15,,2025-09
698741100852525125,"Character, quiet, new (CNZhouse)",55183024,Clark,Christchurch City,Innes Ward,-43.51565,172.63527,Entire home/apt,106.0,1,275,2025-10-04,7.24,3,102,95,,2025-10
1500217084651556507,Hatfield House,235838397,Michael,Christchurch City,Spreydon Ward,-43.56664,172.59515,Entire home/apt,376.0,2,0,,,1,171,0,,
1033721397994868656,Amazing Christchurch City and Alpine Views,437616762,Ketan,Christchurch City,Halswell Ward,-43.5870491,172.6074405,Entire home/apt,97.0,1,30,2025-09-21,1.35,1,243,12,,2025-09
49278182,Gipsy cabin on the Wildside of Banks Peninsula,193551136,Kevin,Christchurch City,Banks Peninsula Ward,-43.86751,173.00637,Private room,203.0,1,7,2025-02-22,0.13,2,179,1,,2025-02
1271995831970325855,Grand Hotel & Akaroa - Queen Room En-Suite,599729683,Ben,Christchurch City,Banks Peninsula Ward,-43.80167172664381,172.97067882185712,Private room,184.0,1,2,2025-01-25,0.18,6,267,2,,2025-01
1272718399011169311,Grand Hotel & Bar Akaroa - Triple Room En-suite,599729683,Ben,Christchurch City,Banks Peninsula Ward,-43.799554442635696,172.96998607185148,Private room,225.0,1,1,2025-06-01,0.23,6,261,1,,2025-06
29858372,Hampstead Cottage,147339087,Elizabeth Catherine,Christchurch City,Innes Ward,-43.5121355,172.6341847,Entire home/apt,214.0,1,110,2025-09-20,5.44,3,169,72,,2025-09
1202819189338210991,Chemin Wonder - Akaroa Holiday Home,145244100,Bachcare,Christchurch City,Banks Peninsula Ward,-43.80127,172.97291,Entire home/apt,285.0,2,0,,,1547,354,0,,
658787552655287341,Bay Bliss - Akaroa Holiday Home,145244100,Bachcare,Christchurch City,Banks Peninsula Ward,-43.75503,172.94441,Entire home/apt,263.0,2,0,,,1547,364,0,,
25211023,Nikau Villa Romantic retreat - Akaroa,25208716,Ingrid,Christchurch City,Banks Peninsula Ward,-43.80798,172.97337,Entire home/apt,627.0,3,9,2025-04-22,0.11,1,355,2,,2025-04
593744942246364462,Kingfisher's Perch - Takamatua Holiday Home,145244100,Bachcare,Christchurch City,Banks Peninsula Ward,-43.78648,172.952702,Entire home/apt,352.0,2,8,2024-11-16,0.12,1547,362,1,,2024-11
53482809,Le Solterre - Akaroa Holiday Home,145244100,Bachcare,Christchurch City,Banks Peninsula Ward,-43.81252,172.96107,Entire home/apt,434.0,2,7,2025-03-15,0.22,1547,359,2,,2025-03
1391647154420101560,Sunny Private King bed  near uni/mkts/airport,160939364,Zhen,Christchurch City,Fendalton Ward,-43.5084051,172.5787446,Private room,54.0,1,39,2025-10-06,6.29,1,39,39,,2025-10
1442370359813460747,Town House Haven in St Albans,370396116,Hannah,Christchurch City,Central Ward,-43.51642,172.6418,Entire home/apt,155.0,2,5,2025-10-02,2.73,1,266,5,,2025-10
774900641086656446,Cozy Town House - Walk to Stadium and Raceway,682808597,Devon,Christchurch City,Spreydon Ward,-43.54659,172.60345,Entire home/apt,155.0,1,101,2025-09-23,2.97,22,238,42,,2025-09
1300495319068818326,Studio with City Views in Central Christchurch,482671075,Paula Corinne,Christchurch City,Central Ward,-43.5285632,172.6432595,Entire home/apt,150.0,1,18,2025-09-28,1.76,124,232,18,,2025-09
17905806,"Airport apartment spacious, warm, families welcome",52737733,Helen,Christchurch City,Harewood Ward,-43.47903,172.58386,Entire home/apt,112.0,2,617,2025-09-28,6.03,1,41,52,,2025-09
15238281,Central City Bungalow,96878073,Deborah,Christchurch City,Central Ward,-43.520057678222656,172.64767456054688,Entire home/apt,126.0,1,81,2025-09-28,0.76,1,288,61,,2025-09
1299592624480554260,Sanctuary in St Albans: Chic 2-Bedroom Retreat,551181197,Paula Kat Charlotte,Christchurch City,Fendalton Ward,-43.5129634,172.625209,Entire home/apt,169.0,1,14,2025-09-24,1.88,146,255,14,,2025-09
1376272996593348954,Luxury 2BR Apartment on Worcester Street,331763232,Benjamin Dearden,Christchurch City,Central Ward,-43.53095315649713,172.64556602228504,Entire home/apt,212.0,2,2,2025-04-19,0.34,96,144,2,,2025-04
1065516901493509676,KaleidoNook: Enchanting 3-BR Magic on Rugby St.,202585247,Ohana,Christchurch City,Fendalton Ward,-43.51488,172.62124,Entire home/apt,229.0,1,132,2025-10-01,6.53,121,162,80,,2025-10
860199373578595364,Explore Addington and CBD 1 Bed w/Carpark,482671075,Paula Corinne,Christchurch City,Spreydon Ward,-43.5446827,172.6109235,Entire home/apt,165.0,1,110,2025-09-26,3.6,124,138,40,,2025-09
1279993099137126158,Garden City Getaway 4 Bed + Sofa Beds,482671075,Paula Corinne,Christchurch City,Central Ward,-43.53050935301534,172.64613303399275,Entire home/apt,317.0,1,6,2025-09-27,0.55,124,247,6,,2025-09
15756388,"Spacious, Comfortable Clocktower Lane Apartment",2185000,Jo,Christchurch City,Central Ward,-43.52408,172.63208,Entire home/apt,219.0,1,700,2025-09-21,6.49,5,233,69,,2025-09
1405592400427766713,2BR Getaway | BBQ & Game Room | Sleeps 5,59249793,Philip,Christchurch City,Central Ward,-43.5187158,172.6463647,Entire home/apt,97.0,1,19,2025-10-04,3.58,7,164,19,,2025-10
1445153160989814230,Scandinavian City Escape | Walk Everywhere in CBD,24205506,Karen Louise,Christchurch City,Central Ward,-43.5331905830439,172.6415862139681,Entire home/apt,142.0,1,1,2025-09-19,1.0,77,339,1,,2025-09
16262345,Garden Cottage near airport,6811155,Nelson And Therese,Christchurch City,Waimairi Ward,-43.51004,172.57445,Entire home/apt,99.0,2,745,2025-10-06,6.94,1,221,70,,2025-10
1494493797254620464,Luxury New Chic 2Bed Home Near Northlands Mall,663807688,Liang,Christchurch City,Papanui Ward,-43.4896,172.61433,Entire home/apt,118.0,1,6,2025-09-27,4.5,1,255,6,,2025-09
847543624600232722,Garden house in Burnside,74811135,Yaoyao,Christchurch City,Fendalton Ward,-43.51024,172.57883,Entire home/apt,227.0,1,129,2025-04-30,4.13,40,140,33,,2025-04
1271984807547129881,Grand Hotel & Bar Akaroa - King Room En-Suite,599729683,Ben,Christchurch City,Banks Peninsula Ward,-43.80146372504731,172.97047839577397,Private room,205.0,1,3,2025-03-29,0.35,6,323,3,,2025-03
683593643102198794,Executive Living Space on Avon River,682808597,Devon,Christchurch City,Fendalton Ward,-43.5219856,172.6217321,Entire home/apt,356.0,1,90,2025-10-05,2.36,22,171,75,,2025-10
16135359,By the beach and restaurants / Quiet & comfortable,8739275,Beth,Christchurch City,Heathcote Ward,-43.57687,172.76256,Private room,68.0,1,10,2025-03-28,0.1,1,162,5,,2025-03
1432188044386436457,Modern Christchurch Stay â¢ Spa & Comfort,45172785,Lisa,Christchurch City,Fendalton Ward,-43.51424069999999,172.5889645,Entire home/apt,190.0,2,3,2025-09-29,3.0,44,51,3,,2025-09
1289423259952490542,Graceful Stay 3BR beside UC,542186568,Sharon,Christchurch City,Fendalton Ward,-43.5207314,172.5849414,Entire home/apt,120.0,1,46,2025-09-25,4.3,13,303,46,,2025-09
29661781,Fendalton Villa/Warm/Quilt/School/Airport,56790664,Yan,Christchurch City,Fendalton Ward,-43.51245,172.59908,Entire home/apt,138.0,1,139,2025-09-26,3.58,5,146,36,,2025-09
998075699838206880,Chic Modern Apartment in Riccarton w/ Free Parking,682808597,Devon,Christchurch City,Riccarton Ward,-43.53629,172.59765,Entire home/apt,199.0,1,50,2025-09-21,2.15,22,254,29,,2025-09
33781076,Inner-City Apartment - Halgey Ave,254665863,Sophie,Christchurch City,Central Ward,-43.53972,172.61871,Entire home/apt,163.0,1,151,2025-05-29,2.05,1,344,19,,2025-05
1464814449534091890,Cosy Home in Christchurch,324149984,Gurvinder,Christchurch City,Innes Ward,-43.51216,172.63456,Entire home/apt,73.0,1,17,2025-09-26,6.54,1,187,17,,2025-09
1292546632781932856,Modern 5 bdrm House perfect for groups & families,522470829,Vicky,Christchurch City,Harewood Ward,-43.47083169763378,172.57265143096447,Entire home/apt,349.0,2,2,2025-10-04,2.0,1,226,2,,2025-10
1475669567951290787,"Family-Friendly, City Fringe with Free Carparks",551181197,Paula Kat Charlotte,Christchurch City,Central Ward,-43.5200289,172.6534622,Entire home/apt,225.0,1,4,2025-09-22,1.97,146,231,4,,2025-09
1121126855435197181,Carterley House,23278101,Jason,Christchurch City,Innes Ward,-43.49803,172.63075,Entire home/apt,441.0,2,51,2025-09-24,3.01,16,260,32,,2025-09
50982243,Parkside Relax townhouse Free Parking EV charger,86216394,Min,Christchurch City,Riccarton Ward,-43.528942,172.610428,Entire home/apt,163.0,1,223,2025-09-25,4.33,40,157,36,,2025-09
1350171874683360737,Book a room in home - Tranquil Oasis close to city,164752883,Prachi,Christchurch City,Riccarton Ward,-43.53499339350306,172.58527701078782,Private room,62.0,1,0,,,1,359,0,,
1327253292013131922,Modern chic in the city,142150660,Logan,Christchurch City,Central Ward,-43.52847,172.64363,Entire home/apt,109.0,1,42,2025-10-02,5.08,1,284,42,,2025-10
54112965,Mid century home with unbeatable views,11606057,Emma,Christchurch City,Banks Peninsula Ward,-43.64096,172.71326,Entire home/apt,693.0,4,5,2023-01-06,0.12,1,22,0,,2023-01
1289263607163688993,Redcliffs Treehouse,149767064,David,Christchurch City,Heathcote Ward,-43.5659335,172.7343454,Entire home/apt,251.0,2,6,2025-05-01,0.63,1,9,6,,2025-05
1234197928404253980,Comfort stay in a private room.,598977231,Ganeshamurthy,Christchurch City,Halswell Ward,-43.58309,172.58,Private room,77.0,1,0,,,1,179,0,,
5936861,Your own Eco friendly bedroom + lounge unit,30825105,Shaun And Vanessa,Christchurch City,Banks Peninsula Ward,-43.76285,172.80538,Entire home/apt,150.0,1,381,2025-10-04,3.15,2,299,47,,2025-10
1094591565911042260,"Safe, Clean & Cheap for One",48816295,Terri,Christchurch City,Halswell Ward,-43.5795,172.5609,Private room,32.0,1,12,2025-07-07,0.62,3,364,4,,2025-07
1369724059102209662,Merivale Executive Stays- 2 Bedroom Apt,153948924,Alisa Kate,Christchurch City,Fendalton Ward,-43.5112909,172.624165,Entire home/apt,225.0,2,14,2025-09-21,2.03,3,88,14,,2025-09
1099727454742343267,"Discover ""The Sandbar Nook"" in South New Brighton",104419698,Lukas,Christchurch City,Coastal Ward,-43.5315247,172.7372218,Entire home/apt,136.0,1,67,2025-09-27,6.32,1,215,67,,2025-09
903303360921664579,*Prime Location* Latimer Square Central City,192218803,Lisa,Christchurch City,Central Ward,-43.53119,172.64311,Entire home/apt,227.0,1,297,2025-10-05,10.77,1,169,124,,2025-10
1509688946361047957,"* 1 mins Walk to Town Hall, free car park",43367626,Sharon,Christchurch City,Central Ward,-43.52536,172.63678,Entire home/apt,202.0,2,1,2025-09-21,1.0,12,167,1,,2025-09
977161169171521527,Coastal Sands Escape 1 bed 1 bath with sofa bed,482671075,Paula Corinne,Christchurch City,Coastal Ward,-43.5092167,172.7308673,Entire home/apt,118.0,1,117,2025-09-30,4.66,124,236,56,,2025-09
19811335,Central City Apt. 2 bed with Private car park,87223355,Karen,Christchurch City,Central Ward,-43.53118,172.64377,Entire home/apt,152.0,1,735,2025-09-29,7.58,3,200,105,,2025-09
53646122,Grand Old Residence - Sleeps 8,202585247,Ohana,Christchurch City,Fendalton Ward,-43.51562,172.61414,Entire home/apt,168.0,1,302,2025-09-29,6.5,121,0,41,,2025-09
47850750,"Best Location Park, Hospital, Supermarket, handy.",45768555,Lexia Margaret,Christchurch City,Riccarton Ward,-43.52854,172.61055,Entire home/apt,108.0,1,182,2025-09-07,3.19,60,283,22,,2025-09
1157706703110761174,New 300m/4 min walk Te Kaha One NZ Stadium carpark,63355504,Molly,Christchurch City,Central Ward,-43.53174,172.65073,Entire home/apt,133.0,1,11,2025-09-28,0.75,1,221,9,,2025-09
701558601171668980,Central Convenience on Armagh,374915856,Simeon Henry,Christchurch City,Central Ward,-43.528506,172.6492093,Entire home/apt,132.0,1,10,2024-03-10,0.27,120,59,0,,2024-03
10528665,Rose Cottage. Central City.,54292480,Rose,Christchurch City,Central Ward,-43.52647,172.64719,Entire home/apt,176.0,2,381,2025-10-01,3.25,1,53,58,,2025-10
877873379707541096,"Location, Style, Practicality - carpark included",45172785,Lisa,Christchurch City,Central Ward,-43.5317473,172.644015,Entire home/apt,126.0,1,50,2025-10-03,2.73,44,0,21,,2025-10
43717426,Purau Luxury Retreat with Spa,182141026,Denissa,Christchurch City,Banks Peninsula Ward,-43.63958,172.75167,Entire home/apt,244.0,2,155,2025-10-04,2.5,1,135,43,,2025-10
1196114670322170421,Private Room in cosy Cottage,45165874,Tania,Christchurch City,Linwood Ward,-43.54204,172.66945,Private room,68.0,2,19,2025-08-30,1.34,3,35,16,,2025-08
43690597,New stylish apartment in the heart of CBD,99704310,Coco,Christchurch City,Central Ward,-43.53336,172.64232,Entire home/apt,109.0,1,447,2025-09-14,6.91,1,24,48,,2025-09
4121687,Contemporary living by the sea.,21308288,Sandy,Christchurch City,Heathcote Ward,-43.5664,172.73825,Private room,95.0,1,165,2025-03-08,1.23,1,362,2,,2025-03
823168964761203798,Close to Christchurch Airport,326089936,Marjorie,Christchurch City,Hornby Ward,-43.52221,172.5235,Private room,76.0,1,54,2024-04-13,1.67,3,364,0,,2024-04
9638026,"Amazing Sea views, self-contained. Christchurch",21226430,Siobhan,Christchurch City,Heathcote Ward,-43.56566,172.72121,Entire home/apt,240.0,60,117,2024-11-22,1.13,1,89,1,,2024-11
1073394043399971340,Sanctuary close to the beach w/Sofa Bed,551181197,Paula Kat Charlotte,Christchurch City,Coastal Ward,-43.50919529999999,172.7308784,Entire home/apt,131.0,1,66,2025-09-27,3.19,146,214,47,,2025-09
40449246,Harbour Escape - tiny home in Lyttelton,16447205,Rachel & Brian,Christchurch City,Banks Peninsula Ward,-43.60236,172.70845,Entire home/apt,122.0,1,635,2025-10-06,8.96,1,207,139,,2025-10
826873830528987169,"Summer fun,  Sunny Cosy Sleeps 6 Free Parking",45768555,Lexia Margaret,Christchurch City,Central Ward,-43.52246179999999,172.6435501,Entire home/apt,184.0,1,104,2025-10-01,3.9,60,302,32,,2025-10
43671139,"LUX inner city, apartment with park views",70424460,Erin,Christchurch City,Central Ward,-43.53952,172.62204,Entire home/apt,145.0,2,123,2025-09-10,1.9,1,37,53,,2025-09
1214596037031129645,Warm CHCH Apartment: Park View & Garage Parking,551181197,Paula Kat Charlotte,Christchurch City,Central Ward,-43.5222,172.64479,Entire home/apt,205.0,1,10,2025-09-27,0.98,146,216,10,,2025-09
1026316227395169842,Brand New & Central Townhouse,129928282,Bonnie,Christchurch City,Central Ward,-43.546,172.62401,Entire home/apt,126.0,2,84,2025-09-21,4.14,1,252,35,,2025-09
844336853364643343,Central City Boutique Escape,202585247,Ohana,Christchurch City,Central Ward,-43.537291,172.6254294,Entire home/apt,109.0,1,204,2025-09-27,6.52,121,76,58,,2025-09
1368850792803346695,Merivale - A walk to the city,64344206,Amie,Christchurch City,Fendalton Ward,-43.51201629991809,172.62585908174515,Entire home/apt,162.0,2,4,2025-04-20,0.6,4,219,4,,2025-04
29684560,4B on Rearsby,149667474,Phil,Christchurch City,Halswell Ward,-43.58103,172.56186,Private room,72.0,1,30,2024-11-23,0.36,1,50,1,,2024-11
1419149403149378307,Spacious Modern Family-Friendly,6060953,Gil,Christchurch City,Heathcote Ward,-43.56464862026484,172.66974868954634,Entire home/apt,200.0,4,0,,,1,306,0,,
20961000,Waterfront holiday Home - Vizcaya,97577560,Howard And Sarah,Christchurch City,Banks Peninsula Ward,-43.64529,172.70996,Entire home/apt,328.0,2,161,2025-05-08,1.65,1,106,14,,2025-05
1258287379019870111,Cosy and close to the city,96519360,Brydie,Christchurch City,Central Ward,-43.5339875287827,172.66197030328982,Private room,65.0,1,29,2025-04-11,2.38,2,185,29,,2025-04
1300417823818401975,Central City Apartment with Lift Access,482671075,Paula Corinne,Christchurch City,Central Ward,-43.52956851517966,172.64255425450045,Entire home/apt,164.0,1,28,2025-09-17,3.02,124,209,28,,2025-09
1520710454999199711,Prime Spot- Brand New Luxury 1 Bed Apartment.,721392505,Stephen,Christchurch City,Central Ward,-43.53188512540917,172.63993330299854,Entire home/apt,125.0,1,0,,,1,164,0,,
5459948,Beautiful historic cottage,28321790,Janette,Christchurch City,Banks Peninsula Ward,-43.60187,172.71958,Private room,102.0,1,0,,,1,277,0,,
1388176586275822095,Cosy room in city,687093217,Nickleshi,Christchurch City,Central Ward,-43.52183628046213,172.65729414895625,Private room,60.0,1,3,2025-10-03,0.49,1,83,3,,2025-10
876611972906371671,Tuam on Top! Sleeps 5,202585247,Ohana,Christchurch City,Central Ward,-43.53283,172.64091,Entire home/apt,147.0,1,227,2025-10-02,7.65,121,143,91,,2025-10
1232729960826265002,Hilltop House with Ocean Views,131694130,Hannah,Christchurch City,Heathcote Ward,-43.56348174228088,172.72649916584965,Entire home/apt,106.0,2,49,2025-09-20,4.01,1,110,48,,2025-09
610902801787723040,"Private Room, bathroom & kitchen - Cass Bay",82363146,Wendy,Christchurch City,Banks Peninsula Ward,-43.604427,172.691528,Entire home/apt,130.0,1,97,2025-09-10,2.35,4,349,28,,2025-09
872901448582963487,The City's Best Kept Secret 2 Bed 2 Bath,482671075,Paula Corinne,Christchurch City,Central Ward,-43.5312859,172.6450051,Entire home/apt,182.0,1,31,2025-09-30,1.03,124,226,19,,2025-09
1504173086779310217,Private ground floor space with its own entrance,572202728,Angela,Christchurch City,Coastal Ward,-43.48611647458858,172.71888244897127,Private room,77.0,1,0,,,1,244,0,,
740243619957183061,Parkside Retreat-Modern Comfort Near the Hospital,264130845,Kim,Christchurch City,Central Ward,-43.5386381,172.6214788,Entire home/apt,155.0,2,57,2025-09-26,1.65,2,325,17,,2025-09
24757121,Brockworth Cottage,186391483,John,Christchurch City,Riccarton Ward,-43.535,172.60973,Entire home/apt,265.0,2,32,2023-11-01,0.39,1,297,0,,2023-11
45264895,5 Large Bedroom Villas Suitable for 10People (CBD),182871907,Mei & Steven,Christchurch City,Central Ward,-43.52995,172.64517,Entire home/apt,634.0,1,53,2025-10-02,0.94,2,145,12,,2025-10
9392387,Birdsong Lodge,47575189,Tanya,Christchurch City,Banks Peninsula Ward,-43.7263,172.78377,Entire home/apt,292.0,2,286,2025-09-20,2.41,1,340,13,,2025-09
1237432198643511831,Heart of CHCH: Stylish 1 bdrm 2 bed  apartment,597970593,Christa,Christchurch City,Central Ward,-43.5261163,172.6422883,Entire home/apt,103.0,2,60,2025-10-02,5.26,1,138,60,,2025-10
1031184292736676744,The Crow's Nest,86774456,Rosina,Christchurch City,Banks Peninsula Ward,-43.6276608,172.7415626,Entire home/apt,132.0,1,71,2025-09-30,3.43,1,183,53,,2025-09
15847566,The Light House LIFE IS GOOD,101394614,Rose,Christchurch City,Spreydon Ward,-43.55268,172.62263,Private room,85.0,2,15,2024-02-26,0.14,1,89,0,,2024-02
609775669864194661,Sunny Central Sumner Beach / Garage / Top 1 % Home,48647018,Debbie,Christchurch City,Heathcote Ward,-43.5679089,172.7595485,Entire home/apt,223.0,2,91,2025-09-27,2.27,1,46,30,,2025-09
1317160612264348275,Single Level Retreat 1 bed 1 bath with Balcony,551181197,Paula Kat Charlotte,Christchurch City,Central Ward,-43.53272035334777,172.64067985911484,Entire home/apt,159.0,1,14,2025-07-18,1.51,146,236,14,,2025-07
46014929,Modern Stylish Townhouse in the Heart of Chch CBD,41985497,Ben,Christchurch City,Central Ward,-43.52845,172.64639,Entire home/apt,98.0,1,290,2025-09-22,4.84,1,207,55,,2025-09
8034246,Beachside Shack and hot tub,42420923,Kim,Christchurch City,Coastal Ward,-43.51225,172.73015,Entire home/apt,101.0,1,213,2025-09-24,8.26,1,110,79,,2025-09
1141660163072505068,The McMahon Suite â Historic Charm in Central ChCh,331763232,Benjamin Dearden,Christchurch City,Central Ward,-43.5321,172.63854,Entire home/apt,614.0,2,18,2025-04-14,1.04,96,143,5,,2025-04
48212843,Central City Retreat - with secure carpark,24205506,Karen Louise,Christchurch City,Central Ward,-43.5258,172.64024,Entire home/apt,210.0,1,36,2025-09-29,0.76,77,285,11,,2025-09
42181408,Redcliffs-Sumner Award Winning Contemporary Studio,26336269,Marion,Christchurch City,Heathcote Ward,-43.56294,172.73986,Entire home/apt,161.0,2,52,2025-02-24,0.77,2,19,3,,2025-02
45758539,City centre apartment unlimited WIFI,86216394,Min,Christchurch City,Central Ward,-43.52889,172.64506,Entire home/apt,126.0,1,204,2025-09-20,3.35,40,129,30,,2025-09
1279376999966221865,Discover Central City: 4 Bed Retreat,482671075,Paula Corinne,Christchurch City,Central Ward,-43.53228204730403,172.6447432619524,Entire home/apt,321.0,1,12,2025-09-23,1.32,124,224,12,,2025-09
1338781387696349818,Family Friendly Home in Wigram w/ Style and Space,482671075,Paula Corinne,Christchurch City,Halswell Ward,-43.56267090000001,172.5448181,Entire home/apt,269.0,1,34,2025-09-29,4.64,124,189,34,,2025-09
856983923975882237,2 Bedroom Inner City Comfort and Style,49642171,Xihang,Christchurch City,Central Ward,-43.523634,172.6415444,Entire home/apt,180.0,1,83,2025-09-24,2.78,88,291,13,,2025-09
1014692451114184120,Chic Central Retreat â¢ 3 Beds â¢ FREE Parking,49642171,Xihang,Christchurch City,Central Ward,-43.5246945,172.6436609,Entire home/apt,121.0,1,55,2025-09-30,2.36,88,89,19,,2025-09
1474876445531700166,Christchurch escape pod- 1 bed loft,377176109,Paula,Christchurch City,Hornby Ward,-43.5492684,172.5293431,Entire home/apt,74.0,1,10,2025-09-23,4.62,2,316,10,,2025-09
15791761,Amazing private space to rest and relax,102162700,Elena,Christchurch City,Banks Peninsula Ward,-43.62637,172.72101,Entire home/apt,142.0,1,113,2025-03-16,1.05,1,276,3,,2025-03
52795827,Stylish Comfort in Fendalton  - Sunny 2 Bedroom,83006490,Aleisha,Christchurch City,Fendalton Ward,-43.51678,172.60084,Entire home/apt,173.0,3,118,2025-09-26,2.96,1,286,34,,2025-09
1303750435162506073,Comfortable 2BR in Salisbury Street,331763232,Benjamin Dearden,Christchurch City,Central Ward,-43.52545035112235,172.63574720116384,Entire home/apt,143.0,2,12,2025-05-30,1.41,96,59,12,,2025-05
1106685365552672088,Beachtown retreat,220662178,Nick,Christchurch City,Heathcote Ward,-43.58586608298245,172.7515049005249,Entire home/apt,192.0,2,16,2025-04-26,0.84,1,101,10,,2025-04
1893596,"Luxury at its best, Quail's Nest",5225682,Shelley,Christchurch City,Banks Peninsula Ward,-43.62728,172.71872,Entire home/apt,153.0,2,190,2024-12-25,1.31,1,335,2,,2024-12
1504668345319770919,Beach retreat at Beachville,98100145,Wendy,Christchurch City,Heathcote Ward,-43.5593492953946,172.73844245821238,Entire home/apt,213.0,2,0,,,1,61,0,,
1226408080670713829,"Spring special CBD, free parking",45768555,Lexia Margaret,Christchurch City,Central Ward,-43.5321685,172.6422461,Entire home/apt,185.0,1,28,2025-08-29,2.17,60,273,27,,2025-08
1315568361006355789,Designer 2BR Flat - Outdoor Sitting & Cozy Ambianc,202585247,Ohana,Christchurch City,Central Ward,-43.5312742,172.6461984,Entire home/apt,127.0,1,36,2025-09-27,4.64,121,162,36,,2025-09
1166246401388794581,City on Foot | Comfy Townhouse Getaway,516298003,Arun,Christchurch City,Central Ward,-43.5315621,172.6661879,Private room,101.0,1,0,,,1,89,0,,
42685131,Hot Tub Under the City Lights,202585247,Ohana,Christchurch City,Central Ward,-43.5318234,172.6438498,Entire home/apt,119.0,1,635,2025-09-27,9.32,121,172,90,,2025-09
17560120,The Gatehouse at Greystones,119195642,Millie,Christchurch City,Hornby Ward,-43.5023,172.43362,Entire home/apt,83.0,1,516,2025-10-04,5.9,2,226,71,,2025-10
1150281934771349135,Stylish Studio in Central CBD with Free Parking,40726446,Sarah,Christchurch City,Central Ward,-43.53066099999999,172.6385368,Entire home/apt,148.0,3,47,2025-10-03,2.83,4,216,26,,2025-10
1045438274929278193,On the park! Style in the CBD + Free Car Park,115225845,John,Christchurch City,Central Ward,-43.53256,172.64116,Entire home/apt,147.0,1,208,2025-09-28,9.48,1,32,123,,2025-09
6903489,"Character villa, fully furnished",29970846,Nikki,Christchurch City,Linwood Ward,-43.54077,172.66434,Entire home/apt,156.0,60,7,2023-01-20,0.06,3,209,0,,2023-01
1020391098394147339,Brand New Townhouse - with car park,45172785,Lisa,Christchurch City,Central Ward,-43.5289411,172.6440235,Entire home/apt,115.0,1,94,2025-09-29,4.05,44,128,50,,2025-09
1167182550234394354,Peaceful and private in the city,6688960,Bianca,Christchurch City,Central Ward,-43.52231,172.6444,Private room,53.0,10,0,,,1,186,0,,
971874555406521769,Okuti Cabin,115121570,Grace,Christchurch City,Banks Peninsula Ward,-43.7862144,172.8306747,Entire home/apt,127.0,1,27,2025-05-11,1.21,1,154,12,,2025-05
1477073018841163793,Cath's cottage,563118750,Ian,Christchurch City,Banks Peninsula Ward,-43.65610409681271,172.70317379290714,Entire home/apt,155.0,2,1,2025-09-13,1.0,1,346,1,,2025-09
1298916768631205714,no. 6 Private Single Room in Detached Sleepout,105265867,Andrew,Christchurch City,Riccarton Ward,-43.53842927046252,172.56994687858537,Private room,33.0,1,13,2025-09-20,1.41,11,220,13,,2025-09
935251271121344273,Home Away From Home CBD Location,45768555,Lexia Margaret,Christchurch City,Central Ward,-43.52481,172.64162,Entire home/apt,111.0,1,45,2025-09-07,1.76,60,306,14,,2025-09
1393013130301422805,Central CBD Luxury 2 Bed Bliss By Townhall/Casino,49642171,Xihang,Christchurch City,Central Ward,-43.525977431277056,172.63537092844723,Entire home/apt,123.0,1,13,2025-09-20,2.35,88,300,13,,2025-09
1337994737242260354,Walk to Stadium Â· CBD 2BR 2Bath + Free Parking,49642171,Xihang,Christchurch City,Central Ward,-43.533746796608,172.64179173856974,Entire home/apt,162.0,2,39,2025-10-04,4.57,88,264,39,,2025-10
661709962049021924,"Central location, 2 queen beds, internal garage!",467155104,Shelley,Christchurch City,Riccarton Ward,-43.53448,172.60291,Entire home/apt,180.0,1,123,2024-03-21,3.11,1,3,0,,2024-03
1152449464268516702,Panoramic City Views with Hot Tub,374915856,Simeon Henry,Christchurch City,Heathcote Ward,-43.5685015,172.7205727,Entire home/apt,259.0,1,3,2024-08-25,0.19,120,0,0,,2024-08
1153869038043926146,Luxury accommodation in paradise,91237751,Sharon,Christchurch City,Banks Peninsula Ward,-43.7317702,172.6968253,Private room,280.0,1,0,,,1,36,0,,
1041869261357192819,Home away from home.,547933078,Birendra,Christchurch City,Linwood Ward,-43.54932935377938,172.69013922661543,Private room,52.0,1,19,2025-04-22,0.91,2,269,7,,2025-04
1319966932691580728,The perfect stopover for the two of you,77196518,Jill,Christchurch City,Hornby Ward,-43.53337,172.52153,Private room,62.0,1,11,2025-09-29,1.18,4,270,11,,2025-09
735192520611509658,Relax & Escape | Incredible Views & Outdoor Bath,20429507,Megan,Christchurch City,Banks Peninsula Ward,-43.60377,172.68891,Entire home/apt,134.0,1,445,2025-09-27,12.64,1,189,130,,2025-09
13961454,"Modern Home in Beautiful Bay,",82363146,Wendy,Christchurch City,Banks Peninsula Ward,-43.60556,172.69062,Private room,48.0,1,7,2017-03-03,0.06,4,7,0,,2017-03
16072103,"Chic, modern, 3 bdrm apartment - Merivale",47808157,Wayne,Christchurch City,Fendalton Ward,-43.5146,172.62347,Entire home/apt,313.0,1,60,2023-01-28,0.56,3,282,0,,2023-01
19610023,The Hut,400942547,Krista,Christchurch City,Heathcote Ward,-43.57225,172.7726,Entire home/apt,98.0,2,799,2025-09-27,8.09,1,311,81,,2025-09
36770920,Treetops Cottage,106088822,Barbara,Christchurch City,Banks Peninsula Ward,-43.79345,172.83375,Entire home/apt,180.0,2,250,2025-10-04,3.3,1,114,53,,2025-10
1471394049803001357,Downtown Haven - Christchurch Holiday Apartment,145244100,Bachcare,Christchurch City,Central Ward,-43.53095670124307,172.6377423245437,Entire home/apt,320.0,2,2,2025-10-01,2.0,1547,362,2,,2025-10
1462669411140928592,Townheart on Hereford - Christchurch Holiday Home,145244100,Bachcare,Christchurch City,Central Ward,-43.53166,172.64078,Entire home/apt,246.0,2,0,,,1547,364,0,,
889960602050212249,Charming Downtown Hideaway 1 bed 1 bath,482671075,Paula Corinne,Christchurch City,Central Ward,-43.5313227,172.6447782,Entire home/apt,141.0,1,167,2025-09-29,5.76,124,42,47,,2025-09
694508386608974220,"*Room1-Free breakfast, parking, kitchenette*",86604225,Simi,Christchurch City,Halswell Ward,-43.54725,172.5443,Private room,41.0,1,42,2025-09-13,1.17,2,47,14,,2025-09
1256695690044237999,Bayview Beauty - Charteris Bay Holiday Home,145244100,Bachcare,Christchurch City,Banks Peninsula Ward,-43.640007680862944,172.71477349047106,Entire home/apt,407.0,2,1,2025-01-11,0.11,1547,364,1,,2025-01
871204934582708163,The Daughter's Anchorage  |  Historic Cottage,352842587,Simon And Leah,Christchurch City,Banks Peninsula Ward,-43.59825,172.72311,Entire home/apt,184.0,1,191,2025-10-04,6.71,1,197,79,,2025-10
1410455693144882333,"âRoom in Christchurch 5  Min to CBD, Clean&Comfyâ",136838283,Juan Manuel,Christchurch City,Heathcote Ward,-43.54772767366197,172.63733987315513,Private room,45.0,1,10,2025-09-14,1.9,1,28,10,,2025-09
21717082,Addington-10min/Rail/Wolfbrook Arena/Races/Room A,157981094,Carla,Christchurch City,Spreydon Ward,-43.54193,172.60707,Private room,70.0,1,239,2025-06-21,2.51,2,259,22,,2025-06
1476268729764216276,Sunny Woolston House Available,103861457,Felicity,Christchurch City,Linwood Ward,-43.54478,172.68565,Entire home/apt,176.0,2,0,,,1,110,0,,
1191553868068551050,Scarborough sanctuary!,445462271,Michelle,Christchurch City,Heathcote Ward,-43.5740533,172.7739765,Entire home/apt,378.0,4,2,2025-01-14,0.16,1,130,1,,2025-01
1463977978856228961,Brand New â Your Base to Explore the CBD | Unit 5,573419952,Bruce,Christchurch City,Central Ward,-43.5313032,172.6474824,Entire home/apt,240.0,1,1,2025-09-25,1.0,8,265,1,,2025-09
1430643551790655392,Smugglers Cove Escape  Sunrises in Super King Beds,44139597,Sally,Christchurch City,Heathcote Ward,-43.5752446,172.7758478,Entire home/apt,378.0,2,5,2025-09-20,1.55,4,136,5,,2025-09
1214596137622044359,Seaside Studio,593786844,Michael,Christchurch City,Coastal Ward,-43.51516,172.73087,Entire home/apt,121.0,1,78,2025-09-22,7.16,1,65,78,,2025-09
1110298314396197027,Small house in Christchurch city,566591234,Varsha,Christchurch City,Central Ward,-43.52744,172.66648,Private room,120.0,1,0,,,1,269,0,,
28445615,Lovely cozy beautifull double bedroom,114475989,Vince,Christchurch City,Hornby Ward,-43.52174,172.53386,Private room,73.0,1,61,2025-02-01,0.71,4,255,2,,2025-02
40162727,"2 Private bedrooms sleeps4, Queen, King/or 2single",103405045,Kaaren,Christchurch City,Halswell Ward,-43.55499,172.53837,Private room,180.0,2,34,2024-04-04,0.5,1,246,0,,2024-04
1465571247720829931,Sun Soaked City Escape 2BR and 2Bath Townhouse,551181197,Paula Kat Charlotte,Christchurch City,Central Ward,-43.5313121,172.6447969,Entire home/apt,165.0,1,3,2025-09-16,1.27,146,243,3,,2025-09
1424965058365833895,CBD 2 Bed 2 Bath Luxury Gem With Car Park,49642171,Xihang,Christchurch City,Central Ward,-43.52471263829909,172.64018322428808,Entire home/apt,163.0,1,9,2025-10-03,2.84,88,291,9,,2025-10
763154657366616081,Studio Unit  with Spa Bath!,488268220,Martin Alejandro,Christchurch City,Hornby Ward,-43.53364762574401,172.54678890109062,Entire home/apt,166.0,1,231,2025-10-06,6.86,6,131,96,,2025-10
1461771,Mt Pleasant - Retro Living apartment,6353005,Suzanne,Christchurch City,Heathcote Ward,-43.55813,172.72025,Entire home/apt,203.0,3,16,2024-06-03,0.12,1,37,0,,2024-06
1324806921564857992,Whitewood Suites Apartment 3C,235559091,Nicki & Andrew,Christchurch City,Central Ward,-43.52638,172.64242,Entire home/apt,152.0,2,11,2025-07-28,1.39,3,153,11,,2025-07
1255945257880283482,Perfect Summer escape,413413806,David,Christchurch City,Banks Peninsula Ward,-43.63135,172.74123,Entire home/apt,338.0,1,7,2025-04-26,0.73,1,213,7,,2025-04
1465045141748734584,Cosy convenient studio close to Airport,380744891,Ying,Christchurch City,Waimairi Ward,-43.5008377980153,172.5648770481348,Entire home/apt,95.0,1,2,2025-08-13,0.87,1,67,2,,2025-08
1495326951821469060,Airport Convenient Hornby Locale,250326103,Naison,Christchurch City,Hornby Ward,-43.5209187,172.5335071,Entire home/apt,149.0,1,6,2025-10-01,5.29,1,303,6,,2025-10
784860907340643953,Parkside Retreat/5mins to airport/Self-Checkin,57576452,Vicky & Vincent,Christchurch City,Waimairi Ward,-43.5000452,172.564801,Entire home/apt,86.0,1,419,2025-09-18,12.32,1,60,152,,2025-09
979855121206754601,Left-side Private Guest Studio near airport,537007306,Po-Wen,Christchurch City,Harewood Ward,-43.48317,172.56164,Entire home/apt,98.0,1,198,2025-09-21,8.75,2,62,110,,2025-09
1419795262666901775,Central & Stylish | Modern Comfort in Christchurch,482671075,Paula Corinne,Christchurch City,Central Ward,-43.5246202,172.6385601,Entire home/apt,191.0,1,4,2025-08-30,1.13,124,243,4,,2025-08
707982807208900618,Sumner Retreat,266641969,Elisa,Christchurch City,Heathcote Ward,-43.57614,172.76551,Entire home/apt,640.0,4,3,2024-12-28,0.09,1,157,1,,2024-12
21885178,Airport Haven  with Netflix. NO CLEANING FEE.,67545571,Sharon,Christchurch City,Harewood Ward,-43.48136,172.56753,Entire home/apt,140.0,1,1325,2025-10-01,13.83,3,226,120,,2025-10
1330186211098987759,Woolston wonder,91437295,Prisca,Christchurch City,Linwood Ward,-43.5522324,172.686745,Entire home/apt,147.0,2,0,,,1,88,0,,
1241664394924236526,Spacious Family Home in Peaceful Halswell,74811135,Yaoyao,Christchurch City,Halswell Ward,-43.56865,172.54163,Entire home/apt,134.0,1,38,2025-05-12,3.0,40,316,36,,2025-05
1429956075522204865,Harewood Haven with Super King bed,140303354,Lucas Stephen,Christchurch City,Harewood Ward,-43.47974052834015,172.5622014754481,Entire home/apt,73.0,1,15,2025-10-06,7.03,1,17,15,,2025-10
1380007349474963921,Stay Warm Aleon Nestieï½Wigram 5BR Houseï½ Sleeps 11,570168648,Joanna,Christchurch City,Halswell Ward,-43.5559879,172.5530356,Entire home/apt,235.0,2,11,2025-10-06,3.47,3,203,11,,2025-10
34798440,Christchurch Central Apartment,245042934,Colleen,Christchurch City,Central Ward,-43.52759,172.63683,Entire home/apt,136.0,1,288,2025-09-02,3.79,1,200,38,,2025-09
808234879059685574,Serene Two Bedroom Townhouse Close to Airport,49642171,Xihang,Christchurch City,Hornby Ward,-43.5459926,172.5175479,Entire home/apt,117.0,1,185,2025-09-27,5.7,88,320,56,,2025-09
1188064158455059996,The Wilmers Gathering Place,202585247,Ohana,Christchurch City,Halswell Ward,-43.5564983,172.5389669,Entire home/apt,224.0,1,63,2025-09-23,4.12,121,91,51,,2025-09
1004252,Governors Bay Waterfront Retreat,5523780,Rosie,Christchurch City,Banks Peninsula Ward,-43.61889,172.65314,Entire home/apt,104.0,2,217,2025-04-05,1.43,1,301,12,,2025-04
34318008,Tahi House â 2 Bedroom Retreat with Private Garden,259085786,Helen,Christchurch City,Waimairi Ward,-43.50422,172.56064,Entire home/apt,141.0,1,194,2025-09-30,2.69,1,276,42,,2025-09
1100466783530346620,Close to Airport - Sauna/Aviation/Motorcycle Twist,25553832,Rachel,Christchurch City,Waimairi Ward,-43.50159412458696,172.5553246960044,Entire home/apt,130.0,1,45,2025-09-07,2.34,2,360,32,,2025-09
649641408017117481,Penthouse Apartment Scenic Views-Spacious 2br,45768555,Lexia Margaret,Christchurch City,Central Ward,-43.5383492,172.6210566,Entire home/apt,144.0,1,181,2025-10-07,4.49,60,294,54,,2025-10
704627124544150486,Family-Friendly 3BR | Games Room & Patio,202585247,Ohana,Christchurch City,Riccarton Ward,-43.5362827,172.5920477,Entire home/apt,138.0,1,285,2025-10-01,7.55,121,135,85,,2025-10
49642646,CBD Bright&Warm Home Free Parking in quiet complex,86216394,Min,Christchurch City,Central Ward,-43.53368,172.64213,Entire home/apt,129.0,1,202,2025-09-20,3.84,40,121,9,,2025-09
835763301153714646,1 Bed Central City Fringe Deluxe w/Carpark,482671075,Paula Corinne,Christchurch City,Spreydon Ward,-43.5460365,172.6197479,Entire home/apt,116.0,1,202,2025-09-25,6.62,124,250,50,,2025-09
1090839883996968423,Hagley Haven l A guest favourite!,238339893,Jing,Christchurch City,Riccarton Ward,-43.53,172.60998,Entire home/apt,185.0,1,194,2025-10-07,10.16,1,223,141,,2025-10
1514855478543947790,Sophisticated Urban Luxury Living 1 Bedroom,45768555,Lexia Margaret,Christchurch City,Central Ward,-43.5226917,172.6430901,Entire home/apt,124.0,1,0,,,60,280,0,,
1000994810230096698,Pacific Panorama - Christchurch Holiday Apartment,145244100,Bachcare,Christchurch City,Central Ward,-43.53028,172.63808,Entire home/apt,43188.0,2,1,2023-12-18,0.05,1547,364,0,,2023-12
1100518535899259167,The little Gem at Merivale -1km to Central city,129377311,Sammi,Christchurch City,Fendalton Ward,-43.51372,172.62477,Entire home/apt,144.0,1,124,2025-10-04,6.34,2,235,90,,2025-10
1033080962121031850,Home in Avonhead,233411516,Sarah,Christchurch City,Hornby Ward,-43.52208,172.53649,Entire home/apt,190.0,1,91,2025-09-24,4.03,1,266,33,,2025-09
1151654386779884890,My Little Cottage,576380574,Kim,Christchurch City,Hornby Ward,-43.55308991103272,172.49045871363464,Entire home/apt,234.0,2,18,2025-09-20,1.21,1,354,13,,2025-09
1114878834152306129,Diamond Harbour Hideaway Flat,528721467,Cathy,Christchurch City,Banks Peninsula Ward,-43.63152,172.74329,Entire home/apt,350.0,7,0,,,2,236,0,,
962706074579967286,Beautiful house close to Canterbury university,211195948,Jenny,Christchurch City,Riccarton Ward,-43.52133,172.56314,Entire home/apt,155.0,1,57,2025-09-12,2.24,17,237,28,,2025-09
902623020339859925,Cozy:Fully Equipped Unit 12noon check-in,153690508,Rahul,Christchurch City,Papanui Ward,-43.48187,172.62921,Entire home/apt,86.0,1,270,2025-09-24,9.78,1,295,69,,2025-09
1406301826026892656,"Radnor Luxe | Hot Tub, Parking & Family Comfort",59249793,Philip,Christchurch City,Innes Ward,-43.5117608,172.6335938,Entire home/apt,172.0,1,18,2025-09-27,3.88,7,115,18,,2025-09
24233643,French Bay House - Mt Bossu Room,130642642,Tim And Jacqui,Christchurch City,Banks Peninsula Ward,-43.80844,172.96245,Hotel room,340.0,1,39,2025-10-03,0.48,4,206,9,,2025-10
564634334683923132,"The Cottage Hideaway
Relaxing spa & native bush",57190821,Grace,Christchurch City,Papanui Ward,-43.48719,172.60111,Entire home/apt,103.0,2,133,2025-09-21,3.11,1,20,35,,2025-09
1492935856111777435,Enjoy a stylish experience,35741250,Kerri,Christchurch City,Heathcote Ward,-43.54908,172.64613,Private room,50.0,1,1,2025-10-03,1.0,2,207,1,,2025-10
28517864,Three beautiful rooms give you a comfortable feel.,114475989,Vince,Christchurch City,Hornby Ward,-43.52044,172.53391,Private room,233.0,1,137,2025-10-04,1.6,4,242,16,,2025-10
50509271,"Charming 100yr old home, near the Avon River",12777897,Lisa,Christchurch City,Central Ward,-43.52342,172.67345,Private room,50.0,1,42,2025-06-09,3.96,1,29,42,,2025-06
1058298074934714161,City-Fringe Room Available - Queen Bed,69693674,Ben,Christchurch City,Central Ward,-43.51488,172.64884,Private room,68.0,2,67,2025-10-05,3.2,2,194,21,,2025-10
51004982,Lovely 1 bedroom service apartment -best view,412607402,Natalie,Christchurch City,Central Ward,-43.53037,172.64431,Entire home/apt,115.0,1,419,2025-09-19,8.56,2,36,54,,2025-09
1413585445126409784,"Resort Style with City Views, private room",21461254,Philip,Christchurch City,Cashmere Ward,-43.5802121,172.6389027,Private room,96.0,1,1,2025-05-08,0.2,2,89,1,,2025-05
1314084012189150890,Quality Barn Lodge for short or long term stay,667530956,Richard Brooke,Christchurch City,Harewood Ward,-43.5123891,172.5169109,Entire home/apt,518.0,3,0,,,1,287,0,,
835673317803002782,Modern luxury four bedroom house,211195948,Jenny,Christchurch City,Halswell Ward,-43.55061,172.55848,Entire home/apt,222.0,1,78,2025-09-14,2.49,17,221,29,,2025-09
31419933,Surf & Ski in one Day!,113158845,Kim,Christchurch City,Heathcote Ward,-43.57565,172.76431,Entire home/apt,325.0,5,8,2024-01-02,0.1,1,121,0,,2024-01
1280068706353443031,Large Family Home Near The Landing,551181197,Paula Kat Charlotte,Christchurch City,Halswell Ward,-43.5610302,172.5409747,Entire home/apt,242.0,1,46,2025-09-18,4.12,146,217,46,,2025-09
15240118,St James Mews- townhouse central to everything.,96897151,Sue,Christchurch City,Riccarton Ward,-43.53098,172.60669,Private room,95.0,2,240,2025-10-02,2.3,1,23,19,,2025-10
39736856,Secluded garden getaway,116149005,Leonie,Christchurch City,Hornby Ward,-43.52348,172.53364,Private room,88.0,1,89,2025-10-03,1.26,1,98,22,,2025-10
10176247,Stylish 2 Bed Guest Wing near Airport inc Netflix,25471419,Cheryl,Christchurch City,Fendalton Ward,-43.51817,172.59099,Private room,90.0,1,298,2025-09-28,2.53,2,225,12,,2025-09
1066959172551806311,3 Bedroom House - NEW,98758734,North South Holiday Park,Christchurch City,Harewood Ward,-43.47173,172.57087,Private room,495.0,2,0,,,20,304,0,,
670957260205909363,Tranquil Oasis in the Central City,94703282,Jojo,Christchurch City,Innes Ward,-43.51423,172.6392,Private room,70.0,1,42,2025-10-05,2.02,1,263,23,,2025-10
1016332072105932096,"Double Room ,Breakfast Included (Room 2)",490039964,Tony,Christchurch City,Halswell Ward,-43.58814,172.56502,Private room,82.0,1,54,2025-05-15,2.36,2,217,12,,2025-05
660283187015259907,Big Bedroom with a Queens bed,466458668,Bonya,Christchurch City,Burwood Ward,-43.5031167,172.6963294,Private room,36.0,1,94,2025-09-10,2.36,2,180,18,,2025-09
5739354,Modern self contained unit,29133056,Nadia,Christchurch City,Banks Peninsula Ward,-43.59799,172.71911,Private room,190.0,1,2,2025-02-23,0.1,1,269,1,,2025-02
1105536954919663651,Mount Pleasant Magic,447145180,Johanni,Christchurch City,Heathcote Ward,-43.55927,172.71127,Private room,180.0,1,1,2024-12-28,0.11,1,362,1,,2024-12
23002338,"SUPER QUIET CBD APT POOL,GYM, CARPARK BY CATHEDRAL",166878022,Michelle,Christchurch City,Central Ward,-43.53162,172.63783,Entire home/apt,171.0,1,481,2025-10-01,5.19,3,28,59,,2025-10
51175766,Charming Sunny Warm 10 Mins CBD Book Now,45768555,Lexia Margaret,Christchurch City,Central Ward,-43.52527,172.63978,Entire home/apt,117.0,1,121,2025-09-27,2.38,60,320,20,,2025-09
1400290404309421328,Burnside /Ilam haven,161913484,Gregory Paul,Christchurch City,Waimairi Ward,-43.5149485810741,172.56460087522692,Entire home/apt,180.0,4,0,,,1,145,0,,
747294145448835604,Central City Latimer,81390838,Katie,Christchurch City,Central Ward,-43.52931,172.64278,Entire home/apt,331.0,2,60,2025-09-20,1.69,45,305,12,,2025-09
3533315,Rose Cottage at The Elms,17788647,Louise,Christchurch City,Harewood Ward,-43.48401,172.56094,Entire home/apt,260.0,2,7,2025-02-01,0.05,1,160,1,,2025-02
1222966245866288499,Christchurch Airport Tiny House,49689552,Joseph,Christchurch City,Hornby Ward,-43.52256,172.53575,Entire home/apt,108.0,1,2,2025-02-01,0.16,1,301,1,,2025-02
1249045057341766236,Sunny smile,329509279,Yun-An,Christchurch City,Halswell Ward,-43.552887,172.5586704,Entire home/apt,287.0,1,19,2025-08-18,1.64,1,231,19,,2025-08
1325916091558526844,Airport Modern House 3B3B,670438230,Shiyao,Christchurch City,Hornby Ward,-43.5229211,172.538951,Entire home/apt,234.0,1,1,2025-02-28,0.13,1,258,1,,2025-02
41895107,â Beautiful New Home | Close to Airport & City â,331287587,Jason,Christchurch City,Hornby Ward,-43.52201,172.5277,Entire home/apt,250.0,10,3,2020-03-19,0.04,1,180,0,,2020-03
851138501985544686,"Homey Christchurch Base â Quiet, Cozy, Convenient",341060658,Antonio,Christchurch City,Hornby Ward,-43.5540082,172.532133,Entire home/apt,167.0,2,1,2025-07-08,0.32,1,106,1,,2025-07
1248098187400209745,Alps n'Ocean (Room 1),77191872,Brenda,Christchurch City,Heathcote Ward,-43.57614658498033,172.7273884346527,Private room,234.0,1,1,2024-12-27,0.1,2,365,1,,2024-12
17644287,Recently Renovated Single Room in Quiet Location,42353024,Danielle,Christchurch City,Cashmere Ward,-43.56852,172.64308,Private room,40.0,2,112,2025-09-30,1.07,3,189,20,,2025-09
754573596852381614,Diamond Harbour escape,486665268,Rodney,Christchurch City,Banks Peninsula Ward,-43.62654,172.73894,Private room,147.0,1,8,2024-08-31,0.29,1,361,0,,2024-08
1381639031221709646,*1 min walk to TownHall Te Pae - FREE Carpark,43367626,Sharon,Christchurch City,Central Ward,-43.52685279545496,172.63667137112157,Entire home/apt,212.0,2,22,2025-10-05,3.42,12,107,22,,2025-10
1121437600009472573,City Break Cottage for couples 27 mins CHC Airport,493392689,Matt,Christchurch City,Halswell Ward,-43.6095346,172.5711904,Entire home/apt,161.0,2,37,2025-09-27,2.04,8,297,23,,2025-09
13018855,Inner City Comfort,2836786,Karen,Christchurch City,Central Ward,-43.52794,172.64569,Private room,131.0,1,272,2025-05-11,2.39,1,335,13,,2025-05
1026884023934315547,'Kanuka cottage',37792208,Tracey,Christchurch City,Banks Peninsula Ward,-43.65093,172.75519,Entire home/apt,216.0,2,100,2025-10-03,4.61,1,217,53,,2025-10
9235519,Lovely room 2 mins walk to Sumner beach,37373022,Sharon,Christchurch City,Heathcote Ward,-43.57386,172.76726,Private room,96.0,1,74,2025-08-14,0.89,1,137,14,,2025-08
1213421716456728073,Tranquil seaside summit retreat,584359919,Daryn,Christchurch City,Heathcote Ward,-43.5771958,172.7509595,Entire home/apt,122.0,2,80,2025-10-07,7.5,1,199,80,,2025-10
1038553779583124065,Botanic Bliss Bungalow: 1 bed loft,482671075,Paula Corinne,Christchurch City,Central Ward,-43.5335979,172.6499267,Entire home/apt,101.0,1,77,2025-10-02,3.45,124,253,37,,2025-10
1062391302156960250,Your own space in our hillside cottage,14035453,Mark,Christchurch City,Cashmere Ward,-43.5791148,172.6305125,Private room,81.0,2,30,2025-09-08,1.63,1,147,11,,2025-09
1339321756731412360,"Escape to Magic; Casterton Cottage, luxury and spa",674433401,Anne,Christchurch City,Heathcote Ward,-43.5729506,172.7117069,Entire home/apt,378.0,1,30,2025-10-06,3.93,1,206,30,,2025-10
821200056834024183,"Private rooms, stunning view",184524160,Anthea,Christchurch City,Heathcote Ward,-43.56357214226436,172.71780067594787,Private room,104.0,2,9,2025-05-11,0.29,1,363,2,,2025-05
1241610430598268484,The Keep - Waimairi Beach,551181197,Paula Kat Charlotte,Christchurch City,Coastal Ward,-43.4787775,172.7202007,Entire home/apt,271.0,1,38,2025-09-07,3.04,146,242,36,,2025-09
1021267388585937641,Okioki - Seaside Escape,482671075,Paula Corinne,Christchurch City,Coastal Ward,-43.494036,172.7258729,Entire home/apt,94.0,1,101,2025-10-02,4.4,124,203,48,,2025-10
1313964638821189599,City Escape on Hereford - last minute deals,24205506,Karen Louise,Christchurch City,Central Ward,-43.53264388716416,172.64155449170622,Entire home/apt,171.0,1,28,2025-09-08,3.04,77,305,28,,2025-09
27526890,"Golden Sun-Spacious, Modern 2&3 bedrooms home",119597817,Angela,Christchurch City,Halswell Ward,-43.55161,172.55743,Entire home/apt,272.0,2,31,2025-04-20,0.37,3,341,3,,2025-04
1492264082956410944,CBD Retreat - Ideal for Group Getaways | Unit 1,573419952,Bruce,Christchurch City,Central Ward,-43.53181,172.64729,Entire home/apt,240.0,1,3,2025-09-30,3.0,8,249,3,,2025-09
1258351713267393476,Wigram Escape: Minutes to NgÄ Puna Wai Sports Hub,551181197,Paula Kat Charlotte,Christchurch City,Halswell Ward,-43.5640237,172.5518264,Entire home/apt,135.0,1,21,2025-09-12,1.82,146,274,21,,2025-09
865332411397762760,1 Bedroom Central City Escape,482671075,Paula Corinne,Christchurch City,Central Ward,-43.5261163,172.6422883,Entire home/apt,106.0,1,46,2025-09-20,1.59,124,244,11,,2025-09
42185666,City Centre 1 Bedroom Apartment,281110869,City Centre,Christchurch City,Central Ward,-43.5216,172.63786,Entire home/apt,194.0,1,10,2023-07-29,0.17,5,321,0,,2023-07
4776863,Beach Break,5156035,Phyllis,Christchurch City,Coastal Ward,-43.52628,172.73449,Entire home/apt,250.0,2,22,2024-03-27,0.18,3,206,0,,2024-03
1242542282192433246,River Stone Retreat,255711368,Leasa,Christchurch City,Halswell Ward,-43.59607,172.56582,Entire home/apt,133.0,3,0,,,1,88,0,,
2285496,Hidden Paradise in Christchurch,11588389,Ting,Christchurch City,Banks Peninsula Ward,-43.60587407545263,172.6942335116394,Entire home/apt,872.0,2,82,2025-09-25,3.36,1,184,37,,2025-09
1139450302238716947,The Overleigh Shearers Quarters,127379295,John,Christchurch City,Banks Peninsula Ward,-43.66141,172.80837,Entire home/apt,109.0,1,68,2025-09-28,4.12,2,340,45,,2025-09
1348682781595002791,Room by Barrington Park,9977987,Tania,Christchurch City,Spreydon Ward,-43.5538793,172.6186657,Private room,63.0,2,9,2025-09-27,1.12,1,17,9,,2025-09
1476640811285791155,"Home in Parklands,
Forest Park",710516136,Philippe Alain,Christchurch City,Coastal Ward,-43.4737022,172.7045889,Entire home/apt,154.0,1,4,2025-10-01,2.61,1,274,4,,2025-10
14279108,City Center. 6th floor. Spacious apartment,1368723,Natalia,Christchurch City,Central Ward,-43.53119,172.63981,Entire home/apt,171.0,2,445,2025-09-25,4.03,3,2,25,,2025-09
905986646008345952,"Homely, free breakfast, parking",86604225,Simi,Christchurch City,Halswell Ward,-43.54733,172.54388,Private room,37.0,1,18,2025-09-22,0.64,2,73,2,,2025-09
1015472486138278490,Serenity in the Centre: 2 bed 2 bath,482671075,Paula Corinne,Christchurch City,Central Ward,-43.5242973,172.6362563,Entire home/apt,169.0,1,60,2025-09-26,2.59,124,238,31,,2025-09
841626184344779109,The Loft - City Fringe with off-street parking,84196249,Carol,Christchurch City,Spreydon Ward,-43.5447141,172.6101713,Entire home/apt,189.0,3,38,2025-09-19,1.35,3,269,22,,2025-09
1512874306274721777,Brand New The little Gem at Riccarton,129377311,Sammi,Christchurch City,Riccarton Ward,-43.53477665236538,172.591660246253,Entire home/apt,192.0,1,5,2025-10-08,5.0,2,277,5,,2025-10
1096084875400475669,Cosy 1 bed Studio Motel Apartment in Central City,158374437,Sharon,Christchurch City,Central Ward,-43.532356687264695,172.64601822942495,Entire home/apt,87.0,1,60,2025-10-02,3.2,1,157,26,,2025-10
33340980,'Little Two' - Luxury Studio by Airport,251156752,Courtney,Christchurch City,Harewood Ward,-43.47603,172.6092,Entire home/apt,118.0,1,658,2025-10-02,8.3,1,319,133,,2025-10
31196567,Coniston Cabin,97678070,Bizz,Christchurch City,Banks Peninsula Ward,-43.76781,172.79302,Entire home/apt,79.0,1,152,2025-09-27,1.85,1,81,23,,2025-09
31002610,warm house in south island,231538523,Mia,Christchurch City,Burwood Ward,-43.5045,172.69422,Entire home/apt,216.0,1,202,2025-09-19,2.45,1,138,24,,2025-09
47816522,King Studio at Airways Motel,341679977,Jeff,Christchurch City,Waimairi Ward,-43.5192,172.53539,Private room,219.0,1,6,2023-07-29,0.13,2,359,0,,2023-07
979339646167555465,Beachside Bliss: 1 Bed 1 Bath,482671075,Paula Corinne,Christchurch City,Coastal Ward,-43.50951,172.73169,Entire home/apt,103.0,1,119,2025-10-01,4.82,124,205,49,,2025-10
1463562935311835274,Entire Place - Blessing Holiday House,706256734,Theresa,Christchurch City,Burwood Ward,-43.5150260178215,172.70920059218065,Entire home/apt,143.0,1,14,2025-09-28,6.67,1,27,14,,2025-09
806058288730364435,Beautiful villa near everything!,131734373,Alicia,Christchurch City,Linwood Ward,-43.54968,172.67251,Entire home/apt,283.0,1,134,2025-09-03,4.11,8,303,29,,2025-09
1027750500993763690,Modern Loft in CBD with Private Courtyard,105265867,Andrew,Christchurch City,Central Ward,-43.53278717210176,172.6499952748418,Entire home/apt,101.0,1,86,2025-10-02,3.87,11,211,40,,2025-10
1238156060538750686,Urban comfort and parking near Avebury Park,551181197,Paula Kat Charlotte,Christchurch City,Central Ward,-43.5195555,172.6594498,Entire home/apt,260.0,1,16,2025-09-25,1.3,146,187,15,,2025-09
779739885501856132,in hill with Stunning sea-views,46871128,Li,Christchurch City,Heathcote Ward,-43.5753101,172.7524342,Private room,91.0,1,1,2024-12-06,0.1,1,160,1,,2024-12
1246171452278523688,Double room close to city centre,377847189,Emma,Christchurch City,Linwood Ward,-43.5367484,172.6652511,Private room,72.0,1,0,,,1,178,0,,
1177104401081645427,The best location for your stay!,412607402,Natalie,Christchurch City,Central Ward,-43.51849,172.62738,Entire home/apt,168.0,1,0,,,2,210,0,,
969252913632503256,The beach escape -Seaviews,96467409,Bobby-Lee,Christchurch City,Coastal Ward,-43.50776837708388,172.73030107333605,Entire home/apt,178.0,1,45,2025-04-25,1.79,1,64,14,,2025-04
1098123089905880667,Central City Charm: Pet-Friendly Studio,551181197,Paula Kat Charlotte,Christchurch City,Central Ward,-43.5384637,172.6308677,Entire home/apt,115.0,1,56,2025-09-26,2.88,146,250,38,,2025-09
735615577129132475,1910 Shepherd's cottage,78041874,Lisa,Christchurch City,Banks Peninsula Ward,-43.78827,172.80742,Entire home/apt,141.0,2,50,2025-04-23,1.48,1,334,18,,2025-04
1462147534089461368,3bed w Garage Minutes from the Action and Sleeps 8,551181197,Paula Kat Charlotte,Christchurch City,Central Ward,-43.5457936,172.6240746,Entire home/apt,187.0,1,6,2025-09-12,2.4,146,248,6,,2025-09
1016341930413354643,2minutes'walk to the Riverside Market &City Centre,462294007,Yi,Christchurch City,Central Ward,-43.53578,172.63264,Entire home/apt,124.0,1,78,2025-10-05,3.37,2,321,43,,2025-10
26233936,Panoramic Views & Total Privacy. Romantic getaway.,109918531,Ian Douglas,Christchurch City,Heathcote Ward,-43.56871,172.74903,Entire home/apt,128.0,2,349,2025-09-25,3.97,1,147,28,,2025-09
862507185495895014,"Modern House on a Great Location
close to city",508592191,Maria E,Christchurch City,Halswell Ward,-43.5654606,172.5836921,Entire home/apt,248.0,1,12,2025-02-23,0.52,1,263,3,,2025-02
47180923,Heavenly Hillside Haven,329341602,Andy,Christchurch City,Heathcote Ward,-43.56207,172.73328,Entire home/apt,195.0,2,25,2025-09-22,0.5,2,26,13,,2025-09
1314554077503248093,Studio Apartment Harbour View,18542986,Megan,Christchurch City,Banks Peninsula Ward,-43.60804156884073,172.70495322658093,Entire home/apt,108.0,7,7,2025-04-25,0.74,2,290,7,,2025-04
36618523,Deluxe Studio Unit,266905655,Harikrishnan,Christchurch City,Central Ward,-43.5205078125,172.641845703125,Entire home/apt,133.0,1,15,2025-03-30,0.41,4,350,11,,2025-03
630015093442051567,"Free carpark! Walk to TePae, Townhall, Casino,Cafe",43367626,Sharon,Christchurch City,Central Ward,-43.52723,172.63301,Entire home/apt,217.0,1,152,2025-09-26,4.16,12,209,36,,2025-09
16591061,Long term double in colourful central city house,41527093,Karen,Christchurch City,Central Ward,-43.52779,172.64685,Private room,53.0,7,44,2025-03-15,0.41,4,60,1,,2025-03
1180644296361585075,Beachfront 2BR Retreat with Stunning Views,551181197,Paula Kat Charlotte,Christchurch City,Coastal Ward,-43.5037783,172.7294049,Entire home/apt,254.0,1,33,2025-09-12,2.25,146,261,30,,2025-09
768477373238536726,Prime CBD Hospital Location Plus Garage 2Bdrms,45768555,Lexia Margaret,Christchurch City,Central Ward,-43.5333695,172.6295839,Entire home/apt,171.0,1,115,2025-08-31,3.61,60,253,37,,2025-08
36041946,Character by the beach,271160243,Penelope Helen,Christchurch City,Coastal Ward,-43.50705,172.72386,Entire home/apt,117.0,30,26,2024-10-05,0.34,1,104,0,,2024-10
1236015461950734152,Luxury Studio With Balcony - Close to Supermarket,551181197,Paula Kat Charlotte,Christchurch City,Central Ward,-43.53946,172.63232,Entire home/apt,119.0,1,22,2025-09-27,1.71,146,260,19,,2025-09
1064862769851053601,Retro Chic NY Style Apartment.,41068157,John,Christchurch City,Heathcote Ward,-43.56993,172.75882,Private room,50.0,1,13,2025-08-30,0.63,1,57,6,,2025-08
1301013901011469466,Summer House with Pool,12232441,Francine Audrey,Christchurch City,Riccarton Ward,-43.52676940633559,172.5881382424581,Entire home/apt,713.0,4,0,,,1,6,0,,
662348894986313303,Cottage on the corner,188414652,Sya,Christchurch City,Banks Peninsula Ward,-43.600707,172.70919,Entire home/apt,145.0,30,45,2024-11-09,1.44,1,365,3,,2024-11
1191682614182568942,Modern 2 Bed 2 Bath Opposite Hagley Park,551181197,Paula Kat Charlotte,Christchurch City,Riccarton Ward,-43.5341098,172.6118675,Entire home/apt,220.0,1,21,2025-09-06,1.38,146,73,17,,2025-09
779813695818589072,Queen bed for 1 or 2 guests,424963036,Gemma Alegre,Christchurch City,Halswell Ward,-43.58679207413948,172.60879762275394,Private room,110.0,1,21,2024-03-12,0.62,3,7,0,,2024-03
1439528499143016924,City Stay,700186683,Neilus,Christchurch City,Central Ward,-43.52539031248277,172.6391644846558,Private room,82.0,2,0,,,1,249,0,,
13926671,Cute apartment in great location,38806771,Martin,Christchurch City,Spreydon Ward,-43.54343,172.6181,Entire home/apt,117.0,6,85,2025-09-30,0.77,1,179,4,,2025-09
1368287815454538578,Large Family Home w Garden,6488929,Sarah,Christchurch City,Coastal Ward,-43.47527110770067,172.70785552797602,Entire home/apt,247.0,2,2,2025-08-23,0.35,1,106,2,,2025-08
1424515805616438906,little comfort,368200064,Ramesh,Christchurch City,Halswell Ward,-43.5644076,172.5727227,Private room,90.0,1,0,,,1,329,0,,
1400405282229300109,Scholarly Stay 3BR/3BA Near UC,542186568,Sharon,Christchurch City,Fendalton Ward,-43.5207314,172.5849414,Entire home/apt,154.0,1,19,2025-09-24,4.07,13,13,19,,2025-09
1142926785335791094,"The Nook, 800m to New Regent St",16718467,Stephen,Christchurch City,Central Ward,-43.52424,172.64192,Private room,52.0,1,3,2025-03-24,0.2,2,24,2,,2025-03
34687359,Affordable luxury - newly renovated,232984704,Nancy,Christchurch City,Linwood Ward,-43.52053,172.69647,Entire home/apt,178.0,2,145,2025-09-22,1.88,2,294,11,,2025-09
923708945746469895,Serenity Getaway,339353747,Ajeet,Christchurch City,Coastal Ward,-43.50777,172.73158,Entire home/apt,107.0,1,70,2025-09-04,2.86,1,214,26,,2025-09
27711567,"Waimairi Beach, a delightful sanctuary to relax in",208812490,Beth And Gary,Christchurch City,Coastal Ward,-43.48302,172.7214,Entire home/apt,171.0,2,216,2025-09-27,2.52,1,256,24,,2025-09
39348729,"Okuti Country Cabin.  Sunny, private, peaceful.",9023904,Elizabeth,Christchurch City,Banks Peninsula Ward,-43.78626,172.80831,Entire home/apt,100.0,2,73,2025-04-26,1.02,2,215,13,,2025-04
15186868,Private Garden Cabin - on airport bus route,20397105,Lesley,Christchurch City,Linwood Ward,-43.54337,172.66765,Entire home/apt,68.0,2,128,2025-09-17,1.18,1,172,9,,2025-09
1346040643001148110,City Apartment by Riverside Market & the Hospital,55863813,Sophia Ashford,Christchurch City,Central Ward,-43.5339025,172.6303734,Entire home/apt,145.0,1,35,2025-09-27,4.38,1,154,35,,2025-09
35468552,Orari Bed and Breakfast - Room 2,258827985,Ashton,Christchurch City,Central Ward,-43.52999,172.63034,Hotel room,291.0,1,23,2025-01-24,0.42,10,213,2,,2025-01
1046476609476571582,New Brighton Beach Explore - King Bed and sofa bed,482671075,Paula Corinne,Christchurch City,Coastal Ward,-43.5088598,172.7312954,Entire home/apt,117.0,1,71,2025-10-03,3.3,124,142,32,,2025-10
1498308794340310057,Beach Escape,104152343,Kari,Christchurch City,Coastal Ward,-43.479689,172.7204739,Entire home/apt,107.0,1,0,,,1,332,0,,
47803467,Deluxe Triple Room,270614463,Samuel William,Christchurch City,Central Ward,-43.53141,172.62773,Private room,190.0,1,9,2025-07-18,0.21,14,269,2,,2025-07
43914625,"One Bedroom Apartment, Hotel Carlton Mill",50694865,Hotel,Christchurch City,Fendalton Ward,-43.52079,172.62698,Entire home/apt,345.0,1,6,2023-04-08,0.11,11,347,0,,2023-04
1063219451776799348,Ravensdale Vista,15742007,Peter Michael,Christchurch City,Halswell Ward,-43.5819335,172.6059837,Entire home/apt,144.0,2,3,2024-05-12,0.15,3,104,0,,2024-05
1313297095623769601,Luxurious Central City Living,144926086,Boikanyo,Christchurch City,Central Ward,-43.52661813804203,172.62830144285277,Entire home/apt,301.0,2,9,2025-10-03,0.94,1,157,9,,2025-10
1102513560119818653,Central Oasis: Charming Studio with Backyard,551181197,Paula Kat Charlotte,Christchurch City,Central Ward,-43.53849,172.6314,Entire home/apt,122.0,1,28,2025-08-28,1.43,146,265,18,,2025-08
887218982616365848,3 Bedroom 2 Bathroom Hagley Parkside Perch,482671075,Paula Corinne,Christchurch City,Central Ward,-43.5371353,172.6249013,Entire home/apt,288.0,1,152,2025-09-25,5.24,124,220,47,,2025-09
1070913847634979117,4mins walk to Westfield Riccarton Mall RM02,180085404,Jessie,Christchurch City,Fendalton Ward,-43.52691,172.60212,Private room,72.0,1,12,2025-07-16,0.58,4,88,5,,2025-07
660383068278004548,Divine on Derby - Christchurch Holiday Home,145244100,Bachcare,Christchurch City,Central Ward,-43.51767,172.63129,Entire home/apt,426.0,3,20,2025-01-18,0.57,1547,362,4,,2025-01
18759969,Hillside studio in sea side suburb of Sumner,108574985,Don,Christchurch City,Heathcote Ward,-43.57359,172.75569,Entire home/apt,110.0,2,118,2025-09-25,1.25,1,338,33,,2025-09
1424997130182085619,Coffee over the road! Addington,696473453,Punyadeep Singh,Christchurch City,Spreydon Ward,-43.54279540390941,172.61422897334856,Entire home/apt,143.0,1,0,,,4,204,0,,
599452653212788682,"âThe Summer Houseâ - Huntsbury, Christchurch",93019047,Geoffrey Charles,Christchurch City,Cashmere Ward,-43.56629,172.65093,Entire home/apt,131.0,2,36,2025-04-24,0.9,1,22,4,,2025-04
1050831343145231439,Merivale Loft,551882801,Tracey,Christchurch City,Fendalton Ward,-43.5104437,172.620716,Entire home/apt,124.0,2,14,2024-04-24,0.65,1,128,0,,2024-04
1347345656332401167,"Luxury Retreat with Ocean Views,  Sauna & Plunge",56014015,Olivia,Christchurch City,Heathcote Ward,-43.56221413165788,172.72061613034714,Entire home/apt,182.0,2,23,2025-09-29,3.73,2,113,23,,2025-09
1267757500940681589,Oma's Cottage,73997354,Anna,Christchurch City,Linwood Ward,-43.555176462155664,172.68524935847938,Entire home/apt,89.0,1,100,2025-10-07,9.62,1,81,100,,2025-10
811030257986467614,Central City apartment - walk everywhere!,48368633,Kerry,Christchurch City,Central Ward,-43.53540932930859,172.63515662401915,Entire home/apt,147.0,1,115,2025-09-30,3.69,1,180,46,,2025-09
656224633907320128,Delightful Double Room,1743811,Kelly,Christchurch City,Spreydon Ward,-43.54853,172.61063,Private room,43.0,5,28,2025-08-17,0.72,5,109,11,,2025-08
50231862,New town house close to CBD,85444189,Aely,Christchurch City,Central Ward,-43.51918,172.64431,Entire home/apt,126.0,1,164,2025-09-18,3.13,2,2,13,,2025-09
917566528595175861,"Central City Convenience: Cafes, Bars, Supermarket",482671075,Paula Corinne,Christchurch City,Central Ward,-43.5335761,172.6495891,Entire home/apt,232.0,1,77,2025-07-22,2.76,124,182,20,,2025-07
1073660045082467500,"Modern, Ground Floor, CBD, Own Car Park, 2-3 Beds",537639282,Judith,Christchurch City,Central Ward,-43.5379577,172.6384266,Entire home/apt,200.0,1,28,2025-10-04,1.41,6,193,16,,2025-10
15620471,Hartford House - Christchurch,100696941,Tara-Jayne,Christchurch City,Riccarton Ward,-43.52628,172.60875,Private room,238.0,7,11,2019-12-12,0.1,4,364,0,,2019-12
22619643,Cozy and Convenient Stay on Upper Riccarton,166504334,Bee Swan,Christchurch City,Riccarton Ward,-43.53723,172.57834,Private room,135.0,2,27,2025-02-22,0.29,1,270,1,,2025-02
1021937180745998201,Stylish 2BR Apartment in Christchurch CBD,331763232,Benjamin Dearden,Christchurch City,Central Ward,-43.53811,172.64012,Entire home/apt,164.0,2,32,2025-07-26,1.43,96,89,21,,2025-07
1299565861364810738,Light-Filled Studio Close to South City Mall,551181197,Paula Kat Charlotte,Christchurch City,Central Ward,-43.5392668,172.6349548,Entire home/apt,117.0,1,3,2025-02-25,0.3,146,241,3,,2025-02
1366389332748586746,Your Cosy Hideaway on Tomes Road,366441473,Kay Lynette,Christchurch City,Papanui Ward,-43.50241780506835,172.61849509346618,Entire home/apt,84.0,1,20,2025-09-26,2.78,1,337,20,,2025-09
1222454194171988749,Room in Aidanfield,558133838,Nikita,Christchurch City,Halswell Ward,-43.56373,172.56445,Private room,150.0,1,0,,,1,364,0,,
4596246,Harbour View Highlights,18542986,Megan,Christchurch City,Banks Peninsula Ward,-43.607941489520215,172.70360517763766,Entire home/apt,146.0,5,14,2025-09-20,0.15,2,265,12,,2025-09
1411206770883490560,Designer Urban Escape | Stylish City Comfort,24205506,Karen Louise,Christchurch City,Central Ward,-43.52885,172.63041,Entire home/apt,191.0,1,4,2025-10-04,0.94,77,65,4,,2025-10
1237450011632404092,Spacious 4BR Central Apartment w/ Pool & Parking,682808597,Devon,Christchurch City,Central Ward,-43.52259,172.63296,Entire home/apt,292.0,1,79,2025-10-04,6.09,22,179,75,,2025-10
1108132436670811981,Downtown Delight: Studio at 8 Wilmer with Backyard,551181197,Paula Kat Charlotte,Christchurch City,Central Ward,-43.5384944,172.6313989,Entire home/apt,138.0,1,27,2025-09-20,1.42,146,224,19,,2025-09
1296483222185602704,Mod City Home Free Parking  3x spaces Edgeware cbd,27743702,David,Christchurch City,Central Ward,-43.5187,172.64984,Entire home/apt,431.0,7,3,2025-03-05,0.32,4,92,3,,2025-03
1111081691056695200,3 Minutes walk to Riverside Market 4bed4bath,560354463,Fang,Christchurch City,Central Ward,-43.535646,172.631838,Entire home/apt,275.0,1,66,2025-09-17,4.26,1,153,40,,2025-09
8493225,Studio Unit,44728588,Anita Marie,Christchurch City,Papanui Ward,-43.48535,172.61728,Hotel room,186.0,1,5,2024-11-08,0.04,6,333,1,,2024-11
1080137662914237741,Sweet Dream Room for a couple close to CBD,228628407,Gadith,Christchurch City,Central Ward,-43.5184188,172.6496774,Private room,74.0,1,24,2025-10-02,1.18,1,266,14,,2025-10
1000384415067542419,Sea View Paradise with Hot Tub,125757390,Caitlin,Christchurch City,Heathcote Ward,-43.56624,172.73608,Entire home/apt,325.0,1,120,2025-10-03,5.15,7,111,54,,2025-10
1196163951514838737,Stylish and Sleek City Stay,365360819,Chao,Christchurch City,Central Ward,-43.5295225,172.6446653,Entire home/apt,156.0,1,3,2025-07-04,0.3,13,148,3,,2025-07
1472030942004377055,"Sadie's Stay, King Bed, Small Dog Friendly",709243099,Jonathan,Christchurch City,Central Ward,-43.5281444,172.6430909,Entire home/apt,121.0,2,5,2025-10-02,3.33,1,298,5,,2025-10
23644994,Close to Canterbury Adventure Park,107178900,Shelley,Christchurch City,Cashmere Ward,-43.57798,172.62071,Private room,121.0,4,2,2025-02-24,0.06,1,268,1,,2025-02
1105901926245263693,Modern Abode in Central Location,26374222,Georgina,Christchurch City,Central Ward,-43.52669,172.63046,Entire home/apt,296.0,2,49,2025-10-02,2.65,1,286,42,,2025-10
1300972526142528064,Dashing 2-Bedroom Apartment in Vibrant City Hub,551181197,Paula Kat Charlotte,Christchurch City,Central Ward,-43.5285632,172.6432595,Entire home/apt,245.0,1,3,2025-07-05,0.32,146,199,3,,2025-07
1106680347989809823,Upper Studio Perfection: 8 Wilmer St. Gem,551181197,Paula Kat Charlotte,Christchurch City,Central Ward,-43.5384944,172.6313989,Entire home/apt,151.0,1,83,2025-10-02,4.33,146,227,62,,2025-10
1102250835317326101,4 Minutes walk to Riverside Market!4bed 4 bath,584749950,Zhishuo,Christchurch City,Central Ward,-43.535584,172.632186,Entire home/apt,245.0,1,99,2025-10-01,6.17,1,199,61,,2025-10
552170024764779150,Executive City Pad Free Basement Park CBD 3 Mins,45768555,Lexia Margaret,Christchurch City,Central Ward,-43.53391,172.62885,Entire home/apt,123.0,1,169,2025-10-02,3.81,60,230,53,,2025-10
599674690812017336,Best location # Wigram # walk to amenities & food,121720633,Stephanie,Christchurch City,Halswell Ward,-43.55188,172.55531,Private room,55.0,2,32,2024-10-24,0.81,1,171,5,,2024-10
1521508614579722588,Dune Retreat,128033807,Jenny,Christchurch City,Coastal Ward,-43.5412,172.74344,Entire home/apt,200.0,1,0,,,1,92,0,,
1140873975856311535,"Modern 1BR Apartment | Netflix, Disney+ & Parking",573757538,Harmeet,Christchurch City,Riccarton Ward,-43.53762,172.60166,Entire home/apt,162.0,1,1,2025-09-23,1.0,7,270,1,,2025-09
1164877606258479421,Stylish 3-Bedroom Home in Prime City with Garage,551181197,Paula Kat Charlotte,Christchurch City,Fendalton Ward,-43.521363,172.6216895,Entire home/apt,432.0,1,18,2025-08-04,1.11,146,187,12,,2025-08
42628956,Central Location New Luxury Secure Park 3 Mins CBD,45768555,Lexia Margaret,Christchurch City,Central Ward,-43.53006,172.64348,Entire home/apt,137.0,1,164,2025-01-05,2.43,60,268,6,,2025-01
1480917703395313066,Modern 2BR Home in Mohua Lane,331763232,Benjamin Dearden,Christchurch City,Riccarton Ward,-43.53591,172.58716,Entire home/apt,146.0,2,2,2025-09-22,2.0,96,88,2,,2025-09
47761558,Handy Riccarton Hagley Park CBD 10 Mins,45768555,Lexia Margaret,Christchurch City,Riccarton Ward,-43.5357,172.60242,Entire home/apt,207.0,1,183,2025-10-04,3.22,60,323,27,,2025-10
36609045,Parisian Chic,275183598,Gemma,Christchurch City,Central Ward,-43.52399,172.63091,Entire home/apt,122.0,2,377,2025-04-26,4.99,1,328,41,,2025-04
848037931188252579,Beachfront Bach - retro at the beach,24205506,Karen Louise,Christchurch City,Coastal Ward,-43.52052,172.73548,Entire home/apt,186.0,1,12,2025-03-15,0.44,77,287,3,,2025-03
1013479232818304742,Heart of Christchurch CBD Hideaway 2bed 1 bath,482671075,Paula Corinne,Christchurch City,Central Ward,-43.535568,172.6318853,Entire home/apt,219.0,1,43,2025-08-13,1.83,124,225,15,,2025-08
1424919407419270943,"Location CBD, Hospital, Hagley Park,Free Parking",45768555,Lexia Margaret,Christchurch City,Central Ward,-43.5333252,172.6296109,Entire home/apt,179.0,1,16,2025-10-02,3.72,60,249,16,,2025-10
1277874687351451943,Cozy 2 Bed CBD Retreat By Latimer Square,497684553,Pausina,Christchurch City,Central Ward,-43.53103426698589,172.64540734678326,Entire home/apt,214.0,2,6,2025-05-05,0.63,1,231,6,,2025-05
24587488,Luxury 4 bedroom house in central city 5 star,206745319,Ros,Christchurch City,Central Ward,-43.52637,172.62975,Entire home/apt,568.0,1,332,2025-08-30,3.71,1,96,18,,2025-08
1396146959393760019,Character Meets Comfort 2 Bedroom City Townhouse,482671075,Paula Corinne,Christchurch City,Central Ward,-43.52457,172.63493,Entire home/apt,158.0,1,14,2025-09-28,2.46,124,176,14,,2025-09
1103911656731458046,Single room 10 mins nearby the airport,77196518,Jill,Christchurch City,Hornby Ward,-43.53257,172.52296,Private room,41.0,1,38,2025-09-16,1.99,4,10,27,,2025-09
1342329391251718699,"Stylish 2 BR Suite near CBD, TePae and Hagly Park",331762601,Yvonne,Christchurch City,Central Ward,-43.5275385,172.6315072,Entire home/apt,133.0,3,4,2025-08-18,0.66,2,82,4,,2025-08
1238901316488409116,Chic Studio in the Heart of Christchurch,551181197,Paula Kat Charlotte,Christchurch City,Central Ward,-43.5386495,172.6315049,Entire home/apt,114.0,1,14,2025-07-06,1.11,146,262,13,,2025-07
1279120480492923460,Stylish Riccarton 3BR Townhouse | Walk to Mall,24205506,Karen Louise,Christchurch City,Riccarton Ward,-43.53283,172.59902,Entire home/apt,199.0,2,6,2025-04-19,0.63,77,217,6,,2025-04
1512196848079901293,Sumner Living,159979528,Mike,Christchurch City,Heathcote Ward,-43.57232267966111,172.76227958500385,Entire home/apt,585.0,3,0,,,1,69,0,,
42926171,Redcliffs Loft (self-contained),95211040,Jo,Christchurch City,Heathcote Ward,-43.56057,172.73905,Entire home/apt,120.0,2,48,2025-10-07,2.45,2,319,33,,2025-10
1165417281416812417,Charming 3-Bedroom Home Near Christchurch City,551181197,Paula Kat Charlotte,Christchurch City,Heathcote Ward,-43.55165969999999,172.6373925,Entire home/apt,179.0,1,36,2025-07-21,2.18,146,249,28,,2025-07
50470889,Leinster Oasis,81390838,Katie,Christchurch City,Fendalton Ward,-43.51294,172.61671,Entire home/apt,243.0,28,31,2025-01-25,0.6,45,0,5,,2025-01
779281599162079480,Sunny Two Bedroom Townhouse,9297203,Briedi,Christchurch City,Harewood Ward,-43.48518,172.59127,Entire home/apt,117.0,2,6,2024-12-25,0.18,1,15,2,,2024-12
1124213346882249446,Stylish Stadium View 2 Bed Townhouse In CBD,49642171,Xihang,Christchurch City,Central Ward,-43.53586,172.64937,Entire home/apt,121.0,1,3,2024-07-14,0.17,88,273,0,,2024-07
10910045,Room with a View to the Mountains,32636421,Karyn,Christchurch City,Cashmere Ward,-43.56814,172.64783,Private room,130.0,2,13,2025-02-10,0.12,2,364,1,,2025-02
1325153849878033490,Room In Christchurch,545508277,Dan,Christchurch City,Waimairi Ward,-43.52327,172.54724,Private room,55.0,1,11,2025-03-28,1.21,2,185,11,,2025-03
5336437,Modern Accommodation with sea views,27654727,Jill,Christchurch City,Heathcote Ward,-43.56553,172.7297,Private room,110.0,2,81,2024-03-26,0.63,1,109,0,,2024-03
4210947,Sunnybrae Bed & Breakfast,18848246,Jenny & Tony,Christchurch City,Banks Peninsula Ward,-43.784,172.90277,Private room,,2,111,2025-04-22,0.85,1,0,6,,2025-04
1514869159379758506,Villa on Wiggins - Sumner Beach,183494238,Sarah,Christchurch City,Heathcote Ward,-43.57339801733017,172.76280362159014,Entire home/apt,223.0,3,0,,,1,33,0,,
982665707456333129,"Self contained, private, sunny & peaceful retreat",247294642,Ian,Christchurch City,Waimairi Ward,-43.5016939,172.5809391,Entire home/apt,104.0,1,44,2025-08-08,1.79,1,177,21,,2025-08
1052313220438263444,Two Bedroom Family Spa Apartment,179297759,Peng,Christchurch City,Riccarton Ward,-43.5384412,172.5789749,Entire home/apt,201.0,1,6,2025-08-16,0.28,20,264,1,,2025-08
1296265192079377600,Cozy Stay near the airport,74811135,Yaoyao,Christchurch City,Fendalton Ward,-43.50919077339972,172.60179915567545,Entire home/apt,208.0,1,15,2025-08-02,1.51,40,15,15,,2025-08
38358604,Fun and Relaxation The Perfect Mix,291975628,Mee,Christchurch City,Cashmere Ward,-43.55973,172.6455,Entire home/apt,,1,348,2025-07-26,4.72,1,0,45,,2025-07
18510612,French Vintage Style Cottage Close To Central City,14836489,Tiffany,Christchurch City,Heathcote Ward,-43.54991,172.65205,Private room,108.0,1,0,,,1,361,0,,
1445314159029754630,Sunlit 1BR in Christchurch CBD,331763232,Benjamin Dearden,Christchurch City,Central Ward,-43.52832959311647,172.64060094570988,Entire home/apt,141.0,2,6,2025-09-20,1.62,96,119,6,,2025-09
1372026798882452132,On the Park,201467139,Louise Margaret,Christchurch City,Heathcote Ward,-43.5535086,172.63368,Private room,68.0,1,0,,,1,302,0,,
1173619456097235934,Alpha Motel officer One-Bedroom,179297759,Peng,Christchurch City,Riccarton Ward,-43.53855,172.57892,Entire home/apt,134.0,1,1,2024-12-06,0.1,20,270,1,,2024-12
11704236,Modern house close to city and parks,62214991,Zhen,Christchurch City,Fendalton Ward,-43.52177,172.60927,Private room,124.0,2,12,2025-02-22,0.11,1,53,1,,2025-02
1324299850860454563,Whare Piringa  âHavenâ,103401920,Gavin,Christchurch City,Banks Peninsula Ward,-43.63182,172.73748,Entire home/apt,173.0,1,17,2025-09-21,2.09,1,102,17,,2025-09
1112546697655609511,Sawyer's Sanctuary,45860810,Lydia,Christchurch City,Papanui Ward,-43.4888674,172.6089088,Entire home/apt,188.0,2,36,2025-07-23,1.94,1,239,26,,2025-07
867811988255053402,"Stunning sea, city & mountains view 2 bedroom home",146063603,Deana,Christchurch City,Heathcote Ward,-43.5668503,172.7268957,Entire home/apt,180.0,2,63,2025-09-13,2.1,1,111,23,,2025-09
1520793287022660974,Stay in the Heart of the City â 3BR/3BA,510730797,Katarina Anne,Christchurch City,Central Ward,-43.52618693267528,172.64022346322938,Entire home/apt,325.0,1,0,,,8,94,0,,
1298200643215909720,Forest View - Spacious & private full home retreat,77653030,Shayna,Christchurch City,Banks Peninsula Ward,-43.772718245767614,172.78269522749258,Entire home/apt,254.0,2,9,2025-06-25,0.95,1,290,9,,2025-06
1309049793540509430,Relaxing 2BR House in Mohua Lane,331763232,Benjamin Dearden,Christchurch City,Riccarton Ward,-43.53485,172.58637,Entire home/apt,148.0,2,22,2025-09-18,2.26,96,77,22,,2025-09
1120759329366488743,Sleepout in Christchurch,156070483,Sara,Christchurch City,Spreydon Ward,-43.5656606,172.6112643,Entire home/apt,80.0,1,34,2025-10-04,1.98,1,351,27,,2025-10
47356235,City View In Central Chch with Free Valet Parking,98868319,Nicole & Shane,Christchurch City,Central Ward,-43.52896,172.63959,Entire home/apt,495.0,1,204,2025-08-18,3.56,2,60,23,,2025-08
1083148952925311287,"City fringe, transport access right outside",237732864,Abin,Christchurch City,Central Ward,-43.514829507630736,172.6513212919235,Entire home/apt,,1,10,2025-03-28,0.55,1,0,6,,2025-03
1279900251424421749,Peaceful 2Bed2Bath/Parking Close To Colombo St,537342678,Shan,Christchurch City,Heathcote Ward,-43.55630226344523,172.63908658747764,Entire home/apt,,1,7,2025-07-04,0.67,1,0,7,,2025-07
1439498736495957924,Homey and Bright Riccarton 2BR,331763232,Benjamin Dearden,Christchurch City,Riccarton Ward,-43.5361,172.59748,Entire home/apt,,2,8,2025-09-22,2.47,96,0,8,,2025-09
1341619289037945580,Family home in Lyttelton,47950068,Oonagh,Christchurch City,Banks Peninsula Ward,-43.5997606742266,172.7253383372271,Entire home/apt,225.0,2,3,2025-08-18,0.41,1,21,3,,2025-08
1015631040054133018,Stunning E-scape @ Cannonhill,146373432,Lynda,Christchurch City,Heathcote Ward,-43.56162,172.71447,Entire home/apt,234.0,2,5,2025-02-08,0.23,6,336,3,,2025-02
1308819791396386806,Retreats Workshops or Gatherings,12996972,Jane,Christchurch City,Banks Peninsula Ward,-43.78835822060294,172.82048007196653,Entire home/apt,720.0,2,0,,,6,117,0,,
1422841951199218506,Scarborough Coastal Getaway,69292138,Marcus,Christchurch City,Heathcote Ward,-43.57403222061269,172.77426515789932,Entire home/apt,588.0,3,0,,,1,24,0,,
1359042873049714360,Sleep-out bedroom in Sockburn,679056810,Saravanan,Christchurch City,Hornby Ward,-43.535975734874135,172.5479840803218,Private room,66.0,1,1,2025-02-22,0.13,1,364,1,,2025-02
776283793596660586,Grannies on the park,135009104,Jane Ellen Grace,Christchurch City,Cashmere Ward,-43.55920561314174,172.62869115918875,Entire home/apt,71.0,1,38,2025-09-05,1.15,1,248,16,,2025-09
46907522,Central and Modern Home | Internal Garage,39995217,Shannon,Christchurch City,Spreydon Ward,-43.5482,172.62304,Entire home/apt,142.0,1,65,2025-09-05,1.12,1,268,11,,2025-09
40783715,Peace on Birdwood,316632883,Theadora,Christchurch City,Cashmere Ward,-43.56947,172.64111,Entire home/apt,97.0,3,116,2025-08-25,1.66,1,100,11,,2025-08
1451032494679451259,Albemarle Villa,374915856,Simeon Henry,Christchurch City,Heathcote Ward,-43.5479427,172.6410387,Entire home/apt,203.0,1,0,,,120,0,0,,
1336708357552605025,New heritage style townhouse,157744145,Marcus,Christchurch City,Spreydon Ward,-43.54946008423065,172.62494033373454,Entire home/apt,139.0,2,3,2025-07-14,0.39,1,42,3,,2025-07
1202410857518138513,Overdale Oasis,374915856,Simeon Henry,Christchurch City,Cashmere Ward,-43.56851,172.62922,Entire home/apt,338.0,1,9,2025-05-19,0.76,120,0,9,,2025-05
1199341811247542928,Just 4km to Christchurch Airport,326089936,Marjorie,Christchurch City,Hornby Ward,-43.52366,172.52302,Private room,64.0,1,0,,,3,269,0,,
774130038566135154,single room 10 mins drive to the airport,77196518,Jill,Christchurch City,Hornby Ward,-43.53117,172.52109,Private room,41.0,1,79,2025-09-29,2.37,4,9,36,,2025-09
1419158047017779995,"2BR Stay in the City, Gloucester",202585247,Ohana,Christchurch City,Central Ward,-43.530150968089366,172.64732650046903,Entire home/apt,119.0,1,30,2025-09-28,6.87,121,130,30,,2025-09
1002570876571291142,Entire space - NO Sharing with others,132101529,Zhaoyan,Christchurch City,Halswell Ward,-43.56388,172.55935,Private room,91.0,1,175,2025-10-01,7.33,1,141,95,,2025-10
21476778,Beach Life Getaway!,64000277,Janice,Christchurch City,Coastal Ward,-43.48134231567383,172.72076416015625,Private room,90.0,1,137,2025-08-17,1.44,1,83,17,,2025-08
779292148829442752,Black Point Beauty,39994192,Deborah,Christchurch City,Banks Peninsula Ward,-43.6336608,172.7124996,Private room,130.0,1,53,2025-10-01,1.61,1,49,27,,2025-10
1002449573136021344,âTe Ihutai Viewâ Coastal Panorama & Sanctuary,540107726,Tracey,Christchurch City,Heathcote Ward,-43.56991499999999,172.7251675,Private room,109.0,1,64,2025-10-02,2.78,1,79,39,,2025-10
1288148849284910546,The Sea-nic Place,353482567,Denise,Christchurch City,Coastal Ward,-43.50043863084985,172.72758452098,Private room,90.0,1,32,2025-09-20,3.08,1,278,32,,2025-09
1055942315332859716,Budget Room  Centrally located,96129652,Su,Christchurch City,Fendalton Ward,-43.50348128155772,172.58698046207428,Private room,45.0,1,140,2025-09-06,6.48,4,53,81,,2025-09
21702984,Beckenham retreat-no cleaning fee,143593937,Gill,Christchurch City,Cashmere Ward,-43.56474,172.64401,Private room,80.0,1,670,2025-10-04,6.97,1,64,105,,2025-10
51393507,Little paradise in City Centre,321562392,J&H House,Christchurch City,Central Ward,-43.53066,172.64341,Entire home/apt,114.0,1,372,2025-10-04,7.34,3,137,70,,2025-10
1329359601082111306,Single Room 3,173308474,Dawn,Christchurch City,Waimairi Ward,-43.49897114335805,172.56445876448242,Private room,44.0,1,59,2025-09-26,6.78,3,259,59,,2025-09
1251879748055141122,Simply City Zen,54012179,Bob,Christchurch City,Innes Ward,-43.51053267800998,172.63775752409785,Entire home/apt,125.0,2,3,2025-02-08,0.28,6,90,3,,2025-02
9189593,"Modern, 3bdrm Apartment - Close to City Centre",47808157,Wayne,Christchurch City,Fendalton Ward,-43.5158,172.6248,Entire home/apt,380.0,1,89,2025-07-16,0.74,3,288,1,,2025-07
857390478755333549,Plush Upmarket close Hagley Park 2Bthrms 2 Bthrms,45768555,Lexia Margaret,Christchurch City,Central Ward,-43.5192418,172.6306138,Entire home/apt,201.0,1,69,2025-09-21,2.28,60,29,28,,2025-09
1059045323270242661,Entire place in Christchurch,231230780,Cecilia,Christchurch City,Linwood Ward,-43.52805,172.68337,Entire home/apt,101.0,2,8,2025-09-18,0.4,1,146,3,,2025-09
15197176,I am comfy and I know it,96502896,Subhojit,Christchurch City,Linwood Ward,-43.53455,172.66597,Private room,36.0,2,137,2025-09-17,1.27,1,221,21,,2025-09
50032736,"New, private room with en-suite in CBD",142734461,Megan,Christchurch City,Central Ward,-43.528469,172.649338,Private room,47.0,2,144,2025-09-21,2.71,1,33,25,,2025-09
646585302223214339,City view 1-bedroom home with free parking,463632647,Linlin,Christchurch City,Cashmere Ward,-43.57201,172.62459,Private room,73.0,1,81,2025-10-04,2.02,1,173,42,,2025-10
4394839,Lovely Sunny En-Suite Home,22664885,Spark & Angela,Christchurch City,Spreydon Ward,-43.55145,172.60179,Private room,52.0,1,1095,2025-03-14,8.21,1,104,38,,2025-03
1146495170713666062,Mid-Century by the Beach,125757390,Caitlin,Christchurch City,Heathcote Ward,-43.5708616,172.7617876,Entire home/apt,199.0,1,26,2025-04-11,1.58,7,125,17,,2025-04
1190972831984376576,1920s character Bunglow,545965526,Harry,Christchurch City,Heathcote Ward,-43.55264,172.64822,Private room,73.0,1,0,,,1,269,0,,
835707864186190895,Central Diamond Harbour Guest Suite,55459019,Gillian,Christchurch City,Banks Peninsula Ward,-43.62853,172.72304,Entire home/apt,167.0,1,18,2025-09-15,0.66,1,339,12,,2025-09
1333072958787067675,Bayview Paradise by Tiny Away,481232463,Tiny Away NZ,Christchurch City,Banks Peninsula Ward,-43.6352335,172.7373851,Entire home/apt,163.0,1,1,2025-05-16,0.21,104,363,1,,2025-05
1355672651286542965,Entire House in Christchurch,129059878,Sridivya,Christchurch City,Linwood Ward,-43.52956504482592,172.6772318945028,Entire home/apt,220.0,1,3,2025-04-16,0.39,1,190,3,,2025-04
39993113,Near New Charming Central Apartment,308350984,Elijah,Christchurch City,Central Ward,-43.52841,172.64482,Entire home/apt,100.0,1,332,2025-09-28,4.69,1,221,59,,2025-09
20851461,Sweet Nemo's home,48293367,Alina,Christchurch City,Spreydon Ward,-43.54439,172.61301,Private room,1500.0,1,28,2019-02-04,0.29,1,89,0,,2019-02
1289578941931220496,Coastal Comfort: Spacious 3BR Getaway in Redcliffs,551181197,Paula Kat Charlotte,Christchurch City,Heathcote Ward,-43.5631728,172.7367477,Entire home/apt,192.0,1,10,2025-09-29,0.94,146,350,10,,2025-09
41485013,Valley View - Modern & Private Retreat,49542520,Joseph,Christchurch City,Heathcote Ward,-43.56551,172.71107,Entire home/apt,529.0,14,0,,,1,44,0,,
952384856334481871,Cool,530346508,Rajni,Christchurch City,Riccarton Ward,-43.53761249999999,172.5841312,Private room,84.0,1,0,,,1,269,0,,
983465520580292073,Coastal abode | Redcliffs,271753163,Eddie,Christchurch City,Heathcote Ward,-43.55898,172.73518,Entire home/apt,473.0,2,5,2024-01-12,0.21,1,86,0,,2024-01
787823178586479718,Water view Apartment,37860112,Hamish,Christchurch City,Heathcote Ward,-43.55923,172.70349,Entire home/apt,82.0,7,3,2025-02-27,0.15,1,58,2,,2025-02
623397096468753938,"LOCATION - City Living, New, Modern, Chic",45172785,Lisa,Christchurch City,Central Ward,-43.53335189819336,172.64117431640625,Entire home/apt,114.0,1,200,2025-10-04,4.83,44,149,62,,2025-10
1408245120023466156,"Private, Spacious and Sunny: Stay at Puru's Home",325414894,Purushottam,Christchurch City,Central Ward,-43.52810008028276,172.66278570077648,Private room,61.0,1,49,2025-10-07,9.61,1,84,49,,2025-10
50596811,"Guest Suite, Central City, Christchurch",177248780,Grant,Christchurch City,Central Ward,-43.52682,172.62979,Private room,135.0,2,263,2025-09-18,5.06,1,33,48,,2025-09
40262134,"Modern, spacious 2 bedroom apartment in CBD",102034919,Rudy And Bernie,Christchurch City,Central Ward,-43.52109,172.64059,Entire home/apt,112.0,2,315,2025-09-27,6.86,2,192,61,,2025-09
22422999,Cass Bay Home with a View,150238968,Michele And Andrew,Christchurch City,Banks Peninsula Ward,-43.60442,172.68787,Private room,120.0,1,151,2025-05-16,1.61,1,182,9,,2025-05
17389174,Sunny modern room w/ door to garden & own bathroom,117558341,Alison,Christchurch City,Central Ward,-43.5158,172.66294,Private room,57.0,3,268,2025-09-29,2.57,1,112,24,,2025-09
53202341,Jasmine Country Cottages  Cosy Retreat,243537175,Mike And Caroline,Christchurch City,Banks Peninsula Ward,-43.75464,172.81694,Private room,107.0,1,93,2025-09-28,1.96,1,147,18,,2025-09
974126798476104082,"Hello Home, 6 mins to city, fab value for money!",271872412,Marie,Christchurch City,Burwood Ward,-43.51318,172.673,Private room,36.0,1,96,2025-09-19,3.85,2,356,43,,2025-09
957449108561093435,Peaceful Spacious Retreat â 12 mins to Airport/CBD,310834973,Ella,Christchurch City,Papanui Ward,-43.46745,172.63063,Entire home/apt,206.0,2,0,,,1,206,0,,
1276328304584483823,Redwood Retreat,659129803,Julie,Christchurch City,Papanui Ward,-43.4785405,172.6129199,Private room,96.0,1,43,2025-10-06,4.01,1,199,43,,2025-10
1308969689325764856,"Warm & Cozy Retreat | Sleeps 3, private room.",117404754,Melissa,Christchurch City,Burwood Ward,-43.498235,172.6901684,Private room,47.0,1,42,2025-10-03,4.3,1,133,42,,2025-10
1340107617715755154,"Cosy , comfy, and convenient!",46078731,Eva,Christchurch City,Heathcote Ward,-43.54677110000001,172.6502279,Private room,44.0,2,23,2025-08-23,2.79,1,142,23,,2025-08
1390836653298835903,Elegant 2BR Cathedral Square Apartment,331763232,Benjamin Dearden,Christchurch City,Central Ward,-43.53168472813268,172.63887115019398,Entire home/apt,284.0,2,9,2025-09-22,1.61,96,148,9,,2025-09
1341121278031376816,Cozy double bed bliss/ garden view/self check in,430177594,Bhaskar,Christchurch City,Hornby Ward,-43.55263069051671,172.5274307280779,Private room,60.0,1,73,2025-09-29,8.76,3,170,73,,2025-09
1009629928823277343,1 Super king-sized bed 1bath New Brighton Beach,240508417,Yudee,Christchurch City,Coastal Ward,-43.50921325659285,172.7315160343933,Private room,117.0,1,37,2025-07-05,1.58,1,221,17,,2025-07
17190653,Single accommodation with own bathroom/ breakfast,96710780,Peter,Christchurch City,Innes Ward,-43.51536,172.6528,Private room,63.0,1,618,2025-09-14,6.36,3,154,36,,2025-09
15315107,Luxury Moncks Bay B&B over looking the sea.,5778688,Catherine,Christchurch City,Heathcote Ward,-43.56741,172.74499,Private room,190.0,2,104,2025-04-06,1.09,1,238,10,,2025-04
1333646486960785921,Quiet garden room with sunshine,60170835,Liuyu,Christchurch City,Halswell Ward,-43.55122087651891,172.5586392599649,Private room,83.0,1,26,2025-10-06,3.42,1,94,26,,2025-10
3900685,"Views Hills + Beach, warm double rooms available",20198799,Michael,Christchurch City,Banks Peninsula Ward,-43.60344,172.6901,Private room,128.0,1,82,2025-06-03,0.63,2,317,17,,2025-06
31129567,Relax and Enjoy in Sumner,232664907,Hilary,Christchurch City,Heathcote Ward,-43.57584,172.75861,Private room,84.0,1,143,2025-08-23,1.77,1,274,25,,2025-08
1090730459242150223,A room in a home,439826551,Giya,Christchurch City,Burwood Ward,-43.48332359114418,172.67109487205744,Private room,70.0,1,66,2025-09-12,3.29,1,330,21,,2025-09
29518161,"Room in brand new home with private shower,toilet",70051314,Naicy,Christchurch City,Burwood Ward,-43.47995,172.67498,Private room,64.0,1,90,2025-10-04,4.19,1,320,55,,2025-10
1009021502558754149,Relaxing Redcliffs,180782531,Hazel,Christchurch City,Heathcote Ward,-43.55816,172.73536,Private room,73.0,1,10,2025-09-29,0.51,1,314,5,,2025-09
1402718603558905707,Stillpoint  Retreat,496443088,Louise,Christchurch City,Heathcote Ward,-43.5683736,172.72091,Private room,139.0,2,1,2025-05-13,0.2,1,351,1,,2025-05
33983403,Yurt on the sunny side,12996972,Jane,Christchurch City,Banks Peninsula Ward,-43.78688,172.82108,Private room,62.0,3,68,2025-02-08,0.94,6,39,5,,2025-02
1326307687697196314,A peaceful haven,117634857,Froukje Franceintje,Christchurch City,Waimairi Ward,-43.50762,172.55149,Private room,79.0,1,16,2025-10-07,1.86,1,209,16,,2025-10
775611783178511067,King Bed - Clean & Tidy House in Central Location,451174187,Hou Keet,Christchurch City,Heathcote Ward,-43.5499921,172.6500962,Private room,54.0,1,157,2025-05-05,4.67,2,114,48,,2025-05
1443062405041449698,Stylish Studio- Walk  to Everything in the CBD,210149,Christine,Christchurch City,Central Ward,-43.53141045095179,172.6379477080914,Entire home/apt,117.0,2,14,2025-10-03,4.33,2,139,14,,2025-10
15207638,"Breathtaking Ocean Views in Modern Comfort, Room 2",24026499,Lynne,Christchurch City,Heathcote Ward,-43.57138,172.72156,Private room,105.0,3,58,2025-02-24,0.57,2,179,5,,2025-02
19704351,Attached studio by the beach (plus breakfast),5155590,Emma,Christchurch City,Coastal Ward,-43.53905,172.74399,Private room,94.0,1,167,2025-10-04,1.68,1,108,8,,2025-10
1429281,Self contained & fully equipped,7619275,Liz & Gordon,Christchurch City,Halswell Ward,-43.56982,172.55229,Private room,60.0,5,193,2025-09-24,1.31,1,295,28,,2025-09
854510283014249307,Stylish 2 Bedroom Located In The Central City!,3264070,Katya,Christchurch City,Central Ward,-43.52457,172.63888,Entire home/apt,152.0,1,122,2025-09-27,4.28,1,258,59,,2025-09
6363082,Clean modern house in Riccarton,33152465,Ian,Christchurch City,Riccarton Ward,-43.53668,172.58282,Private room,83.0,2,73,2025-09-03,0.58,1,360,10,,2025-09
1429151985157628574,Private Room â 5 Min to Airport,531214470,Murtaza,Christchurch City,Hornby Ward,-43.52059903275233,172.53275320541923,Private room,94.0,1,3,2025-09-20,1.36,1,318,3,,2025-09
1080875914217650592,Airport guest inn,546736648,Suranjan Rajitha,Christchurch City,Waimairi Ward,-43.52026,172.53807,Entire home/apt,96.0,1,0,,,1,360,0,,
50829464,Lavandula 3,24205506,Karen Louise,Christchurch City,Waimairi Ward,-43.50109,172.55823,Entire home/apt,221.0,2,27,2025-05-27,0.53,77,285,5,,2025-05
45549098,3 Bedroom House,98758734,North South Holiday Park,Christchurch City,Harewood Ward,-43.4716,172.56983,Entire home/apt,409.0,2,4,2022-10-31,0.09,20,296,0,,2022-10
721415565066664451,'The Tug Watch' private home with beautiful views.,26127543,Amelia,Christchurch City,Banks Peninsula Ward,-43.60723,172.70688,Entire home/apt,250.0,2,36,2025-07-29,0.98,1,48,12,,2025-07
1111752959920892708,Lux Achi-Design Townhouse park view in Latimer Sq,86216394,Min,Christchurch City,Central Ward,-43.5305315,172.6417818,Entire home/apt,230.0,1,87,2025-09-24,4.63,40,147,57,,2025-09
1001020247911555177,Wigram New Three Bedroom House,449624343,Lucy,Christchurch City,Halswell Ward,-43.5553,172.55886,Entire home/apt,158.0,1,50,2025-09-28,2.15,5,262,24,,2025-09
677995385635417877,Stunning Park side house in Wigram Skies,183026181,Anne,Christchurch City,Halswell Ward,-43.5542186081301,172.5479881837964,Entire home/apt,263.0,3,12,2025-06-20,0.33,4,148,3,,2025-06
997556200750954018,Spacious Halswell home,86945693,Andrea,Christchurch City,Halswell Ward,-43.57610659470939,172.5544286775527,Entire home/apt,288.0,4,5,2024-01-13,0.23,1,71,0,,2024-01
1215683937452966778,Charming Retreat Ilam Cozy Home,74811135,Yaoyao,Christchurch City,Riccarton Ward,-43.52682,172.55934,Entire home/apt,151.0,1,35,2025-05-09,2.47,40,196,31,,2025-05
1070781893541346071,Cozy 2BR Apartment on Salisbury Street,331763232,Benjamin Dearden,Christchurch City,Central Ward,-43.52396,172.63575,Entire home/apt,147.0,2,11,2025-04-10,0.61,96,34,7,,2025-04
1348108285987505468,Modern three bedroom house,66169707,Sandip,Christchurch City,Halswell Ward,-43.5596373,172.5433037,Entire home/apt,192.0,1,8,2025-09-16,1.13,1,0,8,,2025-09
1323732454895857789,a cosy house in Wigram,669845493,Rickwan,Christchurch City,Halswell Ward,-43.55898,172.55758,Entire home/apt,176.0,1,0,,,1,251,0,,
1094720223157715416,Spacious 2BR Stay in Salisbury Street,331763232,Benjamin Dearden,Christchurch City,Central Ward,-43.52457,172.63737,Entire home/apt,136.0,2,12,2025-05-16,0.61,96,78,6,,2025-05
1326377013431876284,Self-contained Unit @ Buddha Bungalow,6045148,Bruce,Christchurch City,Banks Peninsula Ward,-43.80957,172.88041,Entire home/apt,143.0,2,3,2025-02-12,0.36,1,276,3,,2025-02
1399738956626332007,Stoked On Sumner,225123429,Wendy,Christchurch City,Heathcote Ward,-43.57157751817939,172.7595611849708,Entire home/apt,252.0,2,0,,,1,26,0,,
11419685,Cave Rock Guest House - studio apartment,59970552,Gayle,Christchurch City,Heathcote Ward,-43.56648,172.75864,Entire home/apt,141.0,1,61,2025-08-29,0.54,2,179,14,,2025-08
912294726864420541,Lyttelton Glamping 5 Star Tiny House,76024169,Frances,Christchurch City,Banks Peninsula Ward,-43.60288,172.71254,Entire home/apt,100.0,1,3,2025-03-01,0.12,2,261,1,,2025-03
1399585665487879546,Maison de Marianne,17020060,Marianne,Christchurch City,Banks Peninsula Ward,-43.80691784985575,172.9699825430664,Private room,243.0,1,3,2025-04-25,0.52,1,121,3,,2025-04
1214781610046894109,Hackthorne Gardens,356795029,Lyann,Christchurch City,Cashmere Ward,-43.5763733,172.6335938,Private room,190.0,1,0,,,1,363,0,,
765557477175656403,Central City Apartment with Sunny Balcony,38196340,Ross,Christchurch City,Central Ward,-43.5246642984608,172.63595678465578,Entire home/apt,133.0,4,30,2025-06-11,0.88,2,339,12,,2025-06
1477141982334776122,"City Stadium Stay CBD Apartment B, CHC",707858717,Hao,Christchurch City,Central Ward,-43.53176115781898,172.64428861371564,Entire home/apt,214.0,1,2,2025-09-05,0.92,12,330,2,,2025-09
1401217529597672209,Comfy 2 Bed House By Westfield - Free Parking,49642171,Xihang,Christchurch City,Riccarton Ward,-43.53058670332837,172.59438574599326,Entire home/apt,118.0,1,9,2025-09-21,1.69,88,326,9,,2025-09
887319182086293335,âHome away from Homeâ - Yaldhurst,161527985,Colleen,Christchurch City,Hornby Ward,-43.52425,172.51931,Entire home/apt,183.0,2,63,2025-10-02,2.24,1,237,24,,2025-10
868364088455534956,Studio B Sumner - Christchurch,81390838,Katie,Christchurch City,Heathcote Ward,-43.56733,172.75834,Entire home/apt,219.0,28,6,2025-09-13,0.33,45,264,2,,2025-09
1311109841806342582,Alison's Garden Cottage,666728757,Alison,Christchurch City,Heathcote Ward,-43.57299003678536,172.76073282476014,Entire home/apt,225.0,2,3,2025-02-26,0.37,1,48,3,,2025-02
1409901741513057723,Luxury corner 2BR Townhouse w/parking!,178745066,Keisha,Christchurch City,Central Ward,-43.52629960000001,172.6400802,Entire home/apt,222.0,1,15,2025-10-03,3.06,5,224,15,,2025-10
1418595859612469748,Classic Christchurch Comfort,694849163,Mengting,Christchurch City,Hornby Ward,-43.54824,172.53846,Entire home/apt,139.0,1,35,2025-10-06,7.5,1,183,35,,2025-10
1414057404185454607,Stylish Central Cottage - Modern Heating & Parking,202585247,Ohana,Christchurch City,Central Ward,-43.52748,172.64741,Entire home/apt,122.0,1,15,2025-09-29,3.06,121,75,15,,2025-09
1110632902620872303,"* Rest Easy in CBD â 2 BRM, Free Park, Fast WiFi",43367626,Sharon,Christchurch City,Central Ward,-43.52645,172.63608,Entire home/apt,245.0,1,18,2025-01-16,1.14,12,130,11,,2025-01
1428777329747183894,Central 3BR w/Fire Pit and Parking,439038269,Serena,Christchurch City,Central Ward,-43.52828147877686,172.64498980370485,Entire home/apt,245.0,1,23,2025-09-28,5.15,1,201,23,,2025-09
1457656560201276077,Central 1BR w Car Park Lift Access and Extra Bed,482671075,Paula Corinne,Christchurch City,Central Ward,-43.52923,172.6423,Entire home/apt,160.0,1,11,2025-10-02,4.65,124,240,11,,2025-10
885657432428572346,The Majestic Retreat 2 bed 2 bath CBD,482671075,Paula Corinne,Christchurch City,Central Ward,-43.5312859,172.6450051,Entire home/apt,212.0,1,63,2025-07-20,2.14,124,157,30,,2025-07
1161999297300725924,Modern and Central - Christchurch Apartment&nbsp;,145244100,Bachcare,Christchurch City,Central Ward,-43.52569,172.63976,Entire home/apt,282.0,2,0,,,1547,364,0,,
1313994815330566193,Luxury City Pad - Romantic Getaway in the City,24423358,Hana,Christchurch City,Central Ward,-43.52338394855992,172.63610380610103,Entire home/apt,903.0,2,1,2025-02-22,0.13,1,22,1,,2025-02
1377643148290283235,Harbour View - 3 Bedroom Retreat,20665858,Adam,Christchurch City,Banks Peninsula Ward,-43.75951,172.94491,Entire home/apt,232.0,1,13,2025-10-03,2.13,11,348,13,,2025-10
1298764837953828661,Families and Groups Chch Airport Spa Pool,551181197,Paula Kat Charlotte,Christchurch City,Harewood Ward,-43.4782407,172.5569682,Entire home/apt,407.0,1,18,2025-10-02,1.74,146,70,18,,2025-10
51967635,Garden View Queen Bath Studio,97876830,La Rochelle,Christchurch City,Banks Peninsula Ward,-43.80187,172.97091,Private room,163.0,1,27,2025-08-02,0.58,2,231,11,,2025-08
51239110,Pet Friendly Close CBD & Te Pae Conference Centre,45768555,Lexia Margaret,Christchurch City,Central Ward,-43.52614,172.64108,Entire home/apt,113.0,1,152,2025-10-05,2.99,60,282,17,,2025-10
1412499826334256039,"Maison del la Mei, Akaroa",400402795,Melissa,Christchurch City,Banks Peninsula Ward,-43.8086131,172.9635453,Entire home/apt,279.0,2,0,,,2,342,0,,
1232944219394792470,Santorini Sunset Haven,551181197,Paula Kat Charlotte,Christchurch City,Central Ward,-43.5386214,172.6325104,Entire home/apt,132.0,1,60,2025-10-01,4.99,146,232,60,,2025-10
948780917173189019,Inner City Luxury Apartment,24205506,Karen Louise,Christchurch City,Central Ward,-43.52968,172.64274,Entire home/apt,173.0,1,73,2025-09-16,2.78,77,277,25,,2025-09
1477141701347911179,"City Stadium Stay CBD Apartment A, CHC",707858717,Hao,Christchurch City,Central Ward,-43.53016516313209,172.64378262027418,Entire home/apt,210.0,1,2,2025-08-31,1.13,12,324,2,,2025-08
44417961,Modern 2BR City Townhouse w/ Spa & Parking,202585247,Ohana,Christchurch City,Innes Ward,-43.5140413,172.6431534,Entire home/apt,117.0,1,514,2025-10-04,8.13,121,0,90,,2025-10
52537281,#71 The Penthouse Suite,70726871,Darren,Christchurch City,Banks Peninsula Ward,-43.81016,172.96106,Private room,220.0,1,32,2025-09-12,0.67,23,296,9,,2025-09
834441199423436405,The Hagley Park Stunna!,202585247,Ohana,Christchurch City,Central Ward,-43.53832,172.62105,Entire home/apt,123.0,1,191,2025-10-01,6.06,121,148,65,,2025-10
714770206988723448,"Modern home with parking, spa pool & courtyard",19990313,Jeff & Rosana,Christchurch City,Riccarton Ward,-43.53545,172.60476,Entire home/apt,315.0,2,220,2025-10-07,6.34,1,153,110,,2025-10
38830286,Sleeping out in style close to airport,192584971,Suze,Christchurch City,Papanui Ward,-43.50288,172.5951,Entire home/apt,72.0,1,249,2025-09-16,3.65,1,222,33,,2025-09
1132955006565809708,Cosy Modern Home: New Build in Christchurch,132529848,Meikee,Christchurch City,Innes Ward,-43.50937,172.64098,Entire home/apt,187.0,1,62,2025-10-06,4.15,2,242,51,,2025-10
49865906,"Family Perfect!
Long Term Bliss.",148604490,Leigh,Christchurch City,Spreydon Ward,-43.55613,172.5882,Entire home/apt,134.0,1,156,2025-09-13,2.98,3,321,36,,2025-09
1471413580577783704,Clearwater Golf Resort - Luxury Home,64123626,Charles Philip,Christchurch City,Harewood Ward,-43.45051146202988,172.59001974016428,Entire home/apt,700.0,2,0,,,1,357,0,,
1347273640531057620,Elegant 5BR Villa | Breathtaking Mountain Getaway,74811135,Yaoyao,Christchurch City,Halswell Ward,-43.60467885236178,172.58039732332043,Entire home/apt,398.0,1,11,2025-08-30,1.78,40,295,11,,2025-08
1352724608277841324,Cute And Convenient Studio Near UC And Airport,49642171,Xihang,Christchurch City,Riccarton Ward,-43.52914712701838,172.5707024985343,Entire home/apt,89.0,1,22,2025-09-22,2.77,88,313,22,,2025-09
719728596972165329,Studio room in Bryndwr,212197931,Jue,Christchurch City,Fendalton Ward,-43.5052031,172.583727,Entire home/apt,63.0,1,0,,,1,236,0,,
51295159,Modern Stylish New 3 Mins CBD,45768555,Lexia Margaret,Christchurch City,Central Ward,-43.53293,172.64265,Entire home/apt,132.0,1,129,2025-09-13,2.64,60,284,19,,2025-09
1094494782018915363,Magnificent Family Retreat By Hagley Park and CBD,49642171,Xihang,Christchurch City,Central Ward,-43.52262,172.62026,Entire home/apt,308.0,1,107,2025-10-07,5.5,88,274,65,,2025-10
1040202047132050220,Stylish ~Gated free car park~King bed~Central,537318846,Jemima,Christchurch City,Innes Ward,-43.51545,172.63793,Entire home/apt,160.0,1,103,2025-09-30,5.03,5,87,76,,2025-09
14765456,Little Melrose Cottage,86249911,Elaine,Christchurch City,Fendalton Ward,-43.51377,172.62507,Entire home/apt,132.0,1,519,2025-09-23,4.87,1,199,79,,2025-09
1026383279468059006,Stonely on Grahams,524939203,Lin,Christchurch City,Waimairi Ward,-43.5046993,172.5725326,Entire home/apt,99.0,4,40,2025-09-19,2.17,1,272,27,,2025-09
50381603,"New Luxury town house on Salisbury with 65""TV",86216394,Min,Christchurch City,Central Ward,-43.52537,172.64181,Entire home/apt,107.0,1,166,2025-09-28,3.25,40,141,24,,2025-09
38878251,Modern Central  City 4 Bedroom Townhouse,239600018,Nathalie Eugenie,Christchurch City,Central Ward,-43.52509,172.64206,Entire home/apt,392.0,2,94,2025-07-08,1.33,2,301,11,,2025-07
1290860787845700041,Whare iti on Johns.,82159480,Rebecca,Christchurch City,Harewood Ward,-43.4613509,172.5867198,Entire home/apt,153.0,1,38,2025-09-06,4.67,1,31,38,,2025-09
1088774752680002629,Beautiful haven near airport!,131734373,Alicia,Christchurch City,Harewood Ward,-43.4902,172.5768,Entire home/apt,277.0,1,140,2025-09-24,6.95,8,283,84,,2025-09
1374343763716916182,Apartment with a view,669949235,Wendy,Christchurch City,Halswell Ward,-43.58141590439831,172.59997768597734,Entire home/apt,115.0,2,13,2025-10-04,1.92,1,27,13,,2025-10
1375518139487177843,Lux Local Living,510533154,Francesca,Christchurch City,Innes Ward,-43.50276638371723,172.66183337639325,Entire home/apt,147.0,1,10,2025-09-20,1.6,4,206,10,,2025-09
1187975195906862858,"Elegant Living by Middleton Park, Fully Equipped",551181197,Paula Kat Charlotte,Christchurch City,Riccarton Ward,-43.53549,172.5852,Entire home/apt,145.0,1,47,2025-10-04,3.11,146,0,46,,2025-10
40181973,Spacious Family 4BR Home | Parking | By Airport,145918006,Stephanie,Christchurch City,Waimairi Ward,-43.50331759588552,172.58236443877755,Entire home/apt,310.0,1,191,2025-10-06,2.71,2,233,40,,2025-10
824044889221781821,Beautiful Richmond house & gardens,20748870,Paul,Christchurch City,Innes Ward,-43.5121146,172.6576486,Entire home/apt,150.0,3,61,2025-10-03,2.0,1,54,36,,2025-10
1160325280324210108,Cozy 2-Bed: Near City Biking and Trails,551181197,Paula Kat Charlotte,Christchurch City,Central Ward,-43.5129656,172.6659392,Entire home/apt,160.0,1,37,2025-10-04,2.24,146,0,28,,2025-10
30998948,Space to relax & chill - 7 Night deals,24205506,Karen Louise,Christchurch City,Papanui Ward,-43.50148,172.62932,Entire home/apt,284.0,1,105,2025-02-27,1.3,77,308,4,,2025-02
1098840106629077199,Serene And Modern Haven Close To CBD And Mall,49642171,Xihang,Christchurch City,Fendalton Ward,-43.51241,172.62494,Entire home/apt,164.0,1,51,2025-09-06,2.71,88,327,29,,2025-09
12613591,"Airport Studio, King bed. NO CLEANING  FEE.",67545571,Sharon,Christchurch City,Papanui Ward,-43.49814,172.59603,Entire home/apt,117.0,1,1465,2025-09-14,12.79,3,247,97,,2025-09
1513286025720615349,Discover a Brand New Apartment in Vibrant CHCH,74811135,Yaoyao,Christchurch City,Spreydon Ward,-43.55114,172.61819,Entire home/apt,176.0,1,0,,,40,336,0,,
3363429,A Perfect Stay - Last Minute Specials: 3br+Garage,16967897,Joan,Christchurch City,Riccarton Ward,-43.52992630004883,172.60997009277344,Entire home/apt,226.0,2,353,2025-10-03,2.59,2,330,42,,2025-10
1163370474837044485,Modern Town House in the Heart of Merivale,72194360,Breidi,Christchurch City,Fendalton Ward,-43.51303619999999,172.618855,Entire home/apt,193.0,2,50,2025-10-04,3.04,8,295,42,,2025-10
1039291772189383226,Stylish~Central~Gated free car park,537318846,Jemima,Christchurch City,Central Ward,-43.51635,172.63747,Entire home/apt,152.0,1,99,2025-10-02,4.86,5,70,61,,2025-10
1162520369919656333,Serene Living: 2-bed w/ Carpark,551181197,Paula Kat Charlotte,Christchurch City,Central Ward,-43.5126921,172.665254,Entire home/apt,147.0,1,53,2025-08-30,3.23,146,150,40,,2025-08
1274948169906566282,3 bed home with pool table near Westfield Mall,551181197,Paula Kat Charlotte,Christchurch City,Riccarton Ward,-43.5329868,172.5930591,Entire home/apt,236.0,1,21,2025-09-17,2.09,146,158,21,,2025-09
666076898460296632,"Superb 4 Bedroom with free parking, cafe next door",449624343,Lucy,Christchurch City,Riccarton Ward,-43.5308988,172.5882676,Entire home/apt,364.0,1,160,2025-10-03,4.06,5,273,39,,2025-10
849686201373934402,Stunning new home tranquil hill views,187564220,Zane,Christchurch City,Halswell Ward,-43.59396,172.57374,Entire home/apt,265.0,1,166,2025-09-13,5.33,4,254,50,,2025-09
1079183231161406199,"Comfy 1-Bed Apartment with Park Views, Sleeps 4",551181197,Paula Kat Charlotte,Christchurch City,Central Ward,-43.5381954,172.6211778,Entire home/apt,187.0,1,67,2025-09-21,3.29,146,55,46,,2025-09
1053928068943885260,Escape at the park: 1 bed 1 bath w/carpark,551181197,Paula Kat Charlotte,Christchurch City,Riccarton Ward,-43.53577171428847,172.58450606732026,Entire home/apt,143.0,1,64,2025-09-29,2.95,146,117,32,,2025-09
50731023,Chic City Living 1 bdrm Sunny Warm Close CBD,45768555,Lexia Margaret,Christchurch City,Central Ward,-43.52533,172.64,Entire home/apt,141.0,1,135,2025-05-09,2.62,60,258,15,,2025-05
1492507720083164826,The Willows Parkside Retreat,551181197,Paula Kat Charlotte,Christchurch City,Spreydon Ward,-43.54951940000001,172.5937396,Entire home/apt,297.0,2,3,2025-09-23,2.25,146,183,3,,2025-09
1232250156895539710,"Cozy 2 BR Close to Westfield Mall, Hagley Prk, CBD",49642171,Xihang,Christchurch City,Riccarton Ward,-43.53386,172.59494,Entire home/apt,189.0,1,48,2025-10-04,3.92,88,254,47,,2025-10
1367570956245038182,"Stylish, comforatable home close to city centre",208721249,Kyla,Christchurch City,Innes Ward,-43.514742299471386,172.63571761489564,Entire home/apt,176.0,1,7,2025-09-30,1.12,1,164,7,,2025-09
969017494437356978,Comfort and style - handy to Wolfbrook Arena,24205506,Karen Louise,Christchurch City,Spreydon Ward,-43.5428,172.60931,Entire home/apt,169.0,1,28,2025-10-07,1.1,77,307,15,,2025-10
38984697,Modern guestsuite close to University,134311492,Liz,Christchurch City,Riccarton Ward,-43.53078,172.57813,Entire home/apt,70.0,2,200,2025-09-27,2.76,1,123,33,,2025-09
1130620739840259855,Parkside Oasis - Merivale,81390838,Katie,Christchurch City,Fendalton Ward,-43.52211,172.61535,Entire home/apt,388.0,2,13,2025-07-03,0.75,45,258,10,,2025-07
901177356780318543,"Clear Sky View
*New House* Plus Spa on Request",326110546,Cadmiel,Christchurch City,Halswell Ward,-43.57518,172.58044,Entire home/apt,186.0,2,42,2025-09-13,1.57,1,299,16,,2025-09
22792957,Airport Apartment,167999187,Lauris,Christchurch City,Harewood Ward,-43.4771,172.5824,Entire home/apt,132.0,1,155,2025-03-14,1.66,1,123,14,,2025-03
14406415,Double & twin room. Free wifi & garage for parking,10986405,Punam,Christchurch City,Riccarton Ward,-43.531864,172.605331,Entire home/apt,134.0,2,73,2025-09-20,0.68,1,101,13,,2025-09
23376834,Modern 5-Bedroom Gem,174230299,Lynden,Christchurch City,Burwood Ward,-43.50787,172.67362,Entire home/apt,360.0,3,53,2025-09-07,3.94,1,220,48,,2025-09
13927470,"Rossall BnB-Self cont. unit, bkfast, 2k city, keys",82731402,Joanne,Christchurch City,Fendalton Ward,-43.51819,172.61528,Entire home/apt,94.0,1,315,2025-10-03,2.83,1,242,44,,2025-10
998105312722516977,Chic Apartment in Riccarton - Modern Comfort,682808597,Devon,Christchurch City,Riccarton Ward,-43.53783,172.59703,Entire home/apt,147.0,1,52,2025-10-04,2.15,22,252,35,,2025-10
1459820990850429036,Luxury CBD Townhouse 3 Bed 2 Bath With Car Park,49642171,Xihang,Christchurch City,Central Ward,-43.52507,172.63693,Entire home/apt,135.0,1,0,,,88,268,0,,
986026626914704344,Elegant 3BR Home on Mustang Avenue,202585247,Ohana,Christchurch City,Halswell Ward,-43.55129,172.54463,Entire home/apt,171.0,1,171,2025-09-29,6.97,121,69,86,,2025-09
1519822928758613008,Your Private Modern Escape | Entire House Retreat,652635257,Anilkumar,Christchurch City,Halswell Ward,-43.5608771,172.5421856,Entire home/apt,185.0,1,0,,,1,83,0,,
5511177,"Port Levy, Christchurch B & B + (Meal Options)",11225678,Verity,Christchurch City,Banks Peninsula Ward,-43.64815,172.8192,Hotel room,170.0,1,177,2025-01-28,1.47,1,188,5,,2025-01
14560927,Private in top 1%. Close to Airport & University,85049190,Gail,Christchurch City,Waimairi Ward,-43.5166,172.55643,Entire home/apt,81.0,1,203,2025-10-06,2.83,1,92,66,,2025-10
42203700,City Centre Large 1 bedroom,281110869,City Centre,Christchurch City,Central Ward,-43.52317,172.63862,Entire home/apt,205.0,1,11,2025-01-29,0.16,5,324,3,,2025-01
577824727038168288,Cheerful 2 bedroom townhouse in Addington!,192355275,Casey,Christchurch City,Spreydon Ward,-43.5455,172.60661,Entire home/apt,108.0,2,211,2025-09-24,5.65,1,161,51,,2025-09
1271509900056771029,Beautiful studio near everything,131734373,Alicia,Christchurch City,Spreydon Ward,-43.56147,172.58342,Entire home/apt,171.0,1,31,2025-08-16,2.7,8,292,31,,2025-08
1291521865463376119,Luxury 2Bed2Bath Standalone Home With Parking,49642171,Xihang,Christchurch City,Fendalton Ward,-43.50647251370193,172.62318327679066,Entire home/apt,159.0,1,18,2025-09-30,1.72,88,325,18,,2025-09
1355276638742595691,Exclusive 2 Bed Standalone Villa in St Albans,482671075,Paula Corinne,Christchurch City,Central Ward,-43.51710160751112,172.6352601019968,Entire home/apt,164.0,1,18,2025-09-30,2.33,124,229,18,,2025-09
1457039019548948942,Stylish and Secure Family Home,704801610,Kirstin,Christchurch City,Papanui Ward,-43.5037771,172.6265796,Entire home/apt,258.0,2,3,2025-09-29,1.91,1,77,3,,2025-09
782115460688714215,Location Plus Free Off St Park Handy Hospital,45768555,Lexia Margaret,Christchurch City,Riccarton Ward,-43.5287189,172.6108395,Entire home/apt,170.0,1,103,2025-09-26,3.04,60,259,41,,2025-09
39732444,Standard Cottage @ Cranford Cottages and Motel,305389317,Rodney Allen,Christchurch City,Innes Ward,-43.51147,172.63827,Entire home/apt,193.0,1,20,2025-03-11,0.33,4,351,4,,2025-03
1441601439802117701,"2BR Apartment, OGB, Central, Pool, Free Carpark",551181197,Paula Kat Charlotte,Christchurch City,Central Ward,-43.5313863,172.6382629,Entire home/apt,226.0,1,10,2025-09-21,2.73,146,222,10,,2025-09
40016407,Designer Styled Three Bedroom Apartment,50694865,Hotel,Christchurch City,Fendalton Ward,-43.520267,172.626251,Entire home/apt,518.0,1,14,2024-02-04,0.25,11,328,0,,2024-02
1135814529811449122,"Brand New, Private & Central Townhouse",334033012,Kyla,Christchurch City,Central Ward,-43.52056,172.64202,Entire home/apt,111.0,1,109,2025-09-03,6.4,1,168,63,,2025-09
1506003045994232697,Spacious New City Studio by the Town Hall,659502893,Tina,Christchurch City,Central Ward,-43.52518,172.63796,Entire home/apt,141.0,1,0,,,3,54,0,,
1422069304741217298,Modern Private Unit,695773936,Kaye,Christchurch City,Harewood Ward,-43.4750889,172.5675473,Entire home/apt,119.0,1,0,,,1,87,0,,
38498546,Avonhead Studio Just 5 minutes from the airport.,166058915,Maurice,Christchurch City,Waimairi Ward,-43.51043,172.55376,Entire home/apt,59.0,1,739,2025-10-04,10.02,1,136,123,,2025-10
18598438,"Style Secure Sleeps 8, Beside Park, Airport 3 mins",129155259,Andrea,Christchurch City,Waimairi Ward,-43.50107,172.56246,Entire home/apt,118.0,1,883,2025-10-05,8.79,1,84,93,,2025-10
1176421772404582957,Kilkivan Retreat + near Airport,77833713,Jeanette,Christchurch City,Hornby Ward,-43.52548729999999,172.5281993,Entire home/apt,109.0,1,67,2025-06-21,4.77,1,273,62,,2025-06
1014092687628570125,Spacious Sunny Cottage Close to Airport,122745656,Catherine,Christchurch City,Waimairi Ward,-43.49792,172.56779,Entire home/apt,144.0,1,33,2025-06-21,1.46,1,315,24,,2025-06
883656380689453598,Perfect for family stays,43398377,Graham,Christchurch City,Halswell Ward,-43.5741,172.54124,Entire home/apt,290.0,3,22,2025-08-24,0.87,5,307,10,,2025-08
1247472403510091793,*Family Reunion *Sports Group! 4BR Warm & Spacious,43367626,Sharon,Christchurch City,Halswell Ward,-43.56945774205247,172.55771085619926,Entire home/apt,336.0,1,26,2025-10-05,2.25,12,154,26,,2025-10
14885987,Halfmoon Cottage at the head of Akaroa harbour.,93365561,Cornelius & Margo,Christchurch City,Banks Peninsula Ward,-43.75784,172.91221,Private room,153.0,1,244,2025-02-12,2.23,4,84,1,,2025-02
929292191221984365,"Urban Elegance: 2 Bed, 2 Bath in the CBD",482671075,Paula Corinne,Christchurch City,Central Ward,-43.5231959,172.6424764,Entire home/apt,143.0,1,47,2025-09-03,1.74,124,118,20,,2025-09
979883991204878647,Gloucester Street Gem- 1 Bed 1 Bath,482671075,Paula Corinne,Christchurch City,Central Ward,-43.52957170000001,172.6449223,Entire home/apt,160.0,1,100,2025-07-27,4.0,124,250,23,,2025-07
51336176,Modern Central Outdoor Living Bonus Handy CBD,45768555,Lexia Margaret,Christchurch City,Central Ward,-43.52304,172.6425,Entire home/apt,114.0,1,106,2025-09-20,2.08,60,288,8,,2025-09
1210624537836454615,Central Park - in Christchurch,117243958,Kathryn,Christchurch City,Central Ward,-43.5309,172.64205,Entire home/apt,405.0,2,14,2025-07-26,1.21,1,132,14,,2025-07
1521951392844847444,House on quarter Acre,167605347,Jeone,Christchurch City,Cashmere Ward,-43.56018,172.62056,Entire home/apt,85.0,1,0,,,1,170,0,,
1393947566063106963,Spacious 3 BR house near sumner,211195948,Jenny,Christchurch City,Heathcote Ward,-43.56118777686561,172.7371907414108,Entire home/apt,146.0,1,9,2025-09-04,1.56,17,215,9,,2025-09
22691445,Latimer Square City Apartment,105411232,Emma,Christchurch City,Central Ward,-43.53248,172.64463,Entire home/apt,89.0,1,453,2025-09-01,4.82,2,257,28,,2025-09
1505527595358136215,Lake House Cozy Home VIP5,230462319,Siyao,Christchurch City,Burwood Ward,-43.4956566,172.6798997,Private room,41.0,1,0,,,5,266,0,,
1006094537333121521,Peacefull and near City Centre,501222894,Marilyn,Christchurch City,Central Ward,-43.52862981545251,172.64624319970608,Entire home/apt,158.0,1,81,2025-09-05,3.43,5,296,35,,2025-09
760931471627203236,"Charming, central, 2 bedroom haven.",35112765,Jess,Christchurch City,Fendalton Ward,-43.50627422245262,172.62139588594437,Entire home/apt,138.0,1,82,2025-10-04,2.34,1,113,48,,2025-10
1438305616513139426,Central Bealey Retreat,74811135,Yaoyao,Christchurch City,Central Ward,-43.51977,172.64896,Entire home/apt,163.0,1,7,2025-09-20,2.04,40,280,7,,2025-09
777740994793512769,Chic City apartment. Free parking for 2 cars,201714794,Steve,Christchurch City,Fendalton Ward,-43.51526,172.6319,Entire home/apt,106.0,2,151,2025-10-05,4.53,2,157,63,,2025-10
1148354643137113718,Spacious 2BR Apartment in Kilmore Street,331763232,Benjamin Dearden,Christchurch City,Central Ward,-43.5269,172.64716,Entire home/apt,154.0,2,13,2025-04-10,0.77,96,128,7,,2025-04
1463629251612454666,Modern CBD Stay â Perfect for Groups | Unit 6,573419952,Bruce,Christchurch City,Central Ward,-43.5313593,172.647484,Entire home/apt,240.0,1,6,2025-09-30,3.53,8,256,6,,2025-09
1269103559549577036,Urban Escape | Winter Specials + Prime Location,24205506,Karen Louise,Christchurch City,Central Ward,-43.52221,172.64267,Entire home/apt,148.0,1,7,2025-07-10,0.66,77,172,7,,2025-07
1226310425255128262,Peterborough Hideaway,81390838,Katie,Christchurch City,Central Ward,-43.52675,172.64212,Entire home/apt,355.0,2,8,2025-08-11,0.76,45,290,8,,2025-08
30503489,Brockworth by Hagley Park,228923808,Cheryl,Christchurch City,Riccarton Ward,-43.53386,172.61037,Entire home/apt,356.0,2,118,2025-01-30,1.42,1,266,3,,2025-01
1426392465371137882,City Centre â¢Walk 2 Town â¢Parking â¢300Mbps Wifi,598854641,Mohd Ner Hanif,Christchurch City,Central Ward,-43.5313834,172.6435245,Entire home/apt,158.0,1,14,2025-10-04,3.36,3,22,14,,2025-10
1095304942070590765,Worcester Terrace 201,24205506,Karen Louise,Christchurch City,Central Ward,-43.52985,172.64162,Entire home/apt,183.0,1,36,2025-10-06,1.82,77,303,21,,2025-10
688043635610386226,Architectural Award winning - Worcester Terraces,115598472,Rachel,Christchurch City,Central Ward,-43.53017999029019,172.64141125033188,Entire home/apt,290.0,2,65,2025-09-16,1.72,2,89,8,,2025-09
872685357464228751,Central City Awaits 2 Bed 2 Bath,482671075,Paula Corinne,Christchurch City,Central Ward,-43.5312859,172.6450051,Entire home/apt,182.0,1,41,2025-09-28,1.37,124,228,11,,2025-09
45930898,Luxury Sunny Warm CBD At Doorstep.,45768555,Lexia Margaret,Christchurch City,Central Ward,-43.53105,172.6442,Entire home/apt,138.0,1,221,2025-09-23,3.68,60,312,38,,2025-09
757362069067963121,"Luxurious Villa - Spacious, Charming, Views",120828035,Michael,Christchurch City,Banks Peninsula Ward,-43.6018503,172.7218374,Entire home/apt,502.0,4,7,2025-01-02,0.2,1,36,2,,2025-01
876226521215987422,Inner City Luxury - 2 Bedroom 2 Bathroom,482671075,Paula Corinne,Christchurch City,Central Ward,-43.5313227,172.6447782,Entire home/apt,186.0,1,95,2025-09-06,3.2,124,156,22,,2025-09
1427206746429240025,Stylish Fendalton Townhouse - Prime Location,145244100,Bachcare,Christchurch City,Fendalton Ward,-43.51691935451705,172.59974049067117,Entire home/apt,315.0,2,3,2025-09-14,0.94,1547,364,3,,2025-09
1472811184841883924,Merivale Court Studio(without kitchen)-Unit 9,707858717,Hao,Christchurch City,Fendalton Ward,-43.51684,172.62569,Entire home/apt,114.0,1,0,,,12,323,0,,
1206824708685986908,Three Bedroom Georgian Retreat,23278101,Jason,Christchurch City,Central Ward,-43.5262441,172.6458649,Entire home/apt,286.0,1,33,2025-10-03,2.37,16,72,27,,2025-10
19062729,Spacious Family Home in Top Location,133071277,Nicole,Christchurch City,Fendalton Ward,-43.51984,172.62534,Entire home/apt,390.0,5,12,2025-01-06,0.13,1,18,2,,2025-01
32016540,A Little Bit Beachy: Modern Room/Private Toilet,177595361,Vanessa And Alex,Christchurch City,Coastal Ward,-43.50004,172.71521,Private room,98.0,2,24,2024-03-23,0.3,1,341,0,,2024-03
1394479414680579397,Modern Stay | Hagley & Casino,74811135,Yaoyao,Christchurch City,Central Ward,-43.52692,172.63033,Entire home/apt,153.0,1,7,2025-07-16,1.24,40,71,7,,2025-07
1406147447118255095,Cosy and Central Family Home,331763232,Benjamin Dearden,Christchurch City,Central Ward,-43.53534143344633,172.6309812790258,Entire home/apt,261.0,2,5,2025-09-20,2.5,96,120,5,,2025-09
807052262194192316,"Room near centre, paknsave, beach & golf club",177637727,Phuong,Christchurch City,Burwood Ward,-43.5100114,172.6971306,Private room,38.0,1,34,2025-06-20,1.05,1,335,8,,2025-06
637001139039213011,City on your doorstep. Super location 1 bed apt.,443205598,Andy,Christchurch City,Central Ward,-43.5289,172.63022,Entire home/apt,103.0,2,191,2025-10-03,4.69,1,106,53,,2025-10
38964908,Near city centre!,298456605,Tony,Christchurch City,Burwood Ward,-43.51721,172.68845,Private room,40.0,1,9,2025-08-10,0.2,6,30,2,,2025-08
1477140786795770297,Central Christchurch Heartstay Studio,707858717,Hao,Christchurch City,Central Ward,-43.53829,172.63106,Entire home/apt,145.0,1,1,2025-09-10,1.0,12,303,1,,2025-09
848218109375320271,åºç£åå½éæºåºéè¿çæ°å±,471135666,Mei,Christchurch City,Hornby Ward,-43.5247644,172.5288781,Private room,,1,13,2025-09-03,1.2,4,4,13,,2025-09
1240227448260230441,Central City Apartment 'The Olive',182884666,Deborah,Christchurch City,Central Ward,-43.53100957537252,172.64437403529882,Entire home/apt,405.0,2,8,2025-09-20,0.74,1,228,8,,2025-09
889338510598016461,Best of Central Christchurch 2 bed 2 bath,482671075,Paula Corinne,Christchurch City,Central Ward,-43.5370905,172.6249006,Entire home/apt,147.0,1,82,2025-09-27,2.81,124,232,37,,2025-09
1010636229809557046,Madhouse Comfort - 2-BR Haven on Tuam Street,202585247,Ohana,Christchurch City,Central Ward,-43.535568,172.6318853,Entire home/apt,137.0,1,147,2025-10-03,6.26,121,106,79,,2025-10
1144871921134613342,Triple Treat on Fitzgerald - Your 3-BR Getaway,202585247,Ohana,Christchurch City,Central Ward,-43.5329546,172.65025,Entire home/apt,120.0,1,76,2025-10-04,4.46,121,62,56,,2025-10
33368496,G-House /Christchurch City Central /åºç£åå¸ä¸­å¿ç¬æ å±/,248111275,Winnie,Christchurch City,Central Ward,-43.52997,172.64598,Entire home/apt,229.0,2,88,2025-01-13,1.11,2,44,2,,2025-01
846614858284264314,Jeffreys Road,24205506,Karen Louise,Christchurch City,Fendalton Ward,-43.51176,172.60199,Entire home/apt,372.0,1,6,2024-12-25,0.19,77,127,1,,2024-12
1101948913943144152,Private Ensuite Room,343719458,AndrÃ©s,Christchurch City,Central Ward,-43.53708,172.64726,Private room,96.0,1,124,2025-10-05,8.23,1,92,105,,2025-10
1253402391409564101,Central Cutie -Townhouse W Standing Office setup,653922876,Moneel,Christchurch City,Central Ward,-43.5318057,172.6438321,Entire home/apt,106.0,3,18,2025-06-16,1.48,2,258,18,,2025-06
39345902,Beach Side Retreat and Pottery,302151495,Brenda,Christchurch City,Coastal Ward,-43.518,172.73118,Private room,40.0,1,83,2025-10-03,1.15,1,188,7,,2025-10
1234185272223359099,Bedroom by the Beach,274571372,Bailey,Christchurch City,Coastal Ward,-43.49278,172.72161,Private room,45.0,2,5,2025-02-22,0.44,1,84,5,,2025-02
1075046067944166730,1minte to Hagley Park 3 minutes to Hospital & CBD,462294007,Yi,Christchurch City,Central Ward,-43.537291,172.625266,Entire home/apt,117.0,1,56,2025-10-01,3.19,2,335,38,,2025-10
14937801,Back House of Papanui,50163342,Susanne,Christchurch City,Papanui Ward,-43.49113,172.59717,Entire home/apt,203.0,2,260,2025-09-27,2.36,2,167,8,,2025-09
637328794519765588,Modern CBD â¢ Walk to Te Paeâ¢Free Parking â¢Casinoâ¢,461462003,Aimee,Christchurch City,Central Ward,-43.52644,172.63474,Entire home/apt,174.0,2,202,2025-10-05,4.98,2,309,66,,2025-10
50508377,Stellar Central City Apartment -  Hagley Park,5353886,Trish And Mark,Christchurch City,Spreydon Ward,-43.54037,172.61873,Entire home/apt,130.0,2,109,2025-01-28,2.27,3,229,6,,2025-01
26958933,Two townhouses together - large group,24205506,Karen Louise,Christchurch City,Riccarton Ward,-43.532,172.60596,Entire home/apt,1056.0,2,42,2025-08-27,0.5,77,58,5,,2025-08
1162605365405336790,"Luxurious Studio: Prime location, City Centre",551181197,Paula Kat Charlotte,Christchurch City,Central Ward,-43.5383544,172.6329787,Entire home/apt,136.0,1,84,2025-09-28,5.16,146,197,69,,2025-09
12527841,"Close to City, Shops and Transport",54012179,Bob,Christchurch City,Innes Ward,-43.50933,172.63953,Entire home/apt,105.0,2,95,2025-02-22,0.85,6,90,5,,2025-02
958313026752690956,3BR/4BA Townhouse â¢ Sleeps 8 â¢ Parking â¢ Games,202585247,Ohana,Christchurch City,Central Ward,-43.535568,172.6318853,Entire home/apt,170.0,1,168,2025-09-28,6.5,121,125,63,,2025-09
1270538833508288358,Studio near Hospital with Balcony,482671075,Paula Corinne,Christchurch City,Central Ward,-43.5386106,172.6315744,Entire home/apt,123.0,1,28,2025-09-25,2.43,124,249,28,,2025-09
962555353123555014,Central City Escape 1 Bed 1 Bath near Hagley Park,482671075,Paula Corinne,Christchurch City,Central Ward,-43.5275504,172.6320743,Entire home/apt,195.0,1,168,2025-09-23,6.5,124,217,68,,2025-09
1197571207062857935,Stylish townhouse Near Stadium,501285238,Shishen,Christchurch City,Spreydon Ward,-43.5444428,172.6087953,Entire home/apt,191.0,1,48,2025-10-04,3.26,1,172,40,,2025-10
1459260808358804872,Central Comfort Sleek Stay,365360819,Chao,Christchurch City,Central Ward,-43.5232434,172.6420544,Entire home/apt,142.0,1,0,,,13,152,0,,
765201349507772378,Funky Spacious 2Bdrms 2Bthrms Free Covered Park.,45768555,Lexia Margaret,Christchurch City,Central Ward,-43.5272,172.64214,Entire home/apt,162.0,1,70,2025-09-18,2.05,60,235,6,,2025-09
1313511860455275422,Single-Level 3 Bed with Carpark and Lift Access,551181197,Paula Kat Charlotte,Christchurch City,Central Ward,-43.525123477732215,172.64410260792295,Entire home/apt,208.0,1,12,2025-08-11,1.28,146,256,12,,2025-08
53224706,Quiet New Townhouse with Office Space easy park,86216394,Min,Christchurch City,Central Ward,-43.52702,172.64745,Entire home/apt,120.0,1,113,2025-07-26,2.4,40,106,19,,2025-07
51094543,Prime Location Cosy Warm Free Off Street Park,45768555,Lexia Margaret,Christchurch City,Spreydon Ward,-43.54406,172.60803,Entire home/apt,120.0,1,151,2025-09-27,2.96,60,320,23,,2025-09
1038820178909041057,#2 Riverside Guest House in New Brighton,136520408,Anny,Christchurch City,Coastal Ward,-43.509358,172.7220944,Private room,32.0,1,23,2025-09-25,1.03,3,160,15,,2025-09
1324822923831313845,Whitewood Suites Apartment 1B,235559091,Nicki & Andrew,Christchurch City,Central Ward,-43.52633,172.64239,Entire home/apt,133.0,2,1,2025-07-13,0.34,3,169,1,,2025-07
1122746997304753431,Central Comfort; Modern Townhouse Free Parking,569483312,Leah Mae,Christchurch City,Central Ward,-43.54634,172.62663,Entire home/apt,200.0,2,56,2025-10-03,3.19,1,271,27,,2025-10
974988007682030041,Garden City Getaway 2 bed with sofa bed 1 bath,482671075,Paula Corinne,Christchurch City,Central Ward,-43.5312085,172.6470511,Entire home/apt,166.0,1,19,2025-07-05,0.76,124,247,5,,2025-07
1002501379487939096,City pad,541887364,Hayley,Christchurch City,Central Ward,-43.5283,172.64762,Entire home/apt,196.0,1,1,2023-10-27,0.04,1,327,0,,2023-10
18639805,Newly Renovated Downstairs Studio Unit #5,50694865,Hotel,Christchurch City,Fendalton Ward,-43.520267,172.626251,Entire home/apt,224.0,1,89,2021-02-27,0.87,11,327,0,,2021-02
1032886810884996949,3 Bedroom house in quiet street,338919098,Josh,Christchurch City,Innes Ward,-43.49396,172.64292,Entire home/apt,161.0,2,5,2024-09-14,0.23,2,73,0,,2024-09
847521223991840944,City Park Townhouse,499424997,Casa,Christchurch City,Central Ward,-43.5375171,172.6250229,Entire home/apt,120.0,1,134,2025-09-20,4.31,2,317,39,,2025-09
884166080858265671,A Road Away from Hagley Park 2 bed 2 bath,482671075,Paula Corinne,Christchurch City,Central Ward,-43.5373725,172.6253013,Entire home/apt,167.0,1,60,2025-08-07,2.07,124,139,9,,2025-08
1395446298244330565,Urban Comfort on Durham St Walk Everywhere,551181197,Paula Kat Charlotte,Christchurch City,Central Ward,-43.5261141,172.6337774,Entire home/apt,285.0,1,10,2025-09-22,1.76,146,220,10,,2025-09
1253916244728842669,Stylish 2 Bed 2 Bath Close to Shops and Parks,482671075,Paula Corinne,Christchurch City,Central Ward,-43.52854405046829,172.64366850314352,Entire home/apt,191.0,1,10,2025-06-01,1.05,124,259,10,,2025-06
1255669977204455014,#1 River view Guest House in New Brighton,136520408,Anny,Christchurch City,Coastal Ward,-43.51054833874505,172.72235596530373,Private room,46.0,1,15,2025-09-25,1.23,3,146,14,,2025-09
1278611895464732910,Somerfield Studio Retreat,23277050,Catherine,Christchurch City,Cashmere Ward,-43.56693250333856,172.61713338160487,Entire home/apt,72.0,10,14,2025-05-17,1.45,1,287,14,,2025-05
1260206447619396319,Gloucester Grotto,111997739,Gabrielle,Christchurch City,Central Ward,-43.5300005,172.647451,Entire home/apt,459.0,36,0,,,2,363,0,,
1124924391453208617,Cozy Getaway in Riccarton: Homely Charm Awaits,81586260,Blasia Ee,Christchurch City,Riccarton Ward,-43.53504,172.60155,Entire home/apt,203.0,1,2,2024-12-25,0.14,1,87,1,,2024-12
30595949,Large Double Room North New Brighton Christchurch,52522304,Michael,Christchurch City,Coastal Ward,-43.50095,172.71318,Private room,45.0,7,13,2025-02-24,0.16,2,327,4,,2025-02
1383637441077594753,Relaxed & Refined: 2BR Home on Wilmer Street,331763232,Benjamin Dearden,Christchurch City,Central Ward,-43.53944421783652,172.63208621831762,Entire home/apt,151.0,2,5,2025-09-24,0.81,96,134,5,,2025-09
51179536,Parkside Retreat Near Hospital Inside 4 Avenues .,45768555,Lexia Margaret,Christchurch City,Spreydon Ward,-43.54008,172.61834,Entire home/apt,170.0,1,174,2025-06-30,3.58,60,129,22,,2025-06
1296842241519010281,298 Home @ Christchurch central,248111275,Winnie,Christchurch City,Central Ward,-43.5299641,172.6458587,Entire home/apt,358.0,2,3,2025-09-14,0.32,2,129,3,,2025-09
1254585743997250257,Summer Fun | Free Secure Parking | Pool | Gym,45768555,Lexia Margaret,Christchurch City,Central Ward,-43.521296,172.6462444,Entire home/apt,184.0,1,6,2025-07-26,0.58,60,258,6,,2025-07
1169140445392269326,Center City Home with Parking,580815227,Thomas,Christchurch City,Central Ward,-43.5218065,172.6449176,Entire home/apt,265.0,2,31,2025-04-21,1.97,1,5,18,,2025-04
861871315821370245,Hereford Hideaway - Central City Apartment,81390838,Katie,Christchurch City,Central Ward,-43.53101,172.64162,Entire home/apt,311.0,28,1,2024-03-24,0.05,45,287,0,,2024-03
53985875,New 3 Storey luxe townhouse on quiet street,86216394,Min,Christchurch City,Central Ward,-43.52835,172.63261,Entire home/apt,139.0,1,217,2025-09-29,4.72,40,105,37,,2025-09
53881712,"Modern Suite near Te Pae,CBD,Town Hall,Hagley Park",122142397,Lyle,Christchurch City,Central Ward,-43.52756118774414,172.6314697265625,Entire home/apt,142.0,3,190,2025-10-06,4.34,1,49,54,,2025-10
1519979585060297344,Modern Studio with Balcony â Christchurch CBD,331763232,Benjamin Dearden,Christchurch City,Central Ward,-43.53950105818441,172.63235561675268,Entire home/apt,130.0,1,0,,,96,335,0,,
23733674,Halswell lovely modern 4 Bedroom Home,135791498,Rochelle,Christchurch City,Halswell Ward,-43.58216,172.57284,Entire home/apt,145.0,2,187,2025-08-31,2.04,3,153,14,,2025-08
967760129147377073,Walk to Riverside Market: 4 bed 4 bath w/ Car Park,482671075,Paula Corinne,Christchurch City,Central Ward,-43.535568,172.6318853,Entire home/apt,614.0,1,178,2025-09-20,7.09,124,268,71,,2025-09
1010663748636372391,Downtown Bliss - 4-BR Retreat Amidst the Cityscape,202585247,Ohana,Christchurch City,Central Ward,-43.535568,172.6318853,Entire home/apt,201.0,1,161,2025-09-21,6.83,121,121,71,,2025-09
10339095,"Magnolia Cottage Boutique BnB
- Private Suite -",53205819,Julie,Christchurch City,Banks Peninsula Ward,-43.62882,172.7397,Private room,149.0,1,53,2025-01-09,0.49,1,37,2,,2025-01
53299205,Luxury Apartment Christchurch Central,189822451,Shaun,Christchurch City,Central Ward,-43.5276975,172.631221,Entire home/apt,178.0,2,281,2025-10-02,6.1,3,44,78,,2025-10
1089268870229452068,2 Bedroom Rose Cottage Farmhouse Free Parking,172281587,David,Christchurch City,Innes Ward,-43.47116,172.6519,Entire home/apt,143.0,2,2,2025-02-22,0.1,1,163,1,,2025-02
834302475667982138,"Hostel prices, sunny room, breakfast, close to CBD",271872412,Marie,Christchurch City,Burwood Ward,-43.5117,172.67584,Private room,42.0,1,47,2025-10-02,1.49,2,348,10,,2025-10
1106676158322777124,"Urban Escape: Ground Floor Studio, Wilmer St",551181197,Paula Kat Charlotte,Christchurch City,Central Ward,-43.5384944,172.6313989,Entire home/apt,112.0,1,31,2025-09-21,1.61,146,218,24,,2025-09
1241813744345801404,Modern 2Bed 2Bath in city centre,211195948,Jenny,Christchurch City,Central Ward,-43.5367,172.62565,Entire home/apt,144.0,1,57,2025-09-27,4.48,17,146,55,,2025-09
1056642375891397483,"St Alban's Sanctuary(offstreet parking, 3km 2 CBD)",287242301,Linda,Christchurch City,Innes Ward,-43.51157,172.64719,Entire home/apt,175.0,1,28,2025-10-04,1.31,2,220,19,,2025-10
1055261341909149545,Executive Ground Floor Apartment in Merivale,682808597,Devon,Christchurch City,Central Ward,-43.52249,172.62243,Entire home/apt,351.0,1,67,2025-10-01,3.27,22,240,49,,2025-10
1474855491731026555,"""Urban Oasis on Riccarton Road""",195335705,Manav,Christchurch City,Riccarton Ward,-43.53001,172.57896,Entire home/apt,287.0,1,0,,,1,242,0,,
41841780,Spacious Executive Apartment close to the city,167595746,Paul & Denise,Christchurch City,Fendalton Ward,-43.51998,172.62263,Entire home/apt,198.0,2,89,2025-03-13,1.29,1,198,4,,2025-03
14044090,Double room near the beach in North New Brighton,52522304,Michael,Christchurch City,Coastal Ward,-43.50208,172.71265,Private room,40.0,7,18,2025-03-01,0.17,2,326,2,,2025-03
997247852855455460,Pineapple Express,12680601,Scott,Christchurch City,Halswell Ward,-43.588,172.60638,Entire home/apt,500.0,5,5,2024-12-24,0.23,1,266,2,,2024-12
1041553491428912543,House of Serenity.,547933078,Birendra,Christchurch City,Linwood Ward,-43.55012,172.6898,Private room,55.0,1,12,2025-02-25,0.55,2,269,2,,2025-02
1182139010390892709,Room in Christchurch,161190339,Jagat,Christchurch City,Burwood Ward,-43.4822748,172.6808431,Private room,45.0,1,4,2024-08-03,0.25,1,269,0,,2024-08
46713002,One Bedroom Family Apartment,127329302,Jay,Christchurch City,Riccarton Ward,-43.53137,172.58117,Entire home/apt,189.0,1,3,2023-09-08,0.06,6,344,0,,2023-09
11927990,Fabulous Reviews : Host of The Year Finalist 2022,16967897,Joan,Christchurch City,Riccarton Ward,-43.529441833496094,172.60879516601562,Entire home/apt,290.0,2,223,2024-03-05,1.93,2,129,0,,2024-03
20092239,Great Townhouse in Superb location,47808157,Wayne,Christchurch City,Fendalton Ward,-43.51605,172.62365,Entire home/apt,285.0,1,44,2024-10-03,0.45,3,294,0,,2024-10
1280757633294876729,#3 Timber House in New Brighton,136520408,Anny,Christchurch City,Coastal Ward,-43.50880430179557,172.7223306008745,Private room,38.0,1,12,2025-05-05,1.19,3,160,12,,2025-05
21315101,"Comfortable, Contemporary City Space",2185000,Jo,Christchurch City,Central Ward,-43.52336,172.63215,Entire home/apt,162.0,1,453,2025-09-23,4.74,5,194,53,,2025-09
1309116214725126678,Spacious studio,582753827,Qin,Christchurch City,Papanui Ward,-43.480834348691104,172.6160356491522,Entire home/apt,127.0,1,5,2025-09-05,0.65,5,359,5,,2025-09
51004537,Spacious City Apartment: Heart of Christchurch,407750015,Megan,Christchurch City,Central Ward,-43.5329,172.6303,Entire home/apt,390.0,3,53,2025-02-17,1.18,1,321,7,,2025-02
1230319285197741185,* Steps from the Arena â Modern Addington Stay,43367626,Sharon,Christchurch City,Spreydon Ward,-43.54622056342077,172.60682545602322,Entire home/apt,154.0,2,13,2025-07-30,1.07,12,132,13,,2025-07
1066823401454630151,5 Minute Walk to Arena & Stadium,368515906,Jed,Christchurch City,Spreydon Ward,-43.54701,172.60299,Entire home/apt,129.0,1,61,2025-09-20,2.91,1,306,28,,2025-09
1177862229996309544,Apartment As Home,583177769,Angela,Christchurch City,Innes Ward,-43.514,172.63729,Entire home/apt,199.0,1,1,2025-01-08,0.11,2,295,1,,2025-01
1192639146932580185,Modern Stay Opposite North Hagley Park & Casino,74811135,Yaoyao,Christchurch City,Central Ward,-43.52666,172.62997,Entire home/apt,150.0,1,35,2025-08-29,2.31,40,121,33,,2025-08
1425749740686336012,Old Gem Near the City! Madras #A,696473453,Punyadeep Singh,Christchurch City,Central Ward,-43.51732678062942,172.64339437716967,Entire home/apt,218.0,1,0,,,4,229,0,,
39994752,Four private Rooms & Communal Space - Couples,43398377,Graham,Christchurch City,Central Ward,-43.53028,172.62874,Entire home/apt,1125.0,1,82,2024-12-25,1.18,5,62,3,,2024-12
779850772856780347,City Townhouse,421969456,Tracey,Christchurch City,Central Ward,-43.5196776,172.6375982,Entire home/apt,250.0,1,1,2023-02-26,0.03,2,337,0,,2023-02
1291518119827025286,"Spacious Studio Suite, Private location",271945445,Kristine,Christchurch City,Harewood Ward,-43.44560052587537,172.63195758255665,Entire home/apt,190.0,1,7,2025-06-01,0.74,1,151,7,,2025-06
1229217380798586033,Charming Studio for 2 in the Central City,551181197,Paula Kat Charlotte,Christchurch City,Central Ward,-43.53795,172.63213,Entire home/apt,139.0,1,46,2025-09-29,3.44,146,223,38,,2025-09
1395950807293079036,Inner City Haven - Christchurch Holiday Home,145244100,Bachcare,Christchurch City,Central Ward,-43.52113814805816,172.63105911563352,Entire home/apt,169.0,1,0,,,1547,365,0,,
1035213030226263971,New inner City apartment!,49892033,Thomas,Christchurch City,Central Ward,-43.5263919,172.6312984,Entire home/apt,200.0,2,28,2025-09-26,1.32,1,225,23,,2025-09
1108145967495653385,Cityscape Studio: Explore Wilmer Living,551181197,Paula Kat Charlotte,Christchurch City,Central Ward,-43.5384637,172.6308677,Entire home/apt,115.0,1,32,2025-08-30,1.7,146,249,29,,2025-08
53641693,"Lovely,convenient location gateway Westfield mall",53121858,Kate And Simon,Christchurch City,Riccarton Ward,-43.5305,172.59351,Entire home/apt,209.0,1,31,2023-12-09,0.68,1,191,0,,2023-12
837153114067534801,"Modern, new, family home",390179933,Jamie Lee,Christchurch City,Halswell Ward,-43.57456,172.5863,Entire home/apt,257.0,2,9,2024-03-31,0.3,1,221,0,,2024-03
11698497,Westmorland 3 bedroom Apartment,62170065,Maree,Christchurch City,Halswell Ward,-43.58115,172.59828,Entire home/apt,135.0,28,54,2025-04-14,0.46,1,183,2,,2025-04
45915103,Te Whare Rimu -  a mix of character and comfort,112208935,Gareth Sven,Christchurch City,Spreydon Ward,-43.55195,172.61422,Entire home/apt,163.0,7,4,2025-01-10,0.07,1,213,1,,2025-01
914058317533702896,"Haven near Hagley Park, Hospital, Parakiore, Avon",482671075,Paula Corinne,Christchurch City,Central Ward,-43.5373725,172.6253013,Entire home/apt,178.0,1,64,2025-07-02,2.29,124,231,17,,2025-07
864108012194839437,Prime Location Hagley Riverside Hospital,482671075,Paula Corinne,Christchurch City,Central Ward,-43.5370905,172.6249006,Entire home/apt,191.0,1,56,2025-09-07,1.85,124,139,25,,2025-09
1173621497447840518,Alpha Motel City Spa One-Bedroom,179297759,Peng,Christchurch City,Riccarton Ward,-43.53965,172.57962,Entire home/apt,134.0,1,1,2025-02-11,0.13,20,260,1,,2025-02
1201149138703689089,Contemporary guest quarters in Halswell,589911451,Blake,Christchurch City,Halswell Ward,-43.58459853993397,172.5804663822055,Entire home/apt,220.0,1,3,2024-10-02,0.22,1,35,0,,2024-10
969743325706341789,Tuam Street Treasure- 2 Bed 2 Bath,482671075,Paula Corinne,Christchurch City,Central Ward,-43.535568,172.6318853,Entire home/apt,217.0,1,41,2025-10-02,1.65,124,205,13,,2025-10
1008203587172656636,CBD Gem Walk to everything 3 bedroom 2 bath,482671075,Paula Corinne,Christchurch City,Central Ward,-43.535568,172.6318853,Entire home/apt,278.0,1,187,2025-10-01,7.88,124,133,85,,2025-10
1066876155862022473,Lovely Family Home,30256766,Simon,Christchurch City,Riccarton Ward,-43.52711870433259,172.58902148763502,Entire home/apt,238.0,30,0,,,1,246,0,,
1314957216987592905,Tranquil City Haven | 2BR Townhouse + Parking,84279395,Pearl,Christchurch City,Central Ward,-43.51920856102826,172.6421210711966,Entire home/apt,135.0,2,11,2025-10-06,1.13,2,128,11,,2025-10
1161836416891565693,Cosy house Christchurch,194158366,Gaye,Christchurch City,Papanui Ward,-43.48746580473131,172.61610321700573,Entire home/apt,250.0,2,12,2025-10-01,0.82,1,326,11,,2025-10
1313879916138434636,Modern Home in Riccarton. Walk to Westfield Mall,551181197,Paula Kat Charlotte,Christchurch City,Riccarton Ward,-43.53219240000001,172.6010008,Entire home/apt,187.0,1,13,2025-10-03,1.35,146,0,13,,2025-10
50093400,Modern Grandeur,57554873,Amy,Christchurch City,Papanui Ward,-43.49858,172.62701,Entire home/apt,808.0,2,15,2025-06-14,0.8,1,200,11,,2025-06
48247285,Central City 2 Bedroom Apartment with easy carpark,389301058,Rod,Christchurch City,Central Ward,-43.52755,172.63247,Entire home/apt,157.0,3,82,2025-07-05,1.46,1,148,22,,2025-07
1484575460007054150,"Modern King Studio | Netflix, Disney+ & Parking",573757538,Harmeet,Christchurch City,Riccarton Ward,-43.53631,172.60231,Entire home/apt,132.0,5,0,,,7,365,0,,
52885793,Fendalton Villa - Christchurch Holiday Home,145244100,Bachcare,Christchurch City,Fendalton Ward,-43.51943,172.60747,Entire home/apt,340.0,2,9,2024-12-05,0.22,1547,357,1,,2024-12
851650060428448228,Modern 3 bed Overlooking Hagley Park,482671075,Paula Corinne,Christchurch City,Central Ward,-43.5375386,172.6252073,Entire home/apt,281.0,1,51,2025-09-23,1.65,124,244,23,,2025-09
1380020110511846540,"City - Comfort, Private & Parking- long stay deals",24205506,Karen Louise,Christchurch City,Central Ward,-43.52299159538557,172.62794850716614,Entire home/apt,170.0,1,7,2025-10-04,1.13,77,278,7,,2025-10
1226762811313584229,CBD Studio on Wilmer Upper floor,43367626,Sharon,Christchurch City,Central Ward,-43.53735012634002,172.6322152465582,Entire home/apt,167.0,1,10,2025-01-21,0.76,12,165,7,,2025-01
1469806206621654885,Modern 3 Bedroom CBD House,331763232,Benjamin Dearden,Christchurch City,Central Ward,-43.53779,172.62492,Entire home/apt,189.0,2,9,2025-09-07,3.97,96,147,9,,2025-09
1018527959587219340,In the heart of it all: 2 bed CBD townhouse,482671075,Paula Corinne,Christchurch City,Central Ward,-43.535568,172.6318853,Entire home/apt,209.0,1,60,2025-09-19,2.58,124,230,14,,2025-09
848030318052097839,Stylish 2-Bedroom Haven Next to Hagley Park,482671075,Paula Corinne,Christchurch City,Central Ward,-43.53758,172.62521,Entire home/apt,171.0,1,51,2025-09-27,1.64,124,139,13,,2025-09
1238902076767199186,Modern 2BedBath in CBD by Casino with parking,49642171,Xihang,Christchurch City,Central Ward,-43.5261141,172.6337774,Entire home/apt,192.0,1,23,2025-09-05,1.92,88,295,23,,2025-09
1173611019604342470,Alpha Motel Top Spa-Bath Studio,179297759,Peng,Christchurch City,Riccarton Ward,-43.5385502,172.5789156,Entire home/apt,127.0,1,1,2025-02-22,0.13,20,270,1,,2025-02
1007247,Clarence Cottage,4765250,John,Christchurch City,Riccarton Ward,-43.53955,172.60697,Entire home/apt,265.0,2,116,2025-10-05,0.81,1,280,3,,2025-10
1301989798647559951,Elegant Studio Hideaway â Bath Street Living,331763232,Benjamin Dearden,Christchurch City,Central Ward,-43.53813095925644,172.63394057973693,Entire home/apt,115.0,2,21,2025-09-20,2.05,96,59,21,,2025-09
46555255,Architectural Urban Diamond,81390838,Katie,Christchurch City,Central Ward,-43.52588,172.63086,Entire home/apt,353.0,2,115,2025-09-20,1.98,45,248,15,,2025-09
1190870229069769844,Grey Terrace-Comfy 3 Bedroom in CBD-Free parking,584558161,Ying,Christchurch City,Central Ward,-43.52537,172.63177,Entire home/apt,270.0,1,14,2025-05-10,0.92,6,284,9,,2025-05
43569810,"Executive Private Studio, close to Uni and Airport",347615794,Sarbjit,Christchurch City,Riccarton Ward,-43.53259,172.57203,Private room,166.0,1,67,2025-05-07,1.04,3,357,14,,2025-05
1502603179487125248,Stylish 3BR Escape â¢ Parking & Modern Living,551181197,Paula Kat Charlotte,Christchurch City,Central Ward,-43.5267436,172.6484079,Entire home/apt,207.0,1,1,2025-09-30,1.0,146,239,1,,2025-09
21097347,What you're REALLY looking for!,148604490,Leigh,Christchurch City,Spreydon Ward,-43.55663,172.58995,Entire home/apt,130.0,2,441,2025-09-20,4.59,3,249,24,,2025-09
1237444599827361900,"Modern City Retreat with Pool, Gym & Free Parking",682808597,Devon,Christchurch City,Central Ward,-43.52251,172.63278,Entire home/apt,208.0,1,36,2025-10-04,2.87,22,341,33,,2025-10
1052287782857086144,Max Three Bedroom Spa Penthouse,179297759,Peng,Christchurch City,Riccarton Ward,-43.5384412,172.5789749,Entire home/apt,290.0,1,1,2025-01-17,0.11,20,270,1,,2025-01
1052320855959750967,Two Bedroom Family Spa Unit,179297759,Peng,Christchurch City,Riccarton Ward,-43.5384412,172.5789749,Entire home/apt,201.0,1,5,2025-02-23,0.25,20,270,2,,2025-02
1173613691876980444,Alpha Motel Deluxe Spa Studio,179297759,Peng,Christchurch City,Riccarton Ward,-43.53844,172.57895,Entire home/apt,127.0,1,3,2025-02-19,0.34,20,270,3,,2025-02
1237434641425771490,"City Comfort | Indoor Swimming Pool, Gym & Parking",682808597,Devon,Christchurch City,Central Ward,-43.52312,172.63311,Entire home/apt,213.0,1,31,2025-10-02,2.52,22,255,30,,2025-10
1237461871144490811,"Prime Top-Floor Apartment, Pool, Gym, Walk to City",682808597,Devon,Christchurch City,Central Ward,-43.5215,172.63469,Entire home/apt,342.0,1,59,2025-10-04,4.69,22,219,57,,2025-10
584223821303287902,Deluxe King Room,449624343,Lucy,Christchurch City,Riccarton Ward,-43.53171,172.58766,Private room,162.0,1,27,2024-01-20,0.64,5,361,0,,2024-01
1083653200937480772,"2BR Townhouse: Cosy, Close to City, Car Park",551181197,Paula Kat Charlotte,Christchurch City,Linwood Ward,-43.54172,172.6565,Entire home/apt,165.0,1,22,2025-09-27,1.11,146,249,8,,2025-09
1324911611984710448,Peaceful Inner-City Studio â Bath Street,331763232,Benjamin Dearden,Christchurch City,Central Ward,-43.53883,172.63465,Entire home/apt,119.0,1,11,2025-08-20,1.32,96,76,11,,2025-08
1131443215122719709,Urban Retreat at 8 Wilmer: Upper Level Studio Gem,482671075,Paula Corinne,Christchurch City,Central Ward,-43.5387002,172.6311839,Entire home/apt,138.0,1,49,2025-09-20,2.71,124,229,22,,2025-09
1251769797777181412,Central of the City Cosy Home - Free Parking,584558161,Ying,Christchurch City,Central Ward,-43.52553,172.63249,Entire home/apt,209.0,1,14,2025-08-18,1.15,6,133,14,,2025-08
1406920693339031750,CBD 2Bed2Bath By Cranmer Square With 2 Car Parks,49642171,Xihang,Christchurch City,Central Ward,-43.52931384153877,172.63193903956537,Entire home/apt,182.0,1,1,2025-07-12,0.34,88,341,1,,2025-07
1115709439790182858,Quiet Central Studio â Wilmer Street Retreat,331763232,Benjamin Dearden,Christchurch City,Central Ward,-43.53936,172.63146,Entire home/apt,128.0,2,72,2025-09-21,3.81,96,44,66,,2025-09
43569979,"Modern Twin Studio, close to Uni and Airport",347615794,Sarbjit,Christchurch City,Riccarton Ward,-43.53166,172.57176,Private room,172.0,1,14,2022-06-27,0.24,3,350,0,,2022-06
1502567548153500079,Family-Friendly 2-Bedroom Apartment & Parking,573757538,Harmeet,Christchurch City,Riccarton Ward,-43.53714,172.59993,Entire home/apt,190.0,1,0,,,7,365,0,,
1270600741927323037,Alpha Eco Trip Two-Bedroom House,179297759,Peng,Christchurch City,Riccarton Ward,-43.5385502,172.5789156,Entire home/apt,218.0,1,0,,,20,365,0,,
867639956565577976,Two Bedroom Two Bathroom Urban Oasis,482671075,Paula Corinne,Christchurch City,Central Ward,-43.5375171,172.6250229,Entire home/apt,222.0,1,37,2025-08-21,1.24,124,30,15,,2025-08
1471404317118862956,Merivale Court One Bedroom Apartment-Unit 8,707858717,Hao,Christchurch City,Fendalton Ward,-43.515940823340806,172.62565429628316,Entire home/apt,106.0,1,0,,,12,346,0,,
1495157640538802474,Tiny Angelâs Home,553041259,Quanxin,Christchurch City,Harewood Ward,-43.49132,172.58563,Entire home/apt,72.0,2,2,2025-09-20,1.76,1,69,2,,2025-09
47771758,"Up to 7, handy location, spacious living",66848108,Timothy,Christchurch City,Harewood Ward,-43.48905,172.59272,Entire home/apt,127.0,2,88,2025-09-27,1.57,3,54,21,,2025-09
1489497784768117836,Sunny Deck & City Comfort,153434023,Yogesh,Christchurch City,Innes Ward,-43.50323,172.63371,Entire home/apt,111.0,1,8,2025-10-05,6.86,1,32,8,,2025-10
1109167736311080581,Stylish Urban Escape â Wilmer Street Apartment,331763232,Benjamin Dearden,Christchurch City,Central Ward,-43.53917,172.63206,Entire home/apt,130.0,2,38,2025-09-19,1.99,96,88,30,,2025-09
17781919,Clocktower Lane Group,2185000,Jo,Christchurch City,Central Ward,-43.52285,172.63149,Entire home/apt,647.0,1,52,2024-09-25,0.5,5,205,0,,2024-09
1360304618422114506,Sunny Studio Haven in Central Christchurch,331763232,Benjamin Dearden,Christchurch City,Central Ward,-43.53784291143021,172.63197769441285,Entire home/apt,111.0,2,9,2025-09-08,1.24,96,8,9,,2025-09
584227314969757928,Deluxe King Room,449624343,Lucy,Christchurch City,Riccarton Ward,-43.53197,172.58719,Private room,189.0,1,17,2023-10-14,0.4,5,359,0,,2023-10
1302446051184679683,Stylish & Spacious: 2BR Wilmer Street Apartment,331763232,Benjamin Dearden,Christchurch City,Central Ward,-43.53978781882551,172.63052982270958,Entire home/apt,162.0,2,10,2025-07-05,1.05,96,50,10,,2025-07
1378506882698355425,Grand 5BR House on Athol with Garden and Balcony,331763232,Benjamin Dearden,Christchurch City,Riccarton Ward,-43.5243223,172.5706954,Entire home/apt,298.0,2,2,2025-05-14,0.36,96,88,2,,2025-05
1271985841021365629,Inviting & Comfortable Upper Studio in Wilmer,551181197,Paula Kat Charlotte,Christchurch City,Central Ward,-43.5386214,172.6325104,Entire home/apt,135.0,1,8,2025-08-09,0.7,146,316,8,,2025-08
975560603139051586,Brand New Luxury 3BR Apartment in Christchurch CBD,331763232,Benjamin Dearden,Christchurch City,Central Ward,-43.53479,172.63125,Entire home/apt,283.0,2,21,2025-08-30,0.91,96,46,12,,2025-08
39068068,Park View Estate,167977028,Chun,Christchurch City,Spreydon Ward,-43.564,172.59403,Entire home/apt,231.0,2,67,2025-10-02,0.93,1,258,7,,2025-10
35770403,2 Bedroom fully self-contained Apartment,127329302,Jay,Christchurch City,Riccarton Ward,-43.5319,172.58115,Private room,211.0,1,3,2022-09-18,0.04,6,313,0,,2022-09
583685284216062835,King Room - Accessible,449624343,Lucy,Christchurch City,Riccarton Ward,-43.53136,172.58828,Private room,185.0,1,55,2024-07-01,1.38,5,357,0,,2024-07
41963661,Fyffe Studio Unit,58116308,Rod,Christchurch City,Riccarton Ward,-43.52999,172.58969,Entire home/apt,179.0,2,4,2025-01-15,0.09,4,316,1,,2025-01
12957037,Freshly Renovated Studio Unit #3,50694865,Hotel,Christchurch City,Central Ward,-43.5214,172.62527,Entire home/apt,224.0,1,176,2024-12-31,1.56,11,329,2,,2024-12
1419118668789539639,Central Stay 1 bed Studio,482671075,Paula Corinne,Christchurch City,Central Ward,-43.5386106,172.6315744,Entire home/apt,144.0,1,5,2025-07-27,1.05,124,197,5,,2025-07
1482261312503832226,Comfortable in Central Christchurch + Park Views,58253723,Tanya,Christchurch City,Central Ward,-43.5253256,172.629516,Entire home/apt,159.0,1,1,2025-09-29,1.0,3,180,1,,2025-09
29091159,Townhouse on Armagh,7810682,Ngaire And Paul,Christchurch City,Central Ward,-43.52822,172.65269,Entire home/apt,118.0,2,157,2025-10-02,1.86,2,89,17,,2025-10
32091110,"Twin studio self contained, serviced, Warm, quite",127329302,Jay,Christchurch City,Riccarton Ward,-43.52978,172.58231,Private room,169.0,1,17,2024-12-11,0.22,6,341,3,,2024-12
1192191956903701597,Cozy Grey Garden-Walk to Central city-Free parking,584558161,Ying,Christchurch City,Central Ward,-43.52674,172.63059,Entire home/apt,246.0,1,48,2025-09-20,3.17,6,159,43,,2025-09
848878379114830531,New 2Bdrm 2Bthrm Hospital CBD Hagley Park Location,45768555,Lexia Margaret,Christchurch City,Central Ward,-43.53845,172.62603,Entire home/apt,125.0,1,50,2025-09-07,1.64,60,334,14,,2025-09
1237469396003674646,"Stylish City Apartment, Gym, Pool + Parking",682808597,Devon,Christchurch City,Central Ward,-43.52146,172.63272,Entire home/apt,328.0,1,51,2025-10-05,4.09,22,220,50,,2025-10
1307486159567469376,"Immaculate presentation, carpark",45768555,Lexia Margaret,Christchurch City,Spreydon Ward,-43.54633729199626,172.60402586381895,Entire home/apt,191.0,1,23,2025-08-16,2.45,60,296,23,,2025-08
932012534868312966,Cosy Oasis Close To CBD,510533154,Francesca,Christchurch City,Central Ward,-43.52619,172.66697,Entire home/apt,149.0,1,116,2025-08-25,4.28,4,284,21,,2025-08
18394427,One bedroom suite with space,127329302,Jay,Christchurch City,Riccarton Ward,-43.53148,172.58209,Private room,189.0,1,1,2017-05-29,0.01,6,343,0,,2017-05
31496830,"Central location, walk to the shops",235986153,Kellie,Christchurch City,Riccarton Ward,-43.52802,172.60085,Private room,104.0,1,217,2025-10-04,2.69,1,251,32,,2025-10
1393883947547156756,"Home away from home, near CBD",938000,Kit,Christchurch City,Cashmere Ward,-43.55921737773134,172.64969928807213,Entire home/apt,104.0,1,8,2025-10-04,1.61,1,314,8,,2025-10
1259017415770731119,Lovely 2BR Home close to Center,542186568,Sharon,Christchurch City,Central Ward,-43.5302545,172.6582687,Entire home/apt,119.0,1,39,2025-09-25,3.42,13,47,39,,2025-09
1486085195689795594,"Walk 2 Casino, town Hall, TePae, Free Carpark",43367626,Sharon,Christchurch City,Central Ward,-43.525457817331045,172.63298594392268,Entire home/apt,292.0,2,0,,,12,16,0,,
12370943,"Own suite of 3 rooms, 5 guests, handy to airport",66848108,Timothy,Christchurch City,Harewood Ward,-43.48857,172.59288,Entire home/apt,119.0,2,153,2025-03-22,1.4,3,74,4,,2025-03
1048114951342428719,Alpha Motel Deluxe One-Bedroom,179297759,Peng,Christchurch City,Riccarton Ward,-43.5384412,172.5789749,Private room,134.0,1,2,2025-04-20,0.25,20,270,2,,2025-04
1173615816795046498,Alpha Motel Business One-Bedroom,179297759,Peng,Christchurch City,Riccarton Ward,-43.5384365,172.5789529,Entire home/apt,134.0,1,0,,,20,270,0,,
1173606925791155144,Alpha Motel City Spa-bath Studio,179297759,Peng,Christchurch City,Riccarton Ward,-43.5385502,172.5789156,Entire home/apt,125.0,1,6,2025-01-20,0.39,20,263,3,,2025-01
1048118207177320749,Relax Spa One-bedroom,179297759,Peng,Christchurch City,Riccarton Ward,-43.5384412,172.5789749,Entire home/apt,137.0,1,3,2025-01-09,0.14,20,270,1,,2025-01
1266185072625199570,Traveller & Business Guest Suite,67564514,Gillian,Christchurch City,Cashmere Ward,-43.56437609781709,172.6396558585457,Entire home/apt,104.0,1,104,2025-10-05,8.97,1,220,104,,2025-10
1302595906584707969,Riverside Retreat on Terrace,172091254,Liron,Christchurch City,Cashmere Ward,-43.56912543870599,172.64203955120746,Entire home/apt,213.0,2,30,2025-10-04,3.05,2,141,30,,2025-10
1164612861183891785,New Cosy Duplex with Double & Single BRs,124277751,Jiaxun,Christchurch City,Spreydon Ward,-43.553744536686494,172.6257088780403,Entire home/apt,102.0,1,67,2025-09-28,4.4,1,39,57,,2025-09
1181663219376217014,Entire 3-bedroom house,8171146,Alison,Christchurch City,Riccarton Ward,-43.52763,172.60384,Entire home/apt,144.0,2,5,2024-10-27,0.35,3,50,3,,2024-10
920504440648364364,Modern and Central.,521544534,Kirsty,Christchurch City,Central Ward,-43.5466,172.62947,Entire home/apt,231.0,2,11,2025-09-18,0.48,1,89,6,,2025-09
22756405,Clocktower Lane Contemporary Group,2185000,Jo,Christchurch City,Central Ward,-43.52339,172.63,Entire home/apt,450.0,1,9,2025-08-16,0.1,5,199,2,,2025-08
41435344,Executive Studio @ Cranford Cottages and Motel,305389317,Rodney Allen,Christchurch City,Innes Ward,-43.51085,172.63853,Entire home/apt,167.0,1,8,2025-04-04,0.12,4,309,4,,2025-04
33583488,Peaceful retreat with city and mountain views,215253672,Sally,Christchurch City,Cashmere Ward,-43.56702,172.66383,Entire home/apt,98.0,3,45,2025-10-03,0.57,1,168,12,,2025-10
40098644,Superb park side haven in Central Christchurch,115613326,Martin And Myra,Christchurch City,Central Ward,-43.53915,172.62152,Entire home/apt,125.0,1,189,2025-07-28,2.97,1,212,23,,2025-07
1506680241649155683,"Comfortable room, with feline company.",589163228,Jake,Christchurch City,Linwood Ward,-43.54274049600532,172.66275990754366,Private room,74.0,1,0,,,1,365,0,,
1496682056247406895,Modern stay near stadium,19767194,Joanna,Christchurch City,Central Ward,-43.5321823580736,172.64847496216387,Private room,95.0,1,0,,,1,262,0,,
40206974,The School House,98758734,North South Holiday Park,Christchurch City,Harewood Ward,-43.47029,172.57093,Entire home/apt,372.0,2,1,2022-06-26,0.02,20,308,0,,2022-06
44689705,Absolute Luxury in Strowan - Christchurch,106575611,Mike,Christchurch City,Fendalton Ward,-43.50428,172.60933,Entire home/apt,665.0,3,8,2025-01-09,0.14,1,19,2,,2025-01
1301995300300527186,Stylish Retreat â Studio Apartment on Bath Street,331763232,Benjamin Dearden,Christchurch City,Central Ward,-43.53837352814106,172.63391544891363,Entire home/apt,121.0,1,13,2025-09-03,1.37,96,74,13,,2025-09
1103786665680115397,Studio Bliss: Explore from Wilmer St,551181197,Paula Kat Charlotte,Christchurch City,Central Ward,-43.5384637,172.6308677,Entire home/apt,146.0,1,23,2025-08-10,1.19,146,29,10,,2025-08
1188874397116761984,Dual Studio Apartments CBD,331763232,Benjamin Dearden,Christchurch City,Central Ward,-43.53878,172.63256,Entire home/apt,214.0,2,0,,,96,58,0,,
12231418,Cosy stand-alone studio - breakfast included,65811094,Anna,Christchurch City,Heathcote Ward,-43.55375,172.64607,Entire home/apt,80.0,1,468,2025-10-03,4.42,1,123,63,,2025-10
40039494,Home on Hagley,133825107,Yvette,Christchurch City,Riccarton Ward,-43.52922,172.61152,Entire home/apt,354.0,2,42,2025-10-05,0.6,2,76,8,,2025-10
1123421680658841458,"Stay on Winton 2Bd 2Bth
Single Garage
St Albans",370683749,Shannon,Christchurch City,Innes Ward,-43.5105948,172.6387009,Entire home/apt,172.0,1,3,2024-09-06,0.22,1,36,0,,2024-09
1465608252515819171,Cosy Single Level 2Bed2Bath House By UC Campus,49642171,Xihang,Christchurch City,Riccarton Ward,-43.52089,172.57544,Entire home/apt,152.0,1,1,2025-09-02,0.81,88,266,1,,2025-09
35525197,West Wing in Burnside - 5 minutes from the airport,267278457,Rosemarie And Ramon,Christchurch City,Waimairi Ward,-43.49749,172.57014,Entire home/apt,104.0,2,131,2025-09-21,1.72,1,63,21,,2025-09
1269008285232798525,Brand New 3BR home opposite to UC,542186568,Sharon,Christchurch City,Fendalton Ward,-43.5207314,172.5849414,Entire home/apt,123.0,1,57,2025-09-25,5.38,13,265,57,,2025-09
1251971271821187559,THE BIRD'S NEST - Secluded getaway!,59674136,Joanne Lee,Christchurch City,Heathcote Ward,-43.56204,172.66485,Entire home/apt,229.0,1,143,2025-10-04,11.5,1,285,139,,2025-10
27229318,"Rest nest, ensuite bedroom and private spa",77141232,Robert,Christchurch City,Central Ward,-43.51619,172.63945,Private room,,1,78,2025-04-19,0.89,2,3,21,,2025-04
30253415,Luxury in Christchurch!,13455772,Ravi,Christchurch City,Halswell Ward,-43.56052,172.54602,Private room,,2,10,2024-03-02,0.34,1,270,0,,2024-03
33258727,Sumner Beach Bach!,46439553,Pehimana,Christchurch City,Heathcote Ward,-43.57413,172.76723,Entire home/apt,,7,48,2025-05-24,0.6,1,0,5,,2025-05
33344121,Quiet haven near airport.,251181579,Joy,Christchurch City,Waimairi Ward,-43.51108,172.55383,Private room,,1,92,2025-09-27,1.16,1,225,14,,2025-09
36645528,Stunning views and a pleasant private stay,275446422,Kanyakorn,Christchurch City,Cashmere Ward,-43.57989,172.63734,Entire home/apt,,2,208,2025-09-27,2.89,1,0,54,,2025-09
822795371090783373,Funky Kiwi Caravan for Two!,1743811,Kelly,Christchurch City,Spreydon Ward,-43.54841,172.60999,Private room,36.0,5,30,2025-07-25,0.96,5,165,10,,2025-07
10342831,"Private, Self Contained & close to City",53230965,Ailsa,Christchurch City,Cashmere Ward,-43.56417,172.65503,Entire home/apt,83.0,2,576,2025-09-21,4.88,1,288,55,,2025-09
785155431333969661,Elegant Family Home in Merivale,81390838,Katie,Christchurch City,Fendalton Ward,-43.5186,172.61097,Entire home/apt,534.0,2,26,2025-02-23,0.77,45,0,3,,2025-02
974777872222265389,Cozy Retreat with Hot Tub,125757390,Caitlin,Christchurch City,Linwood Ward,-43.5428015,172.6629054,Entire home/apt,158.0,1,208,2025-09-28,8.42,7,116,96,,2025-09
1489358141063232744,The Lantern House,121298269,Josie,Christchurch City,Spreydon Ward,-43.56164,172.61584,Private room,79.0,1,0,,,1,64,0,,
730633722211758117,Great Value Stay in Prime Location-long stay deals,24205506,Karen Louise,Christchurch City,Riccarton Ward,-43.52975,172.60529,Entire home/apt,353.0,2,56,2025-09-20,1.54,77,312,15,,2025-09
51268746,Brockworth Place,24205506,Karen Louise,Christchurch City,Riccarton Ward,-43.53151,172.60915,Entire home/apt,178.0,1,77,2025-07-31,1.51,77,0,7,,2025-07
21770759,Addington-5min Tranz-Rail /Event Centre/Races-Rm B,157981094,Carla,Christchurch City,Spreydon Ward,-43.54193,172.60707,Private room,70.0,1,119,2025-06-05,1.27,2,257,12,,2025-06
818282148225762404,Luxurious home with heated pool,81390838,Katie,Christchurch City,Waimairi Ward,-43.50416,172.57144,Entire home/apt,693.0,5,2,2025-01-04,0.09,45,0,1,,2025-01
37377857,The Willow Room at Blythcliffe,16025828,Lesley And John,Christchurch City,Banks Peninsula Ward,-43.80664,172.9707,Hotel room,,1,65,2025-08-09,1.01,4,97,16,,2025-08
40003212,1 bedroom apartment - Best central city location,84186568,Min,Christchurch City,Central Ward,-43.52906,172.6432,Entire home/apt,,1,374,2025-08-16,5.21,1,0,27,,2025-08
40422556,"Family Home, Ideal for Relocations, Pets Welcome!",53394004,Sharon,Christchurch City,Linwood Ward,-43.552921,172.669952,Entire home/apt,,3,59,2025-08-24,1.3,1,0,4,,2025-08
44410512,"Brand new warm and cosy home, 10 mins to town",55493931,Amanda,Christchurch City,Burwood Ward,-43.49273,172.69195,Private room,,2,214,2025-09-13,3.38,1,2,26,,2025-09
6824533,Papanui Paris Inspired Apartment,35747651,Heather,Christchurch City,Fendalton Ward,-43.50956,172.60341,Entire home/apt,114.0,2,283,2025-04-13,2.6,1,269,7,,2025-04
1433731922328589637,Private 3 Bedroom Home Perfect for large families,551181197,Paula Kat Charlotte,Christchurch City,Fendalton Ward,-43.50777087155666,172.62156841960007,Entire home/apt,276.0,1,2,2025-07-27,0.63,146,12,2,,2025-07
1003331113793019519,Opawaho retreat - private self contained space,542054257,Claire,Christchurch City,Heathcote Ward,-43.55123,172.65531,Entire home/apt,83.0,2,86,2025-09-15,3.62,1,177,44,,2025-09
46099866,One Bed Apartment in Christchurch City Centre,731713,Julian,Christchurch City,Central Ward,-43.53796,172.6382,Entire home/apt,,2,24,2023-08-20,0.41,1,0,0,,2023-08
46909371,Luxury and Modern apartment in city center,86216394,Min,Christchurch City,Central Ward,-43.52502,172.64274,Entire home/apt,,1,229,2025-05-04,3.93,40,0,21,,2025-05
47475702,âGrayleesâ Stunning Private Family Home,383228488,Jean,Christchurch City,Halswell Ward,-43.57498,172.54789,Entire home/apt,,2,62,2024-07-14,1.1,1,3,0,,2024-07
47802378,Classic Single Room,270614463,Samuel William,Christchurch City,Central Ward,-43.53266,172.62805,Private room,,1,66,2025-09-04,1.28,14,333,10,,2025-09
506769949624485303,Peaceful 2 bedroom house located in Christchurch,148837089,Michelle,Christchurch City,Spreydon Ward,-43.56443,172.60985,Entire home/apt,,2,11,2024-07-15,0.32,1,0,0,,2024-07
39398307,Executive Spa Studio A - Kauri Motel,302631641,Kauri,Christchurch City,Riccarton Ward,-43.529762,172.597122,Private room,217.0,1,6,2025-01-06,0.08,4,349,1,,2025-01
46775834,Superior Studio (Accessible) - Kauri Motel,302631641,Kauri,Christchurch City,Riccarton Ward,-43.529858,172.596909,Private room,201.0,1,1,2021-04-30,0.02,4,345,0,,2021-04
1342194705971178073,Tranquil Townhouse by Hagley Park,258317270,Claire,Christchurch City,Riccarton Ward,-43.52620207375404,172.60996833443642,Entire home/apt,137.0,1,26,2025-10-04,3.07,1,116,26,,2025-10
1417030706126896785,Perfectly Cosy Riccarton 2BR Abode,331763232,Benjamin Dearden,Christchurch City,Riccarton Ward,-43.53468018260456,172.59769340594534,Entire home/apt,164.0,2,2,2025-08-04,0.65,96,64,2,,2025-08
1269204637183950590,Charming Home in Prime Location,167831291,Joanne,Christchurch City,Innes Ward,-43.50337,172.63194,Entire home/apt,319.0,5,3,2025-07-29,0.32,1,10,3,,2025-07
40758530,Next to Hagley Park - 7 Night special deals,24205506,Karen Louise,Christchurch City,Riccarton Ward,-43.54023,172.61128,Entire home/apt,292.0,1,64,2025-09-10,0.9,77,126,11,,2025-09
43004427,Superior Studio (Upper Floor) - Kauri Motel,302631641,Kauri,Christchurch City,Riccarton Ward,-43.529789,172.597031,Private room,203.0,1,0,,,4,355,0,,
628514762999499768,TRANQUIL AND RELAXING RETREAT........,55848315,Kaye,Christchurch City,Banks Peninsula Ward,-43.74704,172.93343,Entire home/apt,,2,4,2024-12-27,0.13,1,5,1,,2024-12
639289432327481547,Luxury 3 Floor Townhome near Casino and Vitoria st,86216394,Min,Christchurch City,Central Ward,-43.52524,172.63461,Entire home/apt,,1,157,2025-08-22,3.87,40,0,29,,2025-08
1010452376290813522,1km away from Hagley Park Riccarton RM03,180085404,Jessie,Christchurch City,Riccarton Ward,-43.52765,172.6026,Private room,80.0,1,24,2025-04-23,1.15,4,90,8,,2025-04
1024904704905648301,The net unit! Close to center and local hills.,202976612,Fabricio,Christchurch City,Cashmere Ward,-43.56583323514462,172.65564394232786,Entire home/apt,126.0,1,115,2025-09-14,5.28,1,301,42,,2025-09
53245815,Contemporary Central City Apartment,121279602,Alaine,Christchurch City,Central Ward,-43.52672,172.64826,Entire home/apt,159.0,1,327,2025-10-04,7.62,1,26,64,,2025-10
9454870,Rose Garden Townhouse - cosy retreat in Merivale,48995796,Anne,Christchurch City,Fendalton Ward,-43.51606,172.62546,Entire home/apt,,3,191,2025-07-05,1.59,1,53,5,,2025-07
14358140,"Five Star luxury for one, in the City Centre",88024294,Costa,Christchurch City,Central Ward,-43.53095,172.62868,Private room,,1,134,2025-02-15,1.2,2,299,1,,2025-02
745712957453228462,Bright and Central Town House,484064380,James,Christchurch City,Spreydon Ward,-43.54275,172.61515,Entire home/apt,,2,126,2025-09-02,3.57,1,0,30,,2025-09
775791108238004862,Surf Break Apartment 3,42353024,Danielle,Christchurch City,Heathcote Ward,-43.5675981,172.7574481,Entire home/apt,,2,8,2025-02-22,0.25,3,0,2,,2025-02
15207542,"Breathtaking Ocean Views in Modern Comfort, Room 1",24026499,Lynne,Christchurch City,Heathcote Ward,-43.57053,172.72278,Private room,,3,18,2025-04-26,0.2,2,269,3,,2025-04
16932670,Romantic Shepherds Hut at Coombe Farm B&B,33238586,Kathrine,Christchurch City,Banks Peninsula Ward,-43.78659,172.9838,Entire home/apt,,2,364,2025-09-27,3.58,2,296,36,,2025-09
24026180,"Chic, homely with view, on park.7 mins to airport",251305,Joanne,Christchurch City,Waimairi Ward,-43.50683,172.56675,Entire home/apt,,2,97,2024-05-10,1.07,1,5,0,,2024-05
23949405,Sumner's Chic Studio,22991675,Bogdan,Christchurch City,Heathcote Ward,-43.57639,172.74771,Entire home/apt,,1,114,2025-04-19,1.27,1,0,14,,2025-04
779312443019658939,New York Style Apartment - Inner City Location,183401548,Lynette,Christchurch City,Central Ward,-43.52366240955136,172.63087950646877,Entire home/apt,,2,78,2025-04-14,2.41,1,128,25,,2025-04
792124691330968571,Bridle Path Retreat - modern private luxury,24205506,Karen Louise,Christchurch City,Heathcote Ward,-43.57146,172.71085,Entire home/apt,,1,16,2025-04-21,0.5,77,53,8,,2025-04
791551030876523090,Cosy place near Christchurch airport,471135666,Mei,Christchurch City,Hornby Ward,-43.52425,172.52825,Private room,,1,150,2025-10-04,4.68,4,4,76,,2025-10
795172332177626343,"Private Bedroom, in a quiet 2 Bedroom home.",41561166,Leon,Christchurch City,Papanui Ward,-43.48236,172.62722,Private room,,1,17,2024-02-23,0.51,1,352,0,,2024-02
829336472309561353,Tranquility on Tivoli,167661089,Linda,Christchurch City,Harewood Ward,-43.48547014871277,172.59687211364508,Private room,,1,125,2025-10-06,3.91,1,0,64,,2025-10
854386633543233339,Choice city location with parking,8659767,Gaynor,Christchurch City,Central Ward,-43.52484,172.62857,Entire home/apt,,2,2,2024-02-24,0.1,1,0,0,,2024-02
1160458850959087060,Townhouse in Christchurch CBD,324376990,Oliver,Christchurch City,Central Ward,-43.5337015,172.6489564,Entire home/apt,,2,58,2025-08-24,3.57,1,0,29,,2025-08
1174170549765188471,NEW 1 bedroom apartment-Margaret Mahy Playground,34864077,Wenjia,Christchurch City,Central Ward,-43.52835,172.64257,Entire home/apt,,1,11,2025-08-23,0.79,1,0,10,,2025-08
1185344085450655458,Modern room with ensuite close to CBD,12409538,Elena,Christchurch City,Heathcote Ward,-43.55084659820943,172.63009996931154,Private room,,2,67,2025-07-29,4.38,1,0,45,,2025-07
1193648907250663550,Atlas Quarter high spec One Bed Apartment has lift,86216394,Min,Christchurch City,Central Ward,-43.53759,172.6389,Entire home/apt,,1,21,2025-08-28,1.51,40,0,15,,2025-08
1225746179832306006,Rooftop tent for your roadie!,243047638,Clara,Christchurch City,Innes Ward,-43.50808,172.64139,Private room,,1,0,,,2,365,0,,
963142741050507192,Honey for the Money Warm Sunny 10 mins CBD,45768555,Lexia Margaret,Christchurch City,Central Ward,-43.5197096,172.6327918,Entire home/apt,,1,57,2025-10-03,2.31,60,302,30,,2025-10
982925951327525527,Park side ensuite bedroom and balcony,97694138,Stacey,Christchurch City,Heathcote Ward,-43.5511,172.64841,Private room,,2,38,2025-02-17,1.57,2,0,10,,2025-02
1001070890998311723,Brand New 2 Bedroom City Fringe Convenient Living,406828618,Gurjant,Christchurch City,Central Ward,-43.5328277,172.656762,Entire home/apt,,1,23,2024-05-21,1.02,1,0,0,,2024-05
1003323959381709547,Feel at Home in Stylish Urban Accom in Center U8,74811135,Yaoyao,Christchurch City,Central Ward,-43.52907,172.65736,Entire home/apt,,1,41,2025-07-13,1.78,40,0,28,,2025-07
1282387924102260926,Cheap room beside golf course,186382574,Wayne,Christchurch City,Burwood Ward,-43.50549,172.69958,Private room,,1,20,2025-06-24,1.82,3,0,20,,2025-06
1289316783203394555,5 bedrooms in New brighton,105265867,Andrew,Christchurch City,Coastal Ward,-43.51009004310896,172.72149131572684,Entire home/apt,,1,6,2025-04-24,0.79,11,0,6,,2025-04
1297677553965247888,Charming Stay in Fendalton Heart,74811135,Yaoyao,Christchurch City,Riccarton Ward,-43.5232384926349,172.5939880321962,Entire home/apt,,1,18,2025-05-17,1.76,40,0,18,,2025-05
1307493043678679003,#4 Timber house in New Brighton,105265867,Andrew,Christchurch City,Coastal Ward,-43.50831151259389,172.72122814663922,Private room,,1,15,2025-06-27,1.49,11,0,15,,2025-06
1317893481706192970,#5 Timber house in New Brighton,105265867,Andrew,Christchurch City,Coastal Ward,-43.51028352609524,172.72159960428695,Private room,,1,12,2025-06-24,1.25,11,0,12,,2025-06
1328729385003251494,"Room 2 King Bed, separate bathroom",27743702,David,Christchurch City,Central Ward,-43.51866,172.64942,Private room,,5,0,,,4,0,0,,
1332925710069085290,"Queen Private Entry, Ensuite, Sunny Deck
Room 2",672613640,Stephen,Christchurch City,Burwood Ward,-43.51055368756739,172.66820036875183,Private room,,1,58,2025-08-04,6.77,3,302,58,,2025-08
1333792275713144499,Your separate space in Wigram.,55360169,Tejaskumar Jayeshkumar,Christchurch City,Halswell Ward,-43.56214211279602,172.54526098465576,Entire home/apt,,1,22,2025-07-26,2.5,1,0,22,,2025-07
1338720736056619469,Seaside sanctuary,56786071,Catherine,Christchurch City,Coastal Ward,-43.48627746346972,172.71456219097848,Private room,,1,14,2025-09-08,1.63,1,21,14,,2025-09
1339415738119813512,Beachfront Luxury Coastal Stay - 3 Bed With Garage,49642171,Xihang,Christchurch City,Coastal Ward,-43.49105185377038,172.72450089629513,Entire home/apt,,1,9,2025-07-17,1.22,88,0,9,,2025-07
1343757880121938463,Christchurch Suburban Sanctury,132531040,Nicola,Christchurch City,Coastal Ward,-43.48037105226414,172.71169853476874,Entire home/apt,,6,2,2025-04-26,0.3,1,20,2,,2025-04
1028021447294282292,Entire 2-bed House in Woolston,159021723,Mark,Christchurch City,Linwood Ward,-43.55427,172.67188,Entire home/apt,,10,5,2025-02-22,0.23,1,0,2,,2025-02
1034944082962517111,Lovely 1BR Apartment in Cashel Street,331763232,Benjamin Dearden,Christchurch City,Central Ward,-43.5345,172.64896,Entire home/apt,,2,84,2025-09-23,3.8,96,0,50,,2025-09
1062064308372735343,"Christchurch Room Available -
Queen Bed Downstairs",57706373,Brendon,Christchurch City,Cashmere Ward,-43.57337,172.62494,Private room,,2,52,2025-04-05,2.57,3,0,9,,2025-04
1083712092281523087,Central City Class,167302602,Megan,Christchurch City,Central Ward,-43.53266,172.63904,Entire home/apt,,1,32,2025-04-19,1.89,1,58,27,,2025-04
1092369614179884726,Tranquil Bamboo Oasis - New 2 Bed Close To CBD,54009314,Pond,Christchurch City,Linwood Ward,-43.53528,172.67718,Entire home/apt,,2,18,2025-10-04,0.92,1,295,14,,2025-10
1100851727438793324,"Christchurch Room Available -
Queen Bed - Upstairs",57706373,Brendon,Christchurch City,Cashmere Ward,-43.57366,172.62503,Private room,,2,21,2025-07-01,1.11,3,0,9,,2025-07
1109591220999752625,"Guest room, superking bed, downtown, free parking",77141232,Robert,Christchurch City,Central Ward,-43.5161987,172.6393706,Private room,,1,0,,,2,34,0,,
1114903661155805101,Your Blissful Abode near Travis Wetlands,239700620,Mehek Lalit,Christchurch City,Burwood Ward,-43.49316,172.69038,Private room,,1,25,2025-09-05,1.36,3,0,6,,2025-09
1122983867587005183,Your Whispering Grove near Travis Wetlands,239700620,Mehek Lalit,Christchurch City,Burwood Ward,-43.49274,172.69085,Private room,,1,23,2025-08-21,1.26,3,0,15,,2025-08
1353096571609317181,Penny lane get away,104047844,Timothy,Christchurch City,Spreydon Ward,-43.557437142446005,172.60348695167662,Entire home/apt,,4,1,2025-04-24,0.18,1,0,1,,2025-04
1353452610660747704,Classic Kiwi Bach With A View. 5min Walk To Shops,20665858,Adam,Christchurch City,Banks Peninsula Ward,-43.8126977,172.9659379,Entire home/apt,,1,4,2025-07-17,1.09,11,0,4,,2025-07
1376027208824743608,Applewood Cabin 1 by Tiny Away,481232463,Tiny Away NZ,Christchurch City,Harewood Ward,-43.4761659,172.5846462,Entire home/apt,,1,0,,,104,345,0,,
1377682462381916077,Andover Street Honey,81390838,Katie,Christchurch City,Fendalton Ward,-43.51925744164095,172.62176653665622,Entire home/apt,,90,0,,,45,1,0,,
1402870805418837843,"Comfy, and close to CBD",532142019,Tracy,Christchurch City,Central Ward,-43.53205,172.65862,Private room,,1,0,,,6,0,0,,
1403107019736787498,Quiet Urban Escape,74811135,Yaoyao,Christchurch City,Harewood Ward,-43.4906727821394,172.59215437075736,Entire home/apt,,1,4,2025-07-06,0.79,40,0,4,,2025-07
1429514963008582896,Sunny Upstairs Double Room in Upper Riccarton Home,105265867,Andrew,Christchurch City,Riccarton Ward,-43.53802,172.57183,Private room,,1,3,2025-07-17,0.83,11,154,3,,2025-07
1461231592777012192,Stylish CBD Studio | Top Location Close To All,706195697,Wenjia,Christchurch City,Central Ward,-43.529576452254965,172.64461887620698,Entire home/apt,,1,0,,,1,0,0,,
1139631699008440105,Airport Retreat: 4BR 8 Guests,573419952,Bruce,Christchurch City,Waimairi Ward,-43.50592314266713,172.5694282607132,Entire home/apt,,1,40,2025-09-01,2.53,8,0,33,,2025-09
1140205738365606914,Stunning brand new 4-bedroom home in Christchurch!,566822288,Rameez,Christchurch City,Halswell Ward,-43.5734429,172.5830301,Entire home/apt,,2,17,2025-09-20,1.29,5,0,14,,2025-09
1140867872458743317,Saint Albans Sweet Retreat,81390838,Katie,Christchurch City,Central Ward,-43.51611,172.63908,Entire home/apt,,2,4,2025-04-23,0.39,45,0,4,,2025-04
1144400667993815628,Walnut Studio - private self contained,511479466,Melanie,Christchurch City,Coastal Ward,-43.43176895261542,172.6961564272642,Entire home/apt,,2,26,2025-04-28,1.88,1,0,22,,2025-04
1144630390069495873,"Private & Quiet
 Home away from home",167097308,Mike,Christchurch City,Innes Ward,-43.50467095074858,172.63867031782866,Entire home/apt,,3,50,2025-07-19,3.02,1,4,27,,2025-07
12156954,Spacious Guest Unit in Central City,19256013,Robyn,Christchurch City,Fendalton Ward,-43.51502,172.6111,Entire home/apt,133.0,3,41,2024-11-29,0.5,2,117,2,,2024-11
1393678315391390094,Modern Central Apartment - Christchurch Apartment,145244100,Bachcare,Christchurch City,Riccarton Ward,-43.528,172.61186,Entire home/apt,234.0,2,2,2025-09-30,0.66,1547,365,2,,2025-09
1292319155689346720,Quite and Cozy Double Bedroom,662706872,Pratik,Christchurch City,Halswell Ward,-43.5684663,172.5424887,Private room,45.0,1,19,2025-09-22,2.02,2,364,19,,2025-09
43582508,Architectural Oasis | Serenity & Spectacular Views,340463660,Nicola Maree,Christchurch City,Cashmere Ward,-43.57199,172.62887,Entire home/apt,257.0,2,47,2025-10-04,0.76,3,300,35,,2025-10
927939209304967721,Contemporary Home with Carpark,257057675,Shannon,Christchurch City,Heathcote Ward,-43.55479368910825,172.64461057117614,Entire home/apt,304.0,2,29,2025-09-08,1.13,1,304,6,,2025-09
1325229124787480640,Charming 2-Bedroom Townhouse,431375358,Jagdeep,Christchurch City,Linwood Ward,-43.53889,172.66188,Entire home/apt,99.0,1,31,2025-09-26,3.42,2,143,31,,2025-09
24105215,Private self contained flat in garden setting,147861891,Andrew And Sue,Christchurch City,Heathcote Ward,-43.55866,172.67018,Entire home/apt,77.0,2,181,2025-10-06,2.0,1,278,36,,2025-10
1189445950674519206,Charming home on Garden.,459473581,Jeremy,Christchurch City,Fendalton Ward,-43.5173,172.6093,Entire home/apt,760.0,3,2,2025-02-22,0.22,1,35,2,,2025-02
29427036,Quiet Cottage on the Hill,244184708,Tania,Christchurch City,Cashmere Ward,-43.56291,172.65158,Entire home/apt,96.0,2,257,2025-09-25,3.07,1,189,42,,2025-09
1345944538708947216,Convenient 1Bed Studio with Ensuite By Hagley Park,49642171,Xihang,Christchurch City,Spreydon Ward,-43.542140754079625,172.61315192468163,Entire home/apt,126.0,1,10,2025-09-30,1.29,88,193,10,,2025-09
1451782511416638846,Spa Hideaway in Central City+Parking!,488268220,Martin Alejandro,Christchurch City,Central Ward,-43.53068,172.65899,Entire home/apt,151.0,1,8,2025-09-23,2.4,6,158,8,,2025-09
40374757,Clyde 106 - 7 Night special deals,24205506,Karen Louise,Christchurch City,Fendalton Ward,-43.52007,172.58993,Entire home/apt,169.0,1,60,2025-03-22,0.86,77,291,5,,2025-03
771054901650979999,Cosy House with Garden + Hot Tub. Pet Friendly!,58253723,Tanya,Christchurch City,Cashmere Ward,-43.56297359320462,172.62561734765768,Entire home/apt,240.0,1,5,2024-02-24,0.15,3,151,0,,2024-02
1369918808123730804,"The 2BR Hereford Haven - Relax, Recharge, Repeat",202585247,Ohana,Christchurch City,Central Ward,-43.5317354,172.6516513,Entire home/apt,141.0,1,33,2025-09-14,5.03,121,96,33,,2025-09
1120010482409869873,Cashmere Splendour,81390838,Katie,Christchurch City,Cashmere Ward,-43.57251,172.63326,Entire home/apt,700.0,2,18,2024-12-17,0.98,45,0,1,,2024-12
39067623,Family holiday house,97967020,Vincent,Christchurch City,Halswell Ward,-43.55932,172.56327,Entire home/apt,181.0,2,105,2025-09-27,1.44,1,120,8,,2025-09
13847996,Christchurch Base,15484405,Clare,Christchurch City,Cashmere Ward,-43.57261,172.63826,Entire home/apt,204.0,3,88,2025-08-30,0.8,3,245,9,,2025-08
29391038,Sunny and warm flat with a view.,12114685,Karen,Christchurch City,Cashmere Ward,-43.5599,172.63238,Entire home/apt,51.0,28,28,2025-08-07,0.34,1,174,3,,2025-08
13335850,The But n Ben ( Garden Bothy),13938410,Jennifer Anne,Christchurch City,Cashmere Ward,-43.57067,172.63086,Entire home/apt,126.0,2,88,2025-02-25,0.78,15,305,2,,2025-02
1135033854551021625,Dyers' Escape,25373256,Wayne,Christchurch City,Cashmere Ward,-43.5708515,172.6303437,Entire home/apt,226.0,2,10,2025-09-02,0.92,3,265,10,,2025-09
645960933953773515,Welcoming & spacious hillside retreat.,4776822,Garth,Christchurch City,Cashmere Ward,-43.56387,172.65489,Entire home/apt,76.0,1,114,2025-09-06,3.68,1,275,27,,2025-09
31712205,Cozy claw foot bath hideaway 5 min from CBD,31308471,Hannah,Christchurch City,Linwood Ward,-43.53828,172.67245,Entire home/apt,95.0,1,376,2025-10-04,4.63,1,123,48,,2025-10
1469978138362662396,Holly Road Haven,81390838,Katie,Christchurch City,Fendalton Ward,-43.51493,172.63032,Entire home/apt,454.0,2,0,,,45,40,0,,
51272681,Central Apartment Stone Throw From Hospital,45768555,Lexia Margaret,Christchurch City,Central Ward,-43.53888,172.62046,Entire home/apt,125.0,1,152,2025-09-05,3.07,60,278,20,,2025-09
42991751,City Centre Apartment 5 mins walk to ChCh Hospital,5353886,Trish And Mark,Christchurch City,Central Ward,-43.53742,172.62051,Entire home/apt,134.0,2,144,2025-03-16,2.17,3,55,10,,2025-03
1230138255006797296,Nestled Above. Serenity & City Views - Sleeps 6,57706373,Brendon,Christchurch City,Cashmere Ward,-43.57185,172.6265,Entire home/apt,165.0,2,10,2025-10-07,1.03,3,334,10,,2025-10
786283622664084276,Addington Delight - Christchurch Holiday Home,145244100,Bachcare,Christchurch City,Spreydon Ward,-43.54227,172.61467,Entire home/apt,233.0,2,1,2023-02-27,0.03,1547,361,0,,2023-02
51541253,ETHOS Studio Unit,209848843,Kim,Christchurch City,Cashmere Ward,-43.55722,172.63489,Entire home/apt,95.0,1,24,2025-10-02,0.49,2,344,2,,2025-10
725681410668957532,Hidden gem - 3 bedroom house in Christchurch,14392677,Susanne,Christchurch City,Cashmere Ward,-43.56066,172.63147,Entire home/apt,205.0,21,12,2025-09-01,0.37,1,209,5,,2025-09
1305957289564493331,Perfect Pair: 2 Homes Together,172091254,Liron,Christchurch City,Cashmere Ward,-43.5693419781285,172.64033275623467,Entire home/apt,547.0,1,0,,,2,360,0,,
40976073,6min to CBD / Private & Quiet Affordable Apartment,133886406,Nicole,Christchurch City,Heathcote Ward,-43.5515,172.64376,Entire home/apt,86.0,4,17,2024-08-21,0.24,2,85,0,,2024-08
21913607,Apartment in tranquil surroundings,159886085,Clare,Christchurch City,Cashmere Ward,-43.569,172.63509,Entire home/apt,160.0,2,80,2025-02-28,0.84,1,119,2,,2025-02
1064160786159072795,Private Studio close to City,19922397,Victoria,Christchurch City,Central Ward,-43.52429,172.66945,Entire home/apt,90.0,1,95,2025-09-28,4.57,1,115,59,,2025-09
1380685972508119484,Modern Studio Retreat â¢ Prime City Fringe Location,551181197,Paula Kat Charlotte,Christchurch City,Central Ward,-43.5371788,172.6478091,Entire home/apt,105.0,1,14,2025-09-27,2.14,146,352,14,,2025-09
1039933937119518835,Elegant City Suite 2Bedrooms,542186568,Sharon,Christchurch City,Heathcote Ward,-43.55184,172.63535,Entire home/apt,142.0,1,54,2025-07-05,2.41,13,4,18,,2025-07
10282667,Brickledown Cottage in Central location......,52886843,Jo,Christchurch City,Central Ward,-43.53154,172.65214,Entire home/apt,210.0,2,413,2025-10-05,3.5,1,207,48,,2025-10
1314754774991742221,"3 bedrooms, 3 beds, near airport",156501841,Kathryn,Christchurch City,Fendalton Ward,-43.5063142662141,172.5931911008776,Entire home/apt,117.0,5,6,2025-07-07,0.79,1,191,6,,2025-07
1021354809179976239,Deluxe Downtown Residence 3Bed 3Bath,542186568,Sharon,Christchurch City,Heathcote Ward,-43.55222,172.63545,Entire home/apt,121.0,1,104,2025-09-22,4.64,13,221,50,,2025-09
783422501515727269,NEW Studio 1 Bed/ 1 bath/ kit/living,103297640,Alana,Christchurch City,Heathcote Ward,-43.54928538378406,172.62830693274736,Entire home/apt,92.0,2,79,2025-09-21,2.42,1,70,36,,2025-09
15423628,A Slice of Paradise in the City,98854449,Marisa,Christchurch City,Cashmere Ward,-43.5623,172.63601,Entire home/apt,153.0,1,258,2025-10-01,2.37,1,15,30,,2025-10
1249605370618808112,Cozy Family Haven by Waltham Pool,482671075,Paula Corinne,Christchurch City,Heathcote Ward,-43.551815188546925,172.64721620218364,Entire home/apt,188.0,1,15,2025-09-11,1.31,124,249,15,,2025-09
1311170538079907859,Leitch Cottage with carpark,551181197,Paula Kat Charlotte,Christchurch City,Cashmere Ward,-43.5561883,172.6313089,Entire home/apt,156.0,1,9,2025-09-01,1.06,146,231,9,,2025-09
1136634151113125967,Home Away - earlier check in and FREE Netflix,569637160,Mary,Christchurch City,Central Ward,-43.53067,172.65153,Entire home/apt,94.0,2,128,2025-10-05,7.36,1,226,87,,2025-10
598059886262240815,"Cottage Charm Adorable, Cute with Outdoor Bath",301867,Rebecca,Christchurch City,Cashmere Ward,-43.56375,172.64411,Entire home/apt,124.0,2,55,2025-10-05,1.56,1,350,14,,2025-10
1511952993560396392,3 Bedroom Home With Garage & Extra Car Park,551181197,Paula Kat Charlotte,Christchurch City,Heathcote Ward,-43.55252810475549,172.64248964826388,Entire home/apt,208.0,1,0,,,146,270,0,,
1354723020592370906,City Getaway,667367829,Zinzan,Christchurch City,Heathcote Ward,-43.55106814896196,172.64306685323382,Entire home/apt,149.0,2,6,2025-09-23,0.78,1,248,6,,2025-09
1287546499619649321,Brand-new luxury home offering superior living!,566822288,Rameez,Christchurch City,Halswell Ward,-43.575252,172.5854578,Entire home/apt,844.0,2,10,2025-07-10,0.96,5,0,10,,2025-07
1225489971042916547,Apartment with great Views -Near Christchurch City,170103780,Nadia,Christchurch City,Cashmere Ward,-43.56541,172.64997,Entire home/apt,108.0,1,50,2025-10-02,4.13,1,282,50,,2025-10
759552267420317426,"Hop, Skip, Jump to the city !",41237555,Hayden Jones,Christchurch City,Linwood Ward,-43.54412,172.66815,Entire home/apt,121.0,1,122,2025-09-03,3.89,1,113,25,,2025-09
1271408285770853501,Dyers pass house,25373256,Wayne,Christchurch City,Cashmere Ward,-43.57145959050328,172.6309416882019,Entire home/apt,420.0,2,11,2025-09-27,1.0,3,264,11,,2025-09
38240947,Central located with access to hills and river,145249178,Nicole,Christchurch City,Cashmere Ward,-43.56478,172.62806,Entire home/apt,116.0,4,4,2024-01-05,0.06,1,7,0,,2024-01
5040124,3 Bedroom Home - Central Location,26021220,Rosanna,Christchurch City,Cashmere Ward,-43.55625,172.62941,Entire home/apt,148.0,5,160,2025-04-21,1.23,1,153,1,,2025-04
1052547623341395950,"Cosy, Low-Tox, Unplugged, Sydenham Sanctuary",65959940,Terra-Lynn,Christchurch City,Heathcote Ward,-43.55233,172.6437,Entire home/apt,162.0,3,3,2024-02-11,0.15,1,172,0,,2024-02
43582497,LyLo Ensuite Family Room,368461906,Alexandria,Christchurch City,Harewood Ward,-43.48946,172.54867,Private room,365.0,1,8,2025-07-27,0.24,16,364,3,,2025-07
1448847290224518170,Fresh self contained mini-apartment,174631612,Louise,Christchurch City,Heathcote Ward,-43.54671623715805,172.64879741265656,Entire home/apt,83.0,1,3,2025-10-05,2.73,1,155,3,,2025-10
19812732,Prestigious Country stay  10ks from CBD,139965217,Sharyn,Christchurch City,Halswell Ward,-43.60153,172.57083,Entire home/apt,150.0,2,214,2025-01-12,2.18,1,26,4,,2025-01
1271263818134927460,Dyers retreat,25373256,Wayne,Christchurch City,Cashmere Ward,-43.57012012167574,172.62963602124898,Entire home/apt,185.0,2,0,,,3,275,0,,
1498899890146395487,CBD Urban Oasis Family Retreat By Stadium!5 Beds!,49642171,Xihang,Christchurch City,Central Ward,-43.53408173114528,172.64894854277372,Entire home/apt,154.0,1,4,2025-10-02,3.64,88,317,4,,2025-10
717065966071440477,Lovely relaxing warm and quiet 2 bedroom house,479728303,Russell,Christchurch City,Heathcote Ward,-43.56385,172.66416,Entire home/apt,187.0,1,114,2025-07-11,3.08,1,321,30,,2025-07
1338635629904867650,The Ultimate 4-Bedroom City Escape,482671075,Paula Corinne,Christchurch City,Central Ward,-43.5278212,172.6500305,Entire home/apt,390.0,1,23,2025-09-20,2.99,124,187,23,,2025-09
1514679136885398717,Double Room with Private Bathroom,78554472,James,Christchurch City,Hornby Ward,-43.53373,172.56084,Private room,103.0,1,0,,,2,87,0,,
1093850824505056440,A luxurious Retreat Sleeps 6,45768555,Lexia Margaret,Christchurch City,Central Ward,-43.5276,172.64923,Entire home/apt,232.0,1,81,2025-09-23,4.26,60,295,48,,2025-09
1139414867326850303,Heart of Russley,573384782,Tracey,Christchurch City,Waimairi Ward,-43.51919,172.5393,Entire home/apt,90.0,1,86,2025-08-04,4.93,1,20,71,,2025-08
1069093779086670816,Waimairi Road - Handy to University,24205506,Karen Louise,Christchurch City,Waimairi Ward,-43.5098,172.57225,Entire home/apt,288.0,5,5,2025-08-18,0.24,77,185,2,,2025-08
1144725724909205028,Fitzgerald Focus - Your 1BR Urban Oasis,202585247,Ohana,Christchurch City,Central Ward,-43.53344,172.65043,Entire home/apt,80.0,1,56,2025-09-30,3.43,121,60,44,,2025-09
37888028,Sunny Art Deco home in St Martins by the hills,3820595,David,Christchurch City,Cashmere Ward,-43.55875,172.6571,Entire home/apt,122.0,2,72,2025-08-23,0.97,1,44,19,,2025-08
22509016,Comfortable stay with comforting view,42103536,Tia,Christchurch City,Hornby Ward,-43.52673,172.52733,Entire home/apt,198.0,1,26,2025-09-29,0.3,1,151,6,,2025-09
24412641,â â Gorgeous Hideout | Close to Everything â â,184309020,Jason,Christchurch City,Papanui Ward,-43.50031,172.60903,Entire home/apt,125.0,10,21,2019-12-25,0.24,1,72,0,,2019-12
53265752,New State Of The Art Sunny Warm free Park,45768555,Lexia Margaret,Christchurch City,Central Ward,-43.51813,172.64443,Entire home/apt,133.0,1,144,2025-06-03,3.1,60,261,7,,2025-06
1517703385123849125,Cosy Central Getaway with Free Parking,32562895,Tehila,Christchurch City,Central Ward,-43.53165070000001,172.6600024,Entire home/apt,126.0,1,0,,,1,276,0,,
681327249544331373,"Spacious Home close to City, With Free Parking",682808597,Devon,Christchurch City,Heathcote Ward,-43.5530913,172.6491671,Entire home/apt,266.0,1,179,2025-09-06,4.75,22,266,69,,2025-09
1298017081029810523,Cosy home 3BR close to UC,542186568,Sharon,Christchurch City,Fendalton Ward,-43.5207314,172.5849414,Entire home/apt,117.0,1,59,2025-09-21,6.63,13,21,59,,2025-09
34631544,"Hidden Gem â Christchurch City, Breakfast â",74398185,Rob,Christchurch City,Innes Ward,-43.51218,172.6325,Entire home/apt,298.0,1,57,2025-08-23,0.8,4,294,9,,2025-08
1385047547585617093,Bright and Spacious 2BR near Ara Institute and CBD,551181197,Paula Kat Charlotte,Christchurch City,Linwood Ward,-43.543107,172.6587562,Entire home/apt,162.0,1,15,2025-09-21,2.46,146,260,15,,2025-09
886448992264411578,Modern 1 Bedroom Apartment across from Hagley Park,513669927,Benjamin,Christchurch City,Central Ward,-43.53923,172.61826,Entire home/apt,135.0,2,31,2024-11-18,1.06,2,44,1,,2024-11
822548955530298991,The City Sanctuary,202585247,Ohana,Christchurch City,Central Ward,-43.5366847,172.6407056,Entire home/apt,161.0,1,201,2025-10-03,6.22,121,75,68,,2025-10
1327762382777493350,Grand 6BR Escape Steps from Christchurchâs Best,482671075,Paula Corinne,Christchurch City,Central Ward,-43.53346,172.6496,Entire home/apt,451.0,1,15,2025-09-13,2.17,124,178,15,,2025-09
1416395046569655426,Stylish and Lush CBD Studio,331763232,Benjamin Dearden,Christchurch City,Central Ward,-43.536886882568105,172.64279081939355,Entire home/apt,114.0,1,10,2025-09-18,1.96,96,149,10,,2025-09
816229147432681196,Glamorous 2 Bed CBD Townhouse with King Bed,482671075,Paula Corinne,Christchurch City,Central Ward,-43.53712,172.64004,Entire home/apt,193.0,1,85,2025-09-28,2.63,124,236,23,,2025-09
1403401096672837133,Fun-Filled Sports 2BR | Golf & Arcade,59249793,Philip,Christchurch City,Fendalton Ward,-43.51549530029297,172.6146240234375,Entire home/apt,125.0,1,16,2025-10-01,4.85,7,20,16,,2025-10
40327816,Stylish apartment in historic Edwardian building.,117503447,Liliana,Christchurch City,Central Ward,-43.53749,172.63725,Entire home/apt,220.0,2,186,2025-09-18,2.67,2,327,40,,2025-09
804516858244645413,Redwood Accommodation.,495295655,Michelle,Christchurch City,Papanui Ward,-43.472287,172.6194946,Entire home/apt,96.0,1,138,2025-09-18,4.16,1,208,44,,2025-09
1472749928681109311,Central Crossing - Christchurch Holiday Home,145244100,Bachcare,Christchurch City,Central Ward,-43.5386710137964,172.64119229498328,Entire home/apt,178.0,2,0,,,1547,365,0,,
1288589105012850165,Stylish Studio In the City Centre,551181197,Paula Kat Charlotte,Christchurch City,Central Ward,-43.5390343,172.6352557,Entire home/apt,126.0,1,32,2025-09-01,3.01,146,62,32,,2025-09
1296840520310658947,"Single Level, Studio Retreat, in Bath Street",482671075,Paula Corinne,Christchurch City,Central Ward,-43.53830024146921,172.63544431122506,Entire home/apt,139.0,1,49,2025-09-27,4.67,124,87,49,,2025-09
1492454603995806529,Urban Utopia 2 Bedroom Retreat,551181197,Paula Kat Charlotte,Christchurch City,Central Ward,-43.536187,172.6353027,Entire home/apt,202.0,1,3,2025-09-21,2.5,146,260,3,,2025-09
1311108463025861056,City Center Sanctuary - 2BR with Carpark,551181197,Paula Kat Charlotte,Christchurch City,Central Ward,-43.5374563,172.6387642,Entire home/apt,203.0,1,25,2025-09-29,2.64,146,229,25,,2025-09
885008300585910921,Cozy 3-Bedroom near Hagley Park w/Garage,482671075,Paula Corinne,Christchurch City,Spreydon Ward,-43.54286829999999,172.6127631,Entire home/apt,207.0,1,132,2025-10-02,4.49,124,243,33,,2025-10
1429208466166890718,Cosy Central City Studio,331763232,Benjamin Dearden,Christchurch City,Central Ward,-43.53818,172.64732,Entire home/apt,115.0,2,1,2025-07-07,0.32,96,192,1,,2025-07
1429497093132099301,"Sunny Garden Retreat â Near Mall, City & Airport",697585226,Zhaohua,Christchurch City,Papanui Ward,-43.49718502674914,172.60110774422316,Entire home/apt,154.0,2,6,2025-10-02,1.65,1,45,6,,2025-10
789342390301273709,1 Bed Comfort in the Heart of CHCH,482671075,Paula Corinne,Christchurch City,Central Ward,-43.5366847,172.6407056,Entire home/apt,144.0,1,177,2025-10-03,5.27,124,166,36,,2025-10
1019933651286937892,Room in Christchurch,545508277,Dan,Christchurch City,Waimairi Ward,-43.52359800101534,172.54662434768193,Private room,75.0,1,34,2025-02-14,1.49,2,118,3,,2025-02
1440169824212203347,Lovely Christchurch 1BR Home,331763232,Benjamin Dearden,Christchurch City,Papanui Ward,-43.4918,172.61514,Entire home/apt,135.0,2,0,,,96,291,0,,
836380212672949081,Free Parking! Modern townhouse on Welles St,134816915,Alyssia&Frank,Christchurch City,Central Ward,-43.537026867475085,172.63850636780262,Entire home/apt,166.0,1,85,2025-09-19,2.68,1,197,24,,2025-09
1518892671158722539,Central City Apartment with a View,92664364,Francis,Christchurch City,Central Ward,-43.5370293,172.6385295,Entire home/apt,190.0,1,0,,,1,353,0,,
1298822726666562211,Relax Central City Studio South City Mall,482671075,Paula Corinne,Christchurch City,Central Ward,-43.53920103581007,172.63554088413088,Entire home/apt,138.0,1,42,2025-09-14,4.3,124,328,42,,2025-09
1089973018895629280,Family Haven - mins from airport,561736486,Jessica,Christchurch City,Papanui Ward,-43.49232,172.59881,Entire home/apt,270.0,3,1,2024-10-03,0.08,1,280,0,,2024-10
1156686128249402978,Central 2-BR Townhouse w/ Free Carpark,482671075,Paula Corinne,Christchurch City,Central Ward,-43.53406,172.6417,Entire home/apt,213.0,1,44,2025-09-14,2.68,124,251,35,,2025-09
1409638315797808430,Åtautahi CHC â¢Walk to Town â¢Free Parking â¢KING Bed,598854641,Mohd Ner Hanif,Christchurch City,Central Ward,-43.537523,172.6384522,Entire home/apt,175.0,1,21,2025-10-04,4.6,3,25,21,,2025-10
29661813,Nestle Studio/CDB/Brand New/ChCh CDB,56790664,Yan,Christchurch City,Central Ward,-43.5361789,172.6353027,Entire home/apt,91.0,1,59,2025-08-27,2.81,5,240,21,,2025-08
46265578,"Sky Window Studio, City Center NO CLEANING FEE !!",370484539,Colombo Lodge,Christchurch City,Central Ward,-43.54259,172.63797,Entire home/apt,181.0,1,352,2025-08-13,5.96,5,365,9,,2025-08
971971261050524910,Heart of the CBD 2Bdrms 2Bthrms secure park,45768555,Lexia Margaret,Christchurch City,Central Ward,-43.5354782,172.6351277,Entire home/apt,192.0,1,77,2025-07-09,3.04,60,245,24,,2025-07
1461365209186500953,Modern & Spacious â Right in Central CHCH | Unit 3,573419952,Bruce,Christchurch City,Central Ward,-43.52998,172.64793,Entire home/apt,240.0,1,5,2025-09-27,2.78,8,267,5,,2025-09
46300458,City Centre*3Bdr*4Beds*2.5 Bath*Carpark*Wkly Disc.,45768555,Lexia Margaret,Christchurch City,Central Ward,-43.53412,172.64153,Entire home/apt,205.0,2,253,2025-09-30,4.27,60,57,53,,2025-09
46270093,Kitchenette Studio City Center NO CLEANING FEE !!!,370484539,Colombo Lodge,Christchurch City,Central Ward,-43.54301,172.6382,Entire home/apt,202.0,1,54,2024-02-25,0.91,5,357,0,,2024-02
1004535439762953971,St Martins: by the port hills,191584754,Kathryn,Christchurch City,Cashmere Ward,-43.5556,172.65391,Entire home/apt,90.0,1,42,2025-05-31,1.82,2,176,20,,2025-05
1075697762942486211,CBD Luxury Apartment Free Parking Stunning Views,45768555,Lexia Margaret,Christchurch City,Central Ward,-43.53508,172.63488,Entire home/apt,196.0,1,46,2025-09-14,2.25,60,195,32,,2025-09
1365573510524976081,Cozy 1BR Home in the Heart of Ferry Road,331763232,Benjamin Dearden,Christchurch City,Central Ward,-43.536622578409016,172.6467273316099,Entire home/apt,101.0,2,3,2025-04-02,0.43,96,173,3,,2025-04
1339335937159641823,CBD stylish Brand New Sunny 2Bdrm 2Bth Sleeps 5,405696330,Sasha,Christchurch City,Central Ward,-43.5366847,172.6407056,Entire home/apt,162.0,1,8,2025-09-24,1.01,1,116,8,,2025-09
612700216261116966,Peaceful City Cottage & Hot Tub,202585247,Ohana,Christchurch City,Central Ward,-43.52005386352539,172.65318298339844,Entire home/apt,127.0,1,340,2025-10-04,8.1,121,137,68,,2025-10
848088385807549576,Inner city retreat.,367122252,Dane,Christchurch City,Spreydon Ward,-43.54245,172.61247,Entire home/apt,105.0,4,47,2025-07-08,1.59,1,148,11,,2025-07
39559017,Self Contained Unit 18,98758734,North South Holiday Park,Christchurch City,Harewood Ward,-43.47092,172.56966,Private room,228.0,1,1,2020-12-30,0.02,20,308,0,,2020-12
1380742275186119628,City Haven 1BR Near Ara Institute and CBD,551181197,Paula Kat Charlotte,Christchurch City,Central Ward,-43.5371788,172.6478091,Entire home/apt,124.0,1,8,2025-09-19,1.26,146,311,8,,2025-09
1079503642098413306,* CBD Charm â 5BR Heritage Stay + Free Parking,43367626,Sharon,Christchurch City,Central Ward,-43.5203136,172.650855,Entire home/apt,281.0,1,31,2025-09-22,1.75,12,230,20,,2025-09
1480960631984954098,Stylish Central Townhouse,25089467,MÃ©lissa,Christchurch City,Central Ward,-43.53185890659345,172.64922476997532,Entire home/apt,198.0,1,4,2025-09-28,2.5,1,247,4,,2025-09
1394565084915329210,Phillipstown Nook,24205506,Karen Louise,Christchurch City,Linwood Ward,-43.53801,172.65852,Entire home/apt,164.0,1,2,2025-09-27,0.36,77,326,2,,2025-09
1169986448697106274,"Modern King Studio | Netflix, Disney+ & Parking.",573757538,Harmeet,Christchurch City,Riccarton Ward,-43.53592,172.60157,Entire home/apt,128.0,1,7,2025-10-02,3.75,7,269,7,,2025-10
1414908248791652124,CBD Gem - Studio on Allen Street,331763232,Benjamin Dearden,Christchurch City,Central Ward,-43.5383,172.64273,Entire home/apt,99.0,1,1,2025-09-06,0.91,96,153,1,,2025-09
1299436869218570363,Elegant Studio Living Near City Centre,551181197,Paula Kat Charlotte,Christchurch City,Central Ward,-43.5392668,172.6349548,Entire home/apt,126.0,1,15,2025-09-05,1.44,146,237,15,,2025-09
1048322933496168281,Central City Comfort: 2-Bedroom Stay on St Asaph,331763232,Benjamin Dearden,Christchurch City,Central Ward,-43.5361789,172.6353027,Entire home/apt,168.0,2,76,2025-09-20,3.49,96,39,59,,2025-09
790951969034658492,Entertaining 2 Bed CBD Townhouse By Little High,49642171,Xihang,Christchurch City,Central Ward,-43.5370029,172.6405072,Entire home/apt,149.0,1,136,2025-09-28,4.08,88,250,19,,2025-09
1299045571486563883,Chic Urban Nook â Bath Street Apartment,331763232,Benjamin Dearden,Christchurch City,Central Ward,-43.54011847690983,172.63547652215047,Entire home/apt,103.0,2,11,2025-04-22,1.05,96,70,11,,2025-04
1190928347343321833,Great Deals at New Upmarket Appt,45768555,Lexia Margaret,Christchurch City,Central Ward,-43.53656,172.64898,Entire home/apt,149.0,1,30,2025-07-30,2.0,60,348,23,,2025-07
1184284101992536925,City Central Living at its Best,125757390,Caitlin,Christchurch City,Central Ward,-43.5340835,172.6417548,Entire home/apt,184.0,1,57,2025-09-09,3.73,7,46,46,,2025-09
1175776906036045743,"2 Bed, 2 Bath w Sofa Bed - Great Cafes Nearby",551181197,Paula Kat Charlotte,Christchurch City,Central Ward,-43.53655,172.64746,Entire home/apt,179.0,1,12,2025-08-23,0.77,146,233,7,,2025-08
1440963346593628648,Lovely and Bright CBD Studio,331763232,Benjamin Dearden,Christchurch City,Central Ward,-43.53875,172.6422,Entire home/apt,111.0,2,8,2025-09-24,2.14,96,167,8,,2025-09
1416293586335143284,Bright Corner Unit 1BR CBD Stay,331763232,Benjamin Dearden,Christchurch City,Central Ward,-43.53737242490388,172.64062409307817,Entire home/apt,133.0,2,1,2025-06-16,0.26,96,43,1,,2025-06
1514168353047619331,Elegance on Elmwood,72194360,Breidi,Christchurch City,Fendalton Ward,-43.51158,172.60973,Entire home/apt,540.0,2,0,,,8,106,0,,
1359526658350947237,"Calm city base, breakfast inc,  Easy walk, bus",21397802,Alison,Christchurch City,Central Ward,-43.519411,172.6292454,Private room,144.0,2,4,2025-05-05,0.54,1,50,4,,2025-05
1389673893634123273,New Luxury House in Christchurch,63336990,Tissa,Christchurch City,Innes Ward,-43.47189896048919,172.6438200693115,Entire home/apt,167.0,1,2,2025-04-25,0.34,1,44,2,,2025-04
1304630187712112345,Spacious Serenity near Westfield Mall: 6BR,551181197,Paula Kat Charlotte,Christchurch City,Riccarton Ward,-43.5329889,172.592829,Entire home/apt,472.0,1,21,2025-09-27,2.97,146,132,21,,2025-09
26338334,Strowan Sleepout,198090521,Cassandra,Christchurch City,Fendalton Ward,-43.50696,172.60934,Private room,66.0,1,95,2025-04-20,2.74,1,86,29,,2025-04
19317417,Enchanting Garden House,128288659,Nicola,Christchurch City,Innes Ward,-43.50574,172.64142,Private room,82.0,1,124,2025-10-04,3.76,1,309,17,,2025-10
38607319,Self Contained Studio,294784495,Grant & Ana,Christchurch City,Heathcote Ward,-43.55847,172.67101,Entire home/apt,52.0,2,131,2025-09-24,1.78,1,246,23,,2025-09
994609344001557249,Cosy Retreat with Modern Touch,109294654,Nicki,Christchurch City,Papanui Ward,-43.50264,172.6296,Private room,76.0,2,108,2025-10-04,4.45,1,95,42,,2025-10
1798383,"3 private rooms up to 6 guests, spacious modern.",9431529,Shirley,Christchurch City,Burwood Ward,-43.46923,172.66459,Private room,111.0,2,172,2025-09-28,1.19,2,335,5,,2025-09
51825750,Studio Unit at Northwood Motor Lodge,155296784,Peter,Christchurch City,Harewood Ward,-43.46947,172.57783,Private room,192.0,1,6,2025-02-23,0.28,2,348,2,,2025-02
22570965,One Bedroom Apartment,44728588,Anita Marie,Christchurch City,Papanui Ward,-43.48606,172.61688,Hotel room,199.0,1,3,2022-04-27,0.04,6,325,0,,2022-04
23632488,Redwood Rest,26334225,Raylene,Christchurch City,Papanui Ward,-43.47749,172.62156,Private room,77.0,2,18,2025-02-22,0.26,2,364,1,,2025-02
875311011474501733,Prime location a short stroll to the city/Merivale,64344206,Amie,Christchurch City,Fendalton Ward,-43.51288,172.6246,Entire home/apt,119.0,2,40,2025-08-22,1.57,4,323,10,,2025-08
22556692,Studio Access,44728588,Anita Marie,Christchurch City,Papanui Ward,-43.48675,172.61604,Hotel room,186.0,1,3,2020-01-04,0.03,6,354,0,,2020-01
39559013,Park Motel 3,98758734,North South Holiday Park,Christchurch City,Harewood Ward,-43.47138,172.57044,Private room,239.0,1,2,2020-03-07,0.03,20,270,0,,2020-03
866332460145387164,Private Room Only with Ensuite,12597832,Jd,Christchurch City,Fendalton Ward,-43.51662,172.58431,Private room,60.0,1,34,2025-07-30,1.14,1,29,11,,2025-07
829046467486279709,Cosy Room in Central City,69744267,Emile,Christchurch City,Innes Ward,-43.5172,172.65905,Private room,62.0,1,69,2025-09-06,2.71,2,3,24,,2025-09
1406228984187394141,1BR Apartment | Free Parking | Prime City Location,59249793,Philip,Christchurch City,Central Ward,-43.5333039,172.6584558,Entire home/apt,78.0,3,25,2025-10-02,4.93,7,157,25,,2025-10
1309908775323627321,"Cosy, lovely yard, new (CNZhouse)",55183024,Clark,Christchurch City,Central Ward,-43.52775370000001,172.6497157,Entire home/apt,79.0,1,43,2025-10-03,4.46,3,274,43,,2025-10
1509805518854388079,"Spacious Penthouse Private Wing, Sleeps 6",189822451,Shaun,Christchurch City,Central Ward,-43.5253441,172.6295258,Private room,1852.0,2,0,,,3,9,0,,
1391782120729388881,Contemporary Studio Comfort â Bath Street Unit,331763232,Benjamin Dearden,Christchurch City,Central Ward,-43.53962,172.63417,Entire home/apt,114.0,1,4,2025-09-12,1.24,96,159,4,,2025-09
47803376,Classic Triple Room,270614463,Samuel William,Christchurch City,Central Ward,-43.53155,172.62862,Private room,150.0,1,82,2025-09-17,1.7,14,336,32,,2025-09
1161175939805444097,En-suite Queen Bed - Close to City,148561087,Xuejiao,Christchurch City,Central Ward,-43.54624,172.62257,Private room,88.0,1,48,2025-07-09,2.87,1,3,41,,2025-07
47803282,Female Dormitory,270614463,Samuel William,Christchurch City,Central Ward,-43.53307,172.62848,Private room,65.0,1,32,2025-10-04,0.62,14,339,16,,2025-10
47803049,Classic Twin Room,270614463,Samuel William,Christchurch City,Central Ward,-43.53137,172.62907,Private room,132.0,1,14,2024-12-26,0.32,14,304,2,,2024-12
35468903,Orari Bed & Breakfast - Room 10,258827985,Ashton,Christchurch City,Central Ward,-43.531,172.62977,Hotel room,318.0,1,4,2024-02-26,0.1,10,229,0,,2024-02
35468900,Orari - Room 08,258827985,Ashton,Christchurch City,Central Ward,-43.53,172.63025,Hotel room,294.0,1,6,2025-09-18,0.15,10,195,1,,2025-09
35468902,Orari - Room 9,258827985,Ashton,Christchurch City,Central Ward,-43.53005,172.63042,Hotel room,337.0,1,0,,,10,213,0,,
47814086,Studio Apartment,270614463,Samuel William,Christchurch City,Central Ward,-43.53146,172.62849,Private room,210.0,1,2,2024-02-11,0.05,14,285,0,,2024-02
47813922,2 Bedroom Apartment,270614463,Samuel William,Christchurch City,Central Ward,-43.5334,172.62905,Private room,299.0,1,20,2025-04-22,0.46,14,237,7,,2025-04
8815440,Manor Cottage,39214866,Leah,Christchurch City,Fendalton Ward,-43.50156,172.58867,Entire home/apt,95.0,2,78,2025-04-30,0.65,2,262,4,,2025-04
47802645,Classic Queen Room,270614463,Samuel William,Christchurch City,Central Ward,-43.5315,172.62765,Private room,132.0,1,9,2024-05-14,0.25,14,320,0,,2024-05
1446236746442135108,Audreys Merivale Hideaway,701934466,Sharon,Christchurch City,Fendalton Ward,-43.51699,172.61926,Entire home/apt,266.0,2,0,,,1,246,0,,
22846350,English Manor,166257994,Leanne,Christchurch City,Harewood Ward,-43.46004,172.58813,Entire home/apt,143.0,1,37,2025-02-22,0.4,1,190,1,,2025-02
47769213,1 Bedroom Apartment,270614463,Samuel William,Christchurch City,Central Ward,-43.53335,172.62874,Private room,282.0,1,1,2023-03-14,0.03,14,67,0,,2023-03
1281411573831034460,Urban Retreat: Modern Studio in Central City,56776059,Guadalupe,Christchurch City,Central Ward,-43.53900332179513,172.6356739550829,Entire home/apt,111.0,1,131,2025-10-07,12.28,1,126,131,,2025-10
1503910510847478738,Chic Riccarton Stay with Parking + Outdoor Space,482671075,Paula Corinne,Christchurch City,Riccarton Ward,-43.5370816,172.5992706,Entire home/apt,204.0,1,0,,,124,249,0,,
1521313518979556694,Central Christchurch Studio - Allen Street,331763232,Benjamin Dearden,Christchurch City,Central Ward,-43.5378002,172.6416792,Entire home/apt,115.0,1,0,,,96,317,0,,
1161213044338512029,Bright & Airy on Tuam - 2 Beds Apartment,202585247,Ohana,Christchurch City,Central Ward,-43.535478,172.6351439,Entire home/apt,147.0,1,133,2025-10-01,7.95,121,35,90,,2025-10
1180667042629129011,Central city sunsets - Warm! Modern! Quiet!,482671075,Paula Corinne,Christchurch City,Central Ward,-43.537523,172.6384522,Entire home/apt,268.0,1,49,2025-09-24,3.15,124,285,42,,2025-09
1424846609710116983,Upper floor studio 1 bed 1 bath with sofa bed,482671075,Paula Corinne,Christchurch City,Central Ward,-43.5378002,172.6416792,Entire home/apt,126.0,1,17,2025-09-27,3.75,124,239,17,,2025-09
1395109904560781257,Cozy guesthouse in casebrook,433251428,Donna,Christchurch City,Harewood Ward,-43.47848,172.60247,Entire home/apt,102.0,1,3,2025-08-16,0.51,1,160,3,,2025-08
1051269971528217000,Spacious and Tranquil 4 Bed House Near UC,49642171,Xihang,Christchurch City,Riccarton Ward,-43.5184656,172.5707305,Entire home/apt,211.0,1,45,2025-07-10,2.16,88,133,20,,2025-07
