latitude,longitude,area_code
-43.51148,172.59658,320800
-43.50961,172.65552,325900
-43.82343,172.94643,333300
-43.61889,172.65314,332200
-43.53955,172.60697,325500
-43.51149,172.6254,322200
-43.56982,172.55229,324300
-43.55813,172.72025,332000
-43.46923,172.66459,321301
-43.46900177001953,172.66433715820312,321301
-43.51332,172.5784,320600
-43.62728,172.71872,332901
-43.60411,172.69502,332501
-43.47967543598596,172.61712715029716,319600
-43.5554722,172.6283052,329100
-43.60587407545263,172.6942335116394,332501
-43.60364,172.6954,332501
-43.5739188,172.6530071,331200
-43.5716,172.63094,331300
-43.57061,172.63118,330300
-43.59760284423828,172.7147979736328,332501
-43.52992630004883,172.60997009277344,325200
-43.63553,172.7195,332901
-43.48401,172.56094,317000
-43.7876,172.81902,333100
-43.78759,172.81975,333100
-43.78643,172.81997,333100
-43.60344,172.6901,332501
-43.47764,172.5668,317000
-43.5664,172.73825,332400
-43.60281,172.68887,332501
-43.784,172.90277,333300
-43.55145,172.60179,326900
-43.607941489520215,172.70360517763766,332501
-43.52105,172.62268,323000
-43.7841,172.97777,333300
-43.52628,172.73449,331700
-43.55625,172.62941,329100
-43.57472,172.63431,331300
-43.56124,172.71569,332000
-43.56553,172.7297,332100
-43.78376,172.97608,333300
-43.60187,172.71958,332501
-43.64815,172.8192,333201
-43.82883,172.94328,333400
-43.59799,172.71911,332501
-43.48641586303711,172.58523559570312,317800
-43.47665,172.56715,317000
-43.76285,172.80538,333100
-43.48177,172.58516,317800
-43.53668,172.58282,322700
-43.54546,172.67745,330100
-43.56989,172.75997,332700
-43.50956,172.60341,321400
-43.54077,172.66434,328900
-43.52918,172.73721,331700
-43.57605,172.54686,324501
-43.5309,172.60518,324400
-43.50015,172.58851,319900
-43.5275,172.64771,327000
-43.56867,172.64398,330600
-43.51225,172.73015,330200
-43.51342009222385,172.73116193711758,330200
-43.60461,172.6948,332501
-43.53587,172.66089,328900
-43.58063,172.63356,331300
-43.53458,172.5513,321000
-43.74045,173.09303,333201
-43.48535,172.61728,320501
-43.7999,172.97557,333500
-43.50156,172.58867,319900
-43.53261,172.649,327100
-43.46835,172.59309,317600
-43.5158,172.6248,323900
-43.57386,172.76726,332700
-43.7263,172.78377,333100
-43.51606,172.62546,323900
-43.56566,172.72121,332000
-43.781,172.78958,333100
-43.57696,172.6309,331300
-43.67916,172.65324,332801
-43.520267,172.626251,323000
-43.51817,172.59099,321500
-43.56726,172.74426,332400
-43.53154,172.65214,327901
-43.79935,172.97332,333500
-43.62882,172.7397,332901
-43.56417,172.65503,331200
-43.52647,172.64719,327000
-43.56710052490234,172.6211395263672,329200
-43.56814,172.64783,331200
-43.5271,172.64739,327000
-43.5597,172.66637,331400
-43.57474,172.63415,331300
-43.80068,172.97365,333500
-43.56648,172.75864,332700
-43.51583,172.62082,323000
-43.50298,172.5856,319900
-43.76331,172.80575,333100
-43.55609,172.64138,329700
-43.58115,172.59828,330000
-43.52177,172.60927,322600
-43.60254,172.72462,332501
-43.529441833496094,172.60879516601562,325200
-43.55985,172.73823,332100
-43.49461,172.61691,320900
-43.51502,172.6111,322600
-43.55375,172.64607,329400
-43.48418,172.72136,326000
-43.48857,172.59288,317800
-43.50933,172.63953,323800
-43.49814,172.59603,319900
-43.53618,172.55261,321000
-43.5214,172.62527,324900
-43.52794,172.64569,327000
-43.5928,172.5476,324502
-43.55922,172.73756,332100
-43.57067,172.63086,330300
-43.58153380742747,172.757066660864,332700
-43.78468,172.98529,333300
-43.55942,172.61579,328200
-43.51453,172.65018,325302
-43.51567,172.64604,325302
-43.55469,172.59022,325000
-43.55765,172.65673,330800
-43.51330185,172.6190033,323000
-43.50495,172.59409,320800
-43.57261,172.63826,331300
-43.54343,172.6181,327400
-43.51819,172.61528,323000
-43.60556,172.69062,332501
-43.57454,172.6285,330300
-43.60444,172.69045,332501
-43.50208,172.71265,328300
-43.55406,172.69765,331801
-43.53119,172.63981,327000
-43.53095,172.62868,325700
-43.531864,172.605331,324400
-43.52303,172.60494,322600
-43.5166,172.55643,319500
-43.51464,172.64726,325302
-43.54321,172.68812,331100
-43.52543,172.64527,327000
-43.76857,172.79229,333100
-43.51377,172.62507,323900
-43.75784,172.91221,333300
-43.49113,172.59717,319400
-43.4962,172.65997,323400
-43.76101,172.79675,333100
-43.51437377929688,172.62033081054688,323000
-43.54337,172.66765,330100
-43.53455,172.66597,328900
-43.57053,172.72278,332100
-43.57138,172.72156,332000
-43.520057678222656,172.64767456054688,325302
-43.53098,172.60669,324400
-43.56741,172.74499,332400
-43.56204,172.61723,329200
-43.5623,172.63601,330300
-43.56923,172.63571,331300
-43.51865,172.63628,324800
-43.50932,172.63326,323800
-43.52648,172.60572,323200
-43.58421767066455,172.58212228465575,329002
-43.78824,172.81892,333100
-43.50506,172.56618,318300
-43.52628,172.60875,323200
-43.50909,172.65481,325900
-43.52408,172.63208,325800
-43.62637,172.72101,332901
-43.55268,172.62263,327600
-43.57538,172.6525,331200
-43.56828,172.75776,332700
-43.80556,172.99072,333300
-43.5146,172.62347,323000
-43.6026,172.71657,332501
-43.57687,172.76256,332700
-43.5146,172.64437,325302
-43.51004,172.57445,319200
-43.51354,172.5774,320600
-43.50971,172.65454,325900
-43.51354,172.57738,320600
-43.57302,172.7554,332400
-43.54827,172.67983,331100
-43.52779,172.64685,327000
-43.51142883300781,172.62551879882812,322200
-43.51944,172.56245,319500
-43.78659,172.9838,333300
-43.54882,172.68041,331100
-43.60284,172.72009,332501
-43.52857,172.63187,325700
-43.64286,172.74139,332801
-43.51536,172.6528,325900
-43.73498,172.82845,333100
-43.50854,172.63388,323800
-43.5103,172.62456,322200
-43.5158,172.66294,325900
-43.52403,172.63203,325800
-43.56535,172.71674,332000
-43.50051,172.68127,325601
-43.57946,172.76543,332700
-43.5023,172.43362,316500
-43.54489,172.65486,328800
-43.80356,172.99224,333300
-43.52676,172.55393,321000
-43.51461,172.65253,325900
-43.56852,172.64308,330600
-43.57141,172.54318,324501
-43.52285,172.63149,325800
-43.74381,172.85396,333100
-43.4363,172.66778,317201
-43.47903,172.58386,317800
-43.51233,172.59935,321500
-43.51817,172.54182,317701
-43.55464,172.64506,329700
-43.52263,172.65459,326800
-43.52988,172.58196,321800
-43.53148,172.58209,322700
-43.54962,172.60355,326900
-43.54991,172.65205,329900
-43.53055,172.63852,326600
-43.46262,172.59438,316800
-43.50107,172.56246,318300
-43.500576,172.561295,318300
-43.72316,172.71741,333100
-43.50092,172.6215,322200
-43.4713,172.62645,318600
-43.57359,172.75569,332400
-43.67506,173.01616,333201
-43.52952,172.63951,326600
-43.51804,172.58487,320600
-43.51984,172.62534,323000
-43.53199,172.64397,327000
-43.50574,172.64142,323100
-43.52489,172.63005,325700
-43.57225,172.7726,332700
-43.53905,172.74399,331700
-43.53118,172.64377,327000
-43.60153,172.57083,329001
-43.53266,172.53843,319800
-43.51784,172.65733,326800
-43.51605,172.62365,323000
-43.7817,172.79195,333100
-43.50211,172.55357,318501
-43.46646,172.58437,317000
-43.49366,172.56739,318300
-43.548,172.7459,331700
-43.57083,172.65511,331200
-43.54802,172.64331,329400
-43.54439,172.61301,326100
-43.64529,172.70996,332901
-43.55663,172.58995,326701
-43.57383,172.63483,331300
-43.57257,172.63441,331300
-43.56405,172.72342,332000
-43.51167,172.6359,323800
-43.6254997253418,172.7392120361328,332901
-43.53299406902957,172.65004228941075,327100
-43.52336,172.63215,325800
-43.51312,172.61856,323000
-43.48134231567383,172.72076416015625,326000
-43.56367,172.66984,331400
-43.47928,172.58117,317800
-43.5339,172.74123,331700
-43.56474,172.64401,330600
-43.59786,172.72718,332501
-43.54193,172.60707,326100
-43.71518,172.8968,333201
-43.55957,172.6702,331400
-43.83113,172.94567,333300
-43.83186,172.90221,333300
-43.48136,172.56753,317000
-43.569,172.63509,331300
-43.81208,172.89129,333300
-43.62999,172.73077,332901
-43.5420367,172.6694475,330100
-43.5015,172.58418,319200
-43.56824,172.62874,330300
-43.485,172.61692,320501
-43.53122251169707,172.6098010316491,325200
-43.51234,172.6256,323900
-43.62736,172.72487,332901
-43.5615,172.60208,327700
-43.5526632,172.642893,329700
-43.60442,172.68787,332501
-43.52673,172.52733,318700
-43.50357,172.63884,323100
-43.48675,172.61604,320501
-43.48606,172.61688,320501
-43.48509,172.61774,320501
-43.48523,172.61557,320501
-43.53723,172.57834,322700
-43.50081,172.58361,319200
-43.49745,172.5632,318300
-43.53162,172.63783,326600
-43.5671872,172.7162891,332000
-43.53248,172.64463,327100
-43.52339,172.63,325700
-43.4771,172.5824,317000
-43.46004,172.58813,316800
-43.61911,172.64747,332200
-43.80869,172.97298,333500
-43.47105,172.69943,323700
-43.5056,172.64269,323100
-43.71427,172.89668,333201
-43.51782,172.57334,320700
-43.52916,172.64957,327000
-43.4995527,172.5654651,318300
-43.56068,172.72159,332000
-43.46435,172.59099,316800
-43.50787,172.67362,326500
-43.52778,172.66296,327902
-43.80930709838867,172.9618377685547,333500
-43.67181,172.78756,333201
-43.49479,172.61027,320900
-43.47749,172.62156,319600
-43.56973,172.73972,332400
-43.57798,172.62071,330300
-43.58216,172.57284,327301
-43.51191,172.577,320600
-43.57639,172.74771,332400
-43.50162,172.57375,319200
-43.50683,172.56675,318300
-43.55866,172.67018,331400
-43.53576525534641,172.63767358255618,326600
-43.5358197,172.6354849,326600
-43.52217,172.6269,325700
-43.80844,172.96245,333400
-43.80903,172.96288,333500
-43.80896,172.96283,333500
-43.60685,172.70377,332501
-43.5062,172.6222,322200
-43.50031,172.60903,320100
-43.57023,172.746,332400
-43.49364,172.60034,320100
-43.57355,172.71798,331900
-43.52637,172.62975,325700
-43.57778,172.76355,332700
-43.50407,172.59607,320800
-43.535,172.60973,325200
-43.52835774077717,172.61179970185245,323200
-43.47716,172.71811,326000
-43.80798,172.97337,333500
-43.5516803,172.638343,329700
-43.52277,172.62693,325700
-43.51062,172.61792,323000
-43.81195,172.96162,333500
-43.52903,172.66293,327902
-43.52353,172.63615,325800
-43.8061,172.97092,333500
-43.47943,172.67865,324001
-43.51215,172.6316,323900
-43.56871,172.74903,332400
-43.50696,172.60934,321400
-43.56201,172.73815,332100
-43.5567,172.6686,331400
-43.80371,172.98709,333300
-43.52452,172.63319,325700
-43.60421,172.69076,332501
-43.53136,172.60573,324400
-43.532,172.60596,324400
-43.55603,172.59006,325000
-43.57541,172.72647,332000
-43.53112,172.63803,326600
-43.51619,172.63945,324800
-43.5709,172.63623,331300
-43.53357,172.60372,324400
-43.80009,172.9721,333500
-43.4788,172.71784,326000
-43.55161,172.55743,322500
-43.52414,172.66494,327800
-43.57967,172.61018,330000
-43.5359512,172.6485488,327100
-43.5360637,172.6485723,327100
-43.52895,172.63076,325700
-43.51655,172.59063,320600
-43.48302,172.7214,326000
-43.52795,172.6289,325700
-43.57627,172.76412,332700
-43.4818,172.58161,317800
-43.50974,172.60462,321400
-43.54827,172.67828,331000
-43.79323,172.97018,333300
-43.55147,172.55779,322500
-43.54844,172.63988,329400
-43.45472,172.6245,316900
-43.51598,172.63206,323900
-43.75832,172.91413,333300
-43.75799,172.91219,333300
-43.80889893,172.96299744,333500
-43.52178,172.53565,318700
-43.52174,172.53386,318700
-43.81559,172.95986,333300
-43.81583404541016,172.96060180664062,333500
-43.52044,172.53391,318700
-43.49304,172.56933,317501
-43.52201,172.62124,323000
-43.53239,172.67073,327902
-43.521137,172.647675,325800
-43.81305,172.96555,333500
-43.55471,172.62898,329100
-43.52822,172.65269,327901
-43.45138,172.62817,316900
-43.51096,172.6328,323800
-43.5599,172.63238,329100
-43.56291,172.65158,331200
-43.47995,172.67498,321302
-43.64191,172.63812,332801
-43.53606,172.60521,324400
-43.49583,172.56887,318300
-43.52034,172.54638,319700
-43.5361789,172.6353027,326600
-43.51245,172.59908,321500
-43.58103,172.56186,328001
-43.81466,172.96103,333500
-43.5121355,172.6341847,323800
-43.51265,172.63297,323800
-43.48384,172.72264,326000
-43.5709,172.64482,331200
-43.48222,172.72223,326000
-43.48788,172.72119,327200
-43.57952,172.57556,327301
-43.52169,172.50432,316600
-43.56052,172.54602,322900
-43.5534,172.6747,331000
-43.63065,172.72596,332901
-43.52067,172.6203,323000
-43.50883,172.5769,320600
-43.5669,172.6108,329500
-43.62753,172.73202,332901
-43.55578,172.7518,331700
-43.53386,172.61037,325200
-43.50095,172.71318,328300
-43.50148,172.62932,322100
-43.5045,172.69422,327500
-43.51929,172.59158,322400
-43.51423,172.60978,322600
-43.54658,172.64623,328100
-43.57584,172.75861,332700
-43.546379,172.646439,328100
-43.76781,172.79302,333100
-43.52222,172.61959,323000
-43.57434,172.76768,332700
-43.57565,172.76431,332700
-43.52802,172.60085,323200
-43.53459,172.53118,320400
-43.5178,172.6268,323900
-43.58021,172.7757,332700
-43.5797582,172.7752207,332700
-43.48196,172.59494,317900
-43.53134,172.58614,322700
-43.53828,172.67245,330100
-43.55486,172.61644,327600
-43.53001,172.73733,331700
-43.79172,172.82681,333100
-43.50004,172.71521,328300
-43.52978,172.58231,321800
-43.52678,172.64735,327000
-43.5587,172.58159,325000
-43.49432,172.72457,327200
-43.5300407409668,172.64346313476562,327000
-43.51147,172.54075,318901
-43.55635,172.63504,329100
-43.81904,172.90317,333300
-43.55258,172.47425,318100
-43.50461,172.56226,318300
-43.57413,172.76723,332700
-43.49157,172.5692,317501
-43.47603,172.6092,317900
-43.51108,172.55383,318901
-43.52897,172.6426,327000
-43.52997,172.64598,327000
-43.53163,172.60952,325200
-43.56702,172.66383,331400
-43.47825,172.6721,321302
-43.53972,172.61871,327100
-43.80233,172.97131,333500
-43.78688,172.82108,333100
-43.51576908491404,172.6549992339138,325900
-43.81222,172.90329,333300
-43.57971,172.6377,331300
-43.80128,172.97057,333500
-43.80634,172.97249,333500
-43.52829,172.64195,327000
-43.50422,172.56064,318501
-43.52681350708008,172.63978576660156,325800
-43.52472,172.63918,325800
-43.510505083014834,172.60724790394306,321400
-43.51218,172.6325,323800
-43.52053,172.69647,330700
-43.52759,172.63683,326600
-43.5255,172.64435,325800
-43.64877,172.70757,332901
-43.53418,172.56,321000
-43.53059,172.63005,325700
-43.52999,172.63034,325700
-43.53,172.63007,325700
-43.53001,172.63001,325700
-43.53007,172.6302,325700
-43.53,172.63025,325700
-43.53005,172.63042,325700
-43.531,172.62977,325700
-43.53009,172.63005,325700
-43.49749,172.57014,318300
-43.4951461,172.6878224,325601
-43.5319,172.58115,322700
-43.80863,172.96231,333400
-43.81013,172.96066,333400
-43.81011,172.96229,333500
-43.81028,172.96134,333500
-43.53151,172.53955,319800
-43.5298,172.58123,321800
-43.50705,172.72386,330200
-43.56683,172.5591,325400
-43.51146,172.56463,320200
-43.80519,172.96649,333500
-43.52399,172.63091,325700
-43.5205078125,172.641845703125,324800
-43.52061,172.64188,324800
-43.52051,172.64185,324800
-43.57989,172.63734,331300
-43.53822,172.61871,324900
-43.79345,172.83375,333100
-43.80857,172.96068,333400
-43.79316,172.96854,333300
-43.4721,172.70434,323700
-43.78801,172.9065,333300
-43.52172,172.63711,325800
-43.8071,172.9702,333500
-43.80517,172.97061,333500
-43.80664,172.9707,333500
-43.54071,172.61797,326400
-43.49107,172.63497,321701
-43.81015,172.96075,333400
-43.52633,172.64021,325800
-43.55875,172.6571,330800
-43.62664,172.7414,332901
-43.4754,172.70761,325100
-43.52665,172.64123,325800
-43.55475,172.60642,326900
-43.53644,172.58957,323300
-43.51843,172.5823,320200
-43.52242,172.65902,326800
-43.56478,172.62806,329100
-43.55973,172.6455,330600
-43.52712,172.67834,328500
-43.51043,172.55376,318901
-43.55847,172.67101,331400
-43.48234,172.58511,317800
-43.52385,172.63662,325800
-43.60299,172.72141,332501
-43.5639,172.54946,322900
-43.51265,172.62676,323900
-43.50288,172.5951,320800
-43.52509,172.64206,325800
-43.518,172.59404,321500
-43.51721,172.68845,328400
-43.53078,172.57813,321800
-43.80834,172.96417,333500
-43.77746,172.89742,333300
-43.55932,172.56327,324700
-43.564,172.59403,327700
-43.55446,172.65833,330800
-43.78393,172.90976,333300
-43.53885,172.61747,324900
-43.50358,172.58965,319900
-43.73922,172.79493,333100
-43.53267,172.59539,323300
-43.81054,172.97323,333500
-43.518,172.73118,330200
-43.78626,172.80831,333100
-43.52402,172.63867,325800
-43.529762,172.597122,322400
-43.55884,172.55375,322900
-43.56044,172.55462,322900
-43.56069,172.54278,322900
-43.52957,172.64322,327000
-43.51679,172.65761,325900
-43.5183,172.68871,328400
-43.47125,172.56996,316700
-43.47004,172.57088,316700
-43.47117,172.57144,316700
-43.47124,172.56978,316700
-43.47127,172.56978,316700
-43.47165,172.57018,317000
-43.47104,172.56987,316700
-43.47138,172.57044,316700
-43.4694,172.57005,316700
-43.47092,172.56966,316700
-43.56436,172.63044,329100
-43.81713,172.95164,333300
-43.51147,172.63827,323800
-43.52348,172.53364,318700
-43.54111,172.61587,326400
-43.60255,172.72169,332501
-43.60421,172.72299,332501
-43.6043,172.7228,332501
-43.52886,172.63339,325700
-43.577,172.76889,332700
-43.52746,172.73739,331700
-43.52841,172.64482,327000
-43.53028,172.62874,325700
-43.52906,172.6432,327000
-43.60366,172.6936,332501
-43.76103,172.95207,333300
-43.5161,172.62774,323900
-43.52922,172.61152,325200
-43.5761604309082,172.57949829101562,327301
-43.52232,172.6295,325700
-43.53915,172.62152,327100
-43.55499,172.53837,321102
-43.52975,172.63986,327000
-43.50331759588552,172.58236443877755,319200
-43.47103,172.57169,316700
-43.47002,172.57088,316700
-43.53932189941406,172.6201171875,327100
-43.53952,172.62106,327100
-43.47029,172.57093,316700
-43.53636,172.66097,328900
-43.52109,172.64059,325800
-43.79912,172.97038,333500
-43.78569,172.80933,333100
-43.56838,172.64721,331200
-43.53749,172.63725,327100
-43.52753,172.64305,327000
-43.52007,172.58993,320600
-43.552921,172.669952,331000
-43.60236,172.70845,332501
-43.53464,172.63112,325700
-43.53487,172.60127,324400
-43.53641,172.64227,327100
-43.53661,172.63883,327100
-43.53476,172.64225,326600
-43.54023,172.61128,325500
-43.56947,172.64111,330600
-43.53413,172.6304,325700
-43.78621,172.94895,333300
-43.5515,172.64376,329400
-43.51521,172.63878,324800
-43.81493,172.96426,333500
-43.8029,172.9882,333300
-43.57988,172.62808,330300
-43.51076,172.63743,323800
-43.51085,172.63853,323800
-43.5114,172.63837,323800
-43.46084,172.66631,321301
-43.56551,172.71107,332000
-43.52178,172.64264,325800
-43.4756136,172.6115366,318800
-43.60044,172.70703,332501
-43.51998,172.62263,323000
-43.60412,172.69131,332501
-43.8072,172.96675,333500
-43.53872,172.62021,327100
-43.52201,172.5277,318700
-43.5292,172.58831,322400
-43.52999,172.58969,322400
-43.57295,172.77326,332700
-43.57331859509404,172.77420032769442,332700
-43.50413131713867,172.56784057617188,318300
-43.56294,172.73986,332100
-43.5216,172.63786,325800
-43.52148,172.63849,325800
-43.52298,172.6368,325800
-43.52317,172.63862,325800
-43.51589,172.64376,325302
-43.56828,172.71835,332000
-43.51932,172.54181,317701
-43.46165,172.61642,317400
-43.66836,172.82038,333201
-43.53006,172.64348,327000
-43.5318234,172.6438498,327000
-43.53835,172.62151,327100
-43.57154,172.63465,331300
-43.519215,172.535065,317701
-43.56057,172.73905,332100
-43.51987,172.64032,324800
-43.53742,172.62051,324900
-43.529789,172.597031,322400
-43.53087,172.64523,327000
-43.52027,172.63838,324800
-43.51946,172.63947,324800
-43.52351,172.64143,325800
-43.76006,172.9145,333400
-43.81033,172.97036,333500
-43.81497,172.95135,333400
-43.8163,172.95242,333500
-43.53241,172.57079,322000
-43.53259,172.57203,322000
-43.53166,172.57176,321800
-43.79757,172.96629,333300
-43.54863,172.58696,325000
-43.48966,172.54814,316700
-43.52799,172.64227,327000
-43.48946,172.54867,316700
-43.57199,172.62887,330300
-43.5348,172.64281,327100
-43.66171,172.76892,333201
-43.5308,172.638748,326600
-43.49107,172.55009,316700
-43.48955,172.54792,316700
-43.53952,172.62204,327100
-43.53336,172.64232,327000
-43.63958,172.75167,332901
-43.6064247,172.6811556,332501
-43.79384,172.96914,333300
-43.48889,172.54921,316700
-43.81554,172.96408,333500
-43.52079,172.62698,323000
-43.5339,172.64374,327100
-43.60331,172.722229,332501
-43.59833,172.61693,330000
-43.81169,172.90853,333300
-43.49273,172.69195,325601
-43.54884,172.59496,325000
-43.5140413,172.6431534,325302
-43.80822,172.9752,333500
-43.8073,172.97327,333500
-43.6305,172.72373,332901
-43.53614,172.63934,326600
-43.50428,172.60933,321400
-43.53203,172.6109,325200
-43.67692,172.8806,333201
-43.53336,172.64166,327000
-43.51391,172.65364,325900
-43.52365,172.62835,325700
-43.53846,172.58483,323500
-43.52822,172.64532,327000
-43.52995,172.64517,327000
-43.53071,172.62882,325700
-43.80033,172.97273,333500
-43.57712,172.56505,326301
-43.53407,172.64206,327000
-43.4716,172.56983,316700
-43.52799,172.64852,327000
-43.80867,172.9612,333400
-43.52889,172.64506,327000
-43.80191,172.97999,333500
-43.46982,172.57101,316700
-43.55195,172.61422,327600
-43.53105,172.6442,327000
-43.52586,172.66755,328500
-43.52845,172.64639,327000
-43.53796,172.6382,327100
-43.63181,172.74083,332901
-43.54373,172.63638,328100
-43.54259,172.63797,328100
-43.544,172.63626,328100
-43.54301,172.6382,328100
-43.53412,172.64153,327000
-43.52973,172.64511,327000
-43.80961990356445,172.96246337890625,333500
-43.74227,173.09222,333201
-43.52921,172.64912,327000
-43.76174,172.8075,333100
-43.52388,172.64084,325800
-43.52346,172.64251,325800
-43.52588,172.63086,325700
-43.5702,172.75039,332400
-43.79892,172.96755,333300
-43.55307,172.64637,329400
-43.62822,172.74174,332901
-43.53137,172.58117,322700
-43.56847,172.74462,332400
-43.529858,172.596909,322400
-43.52953,172.61297,324900
-43.62929,172.65009,332200
-43.5325,172.6432,327100
-43.80781,172.96323,333400
-43.5482,172.62304,327600
-43.52502,172.64274,325800
-43.52428,172.64159,325800
-43.5677,172.71034,332000
-43.74744,172.9325,333300
-43.79687,172.96294,333300
-43.52536,172.64226,325800
-43.56207,172.73328,332100
-43.52533,172.64131,325800
-43.52359,172.64247,325800
-43.52096,172.55327,319700
-43.52896,172.63959,326600
-43.57498,172.54789,324501
-43.61521,172.81537,332601
-43.52826,172.61255,324900
-43.52387,172.64298,325800
-43.53424,172.66915,328900
-43.5357,172.60242,324400
-43.53335,172.62874,325700
-43.48905,172.59272,317800
-43.53266,172.62805,325700
-43.5315,172.62765,325700
-43.53281,172.62722,324900
-43.53137,172.62907,325700
-43.53282,172.62732,324900
-43.53325,172.62746,324900
-43.53307,172.62848,325700
-43.53251,172.62714,324900
-43.53155,172.62862,325700
-43.53141,172.62773,325700
-43.5334,172.62905,325700
-43.53145,172.62802,325700
-43.53146,172.62849,325700
-43.5192,172.53539,317701
-43.52854,172.61055,323200
-43.50663,172.62798,322200
-43.510724,172.4977578,316600
-43.6492,172.81929,332301
-43.7475,172.82748,333100
-43.53248,172.64157,327000
-43.5258,172.64024,325800
-43.52755,172.63247,325700
-43.49945,172.60139,320100
-43.53662,172.60406,324400
-43.53662054444871,172.6039099394667,324400
-43.5435791015625,172.6154327392578,326100
-43.53165,172.6432,327000
-43.86746,173.00501,333300
-43.50552,172.63663,322100
-43.5197739,172.6299351,323900
-43.52401,172.64234,325800
-43.52963,172.6451,327000
-43.58137,172.77607,363800
-43.52014,172.64573,325302
-43.5116,172.61784,323000
-43.47649,172.67465,321302
-43.54258,172.63575,328100
-43.86751,173.00637,333300
-43.5306,172.64324,327000
-43.52128,172.52786,318700
-43.5596,172.73788,332100
-43.51936,172.626,323000
-43.53368,172.64213,327000
-43.5233,172.63623,325800
-43.55613,172.5882,325000
-43.533924,172.641937,327000
-43.51329,172.62607,323900
-43.528469,172.649338,327000
-43.80892,172.96117,333400
-43.49858,172.62701,322100
-43.51918,172.64431,325302
-43.52537,172.64181,325800
-43.51294,172.61671,323000
-43.54037,172.61873,326400
-43.52342,172.67345,327800
-43.52682,172.62979,325700
-43.52768,172.64505,327000
-43.56859,172.75874,332700
-43.52533,172.64,325800
-43.50109,172.55823,317501
-43.49878,172.55842,317501
-43.4515,172.66354,317201
-43.528942,172.610428,325200
-43.544708,172.60907,326100
-43.73582,172.77979,333100
-43.5329,172.6303,325700
-43.53037,172.64431,327000
-43.54585,172.60841,326100
-43.54406,172.60803,326100
-43.54471,172.60907,326100
-43.52527,172.63978,325800
-43.54008,172.61834,326400
-43.5449,172.60915,326100
-43.52614,172.64108,325800
-43.52047,172.65235,326800
-43.53372,172.54864,319800
-43.53151,172.60915,325200
-43.52602,172.63889,325800
-43.53888,172.62046,327100
-43.53293,172.64265,327000
-43.52152,172.64353,325800
-43.54026,172.61786,326400
-43.62026,172.64912,332200
-43.52304,172.6425,325800
-43.53066,172.64341,327000
-43.523963928222656,172.59078979492188,322400
-43.51924,172.64817,325302
-43.77256,172.78811,333100
-43.55722,172.63489,329100
-43.52764,172.60326,323200
-43.50408,172.61452,322200
-43.46805,172.57649,316700
-43.46947,172.57783,317000
-43.55041,172.60932,326900
-43.80187,172.97091,333500
-43.80881,172.96264,333500
-43.82937,172.94591,333300
-43.54003,172.6181,326400
-43.6205440976814,172.64596611387046,332200
-43.81016,172.96106,333500
-43.58731,172.60726,330000
-43.52948,172.60972,325200
-43.52717,172.61091,323200
-43.52902,172.61073,325200
-43.52776,172.61058,323200
-43.50798,172.64693,323100
-43.51678,172.60084,321500
-43.48845,172.57352,318000
-43.80574,172.98993,333300
-43.80831,172.96179,333400
-43.52632,172.63052,325700
-43.80836,172.96205,333400
-43.80856,172.96179,333400
-43.80961,172.96153,333500
-43.51943,172.60747,322600
-43.57629,172.62832,330300
-43.54127,172.66309,328900
-43.79488,172.96868,333300
-43.67456,172.81526,333201
-43.54561,172.61926,327400
-43.75464,172.81694,333100
-43.52579,172.64802,327000
-43.52702,172.64745,327000
-43.52672,172.64826,327000
-43.51813,172.64443,325302
-43.599133,172.724884,332501
-43.5276975,172.631221,325700
-43.54965,172.63025,328700
-43.52093,172.53431,318700
-43.555,172.60435,326900
-43.81252,172.96107,333500
-43.51725,172.61913,323000
-43.63831,172.75225,332901
-43.51778,172.56057,319500
-43.80907,172.96978,333500
-43.5305,172.59351,323300
-43.51562,172.61414,323000
-43.53071,172.63806,326600
-43.5825,172.70492,331600
-43.80925,172.90809,333300
-43.50551,172.57202,319200
-43.523804,172.630768,325700
-43.52756118774414,172.6314697265625,325700
-43.55439,172.60052,326900
-43.52835,172.63261,325700
-43.60476,172.68934,332501
-43.64096,172.71326,332901
-43.52477,172.64196,325800
-43.53066,172.64841,327000
-43.56443,172.60985,329500
-43.53148,172.64991,327000
-43.51954,172.63792,324800
-43.53472,172.63009,326600
-43.813106536865234,172.9611053466797,333500
-43.53391,172.62885,325700
-43.56019,172.66271,330900
-43.57766,172.77481,332700
-43.58259,172.63994,331300
-43.53235,172.64914,327100
-43.48719,172.60111,319400
-43.561508,172.6138,328200
-43.53239,172.64928,327100
-43.50333786010742,172.6168975830078,322200
-43.5289073,172.6461528,327000
-43.51498,172.616,323000
-43.81003,172.9623,333500
-43.51529,172.6163,323000
-43.5455,172.60661,326100
-43.57344927071493,172.74799834970196,332400
-43.57435,172.63341,331300
-43.53136,172.58828,323300
-43.53171,172.58766,323300
-43.53197,172.58719,323300
-43.51386,172.65297,325900
-43.52249,172.6441,325800
-43.572243,172.75946,332700
-43.76267,172.94449,333300
-43.78454,172.94965,333300
-43.80918,172.96382,333500
-43.78648,172.952702,333300
-43.50779,172.73028,330200
-43.81012,172.90813,333300
-43.56375,172.64411,330600
-43.57262,172.74677,332400
-43.51457,172.62393,323900
-43.56629,172.65093,331200
-43.55188,172.55531,322500
-43.51806,172.60983,322600
-43.511684,172.619247,323000
-43.76576,172.79105,333100
-43.51815,172.61169,322600
-43.52322,172.64187,325800
-43.5679089,172.7595485,332700
-43.604427,172.691528,332501
-43.530663,172.63855,326600
-43.52005386352539,172.65318298339844,326800
-43.52517,172.6357,325700
-43.5337122,172.6490796,327100
-43.52807,172.61113,323200
-43.52626,172.6673,328500
-43.53335189819336,172.64117431640625,327000
-43.51892,172.60488,322600
-43.74704,172.93343,333300
-43.52723,172.63301,325700
-43.53722,172.66202,328900
-43.804573,172.988098,333300
-43.5261141,172.6337774,325700
-43.52611541748047,172.63377380371094,325700
-43.5310785,172.647063,327000
-43.5289,172.63022,325700
-43.52644,172.63474,325700
-43.53101,172.65198,327901
-43.52524,172.63461,325700
-43.51715009999999,172.6289292,323900
-43.53315,172.63811,326600
-43.56387,172.65489,331200
-43.5298319,172.641253,327000
-43.76385,172.79345,333100
-43.57201,172.62459,330300
-43.529964,172.6411401,327000
-43.53557,172.66025,328900
-43.5383492,172.6210566,327100
-43.52409,172.64274,325800
-43.54853,172.61063,327600
-43.55059,172.60995,326900
-43.52573,172.63491,325700
-43.80044,172.97626,333500
-43.75503,172.94441,333300
-43.81078,172.96166,333500
-43.55715,172.71926,332000
-43.5031167,172.6963294,327500
-43.52388,172.64476,325800
-43.51767,172.63129,323900
-43.53448,172.60291,324400
-43.600707,172.70919,332501
-43.50359,172.69663,327500
-43.53107,172.64087,327000
-43.52903,172.64107,327000
-43.52648,172.65215,327901
-43.80123,172.97079,333500
-43.5308988,172.5882676,323300
-43.56867698414701,172.64958187937737,331200
-43.54508,172.61071,326100
-43.51423,172.6392,324800
-43.5203862308847,172.65018604695797,325302
-43.4710081,172.5700892,316700
-43.52106,172.62068,323000
-43.5542186081301,172.5479881837964,322800
-43.5530913,172.6491671,329400
-43.5217896,172.6215023,323000
-43.5219856,172.6217321,323000
-43.53307,172.64968,327100
-43.6290789,172.7204884,332901
-43.53115,172.63809,326600
-43.53017999029019,172.64141125033188,327000
-43.56563,172.64582,330600
-43.7207,173.03453,333201
-43.55834,172.72957,332100
-43.49627,172.57458,318300
-43.8085,172.99923,333300
-43.56133,172.72988,332100
-43.54725,172.5443,321901
-43.52795,172.64272,327000
-43.528431,172.6429257,327000
-43.633959914136426,172.71888077259064,332901
-43.51565,172.63527,324800
-43.5247644,172.5288781,318700
-43.54901,172.60672,326900
-43.528506,172.6492093,327000
-43.56759,172.75303,332400
-43.53713,172.59225,323300
-43.53422,172.65004,327100
-43.51838,172.64728,325302
-43.5362827,172.5920477,323300
-43.4671365,172.6064059,316800
-43.57614,172.76551,332700
-43.57211016723865,172.57815338975894,327301
-43.56299,172.65049,331200
-43.52024,172.53817,317701
-43.806072,172.971893,333500
-43.50228,172.64507,323100
-43.56306,172.65976,330800
-43.53382,172.60985,325200
-43.5369355,172.6380263,327100
-43.53545,172.60476,324400
-43.56385,172.66416,331400
-43.51906,172.65332,326800
-43.5052031,172.583727,319900
-43.51253,172.61963,323000
-43.60801,172.70048,332501
-43.81056,172.96073,333500
-43.60723,172.70688,332501
-43.52591,172.56176,320700
-43.56066,172.63147,329100
-43.56186717445292,172.61806196137695,329200
-43.47839,172.58391,317800
-43.5706101,172.6543996,331200
-43.52975,172.60529,324200
-43.5351,172.64209,326600
-43.52421469999999,172.6417818,325800
-43.50411,172.56882,318300
-43.51649,172.63395,324800
-43.60377,172.68891,332501
-43.78827,172.80742,333100
-43.5646893,172.7403333,332400
-43.5018249,172.6252404,322100
-43.5131,172.55123,318901
-43.5386381,172.6214788,327100
-43.51776,172.63391,324800
-43.5284992,172.6120639,323200
-43.51686,172.63179,323900
-43.5152,172.60174,321500
-43.54275,172.61515,326100
-43.52852182323718,172.6113217111145,323200
-43.63012139223383,172.73451503366232,332901
-43.52931,172.64278,327000
-43.5304985,172.64199829,327000
-43.5349736,172.6579439,328900
-43.529498607324925,172.6450191065669,327000
-43.50675,172.58279,319900
-43.47611,172.62025,319600
-43.81022,172.96406,333500
-43.52962,172.65733,327902
-43.60293,172.70898,332501
-43.62654,172.73894,332901
-43.53313,172.60895,324200
-43.6018503,172.7218374,332501
-43.48298,172.58626,317800
-43.6111,172.65514,331600
-43.52781,172.64633,327000
-43.54412,172.66815,330500
-43.5246593,172.6428791,325800
-43.50627422245262,172.62139588594437,322200
-43.5245242719272,172.635634919574,325700
-43.53119,172.58942,323300
-43.52925,172.58825,322400
-43.53364762574401,172.54678890109062,319800
-43.51781,172.64275,325302
-43.52272,172.64308,325800
-43.5272,172.64214,327000
-43.5246642984608,172.63595678465578,325700
-43.47948,172.70849,325100
-43.5374746,172.6384688,327100
-43.5333695,172.6295839,325700
-43.76331,173.0614,333201
-43.81234,172.9617,333500
-43.56297359320462,172.62561734765768,329100
-43.4775865,172.6590199,318401
-43.54946,172.6722883,330500
-43.5559497,172.6430901,329700
-43.80802843600328,172.99700053649292,333300
-43.47665,172.71592,326000
-43.53117,172.52109,319300
-43.56749407861191,172.7573892615738,332700
-43.55997,172.54775,322900
-43.54659,172.60345,326100
-43.5499921,172.6500962,329900
-43.5675981,172.7574481,332700
-43.55397,172.69315,331801
-43.55920561314174,172.62869115918875,329100
-43.478002223382695,172.67507310824303,321302
-43.80782,172.96308,333400
-43.51526,172.6319,323900
-43.44654,172.61805,316900
-43.48518,172.59127,317800
-43.6336608,172.7124996,332901
-43.52366240955136,172.63087950646877,325700
-43.5753101,172.7524342,332400
-43.58679207413948,172.60879762275394,330000
-43.5196776,172.6375982,324800
-43.58677264606994,172.6087922583359,330000
-43.46329,172.6187,317400
-43.53154,172.6469,327000
-43.54594,172.61536,326100
-43.5287189,172.6108395,323200
-43.54928538378406,172.62830693274736,328700
-43.5000452,172.564801,318300
-43.5186,172.61097,322600
-43.54227,172.61467,326100
-43.5366847,172.6407056,327100
-43.55923,172.70349,331801
-43.51701,172.68864,328400
-43.5370029,172.6405072,327100
-43.52425,172.52825,318700
-43.57146,172.71085,331900
-43.5490978,172.6461376,329400
-43.538,172.63939,327100
-43.5297719,172.6113008,325200
-43.56012310542845,172.717664,332000
-43.48236,172.62722,319600
-43.55059,172.65046,329900
-43.53697,172.64091,327100
-43.56018,172.73649,332100
-43.498111742977656,172.60121285894908,320100
-43.63563,172.72137,332901
-43.79268,172.96841,333300
-43.7937507388,172.9687752153,333300
-43.53008,172.6112,325200
-43.57089400648173,172.76010239999997,332700
-43.54958,172.64856,329900
-43.45340602478986,172.61948790489353,316900
-43.472287,172.6194946,318600
-43.5219421,172.6326196,325800
-43.5144483,172.6263306,323900
-43.5036249,172.7293298,330200
-43.54968,172.67251,330500
-43.5100114,172.6971306,328600
-43.5459926,172.5175479,320300
-43.55085,172.59585,325000
-43.56228,172.71287,332000
-43.53540932930859,172.63515662401915,326600
-43.57477,172.69392,331900
-43.48856,172.59396,317800
-43.62895,172.72986,332901
-43.5372287,172.6410557,327100
-43.58003764747089,172.7574618914771,332700
-43.50744900352824,172.6363969460327,323800
-43.64889,172.70926,332901
-43.563657,172.6403891,330600
-43.52591,172.57291,321800
-43.53712,172.64004,327100
-43.56142,172.73152,332100
-43.5187,172.6249,323000
-43.50416,172.57144,319200
-43.52652,172.64754,327000
-43.5238,172.52493,316600
-43.56357214226436,172.71780067594787,332000
-43.81092,172.96493,333500
-43.54841,172.60999,327600
-43.52221,172.5235,316600
-43.5121146,172.6576486,325900
-43.53198,172.66438,327902
-43.54822,172.6086,326900
-43.52246179999999,172.6435501,325800
-43.52686,172.52336,316600
-43.5172,172.65905,325900
-43.48547014871277,172.59687211364508,317800
-43.50644,172.72519,330200
-43.54752,172.60803,326100
-43.54470999999999,172.6090661,326100
-43.5117,172.67584,326500
-43.53832,172.62105,327100
-43.49595,172.58688,319000
-43.5322057,172.6494295,327100
-43.55061,172.55848,322500
-43.62853,172.72304,332901
-43.5460365,172.6197479,327400
-43.537026867475085,172.63850636780262,327100
-43.5146541,172.6258586,323900
-43.57456,172.5863,327301
-43.59488,172.72152,332501
-43.49008,172.61445,320501
-43.52377,172.53985,319800
-43.5375386,172.6252073,327100
-43.53875,172.66446,328900
-43.48859,172.5735,318000
-43.5311678,172.6101226,325200
-43.5447141,172.6101713,326100
-43.60428,172.68807,332501
-43.62634,172.73666,332901
-43.49517,172.66655,324600
-43.78565,172.80874,333100
-43.5592,172.64262,330600
-43.53760740000001,172.6252083,327100
-43.537291,172.6254294,327100
-43.51284,172.63723,323800
-43.51194,172.64267,325301
-43.53498,172.63512,326600
-43.51176,172.60199,321500
-43.5375171,172.6250229,327100
-43.51024,172.57883,320600
-43.53758,172.62521,327100
-43.52052,172.73548,330200
-43.54245,172.61247,326400
-43.53845,172.62603,327100
-43.59396,172.57374,329002
-43.5126403,172.6385321,323800
-43.56971,172.65324,331200
-43.59343,172.57316,329002
-43.5540082,172.532133,321102
-43.524851,172.6359997,325700
-43.53520431154209,172.58490608993534,322700
-43.52484,172.62857,325700
-43.52457,172.63888,325800
-43.5370293,172.6385295,327100
-43.509917961977656,172.64172835694836,323800
-43.510638533176575,172.6410687515628,323800
-43.49835,172.56755,318300
-43.52488,172.6396,325800
-43.523634,172.6415444,325800
-43.5192418,172.6306138,323900
-43.535478,172.6351439,326600
-43.558051685114805,172.71436006444094,332000
-43.5446827,172.6109235,326100
-43.52324,172.64047,325800
-43.5373716,172.6252993,327100
-43.53101,172.64162,327000
-43.5316011,172.6488084,327000
-43.5654606,172.5836921,326701
-43.53502,172.58588,322700
-43.52557,172.66239,328500
-43.5370905,172.6249006,327100
-43.5261163,172.6422883,325800
-43.56331,172.63225,329100
-43.51662,172.58431,320600
-43.513878573980485,172.65505861490965,325900
-43.5312859,172.6450051,327000
-43.5668503,172.7268957,332100
-43.56733,172.75834,332700
-43.6177533222252,172.64442801475525,332200
-43.5316099,172.6490754,327000
-43.59825,172.72311,332501
-43.51774,172.64286,325302
-43.53384,172.5938,323300
-43.5039339,172.7284552,330200
-43.531563,172.6491831,327000
-43.54238166857053,172.61253316269642,326400
-43.54193,172.61216,326400
-43.51288,172.6246,323900
-43.5046693,172.6151355,322200
-43.5313227,172.6447782,327000
-43.5366,172.56998,322000
-43.53283,172.64091,327000
-43.53279,172.63908,326600
-43.51833184621031,172.64376986771822,325302
-43.54379,172.61418,326100
-43.5317473,172.644015,327000
-43.5373725,172.6253013,327100
-43.76146,172.96074,333300
-43.5684885,172.7526449,332400
-43.56322979999999,172.7096966,332000
-43.5433,172.61288,326100
-43.54335,172.61565,326100
-43.60472071695861,172.6898292729285,332501
-43.5741,172.54124,324501
-43.5425451,172.6126479,326400
-43.54286829999999,172.6127631,326400
-43.53802,172.74123,331700
-43.53077,172.6586,327902
-43.53923,172.61826,324900
-43.5192,172.53775,317701
-43.8063189,172.9687008,333500
-43.5371353,172.6249013,327100
-43.52425,172.51931,316600
-43.5314756,172.6433048,327000
-43.5298370428505,172.61158234973755,325200
-43.503886,172.728598,330200
-43.503667500739965,172.729149374205,330200
-43.53238,172.64477,327100
-43.5071,172.64442,323100
-43.55178,172.63382,328700
-43.50245657311978,172.58197169629517,319200
-43.4988,172.57108,319200
-43.5312085,172.6470511,327000
-43.53279,172.56659,322000
-43.52435453089455,172.68418941646814,328400
-43.5351477,172.598604,324400
-43.49705,172.582,319000
-43.490923,172.613949,320501
-43.53021,172.64088,327000
-43.5154435,172.6388883,324800
-43.53194,172.6446,327000
-43.52302,172.64262,325800
-43.51647,172.55342,319500
-43.57518,172.58044,327301
-43.57764,172.64637,331300
-43.52235,172.64568,325800
-43.48187,172.62921,319600
-43.53119,172.64311,327000
-43.52311,172.63662,325800
-43.54733,172.54388,321901
-43.5334885,172.6499689,327100
-43.49992,172.72795,330200
-43.62578,172.73881,332901
-43.51302,172.61852,323000
-43.60288,172.71254,332501
-43.5335761,172.6495891,327100
-43.78557,172.95512,333300
-43.80835,172.97184,333500
-43.54597,172.62879,327400
-43.63306,172.71579,332601
-43.5720791,172.7649366,332700
-43.81009,172.96888,333500
-43.52852,172.64558,327000
-43.54253713895386,172.61214037354122,326400
-43.5323347,172.6103348,325200
-43.5466,172.62947,327400
-43.51546,172.56562,320200
-43.8101125,172.9617198,333500
-43.52426255948435,172.6434292153442,325800
-43.53711,172.582941,322700
-43.51993,172.64346,325302
-43.50777,172.73158,330200
-43.54193,172.65695,329600
-43.52691311967491,172.6597249880433,327902
-43.49645,172.56616,318300
-43.49812,172.56609,318300
-43.535568,172.6318853,326600
-43.60306,172.71689,332501
-43.53029811407317,172.64142055396732,327000
-43.5370608,172.6384266,327100
-43.53103565205278,172.64373407826258,327000
-43.55479368910825,172.64461057117614,329700
-43.5786261,172.5614209,326301
-43.6031592,172.6895409,332501
-43.53559,172.63696,326600
-43.5231959,172.6424764,325800
-43.52619,172.66697,328500
-43.5224723,172.6449048,325800
-43.4974633,172.5653503,318300
-43.5223929,172.6309316,325800
-43.63517004515888,172.7178467810154,332901
-43.52481,172.64162,325800
-43.53884,172.5701,323500
-43.5165,172.63982,324800
-43.51583,172.63976,324800
-43.6205778,172.6434911,332200
-43.47688394738516,172.67062582075596,321302
-43.528155907169385,172.65669383452703,327901
-43.5160789,172.651277,325302
-43.5231077,172.6362107,325800
-43.53053,172.6486,327000
-43.557898208125295,172.58945614099505,326701
-43.62864,172.74165,332901
-43.60255622232757,172.71415979577029,332501
-43.53028,172.59397,323300
-43.52968,172.64274,327000
-43.50876359999999,172.7312418,330200
-43.5197978,172.653372,326800
-43.53761249999999,172.5841312,322700
-43.534209,172.6412786,327000
-43.5270084516115,172.63259319259032,325700
-43.57766,172.64594,331300
-43.5295824,172.6450848,327000
-43.5316,172.6490827,327000
-43.5092167,172.7308673,330200
-43.5096,172.7309,330200
-43.46745,172.63063,318600
-43.5298776,172.5942356,322400
-43.5490807,172.5930719,325000
-43.50693,172.63762,323800
-43.5270018,172.5875317,322400
-43.53104,172.64589,327000
-43.52566,172.64314,325800
-43.56227278027235,172.6102629376977,327700
-43.49873,172.63975,321701
-43.5275504,172.6320743,325700
-43.52133,172.56314,320700
-43.5197096,172.6327918,324800
-43.5267886,172.639983,325800
-43.50327,172.60955,321400
-43.49712,172.57063,318300
-43.56745,172.65242,331200
-43.49815,172.65054,323100
-43.5428,172.60931,326100
-43.50776837708388,172.73030107333605,330200
-43.50886310000001,172.73128,330200
-43.5358055,172.6321233,326600
-43.53009249999999,172.6416232,327000
-43.50232,172.5894,319900
-43.7862144,172.8306747,333100
-43.5354782,172.6351277,326600
-43.80246,172.97515,333500
-43.51318,172.673,326500
-43.5428015,172.6629054,329600
-43.7581,172.94823,333300
-43.64786,172.71141,332801
-43.53477,172.67697,329300
-43.53479,172.63125,326600
-43.53540934,172.63177402,326600
-43.57404827821513,172.74571105399778,332400
-43.56962,172.77383,363800
-43.51303,172.55987,319500
-43.51444,172.5611,319500
-43.5217061,172.6218904,323000
-43.75732,172.9713,333300
-43.54128,172.61343,326400
-43.50951,172.73169,330200
-43.51851,172.66102,326800
-43.48317,172.56164,317000
-43.52957170000001,172.6449223,327000
-43.5016939,172.5809391,319200
-43.5511,172.64841,329900
-43.55898,172.73518,332100
-43.5210709,172.6513667,326800
-43.53212,172.64593,327100
-43.509601,172.731309,330200
-43.5082235,172.7312974,330200
-43.55129,172.54463,321901
-43.51966,172.62374,323000
-43.52940234683304,172.60975744575262,325200
-43.5329889,172.592829,323300
-43.47037,172.62931,318600
-43.78449,172.95071,333400
-43.5847163,172.6068704,330000
-43.533,172.65997,327902
-43.56417,172.72126,332000
-43.53492,172.67684,329300
-43.5179232,172.656595,326800
-43.5115,172.65237,325900
-43.522,172.72657,330200
-43.50111,172.71649,328300
-43.5742792,172.7657466,332700
-43.47551,172.69936,323700
-43.70985,173.0411,333201
-43.50264,172.6296,322100
-43.56754907450675,172.66537097111856,331600
-43.50833,172.73143,330200
-43.588,172.60638,330000
-43.80739,172.90368,333300
-43.57610659470939,172.5544286775527,324300
-43.55803,172.73923,332301
-43.53629,172.59765,324400
-43.53783,172.59703,325500
-43.50961,172.7303,330200
-43.81282,172.96473,333500
-43.56624,172.73608,332100
-43.50995,172.7318,330200
-43.48955997,172.61479624,320501
-43.53028,172.63808,326600
-43.5553,172.55886,323600
-43.51725,172.66004,325900
-43.5328277,172.656762,327901
-43.56991499999999,172.7251675,332100
-43.5283,172.64762,327000
-43.56388,172.55935,325400
-43.52907,172.65736,327902
-43.55123,172.65531,329900
-43.53090657598344,172.62989763115544,325700
-43.53680251911817,172.6399012674865,327100
-43.5513297,172.6365371,328700
-43.5556,172.65391,330800
-43.55458,172.74947,331700
-43.5214297,172.6443499,325800
-43.57974649583687,172.7147159725427,331900
-43.52862981545251,172.64624319970608,327000
-43.5317,172.6377,326600
-43.81367,172.95444,333400
-43.49462,172.61185,320900
-43.50495,172.59783,320800
-43.51904,172.64306,325302
-43.53347082189339,172.65796045767212,328900
-43.55816,172.73536,332100
-43.55828,172.73674,332100
-43.50921325659285,172.7315160343933,330200
-43.5451242,172.6372055,328100
-43.52765,172.6026,323200
-43.55005,172.53329,321101
-43.51604,172.58808,320600
-43.5311796,172.6445883,327000
-43.5139817,172.6228297,323000
-43.53097,172.65602,327901
-43.52938,172.65528,327901
-43.5622931,172.617894,329200
-43.5355519,172.6318938,326600
-43.49792,172.56779,318300
-43.5246945,172.6436609,325800
-43.54204,172.66945,330100
-43.5878153,172.5655193,328001
-43.59991549999999,172.720745,332501
-43.5242973,172.6362563,325800
-43.56162,172.71447,332000
-43.58814,172.56502,328001
-43.53578,172.63264,326600
-43.54448,172.62041,327400
-43.53034,172.65507,327901
-43.56233,172.71498,332000
-43.53028,172.65704,327901
-43.52934,172.65521,327901
-43.52983,172.6559,327901
-43.53031,172.65709,327902
-43.62604,172.6467,332200
-43.52359800101534,172.54662434768193,319700
-43.5289411,172.6440235,327000
-43.57865178671657,172.76252871422048,332700
-43.53216,172.66071,327902
-43.5335979,172.6499267,327100
-43.53268,172.64931,327100
-43.494036,172.7258729,327200
-43.55222,172.63545,328700
-43.5327996,172.6595895,327902
-43.53811,172.64012,327100
-43.53171515305768,172.59491116234693,323300
-43.56732,172.73128,332100
-43.5759,172.69392,331900
-43.52953,172.64889,327000
-43.5332,172.65922,328900
-43.51547,172.57818,320200
-43.5212,172.54791,319700
-43.56013,172.66443,330900
-43.56583323514462,172.65564394232786,331200
-43.51785103844396,172.6544895411854,326800
-43.5323,172.59618,324400
-43.546,172.62401,327400
-43.5046993,172.5725326,319200
-43.5337265,172.5820374,322700
-43.65093,172.75519,333201
-43.53278717210176,172.6499952748418,327100
-43.4959,172.64196,321701
-43.55427,172.67188,331000
-43.57158,172.76466,332700
-43.53235,172.64006,327000
-43.5314,172.6445,327000
-43.528551,172.6432378,327000
-43.6276608,172.7415626,332901
-43.56838,172.62958,330300
-43.49396,172.64292,321701
-43.52208,172.53649,318700
-43.5870491,172.6074405,330000
-43.5730134,172.6256581,330300
-43.53731,172.6694,328900
-43.50254,172.58647,319900
-43.5345,172.64896,327100
-43.57279002045904,172.76457086205482,332700
-43.5263919,172.6312984,325700
-43.67802,173.03795,333201
-43.54941230000001,172.5338239,321101
-43.56091,172.56994,325400
-43.58538,172.63654,331600
-43.54164,172.66321,328900
-43.509358,172.7220944,330200
-43.58378024207667,172.55920439649188,324502
-43.50581,172.61695,322200
-43.51635,172.63747,324800
-43.53406,172.65034,327100
-43.52938,172.65176,327901
-43.6262755,172.739567,332901
-43.55184,172.63535,328700
-43.52782592227783,172.7360013536194,331700
-43.51499,172.63791,324800
-43.51671,172.63641,324800
-43.51706,172.63595,324800
-43.51545,172.63793,324800
-43.54265,172.51748,320300
-43.51746,172.62558,323000
-43.55012,172.6898,331100
-43.5187446,172.6453485,325302
-43.54932935377938,172.69013922661543,331100
-43.4864933,172.5852899,317800
-43.5478915,172.7462131,331700
-43.5534261,172.623674,327600
-43.549515739465,172.6517293229699,329900
-43.53256,172.64116,327000
-43.4945193,172.5988882,320100
-43.5088598,172.7312954,330200
-43.5784019,172.7042553,331900
-43.53426,172.5846,322700
-43.5384412,172.5789749,322700
-43.58516,172.7527,332700
-43.4894977,172.6148928,320501
-43.56451,172.58281,326701
-43.52941,172.61097,325200
-43.54895161198882,172.65845320346875,329900
-43.81054,172.97109,333300
-43.5514,172.616,327600
-43.81078,172.96749,333500
-43.80881,172.97107,333500
-43.5104437,172.620716,322200
-43.5184656,172.5707305,320700
-43.51135,172.65024,325301
-43.57160062869866,172.7182141744136,332000
-43.53789,172.57978,322700
-43.5360956,172.63505,326600
-43.55233,172.6437,329400
-43.53577171428847,172.58450606732026,322700
-43.535504143303775,172.63543347605744,326600
-43.52249,172.62243,324900
-43.57855,172.62232,330300
-43.50348128155772,172.58698046207428,319900
-43.50445,172.58762,319900
-43.51157,172.64719,325301
-43.5186262,172.6250373,323000
-43.8140677,172.9615118,333500
-43.469555970085935,172.6016340404749,317600
-43.51488,172.64884,325302
-43.53359,172.64995,327100
-43.5592418,172.7235657,332000
-43.52805,172.68337,329300
-43.53525,172.63105,326600
-43.57369048744147,172.7417130768299,332400
-43.79834,172.96314,333400
-43.52812014168112,172.6393819297962,326600
-43.51846,172.70659,329800
-43.57337,172.62494,330300
-43.7462476,172.9373347,333300
-43.5791148,172.6305125,330300
-43.5763966,172.6390174,331300
-43.5819335,172.6059837,330000
-43.56855300723166,172.7359539412465,332400
-43.4970961,172.5904639,319900
-43.5172275,172.6393579,324800
-43.52429,172.66945,327800
-43.82163374157432,172.7071768506714,333100
-43.56993,172.75882,332400
-43.51488,172.62124,323000
-43.53241,172.58045,322700
-43.54701,172.60299,326100
-43.80012,172.97275,333500
-43.52711870433259,172.58902148763502,322400
-43.47173,172.57087,317000
-43.5324672,172.6493601,327100
-43.5574329,172.7175105,332000
-43.63564,172.72036,332901
-43.49821,172.56021,317501
-43.5098,172.57225,319200
-43.56047539446644,172.62677706503575,329100
-43.53555,172.63593,326600
-43.52396,172.63575,325800
-43.5246713,172.6364006,325700
-43.52691,172.60212,322400
-43.59848,172.72716,332501
-43.527498,172.6391301,326600
-43.50919529999999,172.7308784,330200
-43.535561,172.6316734,326600
-43.5379577,172.6384266,327100
-43.52827,172.647,327000
-43.5334596,172.6490214,327100
-43.51314,172.60133,321500
-43.5355988,172.6317141,326600
-43.537291,172.625266,327100
-43.53845,172.62569,327100
-43.53508,172.63488,326600
-43.53175,172.59534,323300
-43.52848,172.6017,323200
-43.5381954,172.6211778,327100
-43.5203136,172.650855,326800
-43.6264419,172.6475341,332200
-43.5184188,172.6496774,325302
-43.55118,172.52986,321102
-43.52026,172.53807,317701
-43.4900208,172.5942475,319400
-43.76137,172.95085,333300
-43.514829507630736,172.6513212919235,325302
-43.52668,172.58825,322400
-43.54172,172.6565,329600
-43.53266,172.63904,326600
-43.62742,172.7417,332901
-43.47905,172.58314,317800
-43.5257371,172.6303234,325700
-43.5133801,172.6051603,321400
-43.53507,172.63579,326600
-43.4902,172.5768,318000
-43.47116,172.6519,318401
-43.77739,172.89919,333300
-43.49232,172.59881,319400
-43.5822143,172.5667461,328001
-43.55588,172.75165,331700
-43.48332359114418,172.67109487205744,321302
-43.53,172.60998,325200
-43.5075,172.62565,322200
-43.52471,172.63566,325700
-43.53528,172.67718,329300
-43.53097,172.60448,324400
-43.5276,172.64923,327000
-43.56162,172.58311,326701
-43.66748,172.66012,332801
-43.57606870877193,172.76306681334972,332700
-43.52262,172.62026,324900
-43.5795,172.5609,326301
-43.52457,172.63737,325800
-43.52429473,172.63625633,325800
-43.54808472464065,172.61995623862305,327600
-43.52985,172.64162,327000
-43.532356687264695,172.64601822942495,327100
-43.51413,172.62408,323900
-43.5384637,172.6308677,327100
-43.51241,172.62494,323900
-43.51450012596353,172.63885846520927,324800
-43.5315247,172.7372218,331700
-43.50159412458696,172.5553246960044,318501
-43.51372,172.62477,323900
-43.57366,172.62503,330300
-43.75790076314373,172.94439964232788,333300
-43.55817,172.7375,332100
-43.80899874815061,172.98295363783836,333300
-43.53708,172.64726,327100
-43.52975378879776,172.51954503010177,319300
-43.535584,172.632186,326600
-43.53808,172.63971,327100
-43.53849,172.6314,327100
-43.5384944,172.6313989,327100
-43.5378376,172.6384543,327100
-43.56664,172.75931,332700
-43.50819105105269,172.60960839196972,321400
-43.5129634,172.625209,323900
-43.5036555,172.7291983,330200
-43.53257,172.52296,319300
-43.51277273096501,172.62477982789278,323900
-43.55927,172.71127,332000
-43.52669,172.63046,325700
-43.58586608298245,172.7515049005249,332700
-43.53090438625563,172.64178964760745,327000
-43.5371,172.64892,327100
-43.495,172.71486,327200
-43.49095,172.69207,324001
-43.49198902481829,172.69125306441802,324001
-43.53901,172.63031,327100
-43.53917,172.63206,327100
-43.50549,172.69958,327500
-43.5161987,172.6393706,324800
-43.52738919999999,172.6630978,327902
-43.52744,172.66648,328500
-43.52645,172.63608,325700
-43.535646,172.631838,326600
-43.5262975,172.563787,320700
-43.5305315,172.6417818,327000
-43.5130574,172.6479011,325301
-43.81094,172.96507,333500
-43.4888674,172.6089088,320501
-43.54781,172.55768,322500
-43.5251555,172.6470993,327000
-43.5340835,172.6417548,327000
-43.5325,172.64289,327100
-43.63152,172.74329,332901
-43.49316,172.69038,325601
-43.53059124777598,172.58757255971432,322400
-43.50892429260995,172.73138891905546,330200
-43.63709,172.72243,332901
-43.53936,172.63146,327100
-43.531170977895584,172.7352348715067,331700
-43.8097843,172.9613294,333500
-43.52972,172.58686,321800
-43.53928,172.66732,328900
-43.57251,172.63326,331300
-43.5656606,172.6112643,329500
-43.54067,172.65827,329600
-43.53295558382859,172.64001491719665,327000
-43.49803,172.63075,322100
-43.6095346,172.5711904,329001
-43.54634,172.62663,327400
-43.49274,172.69085,325601
-43.49200081057242,172.69124764949083,324001
-43.5105948,172.6387009,323800
-43.5628207,172.6257003,329100
-43.53586,172.64937,327100
-43.52847,172.61118,323200
-43.77063,172.90677,333300
-43.53504,172.60155,324400
-43.51381,172.62608,323900
-43.53623620649845,172.64828637242317,327100
-43.53109,172.6385,326600
-43.57717,172.54954,324501
-43.5311391,172.6101217,325200
-43.52211,172.61535,322600
-43.5338328,172.6488824,327100
-43.53077,172.60981,325200
-43.5387002,172.6311839,327100
-43.52942757178943,172.6451132312828,327000
-43.75186,172.94121,333300
-43.53583786632901,172.64973283837193,327100
-43.50937,172.64098,323800
-43.5708515,172.6303437,330300
-43.52463435949464,172.63548068280335,325700
-43.80945,172.96405,333500
-43.5769,172.77391,332700
-43.52056,172.64202,324800
-43.53338,172.63479,326600
-43.53067,172.65153,327901
-43.57886258900885,172.77501165396728,332700
-43.52053,172.62992,323900
-43.5343209,172.6388765,326600
-43.53333,172.63831,326600
-43.53403,172.63958,326600
-43.53469,172.63809,326600
-43.53345,172.63942,326600
-43.53482,172.6379,326600
-43.53484,172.63962,326600
-43.53313,172.63959,326600
-43.5311439,172.6459705,327000
-43.5330056,172.6402228,327000
-43.51919,172.5393,317701
-43.66141,172.80837,333201
-43.50592314266713,172.5694282607132,318300
-43.52938,172.64515,327000
-43.5247767,172.6377314,325800
-43.5734429,172.5830301,327301
-43.48268,172.66932,321302
-43.51611,172.63908,324800
-43.53762,172.60166,325500
-43.56779174736025,172.75772037301638,332700
-43.5321,172.63854,326600
-43.5311402,172.6380291,326600
-43.52424,172.64192,325800
-43.57615,172.56291,326301
-43.53344,172.65043,327100
-43.43176895261542,172.6961564272642,317100
-43.50467095074858,172.63867031782866,323100
-43.5329546,172.65025,327100
-43.5250114,172.5954475,322400
-43.54851360418315,172.6406417414546,329400
-43.5708616,172.7617876,332700
-43.50085,172.55899,317501
-43.5269,172.64716,327000
-43.5264325,172.6467363,327000
-43.5453525,172.622706,327400
-43.5327,172.66403,327902
-43.53066099999999,172.6385368,326600
-43.49626368604893,172.60077324716374,320100
-43.53259,172.65021,327100
-43.51206,172.6263,323900
-43.55308991103272,172.49045871363464,319101
-43.5685015,172.7205727,332000
-43.8094855,172.9616825,333500
-43.80877,172.9625,333500
-43.80865,172.96226,333400
-43.80867,172.96255,333500
-43.81285,172.95923,333500
-43.81014,172.96055,333400
-43.81034,172.96057,333400
-43.7317702,172.6968253,333100
-43.47257,172.69397,323700
-43.53406,172.6417,327000
-43.53174,172.65073,327901
-43.5340324,172.6425015,327000
-43.81717000808772,172.98814932565614,333300
-43.5247316,172.6355987,325700
-43.5129656,172.6659392,325900
-43.4849286,172.6746291,321302
-43.5337015,172.6489564,327100
-43.52845765502843,172.64291593491822,327000
-43.54624,172.62257,327400
-43.81731,172.95287,333300
-43.48746580473131,172.61610321700573,320501
-43.52569,172.63976,325800
-43.5126921,172.665254,325900
-43.5383544,172.6329787,327100
-43.51303619999999,172.618855,323000
-43.52334,172.63227,325800
-43.553744536686494,172.6257088780403,327600
-43.521363,172.6216895,323000
-43.55165969999999,172.6373925,329700
-43.5315621,172.6661879,327902
-43.52231,172.6444,325800
-43.50177,172.62477,322100
-43.473783417398494,172.62719604213544,318600
-43.53215801999091,172.62982995419372,325700
-43.53221804976927,172.6298845607308,325700
-43.53220549068963,172.62982281234088,325700
-43.53218,172.62987,325700
-43.53218733495357,172.62985511758413,325700
-43.53219,172.62984,325700
-43.53214301544271,172.62985405889307,325700
-43.53221599817948,172.62987375573647,325700
-43.53218,172.62986,325700
-43.53221,172.62985,325700
-43.5218065,172.6449176,325800
-43.53592,172.60157,324400
-43.52111,172.62193,323000
-43.52097,172.62118,323000
-43.51689,172.62971,323900
-43.5385502,172.5789156,322700
-43.53844,172.57895,322700
-43.5384365,172.5789529,322700
-43.53855,172.57892,322700
-43.53965,172.57962,323500
-43.52554,172.60476,323200
-43.52835,172.64257,327000
-43.6014067,172.7151243,332501
-43.52970948929621,172.6386742374344,326600
-43.53655,172.64746,327100
-43.482305212481016,172.61760416338956,319600
-43.52548729999999,172.5281993,318700
-43.51849,172.62738,323900
-43.514,172.63729,324800
-43.53275,172.641,327000
-43.51289,172.56588,320200
-43.5205680977606,172.64467049629516,325302
-43.5037783,172.7294049,330200
-43.537523,172.6384522,327100
-43.48343,172.56115,317000
-43.52763,172.60384,323200
-43.4822748,172.6808431,324001
-43.7469573,172.9322358,333300
-43.52137,172.61819,323000
-43.5298422,172.6102259,325200
-43.52691129999999,172.6525827,327901
-43.55084659820943,172.63009996931154,328700
-43.50174,172.63783,323100
-43.5274687,172.639466,326600
-43.5334703,172.660138,328900
-43.5264516,172.6314738,325700
-43.4763,172.67121,321302
-43.53549,172.5852,322700
-43.5564983,172.5389669,322900
-43.5384824,172.6314104,327100
-43.53878,172.63256,327100
-43.5173,172.6093,322600
-43.554237016971086,172.65147111357302,330800
-43.4712396,172.6177637,318600
-43.52537,172.63177,325700
-43.56649,172.63054,329100
-43.53656,172.64898,327100
-43.55264,172.64822,329400
-43.57317,172.76869,332700
-43.5740533,172.7739765,332700
-43.5341098,172.6118675,325200
-43.53367,172.64242,327000
-43.52674,172.63059,325700
-43.52666,172.62997,325700
-43.526312570720975,172.6299446921078,325700
-43.53759,172.6389,327100
-43.51403,172.62548,323900
-43.5295225,172.6446653,327000
-43.53328,172.63999,327000
-43.53377,172.63819,326600
-43.5205342,172.6220731,323000
-43.5444428,172.6087953,326100
-43.5500274,172.6392245,329400
-43.54907,172.64038,329400
-43.52366,172.52302,316600
-43.60248516298357,172.7245818078518,332501
-43.53610417772464,172.63566829021303,326600
-43.6318847,172.7251646,332901
-43.50011749999999,172.6406212,323100
-43.53215669999999,172.640186,327000
-43.58236,172.58073,329002
-43.58459853993397,172.5804663822055,329002
-43.55936,172.63056,329100
-43.8086,172.96282,333500
-43.81057,172.96199,333500
-43.56851,172.62922,330300
-43.52865,172.61179,323200
-43.52783,172.61104,323200
-43.80127,172.97291,333500
-43.45707,172.62514,317301
-43.503680527801166,172.72939699206543,330200
-43.5558325,172.6065522,326900
-43.53633,172.64837,327100
-43.50393,172.56775,318300
-43.59486709999999,172.5663913,329001
-43.5262441,172.6458649,327000
-43.5307798,172.6410375,327000
-43.50541,172.63837,322100
-43.60269599999999,172.7210942,332501
-43.53184,172.65058,327901
-43.5235229,172.6531472,326800
-43.52442138294538,172.63407703489065,325700
-43.52693,172.63807,326600
-43.5309,172.64205,327000
-43.52163385701903,172.6343505481002,325800
-43.535373,172.5844296,322700
-43.56172,172.5569841,324700
-43.5246909,172.6356671,325700
-43.55986,172.56137,324700
-43.5204654,172.629525,323900
-43.51986,172.63062,323900
-43.51532,172.61993,323000
-43.62601,172.72021,332901
-43.5246108,172.6355281,325700
-43.53192,172.56866,321000
-43.5771958,172.7509595,332400
-43.57887,172.56231,326301
-43.5222,172.64479,325800
-43.51516,172.73087,330200
-43.5763733,172.6335938,331300
-43.52682,172.55934,320700
-43.512,172.56725,320200
-43.53343,172.65871,328900
-43.53329,172.60228,324400
-43.6846435,172.8905194,333201
-43.45139,172.61819,316900
-43.53567,172.64824,327100
-43.51903,172.63022,323900
-43.553099,172.5256652,321102
-43.56373,172.56445,325400
-43.52256,172.53575,318700
-43.55414057689457,172.4635308502625,318100
-43.54169,172.65727,329600
-43.50695,172.62289,322200
-43.56541,172.64997,331200
-43.52789,172.64771,327000
-43.50808,172.64139,323800
-43.5169,172.57838,320200
-43.54272,172.6141,326100
-43.52675,172.64212,325800
-43.52962,172.64002,327000
-43.5321685,172.6422461,327000
-43.55603,172.61969,327600
-43.53735012634002,172.6322152465582,327100
-43.53795,172.63213,327100
-43.57185,172.6265,330300
-43.54622056342077,172.60682545602322,326100
-43.5387,172.63078,327100
-43.5389655,172.6315994,327100
-43.53972,172.63182,327100
-43.79614,172.97661,333300
-43.555584,172.6695677,331400
-43.53386,172.59494,323300
-43.56348174228088,172.72649916584965,332000
-43.5386214,172.6325104,327100
-43.49734,172.60466,320100
-43.49278,172.72161,327200
-43.58309,172.58,329002
-43.5281,172.63989,327000
-43.53805,172.63205,327100
-43.53946,172.63232,327100
-43.50951,172.56882,320200
-43.53872,172.63558,327100
-43.56232,172.71476,332000
-43.50641546533082,172.63826205797756,323800
-43.52312,172.63311,325800
-43.52113,172.63264,325800
-43.52251,172.63278,325800
-43.52259,172.63296,325800
-43.52231,172.63261,325800
-43.52249,172.63434,325800
-43.5215,172.63469,325800
-43.52146,172.63272,325800
-43.5195555,172.6594498,326800
-43.53795,172.63064,327100
-43.5386495,172.6315049,327100
-43.53100957537252,172.64437403529882,327000
-43.5169058,172.6359035,324800
-43.51684849999999,172.6359575,324800
-43.5260972,172.6408548,325800
-43.4787775,172.7202007,326000
-43.56865,172.54163,324300
-43.5367,172.62565,327100
-43.5366477,172.6614565,328900
-43.59607,172.56582,329001
-43.80827709726408,172.96009565091836,333400
-43.52974,172.64509,327000
-43.52363,172.64319,325800
-43.6017276,172.6915164,332501
-43.5367484,172.6652511,328900
-43.5322026,172.6399268,327000
-43.52139,172.62117,323000
-43.52849662125188,172.61170651163937,323200
-43.54458,172.62398,327400
-43.56945774205247,172.55771085619926,324300
-43.57614658498033,172.7273884346527,332000
-43.53903704787669,172.66405702447943,328900
-43.552887,172.5586704,324100
-43.551815188546925,172.64721620218364,329400
-43.56165866001157,172.73758416050998,332100
-43.54659,172.64967,329900
-43.5746756,172.7587013,332700
-43.53133,172.63846,326600
-43.52553,172.63249,325700
-43.5566022,172.5589218,324100
-43.51053267800998,172.63775752409785,323800
-43.56204,172.66485,331400
-43.555366050820055,172.71729802839994,332301
-43.5318057,172.6438321,327000
-43.52854405046829,172.64366850314352,327000
-43.54348202589178,172.60784014816198,326100
-43.521296,172.6462444,325800
-43.54357,172.66373,329600
-43.51054833874505,172.72235596530373,326200
-43.63135,172.74123,332901
-43.640007680862944,172.71477349047106,332801
-43.53548,172.5886055,323300
-43.809989771825855,172.96239014714956,333500
-43.53842278439485,172.63779732306173,327100
-43.48271929999999,172.60702352820698,317900
-43.50575,172.62716,322200
-43.5339875287827,172.66197030328982,328900
-43.5640237,172.5518264,322900
-43.5302545,172.6582687,327902
-43.49372370789243,172.66602816763128,324600
-43.51501,172.66116,325900
-43.56135379539843,172.7151178461591,332000
-43.55473160947835,172.60954141402112,326900
-43.55515742476391,172.60706323292,326900
-43.5300005,172.647451,327000
-43.5295526,172.6446809,327000
-43.50248830348178,172.65703870975346,323400
-43.5639207,172.6691455,331400
-43.5323,172.6404,327000
-43.5761063,172.7750349,332700
-43.53360771704917,172.6484024129679,327100
-43.801150710953735,172.97605901956558,333500
-43.5477372,172.746651,331700
-43.56437609781709,172.6396558585457,330600
-43.5467982,172.6073638,326100
-43.50161937991331,172.43337500975144,316600
-43.5092,172.56363,320200
-43.755343512285,172.944421400829,333300
-43.555176462155664,172.68524935847938,331100
-43.5901867,172.5801246,329002
-43.5207314,172.5849414,320200
-43.52221,172.64267,325800
-43.50337,172.63194,322100
-43.520549,172.6299375,323900
-43.5386106,172.6315744,327100
-43.50950425610945,172.6052613976149,321400
-43.54320682953794,172.60933975515613,326100
-43.57012012167574,172.62963602124898,330300
-43.52526636966717,172.64576626326956,327000
-43.57145959050328,172.6309416882019,331300
-43.56147,172.58342,326701
-43.53619600594249,172.58538953692496,322700
-43.79961870439148,172.9692871292172,333500
-43.6182023,172.6568574,332200
-43.80146372504731,172.97047839577397,333500
-43.80167172664381,172.97067882185712,333500
-43.55512708102582,172.52816619961882,321102
-43.799554442635696,172.96998607185148,333500
-43.65497,172.70025,332801
-43.5314557607224,172.5998416372516,324200
-43.50994,172.73076,330200
-43.5330051,172.6401979,327000
-43.581238858576896,172.5999784429056,330000
-43.50947372690499,172.65465192642515,325900
-43.5329868,172.5930591,323300
-43.533122767505326,172.52288854231324,319300
-43.4785405,172.6129199,318800
-43.573687,172.5849974,327301
-43.66440582143249,172.67623576337698,332801
-43.50887725929177,172.65131988298631,325301
-43.51878325568993,172.5720306953272,320700
-43.53103426698589,172.64540734678326,327000
-43.45269308740136,172.61732278761832,316900
-43.56693250333856,172.61713338160487,329200
-43.55553694345197,172.52980180168325,321102
-43.53283,172.59902,324400
-43.53228204730403,172.6447432619524,327100
-43.532014195405225,172.64632585268487,327000
-43.53201,172.64633,327000
-43.5327342,172.6499711,327100
-43.55630226344523,172.63908658747764,329700
-43.51581,172.56005,319500
-43.53050935301534,172.64613303399275,327000
-43.5610302,172.5409747,322900
-43.53419691499316,172.6506266265231,328800
-43.5170436,172.6392809,324800
-43.568806952730256,172.75229304105568,332400
-43.50880430179557,172.7223306008745,330200
-43.5373554449877,172.64140092247777,327100
-43.53900332179513,172.6356739550829,327100
-43.53900332253586,172.6356739550829,327100
-43.534358124409295,172.60468828937036,324400
-43.5321361,172.6478268,327100
-43.48934241588721,172.72330129398088,327200
-43.53431179318313,172.60257865556065,324400
-43.554131,172.632789,329100
-43.44061701107155,172.6339439097092,316900
-43.5791804,172.7605532,332700
-43.554009750917125,172.63701126931153,329700
-43.62251569721373,172.6464136595219,332200
-43.55202965112118,172.64544931134188,329400
-43.575252,172.5854578,327301
-43.52793124900879,172.63925807238115,326600
-43.50043863084985,172.72758452098,330200
-43.5311938,172.6481437,327000
-43.5390343,172.6352557,327100
-43.5392668,172.6349548,327100
-43.5659335,172.7343454,332100
-43.51009004310896,172.72149131572684,326200
-43.74664267760413,172.9369067538849,333300
-43.74509619663165,172.93798326402273,333300
-43.813317987242776,172.95525773264177,333400
-43.5631728,172.7367477,332100
-43.52850706620084,172.6480071564737,327000
-43.7596192,172.945332,333300
-43.4613509,172.5867198,316800
-43.51267676159468,172.63195321380786,323900
-43.520077,172.5082745,316600
-43.5205856,172.6496382,325302
-43.44560052587537,172.63195758255665,316900
-43.50647251370193,172.62318327679066,322200
-43.53379303297666,172.6384355024,326600
-43.53533040020803,172.63967613178244,326600
-43.5684663,172.5424887,324300
-43.53088564312099,172.65375876245724,327901
-43.523963,172.6429593,325800
-43.47083169763378,172.57265143096447,317000
-43.47667970265973,172.62373902490305,319600
-43.7574008,172.9438832,333300
-43.52952,172.6405,327000
-43.58327644336286,172.59958104973757,330000
-43.53581020979104,172.6328421633099,326600
-43.56810341457293,172.59139788701395,327700
-43.516352033294446,172.63231541497586,323900
-43.49704581334288,172.5676932605941,318300
-43.53969770955626,172.6338076255217,327100
-43.54775074891444,172.62886727302407,328700
-43.50919077339972,172.60179915567545,320800
-43.5187,172.64984,325302
-43.53092924429115,172.5931566350417,323300
-43.53830024146921,172.63544431122506,327100
-43.5299641,172.6458587,327000
-43.55154993834802,172.60530784210928,326900
-43.57158312242351,172.54244054047504,324501
-43.5232384926349,172.5939880321962,322400
-43.53824032186571,172.6354827763904,327100
-43.53664002574392,172.5977861273676,324400
-43.772718245767614,172.78269522749258,333100
-43.75671,172.94447,333300
-43.47711812106554,172.62461804369767,319600
-43.47818898072866,172.62482497221637,319600
-43.52627729694071,172.73679824982085,331700
-43.52707179999999,172.6465011,327000
-43.4782407,172.5569682,316700
-43.52062,172.58511,320200
-43.53920103581007,172.63554088413088,327100
-43.56334,172.66344,331400
-43.5264274,172.646713,327000
-43.53842927046252,172.56994687858537,323500
-43.82380556020396,172.98571907401296,333300
-43.54011847690983,172.63547652215047,328100
-43.534779,172.6606091,328900
-43.53909651908395,172.63540590370482,327100
-43.441754,172.6352391,317301
-43.5367072546429,172.63121247036452,327100
-43.50963625407333,172.59461811472872,320800
-43.538008644440296,172.6362209520908,327100
-43.52956851517966,172.64255425450045,327000
-43.5285632,172.6432595,327000
-43.79532,172.91627,333300
-43.52676940633559,172.5881382424581,322400
-43.57233953515525,172.65019258189517,331200
-43.51993979758108,172.58499366106443,320200
-43.52273414307752,172.6299604551251,325700
-43.5743727,172.5468377,324501
-43.53841332301918,172.6355686561438,327100
-43.53813095925644,172.63394057973693,327100
-43.53837352814106,172.63391544891363,327100
-43.53978781882551,172.63052982270958,327100
-43.56912543870599,172.64203955120746,330600
-43.58740534634271,172.60284987634293,330000
-43.534390527247815,172.58646004932802,322700
-43.55385445180693,172.54497216880887,322800
-43.52633,172.6483808,327000
-43.52545035112235,172.63574720116384,325700
-43.5785033,172.6459753,331300
-43.55947869127116,172.71957126972347,332000
-43.53393,172.66195,328900
-43.5693419781285,172.64033275623467,330600
-43.55352978399304,172.5630863292295,324100
-43.54030656497585,172.63414319144323,328100
-43.5515579,172.6341581,328700
-43.5272862,172.639144,326600
-43.54633729199626,172.60402586381895,326100
-43.50831151259389,172.72122814663922,328300
-43.529607354975255,172.6452340392868,327000
-43.45288345012143,172.6132104460182,317400
-43.78835822060294,172.82048007196653,333100
-43.498235,172.6901684,325601
-43.48215742947813,172.61748159359286,319600
-43.48281389749779,172.6160938494878,318800
-43.53485,172.58637,322700
-43.480834348691104,172.6160356491522,318800
-43.52775370000001,172.6497157,327000
-43.5518,172.5975,325000
-43.5729264,172.756247,332400
-43.5374563,172.6387642,327100
-43.57299003678536,172.76073282476014,332700
-43.5561883,172.6313089,329100
-43.5379343,172.638452,327100
-43.8097243,172.9614093,333500
-43.523554,172.6531331,326800
-43.5318753,172.6414653,327000
-43.56841163129612,172.7551373799454,332400
-43.50368,172.63584,322100
-43.53615209530844,172.58552687175353,322700
-43.52661813804203,172.62830144285277,325700
-43.54165709632117,172.6115757281866,326400
-43.55615834565026,172.7515045105896,331700
-43.5202062,172.6433856,325302
-43.525123477732215,172.64410260792295,325800
-43.53219240000001,172.6010008,324400
-43.53264388716416,172.64155449170622,327000
-43.52338394855992,172.63610380610103,325800
-43.5123891,172.5169109,316600
-43.57634111698441,172.6306397854462,331300
-43.60804156884073,172.70495322658093,332501
-43.47734,172.6912,321600
-43.5063142662141,172.5931911008776,320800
-43.51920856102826,172.6421210711966,324800
-43.53318,172.51572,319300
-43.5312742,172.6461984,327000
-43.53107,172.64991,327000
-43.49923136134971,172.64541180551075,323100
-43.5732996,172.7658275,332700
-43.53272035334777,172.64067985911484,327000
-43.51028352609524,172.72159960428695,326200
-43.53806,172.65836,328900
-43.53118,172.64459,327000
-43.53337,172.52153,319300
-43.50388,172.65784,323400
-43.5286,172.56931,321800
-43.56451,172.72946,332100
-43.47891,172.58744,317900
-43.45439,172.61766,316900
-43.47059,172.57067,316700
-43.47061,172.57066,316700
-43.5140999,172.6386017,324800
-43.55898,172.55758,323600
-43.55401,172.56075,324100
-43.63182,172.73748,332901
-43.54376,172.62687,327400
-43.52638,172.64242,325800
-43.52633,172.64239,325800
-43.53883,172.63465,327100
-43.52327,172.54724,319700
-43.53889,172.66188,328900
-43.62862,172.71837,332901
-43.559,172.62944,329100
-43.5229211,172.538951,319800
-43.50762,172.55149,318501
-43.80957,172.88041,333300
-43.53226,172.65036,327100
-43.52744,172.60488,323200
-43.52847,172.64363,327000
-43.53638,172.58518,322700
-43.53346,172.6496,327100
-43.51866,172.64942,325302
-43.51834,172.64952,325302
-43.51928918592285,172.64843444769346,325302
-43.53615384832621,172.5851891305917,322700
-43.48160358722305,172.616346688215,318800
-43.49897114335805,172.56445876448242,318300
-43.57221,172.7548148,332400
-43.5522324,172.686745,331100
-43.53874223316468,172.65950393301003,328900
-43.5063758835739,172.65849427722307,323400
-43.51055368756739,172.66820036875183,326500
-43.6352335,172.7373851,332801
-43.551878085355305,172.5526181191384,322800
-43.55122087651891,172.5586392599649,322500
-43.49713996514986,172.59853225080877,320100
-43.56214211279602,172.54526098465576,322900
-43.50071326452485,172.56605010818723,318300
-43.6211779932012,172.64888033805218,332200
-43.5278199,172.6501219,327000
-43.5278212,172.6500305,327000
-43.51133112039447,172.66636390665803,326500
-43.51141619795895,172.66694080084562,326500
-43.50996,172.668,326500
-43.5375710401696,172.6594274909148,328900
-43.67543,172.99468,332301
-43.556949600472855,172.64171920644057,329700
-43.54946008423065,172.62494033373454,327600
-43.53063960920509,172.63877819881137,326600
-43.5218,172.61905,323000
-43.56643,172.64814,331200
-43.533746796608,172.64179173856974,327000
-43.48627746346972,172.71456219097848,325100
-43.56267090000001,172.5448181,322900
-43.5729506,172.7117069,331900
-43.49105185377038,172.72450089629513,327200
-43.52694066426764,172.66850377076764,328500
-43.48286419999999,172.6686603,321302
-43.54677110000001,172.6502279,329900
-43.518637,172.6250952,323000
-43.581595752851214,172.55938436510732,324502
-43.51881,172.64906,325302
-43.533504320301496,172.6287128652501,325700
-43.5125320900675,172.5609128043645,319500
-43.55263069051671,172.5274307280779,321102
-43.5997606742266,172.7253383372271,332501
-43.52620207375404,172.60996833443642,323200
-43.5275385,172.6315072,325700
-43.509302385880375,172.65133397261755,325301
-43.51194737647095,172.60284757964183,321400
-43.63799644146733,172.71410079982482,332901
-43.55372354488169,172.52724390509852,321102
-43.53172134122224,172.6439482148887,327000
-43.48037105226414,172.71169853476874,325100
-43.52903624901779,172.65539877181033,327901
-43.8010250016617,172.97953954973758,333500
-43.5422273,172.6635552,329600
-43.4785,172.60249,317900
-43.52364760085362,172.6425056889926,325800
-43.5229996,172.6420945,325800
-43.507641,172.5693324,318300
-43.54204588026428,172.61210799244404,326400
-43.542140754079625,172.61315192468163,326400
-43.5339025,172.6303734,325700
-43.55713944984726,172.6433516630783,329700
-43.60467885236178,172.58039732332043,329001
-43.56221413165788,172.72061613034714,332000
-43.76459163639871,172.7979851046084,333100
-43.574274,172.5807215,327301
-43.5596373,172.5433037,322900
-43.5538793,172.6186657,327600
-43.53499339350306,172.58527701078782,322700
-43.5615757,172.63505,329100
-43.575275736774536,172.63378094808226,331300
-43.62768,172.7303,332901
-43.52629622248212,172.67117095099317,328500
-43.52998,172.63736,326600
-43.529863426005726,172.65259224881245,327901
-43.52914712701838,172.5707024985343,321800
-43.557437142446005,172.60348695167662,326900
-43.8106351,172.9609871,333500
-43.8126977,172.9659379,333500
-43.5454488,172.6608673,329600
-43.55106814896196,172.64306685323382,329400
-43.814656563622194,172.96278591367258,333500
-43.51710160751112,172.6352601019968,324800
-43.56046744565495,172.5430162629637,322900
-43.4931115,172.5823023,318000
-43.5749772,172.5640088,326301
-43.52956504482592,172.6772318945028,328500
-43.52905859383925,172.58657668981266,321800
-43.52479124662882,172.64316612234077,325800
-43.52960740005737,172.642368282234,327000
-43.52642498950236,172.63987563550472,325800
-43.535975734874135,172.5479840803218,319800
-43.519411,172.6292454,323900
-43.5512095,172.7477667,331700
-43.55033954525878,172.74858449289397,331700
-43.53784291143021,172.63197769441285,327100
-43.5386481,172.6323424,327100
-43.5552231,172.6225478,327600
-43.5157170332271,172.5399359644955,317701
-43.572516438303815,172.54093977253268,324501
-43.5356932185432,172.5847776979208,322700
-43.51575523685009,172.6379976379875,324800
-43.46105814556284,172.6206201100373,317400
-43.5451352810681,172.62843158444394,328100
-43.57407103015629,172.75113621628893,332400
-43.53378,172.64217,327000
-43.55306905838775,172.64697585428962,329400
-43.5038512,172.6170847,322200
-43.52650697725486,172.60682930193607,323200
-43.8005544,172.9732156,333500
-43.52249075621552,172.6356401217233,325800
-43.52278,172.63464,325800
-43.53645318476583,172.6484901686095,327100
-43.5371788,172.6478091,327100
-43.5213938,172.6096994,322600
-43.53806943606129,172.6485359137438,327100
-43.53680048090179,172.64888263456473,327100
-43.53832204623309,172.64822068490287,327100
-43.5372648,172.6477693,327100
-43.536622578409016,172.6467273316099,327100
-43.53839704635515,172.6470514975771,327100
-43.537251,172.6477124,327100
-43.53814628906328,172.64818432044993,327100
-43.52795581744982,172.64272085804907,327000
-43.5112464,172.6457365,325301
-43.50241780506835,172.61849509346618,322200
-43.53428647703665,172.65818005972827,328900
-43.5947561,172.5656809,329001
-43.56677655558515,172.57146254181862,325400
-43.5638852,172.599944,327700
-43.514742299471386,172.63571761489564,324800
-43.637881,172.7535093,332901
-43.47527110770067,172.70785552797602,325100
-43.53820025340523,172.658439460667,328900
-43.51201629991809,172.62585908174515,323900
-43.5112909,172.624165,322200
-43.57629042303861,172.64727171916056,331300
-43.5317354,172.6516513,327901
-43.53233962180865,172.64241776137692,327000
-43.51636962582822,172.63732326410877,324800
-43.52057757513222,172.6092389322624,322600
-43.74684384406936,172.95240594232786,333300
-43.5535086,172.63368,328700
-43.5438754,172.5274386,320400
-43.8135157980429,172.96247668772094,333500
-43.62109499721567,172.6502242073837,332200
-43.58141590439831,172.59997768597734,330000
-43.505292905650414,172.61125124208223,321400
-43.64996312580655,172.7567024761734,333201
-43.505193880798416,172.60190044038382,321400
-43.525832391158445,172.63093980956165,325700
-43.5580731,172.7317534,332100
-43.50276638371723,172.66183337639325,323400
-43.53757574955624,172.64722417081842,327100
-43.53448583708309,172.65948897523327,328900
-43.4761659,172.5846462,317000
-43.53095315649713,172.64556602228504,327000
-43.57875057997605,172.76955807817313,332700
-43.5245878090609,172.65347648584483,326800
-43.57280175151525,172.5770089097787,327301
-43.75951,172.94491,333300
-43.51925744164095,172.62176653665622,323000
-43.5243223,172.5706954,321200
-43.524752091908255,172.57136899444166,321200
-43.520951230346895,172.63807956129313,325800
-43.52092919623441,172.62248775840698,323000
-43.5246798,172.6300407,325700
-43.53051759785859,172.68029853701591,329300
-43.540256032621336,172.63539776541245,328100
-43.5375647,172.5832716,322700
-43.5559879,172.5530356,323600
-43.52299159538557,172.62794850716614,325700
-43.53280026762857,172.60847686469833,324200
-43.811981,172.959442,333500
-43.532184,172.6401221,327000
-43.52685279545496,172.63667137112157,326600
-43.5417698,172.6598668,329600
-43.55432424973294,172.58624185866802,325000
-43.56904,172.69499,331900
-43.5120107183578,172.6230112775695,322200
-43.53944421783652,172.63208621831762,327100
-43.538648,172.6324918,327100
-43.52430262642784,172.64291642604638,325800
-43.5233333,172.6422111,325800
-43.5645701,172.7128158,332000
-43.50357936238871,172.72946672949982,330200
-43.543107,172.6587562,329600
-43.5257355,172.6357443,325700
-43.5323907,172.6424969,327000
-43.525483324231416,172.6400619306806,325800
-43.52611527214027,172.63969608655037,325800
-43.5087608,172.7312549,330200
-43.44861065016797,172.6295818454608,316900
-43.5263,172.64008,325800
-43.5448233,172.6090316,326100
-43.56027941820327,172.631662355008,329100
-43.52183628046213,172.65729414895625,326800
-43.55132,172.64867,329900
-43.47189896048919,172.6438200693115,318402
-43.52377383378349,172.63967994221971,325800
-43.5305334,172.6641125,327902
-43.53168472813268,172.63887115019398,326600
-43.5310335,172.6378871,326600
-43.5269482,172.63981,325800
-43.7959394692492,172.91849474127807,333300
-43.66080714228149,172.8100438666135,333201
-43.5084051,172.5787446,320600
-43.53962,172.63417,327100
-43.80025,172.97291,333500
-43.525977431277056,172.63537092844723,325700
-43.523985976934455,172.64250851770703,325800
-43.4884392,172.7197228,327200
-43.64661633749566,172.71206623739903,332801
-43.50519803076554,172.59303377891396,320800
-43.528,172.61186,323200
-43.5296361,172.6450818,327000
-43.55921737773134,172.64969928807213,330800
-43.56118777686561,172.7371907414108,332100
-43.5259716,172.6308046,325700
-43.51142665774463,172.60732631670504,321400
-43.52692,172.63033,325700
-43.52574,172.63574,325700
-43.52893349816466,172.65280536512535,327901
-43.53801,172.65852,328900
-43.5265134226296,172.6391980995416,325800
-43.47848,172.60247,317900
-43.52819544295089,172.6438264668173,327000
-43.52843461875418,172.64292296022177,327000
-43.52113814805816,172.63105911563352,325800
-43.52457,172.63493,325700
-43.50565401964228,172.6389875152307,323800
-43.5291776,172.6294649,325700
-43.52742670346364,172.6387779882296,326600
-43.5257352,172.6358014,325700
-43.80691784985575,172.9699825430664,333500
-43.5200561,172.5545311,319700
-43.57157751817939,172.7595611849708,332700
-43.5149485810741,172.56460087522692,320200
-43.5081935,172.4761624,316600
-43.53058670332837,172.59438574599326,323300
-43.5683736,172.72091,332000
-43.51533126831055,172.614990234375,323000
-43.53205,172.65862,327902
-43.4906727821394,172.59215437075736,319000
-43.51529,172.61479,323000
-43.51549530029297,172.6146240234375,323000
-43.5152927,172.614752,323000
-43.5214872,172.6114344,322600
-43.814899375035566,172.95475258136196,333500
-43.51317814969447,172.71078670159994,328600
-43.5187158,172.6463647,325302
-43.5465904,172.630358,327400
-43.53534143344633,172.6309812790258,326600
-43.5355577,172.6316733,326600
-43.5333039,172.6584558,328900
-43.5117608,172.6335938,323800
-43.52931384153877,172.63193903956537,325700
-43.55264988745799,172.52744145691395,321102
-43.533259105357246,172.65120010403118,328800
-43.52810008028276,172.66278570077648,327902
-43.52095231585249,172.62297363905634,323000
-43.4624,172.58873,316800
-43.57347128306554,172.77056296921378,332700
-43.5369835,172.6408163,327100
-43.54112187320258,172.66437252594372,328900
-43.794359320128855,172.96719143658095,333300
-43.51519533131728,172.61426226367902,323000
-43.52629960000001,172.6400802,325800
-43.537598279386536,172.6407968490526,327100
-43.5378002,172.6416792,327100
-43.54772767366197,172.63733987315513,329400
-43.75504856944127,172.94497131192003,333300
-43.52885,172.63041,325700
-43.5107564,172.6005923,320800
-43.52001,172.64076,324800
-43.52957061890012,172.6529624900986,327901
-43.8086131,172.9635453,333500
-43.5197449418434,172.59458965371294,322400
-43.53545039999999,172.6353908,326600
-43.5802121,172.6389027,331300
-43.52731,172.63981,325800
-43.52748,172.64741,327000
-43.53857850791663,172.64144022114667,327100
-43.5376872,172.6416822,327100
-43.5348732,172.6021255,324400
-43.4991295631148,172.5785432547501,319200
-43.52706791847199,172.60722400708738,323200
-43.5180883,172.6440227,325302
-43.5383,172.64273,327100
-43.5185644,172.6459604,325302
-43.5698711,172.7301574,332100
-43.53704337698154,172.64094019607683,327100
-43.5376852,172.6413574,327100
-43.5313834,172.6435245,327000
-43.553595730621794,172.64842371399027,329400
-43.549706,172.5420047,321901
-43.52613856152472,172.63859998061506,325800
-43.53692237664328,172.64281692306986,327100
-43.559363923769766,172.6463544644693,330600
-43.53737242490388,172.64062409307817,327100
-43.53847676085857,172.64245867038534,327100
-43.536886882568105,172.64279081939355,327100
-43.53468018260456,172.59769340594534,324400
-43.53545,172.63539,326600
-43.533721761516446,172.642064653337,327000
-43.57011615109144,172.58052367313718,327301
-43.5288803,172.6599129,327902
-43.54824,172.53846,321101
-43.54613372641938,172.62929009045126,327400
-43.56464862026484,172.66974868954634,331400
-43.530150968089366,172.64732650046903,327000
-43.54203668141266,172.61225759983063,326400
-43.48759175977148,172.59405572087002,317800
-43.5246202,172.6385601,325800
-43.5580319,172.7160523,332000
-43.464952847423774,172.58673954111188,316800
-43.5615844,172.6772681,331500
-43.52130570624033,172.63929527252913,325800
-43.5262553,172.6406017,325800
-43.53857106994883,172.63737185289037,327100
-43.4750889,172.5675473,317000
-43.5241646,172.635356,325800
-43.57403222061269,172.77426515789932,332700
-43.5340031,172.642468,327000
-43.516116,172.5756165,320200
-43.52174139103217,172.52392370498652,316600
-43.56849101932324,172.6086026117726,329500
-43.5644076,172.5727227,325400
-43.52402,172.63886,325800
-43.5333252,172.6296109,325700
-43.527968028284754,172.66291257156303,327902
-43.52471263829909,172.64018322428808,325800
-43.54279540390941,172.61422897334856,326100
-43.51732678062942,172.64339437716967,325302
-43.529432980629416,172.66330297716968,327902
-43.51724230914101,172.64142648090592,324800
-43.581102096490575,172.639835340182,331300
-43.50581469999999,172.5695731,318300
-43.519228444186005,172.52589410002594,316600
-43.50702960736995,172.63236530649417,322100
-43.5509,172.59809,325000
-43.552852244887895,172.59850101998836,326900
-43.51691935451705,172.59974049067117,321500
-43.52828147877686,172.64498980370485,327000
-43.52059903275233,172.53275320541923,318700
-43.53818,172.64732,327100
-43.53750251894583,172.64710372838772,327100
-43.53717877,172.64780894,327100
-43.5278094,172.6490848,327000
-43.53747844254689,172.647475668393,327100
-43.5370766,172.6478334,327100
-43.53737624254689,172.647499968393,327100
-43.49718502674914,172.60110774422316,320100
-43.53718078520185,172.57033812310692,322000
-43.53802,172.57183,323500
-43.7603459,172.9476981,333300
-43.47974052834015,172.5622014754481,317000
-43.5752446,172.7758478,332700
-43.57631,172.77501,332700
-43.52548083827186,172.64219045608755,325800
-43.6024599,172.7245927,332501
-43.4931057,172.5822909,318000
-43.53448246894551,172.64916392379834,327100
-43.5333919133148,172.6497471705079,327100
-43.51678081271896,172.62424169363453,323000
-43.51596058,172.62354635,323000
-43.51424069999999,172.5889645,320600
-43.63545,172.64586,332200
-43.50777087155666,172.62156841960007,322200
-43.54699,172.62815,327400
-43.52895271981518,172.6440874358199,327000
-43.55739,172.66933,331400
-43.4773509,172.7187179,326000
-43.583823303441534,172.77490495092076,332700
-43.57425,172.77059,332700
-43.53642869999999,172.7419738,331700
-43.59856,172.71666,332501
-43.5137562,172.6445692,325302
-43.51977,172.64896,325302
-43.5669222,172.7367083,332100
-43.5361,172.59748,324400
-43.52539031248277,172.6391644846558,325800
-43.53351,172.59492,323300
-43.525166812707695,172.64044904187105,325800
-43.4918,172.61514,320501
-43.52694,172.55472,321000
-43.49304,172.59236,320100
-43.53875,172.6422,327100
-43.5313863,172.6382629,326600
-43.51642,172.6418,324800
-43.52625,172.64239,325800
-43.53141045095179,172.6379477080914,326600
-43.5229487,172.6369111,325800
-43.54502,172.62872,328100
-43.53804,172.63305,327100
-43.53336600377857,172.60166596141562,324400
-43.80858,172.96316,333500
-43.55413,172.6442,329700
-43.5331905830439,172.6415862139681,327000
-43.52832959311647,172.64060094570988,327000
-43.529025,172.6411599,327000
-43.52367992660193,172.64158194286722,325800
-43.5240538,172.6410237,325800
-43.48812668491384,172.6230716336954,320501
-43.54989558253496,172.74847087277328,331700
-43.51699,172.61926,323000
-43.52381,172.68875,329300
-43.5293483,172.6415579,327000
-43.57197960559998,172.76351832682445,332700
-43.53486,172.5524,321000
-43.54671623715805,172.64879741265656,329900
-43.45408,172.61802,316900
-43.5155805,172.5601998,319500
-43.51624,172.55905,319500
-43.5236443,172.631053,325700
-43.48760754548146,172.5733569715582,318000
-43.5479427,172.6410387,329400
-43.53068,172.65899,327902
-43.49888,172.61382,320900
-43.52633607402826,172.64119582422083,325800
-43.5321369,172.6410932,327000
-43.53447,172.65617,328800
-43.51556,172.62535,323900
-43.54853,172.66452,330500
-43.56265,172.71917,332000
-43.5268,172.55594,319700
-43.51108,172.62388,322200
-43.49195,172.60426,320000
-43.51652,172.62521,323900
-43.50472,172.5735,319200
-43.51695,172.61193,322600
-43.48141580000001,172.6731528,321302
-43.5037771,172.6265796,322100
-43.57336,172.76037,332700
-43.52923,172.6423,327000
-43.57810945836043,172.630626372993,331300
-43.52521445050887,172.63681530547407,325800
-43.526235,172.63677,325800
-43.5232434,172.6420544,325800
-43.52507,172.63693,325800
-43.50784593163712,172.59179312478938,320800
-43.52618529999999,172.6312607,325700
-43.5378573,172.6384748,327100
-43.54044,172.63454,328100
-43.56705,172.52369,319101
-43.5681478,172.5244935,324501
-43.53237,172.64842,327100
-43.56946352039458,172.76138639999996,332700
-43.529576452254965,172.64461887620698,327000
-43.52998,172.64793,327000
-43.52006,172.64915,325302
-43.5457936,172.6240746,327400
-43.5513457,172.6487557,329900
-43.53915484941684,172.63562584484404,327100
-43.53206641919283,172.64996556878666,327100
-43.53166,172.64078,327000
-43.5076762,172.6429924,323100
-43.53723,172.64032,327100
-43.5304659,172.6494625,327000
-43.5150260178215,172.70920059218065,329800
-43.5312116,172.6474848,327000
-43.5313593,172.647484,327000
-43.5313032,172.6474824,327000
-43.53141400000001,172.6474827,327000
-43.56468,172.71098,332000
-43.5422137,172.6599591,329600
-43.51216,172.63456,323800
-43.5008377980153,172.5648770481348,318300
-43.5260572,172.6400047,325800
-43.5313121,172.6447969,327000
-43.52089,172.57544,321200
-43.5456119,172.6146934,326100
-43.51910571964622,172.64974415302277,325302
-43.513,172.56165,319500
-43.51094,172.50287,316600
-43.48965,172.5829,318000
-43.53715381551839,172.6005887248384,324400
-43.51948549999999,172.6378499,324800
-43.5485,172.67262,330500
-43.53779,172.62492,327100
-43.51493,172.63032,323900
-43.56365149859917,172.73411263999336,332100
-43.545794715624,172.62412514260262,327400
-43.53095670124307,172.6377423245437,326600
-43.515940823340806,172.62565429628316,323900
-43.45051146202988,172.59001974016428,316800
-43.5281444,172.6430909,327000
-43.516087275114,172.6235914518303,323000
-43.51590411421796,172.6239234770492,323000
-43.51604056114709,172.62541014961516,323900
-43.51697091214538,172.62538896706596,323900
-43.5386710137964,172.64119229498328,327100
-43.51684,172.62569,323900
-43.51760938023054,172.625527635809,323000
-43.52426626600159,172.64192584902048,325800
-43.47612,172.59181,317900
-43.53001,172.57896,321800
-43.5492684,172.5293431,321102
-43.51765784514209,172.62553876414287,323000
-43.51776212776995,172.62443732225242,323000
-43.56363,172.71061,332000
-43.537756236760906,172.60171143736576,325500
-43.57648552233884,172.7621501460327,332700
-43.5297182,172.6450892,327000
-43.58516,172.63594,330300
-43.5200289,172.6534622,326800
-43.524518,172.6424594,325800
-43.54478,172.68565,331100
-43.5373358,172.6093632,325500
-43.5288993,172.6622898,327902
-43.80895614423801,172.96378521083906,333500
-43.53003349999999,172.6391504,326600
-43.59088101088996,172.56692559605438,328001
-43.4737022,172.7045889,325100
-43.65610409681271,172.70317379290714,332801
-43.53829,172.63106,327100
-43.53016516313209,172.64378262027418,327000
-43.53176115781898,172.64428861371564,327000
-43.51898430756725,172.64229899733704,324800
-43.536187,172.6353027,326600
-43.52969,172.57827,321800
-43.53591,172.58716,323300
-43.53185890659345,172.64922476997532,327000
-43.55579,172.60621,326900
-43.5529888,172.6174949,327600
-43.5253256,172.629516,325700
-43.526254,172.6423938,325800
-43.82435202894918,172.7091162351229,333100
-43.4931863,172.6123595,320900
-43.5720107,172.7635982,332700
-43.54393,172.60862,326100
-43.53631,172.60231,324400
-43.51866901404076,172.6195439407312,323000
-43.53019,172.64244,327000
-43.522286926866194,172.52467036032047,316600
-43.525457817331045,172.63298594392268,325700
-43.51763,172.57473,320700
-43.53782,172.63055,327100
-43.5386158,172.6313747,327100
-43.53370960627598,172.64144640415907,327000
-43.54838,172.52896,321102
-43.5180903,172.552326,319500
-43.53311,172.59968,324400
-43.56164,172.61584,328200
-43.53747,172.6016,325500
-43.50323,172.63371,322100
-43.80954,172.97053,333500
-43.5311992,172.6399008,327000
-43.52624796907587,172.6368260212538,325800
-43.58842,172.60675,330000
-43.53738,172.64048,327100
-43.55264478385439,172.52742134034634,321102
-43.53210591481822,172.6592943511919,327902
-43.5333919,172.6497471,327100
-43.53181,172.64729,327000
-43.54951940000001,172.5937396,325000
-43.5261118,172.6474369,327000
-43.54908,172.64613,329400
-43.4595166299339,172.61736447090868,317400
-43.73796766917117,172.93427243193315,333300
-43.53834519999999,172.6210031,327100
-43.4896,172.61433,320501
-43.49132,172.58563,318000
-43.5209187,172.5335071,318700
-43.53317,172.64955,327100
-43.5335861,172.6499482,327100
-43.52645853975918,172.64122957321865,325800
-43.53976,172.66472,328900
-43.5321823580736,172.64847496216387,327100
-43.5264225,172.6329885,325700
-43.479689,172.7204739,326000
-43.53408173114528,172.64894854277372,327100
-43.80386789482687,172.97391040674592,333500
-43.56664,172.59515,327700
-43.80978,172.96133,333500
-43.49644,172.56805,318300
-43.50728,172.63954,323800
-43.4941949733728,172.59199921041727,320100
-43.50897,172.64979,325301
-43.562345895842185,172.62456120070934,329200
-43.5318548,172.6479042,327000
-43.53803,172.57023,323500
-43.53421,172.64758,327100
-43.53714,172.59993,324400
-43.5267436,172.6484079,327000
-43.5256110924079,172.63564896560672,325700
-43.53243,172.59164,323300
-43.57614,172.63275,331300
-43.79016364114325,172.94508941770826,333300
-43.5370816,172.5992706,324400
-43.48611647458858,172.71888244897127,326000
-43.53370940000001,172.6491341,327100
-43.52525953658692,172.6316060731236,325700
-43.5593492953946,172.73844245821238,332100
-43.5321753,172.6478101,327100
-43.82593,172.70513,333100
-43.8252704,172.705596,333100
-43.48762,172.64995,318401
-43.49566,172.6799,325601
-43.4956566,172.6798997,325601
-43.52518,172.63796,325800
-43.5262548,172.6367827,325800
-43.524612728296425,172.63671351431046,325800
-43.53369418246798,172.6309329254032,325700
-43.52086,172.5255,316600
-43.5226917,172.6430901,325800
-43.508558569809765,172.64780927449465,325301
-43.54274049600532,172.66275990754366,329600
-43.53681,172.64223,327100
-43.5360738,172.6350495,326600
-43.55911,172.61294,328200
-43.47021094147807,172.56904987657853,316700
-43.5279988,172.6118876,323200
-43.53451344322469,172.64319595853706,327100
-43.57868898147268,172.76226617395878,332700
-43.5334849,172.6492141,327100
-43.53287,172.64215,327000
-43.52536,172.63678,325800
-43.5253441,172.6295258,325700
-43.51347,172.63241,323900
-43.5334223,172.6599007,328900
-43.51882450000001,172.5756096,320700
-43.531186399463785,172.6398979949751,327000
-43.53108541437123,172.63991184532642,327000
-43.531336780754,172.64109232435123,327000
-43.623,172.65007,332200
-43.55252810475549,172.64248964826388,329700
-43.50856610418792,172.6334698498249,323800
-43.53764,172.64816,327100
-43.5373844,172.6477845,327100
-43.53784741660634,172.64813329949817,327100
-43.57232267966111,172.76227958500385,332700
-43.5321334,172.6475968,327100
-43.55186059336572,172.61846851069686,327600
-43.53851815017793,172.63040792759975,327100
-43.57043,172.71805,332000
-43.53477665236538,172.591660246253,323300
-43.55114,172.61819,327600
-43.58234273397906,172.712898328833,331900
-43.51158,172.60973,321400
-43.55109,172.63888,329700
-43.80323,172.97422,333500
-43.53373,172.56084,321000
-43.51711567653695,172.640689915806,324800
-43.57339801733017,172.76280362159014,332700
-43.64225709999999,172.7530402,333201
-43.52391189999999,172.5966896,322400
-43.52824,172.64945,327000
-43.5341003,172.6423406,327000
-43.535675,172.6355541,326600
-43.5719254,172.7589213,332700
-43.53165070000001,172.6600024,327902
-43.79982010343136,172.97314201917615,333500
-43.5296292,172.650212,327000
-43.5298264,172.6405278,327000
-43.51506,172.6337,324800
-43.5058825,172.6361346,322100
-43.51281,172.58337,320600
-43.80907243460973,172.9618957661316,333500
-43.5608771,172.5421856,322900
-43.5682067,172.760229,332700
-43.53950105818441,172.63235561675268,327100
-43.54642245554594,172.54786787806944,322500
-43.57004024983364,172.76045233011246,332700
-43.53188512540917,172.63993330299854,327000
-43.4771618,172.5923278,317900
-43.52618693267528,172.64022346322938,325800
-43.53162940000001,172.6488071,327000
-43.5317668,172.6487959,327000
-43.53222291835516,172.6483479042297,327100
-43.5412,172.74344,331700
-43.56018,172.62056,329200
-43.54698,172.62698,327400
-43.58985701586261,172.57148006942813,328001
-43.5286447,172.5153023,319300
-43.51334,172.63166,323900
-43.5329477,172.6404189,327000
-43.5304,172.60599,324400
-43.534273380338135,172.60088232711627,324400
-43.54535,172.61364,326100
-43.54212,172.61178,326400
-43.51778,172.64055,324800
-43.6495363,172.8361412,333201
-43.77952164674021,173.0970011395678,333201
-43.529565,172.6499055,327000
-43.543374065975634,172.69212909042835,330400
-43.51231,172.64429,325301
-43.48656545634338,172.71661843957406,327200
-43.5374708,172.6251301,327100
-43.52974,172.57154,321800
-43.45132588117387,172.61342905461788,316900
-43.5002,172.5672,318300
-43.5367705,172.638594,327100
-43.5293532,172.6499086,327000
-43.5218392,172.6449661,325800
-43.5365477,172.6384152,327100
-43.52863,172.648,327000
-43.5259,172.64647,327000
-43.53749,172.63743,327100
-43.52479,172.63974,325800
-43.525857,172.6399837,325800
-43.4764095,172.5240112,316700
-43.52622958207353,172.64021984035415,325800
-43.47641,172.52401,316700
-43.57294,172.71834,332000
-43.47573,172.52457,316401
-43.51304,172.73323,330200
-43.54401319477319,172.61318953158496,326100
-43.53019,172.64908,327000
-43.55327,172.6332,328700
-43.53345170750078,172.5914157857446,323300
-43.5293863,172.6451665,327000
-43.75522985135089,172.94540928431616,333300
-43.5040492,172.6394364,323100
-43.51593,172.64524,325302
-43.53215,172.64746,327100
-43.52896933914158,172.6419333559511,327000
-43.52447654940468,172.62852830823311,325700
-43.5305567,172.6385671,326600
-43.52228,172.63563,325800
-43.50139619999999,172.6519165,323400
-43.4964247,172.6135776,320900
-43.5025,172.72951,328300
-43.8094032,172.96208,333500
-43.59401,172.56608,329001
-43.50674,172.59225,320800
-43.55008,172.54191,321901
-43.5285901,172.643906,327000
-43.56542011344721,172.6567551734505,330800
-43.53201,172.6526,327901
-43.5354807,172.6353976,326600
-43.5302054,172.6434883,327000
-43.7997684452788,173.00022595347068,333300
-43.55985,172.54083,322900
-43.53216,172.65073,327901
-43.5333043,172.6495622,327100
-43.51385,172.64651,325302
-43.5143867,172.646192,325302
-43.51372732465372,172.56105858832598,319500
-43.49834,172.64029,321701
-43.56701,172.72138,332000
-43.5213,172.64625,325800
-43.58271,172.75465,332700
-43.55389753261898,172.64428473510856,329700
-43.518167735817286,172.63434659689665,324800
-43.55183,172.54083,321901
-43.5159975698346,172.65400255723804,325900
-43.56991,172.74702,332400
-43.53246024394559,172.6491503790021,327100
-43.5119254,172.6404695,323800
-43.541606,172.556426,322300
-43.5418929,172.5565923,322300
-43.5261852,172.6313704,325700
-43.4769475,172.582565,317000
-43.56057149999999,172.5577235,324700
-43.5347972,172.5991005,324400
-43.81019,172.96174,333500
-43.53379289999999,172.602115,324400
-43.53379,172.60212,324400
-43.53812368837632,172.6482613464624,327100
-43.51139,172.61993,323000
-43.53116,172.64681,327000
-43.52658,172.63448,325700
-43.57565,172.70724,331900
-43.6184,172.65755,332200
-43.53883,172.63203,327100
-43.57853,172.63334,331300
-43.488884,172.7110978,327200
-43.54243761051794,172.66239081683733,329600
-43.52362,172.63526,325800
-43.528780222815584,172.63100301163942,325700
-43.5221797,172.5544719,319700
-43.52866,172.65322,327901
-43.55403367869266,172.68820703029633,331100
-43.55779,172.55728,323600
-43.52026,172.62211,323000
-43.46886,172.60667,317600
-43.56764,172.75847,332700
-43.50517,172.62742,322200
-43.5468,172.61573,326100
-43.65057729999999,172.6397296,332801
-43.55630672681784,172.62678659135986,329100
-43.52937540000001,172.5373567,319800
-43.5419268,172.6671334,330100
-43.5417536,172.6118673,326400
-43.5377895,172.6413624,327100
-43.53755,172.64087,327100
-43.55238,172.63721,329700
-43.52070202408268,172.52212934195995,316600
-43.53456,172.60436,324400
-43.51373,172.65342,325900
-43.48813,172.6179,320501
-43.5718219,172.581708,327301
-43.54954,172.62363,327600
-43.5315768,172.6479961,327000
-43.5968656,172.5688123,329001
-43.5564931,172.668365,331400
-43.49589240751783,172.63399455696344,321701
-43.47332,172.70414,323700
-43.5329715851288,172.64087983241578,327000
-43.54997,172.53491,321101
-43.55322,172.47331,318100
-43.5255,172.63656,325700
-43.56388,172.73322,332100
-43.55062,172.53285,321101
-43.54423595658573,172.68621411891368,331100
-43.5332355,172.649956,327100
-43.53236,172.64991,327100
-43.5334384,172.6491979,327100
-43.6017366146027,172.71617880982234,332501
-43.5480624071552,172.62133982462558,327600
-43.48961,172.59474,319400
-43.52078056158844,172.63838533312082,324800
-43.52131195463341,172.63852228866892,325800
-43.81045787880396,172.969973411508,333500
-43.53713,172.63872,327100
-43.49402374351407,172.66456503421068,324600
-43.50227,172.62579,322100
-43.528926880812165,172.6423908888855,327000
-43.5125606,172.6001161,321500
-43.76576,172.78799,333100
-43.52323,172.65541,326800
-43.51767,172.64591,325302
-43.52589625611348,172.63076718896627,325700
-43.5110619,172.6409247,323800
-43.75818,172.94666,333300
-43.5295819,172.6499775,327000
-43.548301978798,172.62192179374665,327600
-43.49880080339371,172.61986962717847,320900
-43.47779,172.58223,317800
-43.52004,172.62927,323900
-43.5325491,172.6413391,327000
-43.53018,172.64105,327000
-43.53179,172.64672,327000
-43.54041058146743,172.61825570044795,326400
-43.51003336165608,172.57714748382568,320600
-43.53233335481662,172.6477978751063,327100
-43.51908,172.58963,320600
-43.66059533736677,172.80999403797318,333201
-43.55165,172.74793,331700
-43.52565,172.63589,325700
-43.54728,172.689,331100
-43.49652,172.63549,321701
-43.53275117357812,172.6395664422543,326600
-43.531678,172.6399434,327000
-43.53074447242869,172.63880272809507,326600
-43.53248931748027,172.64059619203982,327000
-43.53192434612056,172.64094787564684,327000
-43.53103175606127,172.6408205856815,327000
-43.52988,172.64001,327000
-43.53059224829136,172.6404995511152,327000
-43.53039560781677,172.63970712830397,327000
-43.5312971,172.6399379,327000
-43.53248613735028,172.64041037777082,327000
-43.5325191919803,172.64073237746024,327000
-43.531884,172.640397,327000
-43.53063153861778,172.64014810024764,327000
-43.53236370982273,172.6408372366122,327000
-43.5315808,172.6404335,327000
-43.53155285781588,172.6393684689857,326600
-43.5312784,172.6404378,327000
-43.53277024508369,172.6398506831316,327000
-43.5317779,172.6404336,327000
-43.53022518883903,172.64094238372036,327000
-43.5311839,172.6404396,327000
-43.53231668666338,172.63915105375426,326600
-43.5315965,172.6399442,327000
-43.53174553910176,172.63939718372572,326600
-43.53222166872063,172.6407840425453,327000
-43.5311303,172.6404374,327000
-43.53235745918997,172.64056958817434,327000
-43.53068548531782,172.63945785202392,326600
-43.53286545179641,172.639254338748,326600
-43.50997,172.58582,320600
-43.5203158,172.6373239,324800
-43.538931079096265,172.62850235277864,327100
-43.56875,172.54166,324300
-43.58318,172.59959,330000
-43.5526889,172.6307658,329100
-43.53175,172.52803,319300
-43.5444572,172.6617529,329600
-43.5193452,172.5879813,320600
-43.57096,172.57808,327301
-43.5735481,172.7613758,332700
-43.58463,172.55836,324502
-43.51856,172.64147,324800
-43.53392082881166,172.6412931829691,327000
-43.5340777,172.6414874,327000
-43.51752,172.65963,325900
-43.53821463612724,172.57997084408998,322700
-43.5391205,172.6344073,327100
-43.5392412,172.6347688,327100
-43.81038864067729,172.96310658553492,333500
-43.48726,172.58432,318000
-43.554333575190526,172.59540792743198,326900
-43.50498951311116,172.5676529581984,318300
-43.53114,172.64105,327000
-43.5307276552678,172.64058543812695,327000
-43.52193,172.65189,326800
-43.50827,172.6248,322200
-43.54857,172.64683,329900
-43.59766,172.71348,332501
-43.5012,172.56639,318300
-43.5297056,172.6386045,326600
-43.51529570369837,172.64348798350352,325302
-43.7603,172.94882,333300
-43.52837,172.58993,322400
-43.5367198,172.6383433,327100
-43.5270347,172.672961,328500
-43.54612,172.62806,327400
-43.52552,172.67559,328500
-43.52512,172.6758,327800
-43.5225853,172.6558806,326800
-43.50722,172.73127,330200
-43.5260674,172.6413088,325800
-43.5613406,172.6484919,330800
-43.53913,172.67406,330100
-43.50553,172.56814,318300
-43.50498886843341,172.56762920251813,318300
-43.50601,172.5682,318300
-43.52493,172.553,319700
-43.51366,172.64078,324800
-43.5013,172.57374,319200
-43.51547,172.62611,323900
-43.5806572773388,172.7141771838069,331900
-43.52309,172.65245,326800
-43.810251,172.9709684,333500
-43.55084,172.55569,322500
-43.4930761,172.7228596,327200
-43.53622,172.58402,322700
-43.53116353521855,172.63830804973756,326600
-43.56295,172.54443,322900
-43.56049,172.63712,330600
-43.5332312,172.5929776,323300
-43.55602,172.55862,324100
-43.51046,172.63799,323800
-43.56454620379006,172.62726818207906,329100
-43.48728,172.57398,318000
-43.51509,172.63794,324800
-43.53814,172.63721,327100
-43.5109695,172.6378916,323800
-43.50251,172.65869,323400
-43.53189,172.64098,327000
-43.8240977,172.9031566,333300
-43.50889025430211,172.63107262551785,322100
-43.53068,172.64784,327000
-43.54344,172.66252,329600
-43.53095803976464,172.6399564370513,327000
-43.51321,172.6261,323900
-43.52529618438033,172.6008797254075,322400
-43.53063,172.64266,327000
-43.5248642,172.6431133,325800
-43.53494,172.60457,324400
-43.5364897,172.6380439,327100
-43.5436,172.61226,326100
-43.54852,172.64317,329400
-43.56512,172.6399,330600
-43.50783524550181,172.56046603529438,318501
-43.8100273,172.9616807,333500
-43.8102035,172.9678423,333500
-43.54571291380489,172.62572157822282,327400
-43.53171,172.64863,327000
-43.53236,172.64072,327000
-43.52761711977456,172.63875009450706,326600
-43.5269821,172.6396304,326600
-43.53249,172.64084,327000
-43.53063816120372,172.64058191348497,327000
-43.52633,172.67897,328500
-43.55504,172.68382,331100
-43.53158255507987,172.6635380834341,327902
-43.50815588939392,172.62486565858126,322200
-43.53592,172.60574,324400
-43.53463,172.60375,324400
-43.5161191,172.6317021,323900
-43.56693,172.65602,331200
-43.507839529638765,172.57269836962223,319200
-43.52306194659612,172.63195403809812,325800
-43.5237352,172.5498214,319700
-43.56122410540892,172.54431154578924,322900
-43.56707,172.64747,331200
-43.8127,172.96594,333500
-43.57956,172.77319,332700
-43.5332916400812,172.64899809745543,327100
-43.5313183,172.6404351,327000
-43.58152,172.5497,324502
-43.80530854374933,172.97267002389353,333500
-43.508548,172.633636,323800
-43.5303,172.56385,321000
-43.52497,172.66917,327800
-43.5403518,172.5161124,319300
-43.53079,172.63962,326600
-43.53211656497016,172.63957265564548,326600
-43.5315149,172.639945,327000
-43.75876,172.94642,333300
-43.52855,172.64617,327000
-43.55762,172.6682,331400
-43.52189,172.63687,325800
-43.52802336231802,172.64345109603465,327000
-43.5346,172.58514,322700
-43.5302,172.64159,327000
-43.49556748982597,172.65456373857197,323400
-43.55665,172.53991,322900
-43.532266126031146,172.64085982254556,327000
-43.53025,172.64137,327000
-43.5310531,172.6404391,327000
-43.531,172.64128,327000
-43.565991504382026,172.73261278348411,332100
-43.503511630390406,172.6576460049791,323400
-43.5571713,172.6425875,329700
-43.5645293606866,172.63848298628793,330300
-43.49194,172.7136,327200
-43.57375,172.76571,332700
-43.53275,172.63941,326600
-43.5318421,172.6398551,327000
-43.48937,172.68197,324001
-43.5569636627414,172.55107865974716,323600
-43.60199129469335,172.5747565886309,329001
-43.5220887,172.5389454,319800
-43.525881,172.6359291,325700
-43.5323886,172.5199049,319300
-43.50290999434064,172.6318829787252,322100
-43.62321766849259,172.65220713799653,332601
-43.645279116830665,172.7109762329338,332901
-43.53064,172.64087,327000
-43.53098122661197,172.64080032894748,327000
-43.531885,172.6403492,327000
-43.53014791681165,172.6387957907086,326600
-43.5288784,172.6431514,327000
-43.6249146,172.6470868,332200
-43.5245901,172.6420862,325800
-43.53408,172.61184,325200
-43.55413198821895,172.6442113516771,329700
-43.63921,172.75372,333201
-43.5317706,172.6632829,327902
-43.51765,172.54873,318901
-43.4876569,172.6121695,320501
-43.50629,172.72484,330200
-43.55569,172.53372,321102
-43.5641197,172.730254,332100
-43.53122498970603,172.64072577698803,327000
-43.80199716403587,172.9729602097606,333500
-43.52021924200214,172.54149435764222,317701
-43.53083,172.64017,327000
-43.538627,172.6586032,328900
-43.53444,172.61174,325200
-43.49953,172.62287,322100
-43.51717,172.63941,324800
-43.60214002122272,172.7128710344915,332501
-43.51550912733669,172.63791062062722,324800
-43.53903820000001,172.6343875,327100
-43.5317279,172.6404351,327000
-43.5318861,172.6402898,327000
-43.60051,172.7126,332501
-43.55309,172.62218,327600
-43.5261663,172.6291617,325700
-43.53169,172.64044,327000
-43.53221,172.63885,326600
-43.53138,172.64149,327000
-43.5310548,172.6403942,327000
-43.72939779215737,172.8966318564167,333201
-43.50727,172.61976,322200
-43.55965,172.63847,330600
-43.62733,172.72495,332901
-43.50275994702879,172.6575436140453,323400
-43.53054,172.64002,327000
-43.5314582,172.6404355,327000
-43.81163,172.96733,333500
-43.48789,172.61324,320501
-43.49410889846365,172.63163699332253,321701
-43.8094928,172.9718994,333500
-43.54907346933032,172.62242261841914,327600
-43.4827814,172.5901618,317800
-43.49566564669176,172.68725221831963,325601
-43.524713,172.6436329,325800
-43.5274999,172.6488629,327000
-43.53024,172.64183,327000
-43.57074674463552,172.75717199236072,332400
-43.52962,172.64327,327000
-43.57265473422669,172.58391436189413,327301
-43.5461234124283,172.63700628451076,328100
-43.50665,172.64023,323800
-43.5279713,172.6060241,323200
-43.4658534,172.6170776,317400
-43.53035130000001,172.6459422,327000
-43.519374934933936,172.62426142091638,323000
-43.53237,172.6408,327000
-43.53100249391986,172.63917435365138,326600
-43.52871,172.64558,327000
-43.5284482,172.6463853,327000
-43.47183100016576,172.6377982646227,318402
-43.53386,172.61246,324900
-43.50777388723399,172.73241054136554,363800
-43.55396936707346,172.62550849571244,327600
-43.52797,172.64982,327000
-43.53311,172.68336,329300
-43.50151,172.56684,318300
-43.5311992,172.64014756322936,327000
-43.51753,172.65243,325900
-43.5178011,172.6522235,326800
-43.51745784754617,172.6525655690092,325900
-43.53857,172.63466,327100
-43.49635085605578,172.63299706835957,321701
-43.5648,172.71963,332000
-43.51975,172.65349,326800
-43.53495,172.58546,322700
-43.5286,172.55174,319800
-43.5441,172.61478,326100
-43.5222558,172.6376352,325800
-43.52957449895684,172.64378512778146,327000
-43.49995,172.5708,319200
-43.53027,172.64089,327000
-43.53136740000001,172.640436,327000
-43.58003,172.75517,332700
-43.53003,172.64596,327000
-43.5221126,172.6371454,325800
-43.57305551443601,172.5851184415426,327301
-43.53259857015611,172.6488629215962,327100
-43.5322883,172.6494299,327100
-43.75014521015587,172.9345797244337,333300
-43.59387,172.56609,329001
-43.54418,172.66154,329600
-43.81602119550259,172.95089999933623,333500
-43.52211,172.63715,325800
-43.51366,172.56835,320200
-43.53655,172.63842,327100
-43.52354419788345,172.63639102809773,325800
-43.52277078885121,172.61681728374035,322600
-43.53187,172.63928,326600
-43.53050776690728,172.64372634345648,327000
-43.52207689999999,172.6371453,325800
-43.5220452201269,172.6366774365306,325800
-43.52140777837728,172.64142329512407,325800
-43.5233087,172.6362476,325800
-43.5512093,172.6394093,329700
-43.5004903,172.7277743,330200
-43.57286,172.528,324501
-43.55978,172.65121,330800
-43.5725689,172.7561797,332400
-43.5325,172.63936,326600
-43.51142516306739,172.64925857085964,325301
-43.58888779999999,172.5710962,328001
-43.53170883500754,172.64050623743435,327000
-43.50786185064125,172.6080343417026,321400
-43.53089,172.63956,326600
-43.531912389066925,172.63930199090225,326600
-43.5307613309282,172.63910066348978,326600
-43.532111802221294,172.63951684999216,326600
-43.52327,172.6374,325800
-43.5286997,172.6109767,323200
-43.53306212905373,172.64327750600043,327100
-43.53036006819321,172.64108586729213,327000
-43.5310546,172.6403442,327000
-43.41634,172.65559,317201
-43.6302411,172.7408654,332901
-43.63024,172.74087,332901
-43.63073,172.73974,332901
-43.51214680420912,172.66713024158187,326500
-43.58434,172.56594,328001
-43.53497998932712,172.61082341966818,325200
-43.80827169872641,172.96413871822938,333400
-43.56373,172.56018,325400
-43.55997,172.58825,326701
-43.56922,172.75977,332700
-43.6329375,172.7400284,332901
-43.51057,172.63009,323900
-43.51569,172.62271,323000
-43.48088,172.671,321302
-43.50593,172.56887,318300
-43.74118,173.0926,333201
-43.4961,172.55573,317501
-43.58085,172.70617,331900
-43.54848,172.64277,329400
-43.53229392877694,172.6390731676304,326600
-43.54088222927009,172.51663990418191,320400
-43.52219,172.63739,325800
-43.51821,172.73073,330200
-43.53263658193102,172.6827031522214,329300
-43.44262929809786,172.63474107408214,317301
-43.50173,172.63362,322100
-43.53206,172.65088,327901
-43.5221886,172.6373907,325800
-43.56915,172.73866,332400
-43.50584,172.56732,318300
-43.50455,172.56743,318300
-43.50602,172.56846,318300
-43.531,172.63958,326600
-43.531057,172.6402394,327000
-43.55811,172.63107,329100
-43.53414,172.59212,323300
-43.53185,172.6431,327000
-43.5312937,172.643979,327000
-43.51773399992537,172.53962270915508,317701
-43.601540956882765,172.71191071718934,332501
-43.502187555685445,172.6316811437631,322100
-43.52006,172.55453,319700
-43.53937859280128,172.5169571602751,319300
-43.53385716591112,172.66054200537988,328900
-43.5277,172.67134,328500
-43.49769363314427,172.61282368680511,320900
-43.5765543,172.6240143,330300
-43.747466258141706,172.9316072737202,333300
-43.49658746912306,172.55559729615632,317501
-43.49855,172.66044,323400
-43.60296,172.72061,332501
-43.5177250041419,172.62768633663654,323900
-43.50361,172.65735,323400
-43.544873243998914,172.6762800256109,330100
-43.55303989999999,172.6173721,327600
-43.51359192261341,172.59222013209236,321500
-43.81133,172.96466,333500
-43.5287438,172.6499628,327000
-43.5261637,172.6644198,328500
-43.52462322172488,172.63685562854425,325800
-43.53299,172.64781,327100
-43.53343,172.64513,327100
-43.49574,172.63187,321701
-43.5312204691493,172.6505036909024,327000
-43.53282,172.65798,327902
-43.5552207,172.6976627,331801
-43.5668,172.63843,330300
-43.52021,172.65009,325302
-43.56702,172.7451,332400
-43.4520028,172.6169367,316900
-43.5085431,172.6656333,326500
-43.4957491,172.7164664,327200
-43.519603,172.613795,322600
-43.52932,172.64918,327000
-43.60709,172.70779,332501
-43.52079636744504,172.73438192903996,330200
-43.5307,172.63881,326600
-43.5473149,172.6272267,327400
-43.52812,172.65684,327901
-43.53379,172.55885,321000
-43.55647547465577,172.64348214800307,329700
-43.50873651405357,172.62526677764174,322200
-43.56441740661284,172.73222375661135,332100
-43.578802344125215,172.7627866832373,332700
-43.49758,172.55744,317501
-43.57602,172.7134,331900
-43.52682859999999,172.6401371,325800
-43.51621924480699,172.63581542323092,324800
-43.5288685,172.6416831,327000
-43.5201886,172.6456655,325302
-43.52854547583565,172.65744511038065,327902
-43.5492989,172.6404985,329400
-43.53102,172.607,324400
-43.51153,172.70651,328600
-43.5355398723915,172.61192821395574,325200
-43.48875323431194,172.71234211174135,327200
-43.5305840957622,172.6394278847255,326600
-43.5312997,172.6399381,327000
-43.5336687,172.5466977,319800
-43.52889514441213,172.645918290011,327000
-43.50916,172.72198,330200
-43.5145162,172.7336462,330200
-43.524653304377125,172.639162838459,325800
-43.5226,172.53951,319800
-43.58555,172.61696,330000
-43.51928160000001,172.6764591,327800
-43.57571,172.75355,332400
-43.66201,173.02608,333201
-43.74810142683118,172.9340983954585,333300
-43.57737,172.75107,332400
-43.543439,172.6134034,326100
-43.53215051257419,172.65111243268058,327901
-43.5166,172.62432,323000
-43.5217038,172.6386014,325800
-43.53235,172.63891,326600
-43.5314292,172.6397171,327000
-43.527385073423005,172.64098052829257,325800
-43.56138688811351,172.5558852776885,324700
-43.4909197,172.6139535,320501
-43.5323134,172.6414899,327000
-43.56136,172.54316,322900
-43.8309556,172.8150155,333100
-43.52819,172.56038,320700
-43.54317568459431,172.60931614138437,326100
-43.5248677,172.6428841,325800
-43.56477,172.54549,322900
-43.50902,172.57775,320600
-43.5193145,172.6306193,323900
-43.62624,172.72022,332901
-43.54751,172.68236,331100
-43.67607708608889,172.99534967962728,333201
-43.5044224,172.6576526,323400
-43.52773931191416,172.55486980978696,321000
-43.58898,172.60925,330000
-43.52532,172.62839,325700
-43.5465644,172.6687995,330500
-43.53883339055805,172.63788874303648,327100
-43.53032,172.63892,326600
-43.56799,172.64852,331200
-43.51911,172.622,323000
-43.44916,172.5894,316800
-43.5271129535364,172.68464103341103,329300
-43.531317318352365,172.64587976038456,327000
-43.50947,172.67479,326500
-43.5791593,172.5601679,326301
-43.48838968964933,172.59215297434386,317800
-43.5355579,172.6047783,324400
-43.7866552,172.9510823,333300
-43.55430632696452,172.56348632276058,324100
-43.53503672001544,172.5853614136577,322700
-43.60359,172.68892,332501
-43.5156,172.61657,323000
-43.48871,172.57625,318000
-43.5345108,172.5581532,321000
-43.53664,172.64812,327100
-43.57572754486418,172.5461325162095,324501
-43.52849102250281,172.64397127670105,327000
-43.4913545445168,172.6147973164916,320501
-43.5307253,172.5238477,319300
-43.5358085293297,172.58683061014742,322700
-43.5253,172.63676,325800
-43.5243982,172.6363598,325800
-43.52091765835237,172.63870193173818,325800
-43.52211921791466,172.63783102991232,325800
-43.52218,172.64396,325800
-43.5026731,172.5580597,318501
-43.534344,172.5538148,321000
-43.53793,172.63199,327100
-43.5195568,172.6318089,323900
-43.5342005,172.5976359,324400
-43.5625405,172.5449444,322900
-43.53026,172.64496,327000
-43.57266,172.76201,332700
-43.53343,172.56709,322000
-43.53556355626967,172.63543894299167,326600
-43.5734423,172.6391719,331300
-43.53098,172.64359,327000
-43.52688,172.64208,325800
-43.57195806405291,172.69650679081678,331900
-43.56344,172.56952,325400
-43.57811708136085,172.76268319658712,332700
-43.52363724111439,172.62921190769725,325700
-43.55213,172.60727,326900
-43.531811156454594,172.6404914074548,327000
-43.54407,172.52891,321101
-43.52492533335968,172.55632144836386,319700
-43.48117,172.61454,318800
-43.52474880457579,172.63734752597543,325800
-43.57378537479229,172.7625400915405,332700
-43.5200805,172.6415645,324800
-43.517684,172.6400571,324800
-43.5306391506623,172.63899219193502,326600
-43.54749,172.65074,329900
-43.5390359,172.6348925,327100
-43.53975,172.6346,327100
-43.48954,172.61408,320501
-43.53032010132257,172.6407811716336,327000
-43.56368,172.58506,326701
-43.50359278320396,172.6589495161624,323400
-43.56636,172.58179,326701
-43.51759,172.66221,326800
-43.5316715058232,172.6482353576721,327000
-43.5268565,172.6397956,325800
-43.57609,172.54636,324501
-43.5741,172.63689,331300
-43.54192687434329,172.6637862668823,328900
-43.5020588,172.5707146,319200
-43.5641209,172.7312406,332100
-43.51509,172.62428,323900
-43.53089,172.641,327000
-43.54679073224578,172.64674104973756,328100
-43.5406978,172.6403145,328100
-43.52243,172.62104,324900
-43.5193757,172.6384397,324800
-43.5227702,172.7334341,330200
-43.80994237871143,172.96198415182636,333500
-43.809838,172.962049,333500
-43.5068897367527,172.7238937502801,330200
-43.53731,172.59259,323300
-43.524554911300925,172.63559323308132,325700
-43.51005899446818,172.63230847519662,323800
-43.529984816567776,172.62859292645817,325700
-43.54597622141823,172.5478590860649,322500
-43.5222837,172.6447822,325800
-43.5225574748803,172.64449106844037,325800
-43.5331427348189,172.65026344859052,327100
-43.5318823,172.640433,327000
-43.52170842859378,172.63805680530794,325800
-43.52283291488149,172.63858264816488,325800
-43.49351,172.66344,324600
-43.56173,172.60101,327700
-43.53048286778328,172.63908076892338,326600
-43.522067121356855,172.64214278381368,325800
-43.52244,172.65032,325800
-43.5217593,172.6500538,325800
-43.51711,172.64086,324800
-43.56774,172.55217,324300
-43.51853,172.69851,328400
-43.74089244655585,173.0940018706843,333201
-43.52633,172.63909,325800
-43.505356060167294,172.5949674643791,320800
-43.5276,172.57071,321800
-43.53219751086446,172.65408920000002,327901
-43.531095,172.6470355,327000
-43.52224950000001,172.6376396,325800
-43.52133,172.63236,325800
-43.4949398,172.726053,327200
-43.52888562817673,172.6421679693862,327000
-43.52077,172.69256,328400
-43.54700225844028,172.54574958993035,321901
-43.78018,172.906,333300
-43.57687,172.76383,332700
-43.50975,172.63819,323800
-43.5312938,172.6399377,327000
-43.5344252,172.6388731,326600
-43.52868353714206,172.64390690769582,327000
-43.5233,172.64223,325800
-43.55269756380339,172.65023496825444,329900
-43.53458143340214,172.59898093812834,324400
-43.53257859072078,172.64985296152713,327100
-43.5183296,172.6463621,325302
-43.524,172.63967,325800
-43.57257,172.75618,332400
-43.530175322448905,172.5960310198705,324200
-43.54636630217353,172.61791893465326,327400
-43.81570660000001,172.95512,333500
-43.54419,172.66901,330500
-43.526942612826986,172.63993524105243,325800
-43.5938294,172.5648337,329001
-43.49058,172.71362,327200
-43.5396136,172.6343147,327100
-43.5395641,172.6346707,327100
-43.5390361,172.6348595,327100
-43.496470272123865,172.57618302862406,318300
-43.55545,172.54002,321901
-43.525231,172.6472286,327000
-43.53391499987024,172.648505307734,327100
-43.531885633224206,172.6387681601367,326600
-43.54178,172.65708,329600
-43.5392006,172.6344385,327100
-43.45227903771622,172.591817537208,316800
-43.52083976960515,172.622088335582,323000
-43.52282412617745,172.6313284292819,325800
-43.52782,172.5748,321800
-43.52569,172.64564,327000
-43.51544,172.6362,324800
-43.52462705143762,172.64240001845477,325800
-43.52663130094485,172.6470221224341,327000
-43.47169,172.62581,318600
-43.53213849999999,172.6476764,327100
-43.53768354894675,172.58908204036902,323300
-43.54743894719567,172.65060874452735,329900
-43.57359983157516,172.58258402487257,327301
-43.53624,172.5903,323300
-43.5381070880155,172.5911758891935,323500
-43.53630626190108,172.58927983806475,323300
-43.53657,172.58937,323300
-43.5394156,172.6343646,327100
-43.53272,172.66442,327902
-43.53015739719394,172.64848757483406,327000
-43.5293657,172.6762107,328500
-43.5338131,172.6490833,327100
-43.52043823403192,172.62417552695428,323000
-43.80856,172.96117,333400
-43.47284,172.62496,318600
-43.544,172.65762,329600
-43.5211391,172.6464189,325800
-43.54839087544072,172.6957742124796,331801
-43.54188736214691,172.67586915152057,330100
-43.54159331923404,172.65743875132551,329600
-43.5223761,172.6378697,325800
-43.5222,172.6379,325800
-43.51395,172.5605,319500
-43.55411,172.61234,328200
-43.54303,172.61361,326100
-43.52709013880472,172.66195146058882,327902
-43.5215039,172.6349595,325800
-43.6024899,172.7216027,332501
-43.47693,172.52463,316700
-43.47554,172.52518,316401
-43.5791451,172.7135626,331900
-43.5118588,172.6393027,323800
-43.47589649404515,172.52158211996144,316401
-43.47541043673037,172.5224892222333,316401
-43.47567044882815,172.52381162584638,316401
-43.52773329826796,172.64011103100805,325800
-43.54708,172.68905,331100
-43.53288741003537,172.64255631352555,327000
-43.53796566762207,172.63870720370485,327100
-43.53373,172.60298,324400
-43.52127,172.63422,325800
-43.5572577,172.7205727,332000
-43.58143096310448,172.57085981683375,327301
-43.53164,172.64799,327000
-43.5286285,172.6117785,323200
-43.5470546,172.5377549,321101
-43.547560113660566,172.537956961632,321101
-43.5285077,172.6435985,327000
-43.53034,172.61149,325200
-43.5219085,172.6431983,325800
-43.575464862255046,172.74958670139313,332400
-43.5314624,172.6459811,327000
-43.53067,172.64557,327000
-43.539526931035134,172.6351760892636,327100
-43.53886,172.63371,327100
-43.5390070168734,172.6340880891074,327100
-43.53187,172.52259,319300
-43.5191684,172.7036481,329800
-43.53853,172.63374,327100
-43.58964,172.60805,330000
-43.52999883623848,172.6761010273809,328500
-43.56265,172.58546,326701
-43.53170520683471,172.64705366452725,327000
-43.53793229931834,172.63581627974372,327100
-43.5248348,172.6339237,325700
-43.62434,172.72164,332601
-43.56471706322012,172.71297490546607,332000
-43.538399568375326,172.63436644146682,327100
-43.5401501336204,172.63551223793158,328100
-43.4858711135781,172.6204149749659,320501
-43.53854,172.63548,327100
-43.5455396,172.6187863,327400
-43.5396251,172.6343622,327100
-43.54024,172.63357,328100
-43.52941013369088,172.6806127151436,329300
-43.53925,172.63533,327100
-43.52963052998915,172.64295125554548,327000
-43.54015,172.63566,328100
-43.53156910279806,172.64736402162166,327000
-43.53336816216701,172.64512636920946,327100
-43.57235992170913,172.76525530471883,332700
-43.5252103,172.6100164,323200
-43.53178,172.64851,327000
-43.5220218,172.6523506,326800
-43.57014139127344,172.55896802318048,324300
-43.54002182618644,172.6340919104125,328100
-43.53878,172.63346,327100
-43.52135,172.63613,325800
-43.53159,172.64591,327000
-43.6211728679986,172.64825267367456,332200
-43.5388461,172.6207016,327100
-43.54065237169578,172.6346505882467,328100
-43.54071,172.63371,328100
-43.53975250465356,172.63499522096666,327100
-43.55506248174752,172.68349405378103,331500
-43.52412795928599,172.6424827426672,325800
-43.5241645,172.6423536,325800
-43.49966285457919,172.55906024561827,317501
-43.4987962,172.5602225,317501
-43.498833,172.5602016,317501
-43.49825,172.55981,317501
-43.5219278,172.7331005,330200
-43.51949399999999,172.656572,326800
-43.49950669229055,172.63186116571595,322100
-43.54020961799376,172.63488850982836,328100
-43.54168439704597,172.6408191794386,328100
-43.53944410008895,172.633931333037,327100
-43.525221916617184,172.67055708914995,328500
-43.5334631,172.6411791,327000
-43.5246778,172.6070941,323200
-43.55711093862949,172.53973200531044,322900
-43.51701,172.6891,328400
-43.55018,172.63702,329400
-43.521041,172.6515626,326800
-43.5668867,172.6276987,329200
-43.56371142046313,172.71206829696894,332000
