id,name,neighbourhood_group,neighbourhood,room_type,price,number_of_reviews
6467168,lazy porch studio,Christchurch City,Linwood Ward,Entire home/apt,108.0,1584
12613591,"Airport Studio, King bed. NO CLEANING  FEE.",Christchurch City,Papanui Ward,Entire home/apt,149.0,1551
13285189,The Cowshed,Marlborough District,Marlborough Sounds Ward,Entire home/apt,125.0,1465
40010894,Elegant Deluxe Studio on Queen Street,Auckland,Waitematā and Gulf Ward,Entire home/apt,104.0,1400
21885178,Airport Haven  with Netflix. NO CLEANING FEE.,Christchurch City,Harewood Ward,Entire home/apt,160.0,1393
18844139,Stylish loft 10-15 mins to city/ferry with parking,Wellington City,Wharangi/Onslow-Western Ward,Private room,80.0,1383
16161941,Top View 2 bedroom Oamaru Apartment,Waitaki District,Oamaru Ward,Entire home/apt,183.0,1382
7699477,Glacier Cottage,Westland District,Southern Ward,Entire home/apt,203.0,1311
16417787,"On top of Mt Victoria, Wellington Brand New Studio",Wellington City,Motukairangi/Eastern Ward,Entire home/apt,189.0,1301
16043198,Private cosy cottage in Khandallah,Wellington City,Wharangi/Onslow-Western Ward,Entire home/apt,120.0,1275
12521250,Independant warm room & ensuite - no cleaning fee,Queenstown-Lakes District,Wanaka Ward,Private room,86.0,1253
22971865,Lake Studio-A gorgeous retreat-700m from the lake,Taupo District,Taupō Ward,Entire home/apt,139.0,1242
15891439,The cosy cabin with stunning view and private spa,Queenstown-Lakes District,Wanaka Ward,Entire home/apt,158.0,1237
11049665,Home away from home Khandallah,Wellington City,Wharangi/Onslow-Western Ward,Private room,103.0,1201
2891322,ArrowRock 1  Nelson City Waterfront,Nelson City,Area Outside Ward,Entire home/apt,182.0,1176
4394839,Lovely Sunny En-Suite Home,Christchurch City,Spreydon Ward,Private room,67.0,1160
5221581,"Grandviews Apartment, Rotorua",Rotorua District,Area Outside Ward,Entire home/apt,172.0,1156
5699961,World Famous! Sunny Dunedin house. Free parking.,Dunedin City,Area Outside Ward,Entire home/apt,210.0,1155
22404251,"FREE PRIVATE studioself contained, WIFI, breakfast",Grey District,Southern Ward,Entire home/apt,103.0,1150
5661520,Stunning views from warm cosy yurt,Tasman District,Motueka Ward,Entire home/apt,102.0,1148
10969905,Lake Views,Rotorua District,Area Outside Ward,Entire home/apt,244.0,1133
45443553,Violet's,Taupo District,Taupō Ward,Entire home/apt,,1132
20729730,Kereru studio,Dunedin City,Area Outside Ward,Entire home/apt,116.0,1125
24810931,The Gully Hideaway apartment,Hamilton City,East Ward,Entire home/apt,135.0,1116
20413078,Valley View Cabin - garden retreat,Dunedin City,Area Outside Ward,Entire home/apt,124.0,1104
4825420,Garden Cabin with Mountain Views- Outdoor Bath!,Queenstown-Lakes District,Wanaka Ward,Entire home/apt,116.0,1100
11089602,LOG CABIN IN THE CITY,Nelson City,Area Outside Ward,Entire home/apt,98.0,1081
10152853,"Lorimers Retreat, Te Anau",Southland District,Mararoa Waimea Ward,Entire home/apt,136.0,1078
26822189,Central City Apartment,Christchurch City,Central Ward,Entire home/apt,171.0,1077
28205057,Greymouth Central Apartment,Grey District,Central Ward,Entire home/apt,126.0,1072
22090260,Self Contained in Feilding,Manawatu District,Feilding Ward,Entire home/apt,111.0,1067
18893531,Peaceful and cosy cabin with Mt Ruapehu views,Ruapehu District,Waimarino-Waiouru Ward,Entire home/apt,137.0,1046
15515379,All Inclusive Self Contained Garden Studio,Auckland,Ōrākei Ward,Entire home/apt,99.0,1045
26647593,Blue Sky Cabin,Queenstown-Lakes District,Wanaka Ward,Entire home/apt,116.0,1044
24739619,High Country Cabin. Country getaway near Twizel.,Mackenzie District,Pukaki Ward,Entire home/apt,605.0,1043
16985849,Gorgeous Cottage - town and country,Dunedin City,Area Outside Ward,Entire home/apt,120.0,1037
11121207,"""Be our Guest""-Self-contained unit in family home",Taupo District,Turangi-Tongariro Ward,Entire home/apt,137.0,1027
4995433,"Garden Studio 142- Peaceful hideaway, 1.8k to CBD",Napier City,Nelson Park Ward,Entire home/apt,118.0,1023
52111511,Lakewood Cabins - Stones Throw To Town,Southland District,Mararoa Waimea Ward,Private room,130.0,1021
13481172,Bedeshurst bnb- countryside stop 10km from Fairlie,Mackenzie District,Opuha Ward,Entire home/apt,143.0,1021
15873084,Wanaka Cedar Loft,Queenstown-Lakes District,Wanaka Ward,Entire home/apt,220.0,1017
37184832,The Shaka Shack in Mount Maunganui Beach -,Tauranga City,Mount Maunganui-Papamoa Ward,Entire home/apt,143.0,1015
19253944,Modern Self-contain Private unit Clean-Great Rate,Grey District,Southern Ward,Entire home/apt,113.0,1014
36531614,Comfortable & Cozy - Close to Airport,Queenstown-Lakes District,Queenstown-Wakatipu Ward,Entire home/apt,166.0,1012
18756435,room one - A private studio in the city.,Nelson City,Area Outside Ward,Entire home/apt,83.0,1008
33816322,Fern Cottage,Southland District,Mararoa Waimea Ward,Entire home/apt,165.0,1006
17386794,Haven in Taupō,Taupo District,Taupō Ward,Entire home/apt,120.0,1005
16861545,Cozy and Convenient in Kelburn near Cable Car,Wellington City,Pukehīnau/Lambton Ward,Entire home/apt,133.0,1003
17095685,Own entrance ~ Mountain View ~ Peaceful ~ Parking,Queenstown-Lakes District,Wanaka Ward,Entire home/apt,143.0,1002
34629189,The Cottage,Ruapehu District,Taumarunui Ward,Entire home/apt,139.0,1000
16456762,"Studio accomodation overlooking Marina, breakfast",Taupo District,Taupō Ward,Entire home/apt,116.0,998
17251971,"Sea, Stars & Serenity",Waitaki District,Oamaru Ward,Entire home/apt,263.0,984
16290033,Blackbird's Nest Farmstay,Mackenzie District,Opuha Ward,Private room,197.0,976
22016826,Mi Casita/My Little House.,Rotorua District,Area Outside Ward,Entire home/apt,103.0,973
11020678,Quiet and Peaceful Modern Home,Taupo District,Taupō Ward,Private room,115.0,973
10597515,Handcrafted Chalet with Spa access,Westland District,Southern Ward,Entire home/apt,204.0,973
21669515,Deluxe Private Studio close to Airport,Christchurch City,Harewood Ward,Entire home/apt,137.0,971
14142566,Shearvue Farmstay with FARM TOUR & Spa | Fairlie,Mackenzie District,Opuha Ward,Entire home/apt,425.0,969
18598438,"Private, Cosy & Unique, Near Dining, Airport 4 min",Christchurch City,Waimairi Ward,Entire home/apt,183.0,963
20801980,Hikuwai Haven 1,Queenstown-Lakes District,Wanaka Ward,Entire home/apt,159.0,962
16228642,Cabin on the Beach,Westland District,Hokitika Ward,Entire home/apt,183.0,956
20667361,Rockwood Cottage - Continental breakfast included!,Southland District,Mararoa Waimea Ward,Entire home/apt,223.0,949
6427042,Misty Mountain Hut - Piha,Auckland,Waitākere Ward,Entire home/apt,183.0,948
8034045,Adstock House: Free Prkng Great Views Pet Friendly,Wellington City,Pukehīnau/Lambton Ward,Private room,160.0,946
20605023,Yellow Submarine,Rangitikei District,Central Ward,Entire home/apt,228.0,940
18212193,2 bedroom modern Apartment. Entire apartment,Queenstown-Lakes District,Queenstown-Wakatipu Ward,Entire home/apt,377.0,939
39538546,Twin Palms self contained accommodation,Thames-Coromandel District,Mercury Bay Ward,Entire home/apt,109.0,935
3031054,Beautiful Colonial house- Private and comfortable,Wellington City,Wharangi/Onslow-Western Ward,Private room,51.0,934
16020529,Private Guest Suite - Central Mount Maunganui,Tauranga City,Mount Maunganui-Papamoa Ward,Entire home/apt,148.0,924
41888129,Steampunk Loft - stay uniquely Oamaru this summer,Waitaki District,Oamaru Ward,Entire home/apt,200.0,923
16174306,Light-filled Garden Apartment in an 1885 Villa,Nelson City,Area Outside Ward,Entire home/apt,189.0,923
18446976,Timms Cottage,Mackenzie District,Opuha Ward,Entire home/apt,149.0,922
10981470,Sunny Wadestown Villa with Parking | 5 Mins to CBD,Wellington City,Wharangi/Onslow-Western Ward,Private room,103.0,922
39537164,Auckland City Center Deluxe Queen(Q) with Balcony,Auckland,Waitematā and Gulf Ward,Entire home/apt,141.0,921
43626060,Stargazer’s Luxury Retreat,Mackenzie District,Pukaki Ward,Entire home/apt,549.0,918
21058739,Ellerslie Auckland Central. Entire Apartment.,Auckland,Maungakiekie-Tāmaki Ward,Entire home/apt,149.0,917
7347089,Perivale Farm Cottage,Westland District,Southern Ward,Entire home/apt,185.0,912
30137007,Sunny Waverley Studio with amazing harbour views,Dunedin City,Area Outside Ward,Entire home/apt,122.0,908
35915917,Kowhai Studio inc breakfast and E-bikes,Taupo District,Taupō Ward,Entire home/apt,161.0,908
11852621,"Spa pool with great views,  Lyttelton/Christchurch",Christchurch City,Banks Peninsula Ward,Entire home/apt,243.0,907
30398989,The Little House,New Plymouth District,New Plymouth City Ward,Entire home/apt,120.0,904
18569546,"Close to City, Modern, Warm and Quiet",Auckland,Ōrākei Ward,Entire home/apt,168.0,904
45457979,"Whakaipo Cottage, tranquility, comfort and views",Taupo District,Taupō Ward,Entire home/apt,136.0,900
2554870,"joy and ian,s place",Queenstown-Lakes District,Wanaka Ward,Private room,155.0,895
5030409,Fabulous Farmhouse with Panoramic Barrel Sauna,Westland District,Southern Ward,Private room,149.0,892
17127258,Hamilton View - Fairlie,Mackenzie District,Opuha Ward,Private room,172.0,891
34844413,Brand new modern private guesthouse with view,Tauranga City,Te Papa-Welcome Bay Ward,Entire home/apt,120.0,889
11558049,"Highly Rated  - breakfast, comfy & self- contained",Queenstown-Lakes District,Wanaka Ward,Entire home/apt,172.0,884
18998990,The Nook,Selwyn District,Malvern Ward,Entire home/apt,194.0,882
20904910,"Cosy, private warm studio & breakfast Tamahere.",Waikato District,Tamahere Ward,Entire home/apt,172.0,881
15889996,Kawaha Manor Lakeside Honeymoon Suite,Rotorua District,Area Outside Ward,Private room,132.0,879
18762230,Room in the Hot Water Beach Bach **free wifi**,Thames-Coromandel District,Mercury Bay Ward,Private room,142.0,876
19911419,"Driftwood,lake & mtn views, outdoor bath, private.",Queenstown-Lakes District,Wanaka Ward,Entire home/apt,331.0,875
27164205,The Nest at Hurunui Jacks (outdoor bath & firepit),Westland District,Northern Ward,Entire home/apt,206.0,874
9120200,Spaciousness for good value welcomes diversity,Napier City,Nelson Park Ward,Entire home/apt,126.0,870
23327670,The Lookout - boutique mountain hideaway,Queenstown-Lakes District,Wanaka Ward,Entire home/apt,291.0,869
26399455,Stargazing & Hot Tub- Near Mt Cook & Tekapo,Mackenzie District,Pukaki Ward,Entire home/apt,380.0,869
15136897,"Cosy Cuba, One Bedroom Apartment, Free Carpark",Wellington City,Pukehīnau/Lambton Ward,Entire home/apt,258.0,869
11322303,Fabulous Loft in Beautiful Villa,Auckland,Waitematā and Gulf Ward,Private room,119.0,866
29103753,*Star-Gazing* from your Pillow!,Mackenzie District,Opuha Ward,Entire home/apt,179.0,866
36321039,Mangels,Selwyn District,Springs Ward,Entire home/apt,115.0,864
18289509,Prime position 4 star City Centre Eden Park Room 1,Auckland,Albert-Eden-Puketāpapa Ward,Private room,109.0,864
43462191,"Contactless check-in, private sleepout, close CBD",Palmerston North City,Area Outside Ward,Entire home/apt,85.0,863
2052253,Location perfect home away from home,Taupo District,Taupō Ward,Private room,110.0,862
17531400,"Wine tasting, Kayak, Beach, Views at MoonlightBay",Waikato District,Raglan Ward,Entire home/apt,174.0,862
19610023,The Hut,Christchurch City,Heathcote Ward,Entire home/apt,166.0,859
9684916,Self-contained garden apartment near CBD & ferry,Wellington City,Wharangi/Onslow-Western Ward,Entire home/apt,124.0,854
21963542,Charming Rustic Cabin at BIG DOGS Homestay,Central Otago District,Cromwell Ward,Entire home/apt,218.0,854
24457101,Cape Wanbrow Cottage,Waitaki District,Oamaru Ward,Entire home/apt,200.0,852
15042685,Your own private suite in Newmarket Auckland.,Auckland,Ōrākei Ward,Entire home/apt,153.0,852
45226166,Gibb’s Guesthouse,Westland District,Southern Ward,Entire home/apt,183.0,851
28471419,Serenity in Havelock North,Hastings District,Hastings-Havelock North Ward,Entire home/apt,149.0,847
28723382,Apollo 11 space ship with view of mt cook.,Mackenzie District,Pukaki Ward,Entire home/apt,196.0,847
21327871,"Whakatipu Heights - comfort, views, location.",Queenstown-Lakes District,Queenstown-Wakatipu Ward,Entire home/apt,500.0,846
20159264,Hawthornden Studio - Rural Retreat In ChCh City,Christchurch City,Waimairi Ward,Entire home/apt,177.0,845
15207652,Cabbage tree cabin,Queenstown-Lakes District,Wanaka Ward,Entire home/apt,108.0,845
8943303,VERY PRIVATE STUDIO SUPER VIEWS OWN ENTRANCE,Far North District,Bay of Islands-Whangaroa Ward,Private room,115.0,844
15693897,Private Self Contained Studio! Centrally Located.,Gisborne District,Gisborne Ward,Entire home/apt,126.0,843
12271055,"Warm, Cosy, Self-contained Cottage",Central Otago District,Cromwell Ward,Entire home/apt,250.0,841
5096058,21A Takapuna.,Auckland,North Shore Ward,Entire home/apt,153.0,839
11069506,KUBO : FantailSuite [Self-Contained Hilltop Haven],Ruapehu District,Waimarino-Waiouru Ward,Entire home/apt,131.0,838
11216618,Spacious luxury with ensuite,Queenstown-Lakes District,Queenstown-Wakatipu Ward,Private room,177.0,838
21649366,Sunrise Surf and Stay Cabin,Kaikoura District,Area Outside Ward,Entire home/apt,216.0,832
38498546,Avonhead Studio Just 5 minutes from the airport.,Christchurch City,Waimairi Ward,Entire home/apt,108.0,829
15045893,Blue Star Inn Tekapo,Mackenzie District,Pukaki Ward,Entire home/apt,229.0,828
19462424,Milky Way,Mackenzie District,Pukaki Ward,Entire home/apt,240.0,827
20907514,Okari  Cottage,Buller District,Westport Ward,Entire home/apt,194.0,827
13238829,Koru Cabin. Includes Breakfast & Hot Tub,Grey District,Northern Ward,Entire home/apt,125.0,827
802799,The Coach House: historic self contained B&B,Napier City,Ahuriri Ward,Entire home/apt,183.0,827
5031078,Farmhouse Twin Guest Room with Barrel Sauna,Westland District,Southern Ward,Private room,149.0,826
19234121,Serviced Guest suite in City Centre,Christchurch City,Central Ward,Private room,125.0,825
15171158,"Sunny, Serene Studio in Motueka",Tasman District,Motueka Ward,Entire home/apt,69.0,822
19811335,Central City Apt. 2 bed with Private car park,Christchurch City,Central Ward,Entire home/apt,186.0,821
13023124,Tranquil Gardenview Studio,Tauranga City,Otumoetai-Pyes Pa Ward,Entire home/apt,118.0,821
8888844,Funky hotel styled room,Queenstown-Lakes District,Queenstown-Wakatipu Ward,Entire home/apt,240.0,821
17666972,QUEEN BEDR00M & ENSUITE-BREAKFAST INCLUD,Christchurch City,Halswell Ward,Private room,97.0,818
21927969,"Lake Hawea Lakefront Cabin, 15 minutes to Wanaka",Queenstown-Lakes District,Wanaka Ward,Entire home/apt,113.0,817
25623218,Napier character  bungalow near town & Marine P'de,Napier City,Nelson Park Ward,Private room,63.0,816
18257779,Historic Barn Loft - Private & Spacious,Tauranga City,Otumoetai-Pyes Pa Ward,Entire home/apt,148.0,816
34723537,"Signal Ridge- Neighbouring Hobbiton, stunning view",Matamata-Piako District,Matamata Ward,Entire home/apt,252.0,816
14890197,Beauly Farm Stay Cottage-Cute & Cosy,Timaru District,Geraldine Ward,Entire home/apt,226.0,815
2488407,Sunny Garden Innercity Studio,Auckland,Waitematā and Gulf Ward,Entire home/apt,123.0,809
20360573,Kays place 2,Hamilton City,West Ward,Private room,63.0,809
28589633,Little Lodge Wanaka Private Guesthouse,Queenstown-Lakes District,Wanaka Ward,Entire home/apt,200.0,808
16262345,Garden Cottage near airport,Christchurch City,Waimairi Ward,Entire home/apt,151.0,804
17832389,Auckland Central Garden Cottage in Mt Eden,Auckland,Albert-Eden-Puketāpapa Ward,Entire home/apt,145.0,802
18962358,Joyce's Place in the heart of Raglan,Waikato District,Raglan Ward,Entire home/apt,165.0,801
18064416,Patchs' Country Cottage,Waikato District,Eureka Ward,Entire home/apt,150.0,801
8846669,"The Nest - Central, Sunny & Spacious Loft",Wellington City,Pukehīnau/Lambton Ward,Entire home/apt,207.0,801
53260923,Jimmy's Retreat,Waipa District,Maungatautari Ward,Entire home/apt,119.0,801
17302069,RiversideRetreat EcoCabin Kathrynmacphail1@gm ail,South Waikato District,Tirau Ward,Entire home/apt,268.0,801
33431972,Koura Apartments Central Queenstown - 3 Bed 3 Bath,Queenstown-Lakes District,Queenstown-Wakatipu Ward,Entire home/apt,781.0,799
22636676,"Bryndwr beauty with free breakfast, Wifi & Netflix",Christchurch City,Waimairi Ward,Entire home/apt,105.0,798
36638481,Hokitika Haven,Westland District,Hokitika Ward,Entire home/apt,148.0,797
18963467,Remuera Private Room/ ensuite (As good as a Unit),Auckland,Ōrākei Ward,Entire home/apt,126.0,797
18047460,"Harbour view family home, Vauxhall",Dunedin City,Area Outside Ward,Private room,128.0,797
17173875,Quite Nice Bed & Bathroom in Taupo,Taupo District,Taupō Ward,Private room,145.0,794
15747873,Kawaha Manor lakeside cosy family unit,Rotorua District,Area Outside Ward,Entire home/apt,223.0,793
7926956,2 bedroom apartment - 2 min walk to both beaches,Tauranga City,Mount Maunganui-Papamoa Ward,Entire home/apt,217.0,792
28506732,"Amazing Lake view, 5mins drive from airport",Queenstown-Lakes District,Queenstown-Wakatipu Ward,Entire home/apt,523.0,791
14044880,Private bedroom with own bathroom (no kitchen),Queenstown-Lakes District,Wanaka Ward,Private room,91.0,791
29827510,Warm & Spacious Family Home Near St Kilda Beach,Dunedin City,Area Outside Ward,Entire home/apt,206.0,789
32669030,Comfort and Convenience in Fifth Avenue.,Tauranga City,Te Papa-Welcome Bay Ward,Entire home/apt,110.0,789
17191943,Convenient and functional Unit 10 mins from town,Tauranga City,Te Papa-Welcome Bay Ward,Entire home/apt,185.0,787
11804038,"Affordable, good location, cosy and private.",Queenstown-Lakes District,Wanaka Ward,Entire home/apt,137.0,784
18844209,Waianga Hideaway,Far North District,Kaikohe-Hokianga Ward,Private room,116.0,783
14811850,The Cavern - Under The Majestic Mount Te Aroha,Matamata-Piako District,Te Aroha Ward,Entire home/apt,109.0,783
40993400,"Exquisite, Modern & Comfortable Studio in West End",Palmerston North City,Area Outside Ward,Entire home/apt,116.0,783
29190920,Blue Mountain Getaway - Relaxation Guaranteed,Southland District,Mararoa Waimea Ward,Entire home/apt,331.0,780
26406622,Homestead Suite2 - Close to Airport incl breakfast,Auckland,Manukau Ward,Entire home/apt,115.0,779
6578024,Dream Forest Eco Cottage,Far North District,Bay of Islands-Whangaroa Ward,Entire home/apt,112.0,778
14859057,cosy private room.,Queenstown-Lakes District,Queenstown-Wakatipu Ward,Private room,165.0,777
17768440,Self contained unit,Timaru District,Timaru Ward,Entire home/apt,136.0,777
16815079,Ty-ar-y-bryn,Hamilton City,West Ward,Entire home/apt,137.0,773
17927227,Views Across The Bay,Napier City,Ahuriri Ward,Private room,206.0,769
11107196,The Cottage LtC  ( lemon tree cottage),Napier City,Nelson Park Ward,Entire home/apt,137.0,768
21702984,Beckenham retreat-no cleaning fee,Christchurch City,Cashmere Ward,Private room,78.0,768
15645321,Near New Very Comfy Home,Tauranga City,Te Papa-Welcome Bay Ward,Private room,67.0,766
31569270,A cozy home set amongst the mountains,Waitaki District,Ahuriri Ward,Entire home/apt,167.0,765
22832788,"Superbly Central, Morning Check in",Auckland,Waitematā and Gulf Ward,Entire home/apt,197.0,765
8672224,Retro Pad in Wanaka,Queenstown-Lakes District,Wanaka Ward,Private room,183.0,765
33340980,'Little Two' - Cosy Studio close to Airport,Christchurch City,Harewood Ward,Entire home/apt,127.0,765
19506219,Bird Cottage,Tararua District,South Tararua Ward,Entire home/apt,149.0,764
37889624,Inside the Square,Southland District,Mararoa Waimea Ward,Entire home/apt,197.0,764
29812422,Tekapo Cabin Garden Bungalow,Mackenzie District,Pukaki Ward,Private room,124.0,762
2425954,Tree house over Wellington harbour,Lower Hutt City,Harbour Ward,Entire home/apt,206.0,761
15756388,"Spacious, Comfortable Clocktower Lane Apartment",Christchurch City,Central Ward,Entire home/apt,353.0,760
26302370,Luxury in the country+free range eggs for b/fast,Waitaki District,Ahuriri Ward,Entire home/apt,217.0,760
10928502,Comfy downstairs suite,Taupo District,Taupō Ward,Private room,125.0,758
25523911,Very close to HotPools and Cafés *Ideal Location*,Hurunui District,West Ward,Entire home/apt,377.0,757
4319111,"Papamoa Retreat, on Beachwater Drive",Tauranga City,Mount Maunganui-Papamoa Ward,Private room,86.0,756
17305996,CBD Comfort.  Walk to Wellington!,Wellington City,Pukehīnau/Lambton Ward,Private room,132.0,755
24736256,Di's B&B,Matamata-Piako District,Matamata Ward,Entire home/apt,121.0,755
4164396,Urban Chic,Auckland,North Shore Ward,Entire home/apt,169.0,753
1584860,Woodpecker Bay Bach ~ Life on the edge.,Buller District,Westport Ward,Entire home/apt,206.0,752
19911428,"Cedar- magnificent view, private outdoor bath",Queenstown-Lakes District,Wanaka Ward,Entire home/apt,329.0,752
794596,"Abel Tasman,Golden Bay,Tata Beach, Estuary views,",Tasman District,Golden Bay Ward,Entire home/apt,149.0,751
13240365,Luxury Mountain Loft with Stunning Views,Queenstown-Lakes District,Queenstown-Wakatipu Ward,Entire home/apt,232.0,750
19916434,Beach Bungalow,Timaru District,Timaru Ward,Entire home/apt,313.0,749
27968220,The Squeeze Me Inn,Hamilton City,East Ward,Entire home/apt,115.0,748
31289324,The Silk Tree Studio (Nr. Waitomo Caves),Waitomo District,Waitomo Rural Ward,Entire home/apt,282.0,747
1763771,Acacia Bay gem overlooking the lake,Taupo District,Taupō Ward,Entire home/apt,140.0,747
21647927,"Cosy home-minutes to a bar, restaurant & shops",Marlborough District,Blenheim Ward,Entire home/apt,291.0,747
16067868,13 Elder st Manor,Dunedin City,Area Outside Ward,Entire home/apt,201.0,745
10434128,1 bedroom with ensuite & deck,Far North District,Te Hiku Ward,Private room,92.0,745
13646016,Colonial Tiny House,Rangitikei District,Central Ward,Entire home/apt,193.0,744
35268191,"*Ace Location Private entry, Comfy with Fast WiFi*",Dunedin City,Area Outside Ward,Entire home/apt,91.0,743
25916029,Light and Sunny - private cabin with harbour views,Dunedin City,Area Outside Ward,Entire home/apt,160.0,741
39398785,Glenorchy Studio Apartment,Queenstown-Lakes District,Queenstown-Wakatipu Ward,Entire home/apt,191.0,741
17765050,Rosetta Getaway of Raumati,Kapiti Coast District,Paekākāriki-Raumati Ward,Entire home/apt,166.0,741
45510039,Huka Falls Tiny Escape! Book 1 or 2 rooms,Taupo District,Taupō Ward,Entire home/apt,160.0,740
34048942,Seafield View - Includes Breakfast Pack,Napier City,Ahuriri Ward,Entire home/apt,278.0,739
23562109,Luxury Cottage with hot tub and bikes.,Queenstown-Lakes District,Queenstown-Wakatipu Ward,Entire home/apt,455.0,738
23930944,"CentralCityWalk No cleaning Fee, Park/Laundry Free",Dunedin City,Area Outside Ward,Entire home/apt,177.0,736
2889779,Self-contained Unit in Garden Setting,Marlborough District,Blenheim Ward,Entire home/apt,151.0,734
15151363,Spacious apartment with 2 bathrooms & table tennis,Taupo District,Taupō Ward,Entire home/apt,252.0,734
31694153,B&B on Park,Westland District,Hokitika Ward,Private room,181.0,733
5195087,Plum Tree Cottage- Cambridge,Waipa District,Cambridge Ward,Entire home/apt,155.0,733
13791458,Room 1 in Cuba Street Apartment,Wellington City,Pukehīnau/Lambton Ward,Private room,66.0,733
33934738,ecoescape: self-contained off-grid tiny-home,New Plymouth District,South-West Ward,Entire home/apt,276.0,732
12068710,"Lake Cottage , ""Coniston"" Ashburton",Ashburton District,Ashburton Ward,Entire home/apt,,732
40449246,Harbour Escape - tiny home in Lyttelton,Christchurch City,Banks Peninsula Ward,Entire home/apt,194.0,732
18395039,Parkside Studio,New Plymouth District,New Plymouth City Ward,Entire home/apt,115.0,731
16176341,Raglan Tree House in the Woods with Outdoor Bath,Waikato District,Raglan Ward,Entire home/apt,247.0,729
14573911,Peaceful Room in Wadestown–10 Mins CBD & Ferries,Wellington City,Wharangi/Onslow-Western Ward,Private room,75.0,729
6543504,Brilliant Location - Free WiFi & Parking,Dunedin City,Area Outside Ward,Entire home/apt,165.0,729
27288147,453 By The Sea - Marine Parade Stylish Apartment,Napier City,Nelson Park Ward,Entire home/apt,223.0,727
31146054,Chic Beach Side Retreat on Marine Parade,Tauranga City,Mount Maunganui-Papamoa Ward,Entire home/apt,194.0,727
45715118,"On the harbour, spa and kayak",Waikato District,Raglan Ward,Entire home/apt,171.0,726
16124985,Whare w/geothermal pool by the lake-no cleaningfee,Taupo District,Turangi-Tongariro Ward,Private room,103.0,726
34007032,"Ica View Glamping: Log Off & Relax, Outdoor bath",Masterton District,Area Outside Ward,Entire home/apt,185.0,726
17697955,The Shepherds Hut with Farmland Views Fox Glacier,Westland District,Southern Ward,Private room,195.0,726
40065352,Spacious City Centre Studio with Full Kitchen(AC),Auckland,Waitematā and Gulf Ward,Entire home/apt,110.0,726
12661794,"Studio style room, private access & amazing views!",Queenstown-Lakes District,Queenstown-Wakatipu Ward,Entire home/apt,272.0,723
2970101,"Rock Retreat B&B,stunning views.",Waitomo District,Waitomo Rural Ward,Entire home/apt,243.0,723
32347647,Barn Hideaway - escape to simplicity,Queenstown-Lakes District,Wanaka Ward,Entire home/apt,263.0,723
16910251,"Redwoods Forest 
GUEST WING
(3 seperate bedrooms).",Rotorua District,Area Outside Ward,Private room,159.0,721
20001170,The Penthouse Studio at Lake Tarawera,Rotorua District,Area Outside Ward,Entire home/apt,269.0,721
24662401,Artist's Home,Wellington City,Pukehīnau/Lambton Ward,Private room,55.0,721
21493089,"Pohutu Studio, Rotorua",Rotorua District,Area Outside Ward,Entire home/apt,149.0,721
25402040,Quiet Auckland Studio with Carpark and Breakfast,Auckland,Ōrākei Ward,Entire home/apt,143.0,720
5738538,Akaroa Coastal Studio,Christchurch City,Banks Peninsula Ward,Private room,168.0,719
5098139,Thyme On The Terrace,Southland District,Mararoa Waimea Ward,Entire home/apt,280.0,719
4173419,❤️Apartment by The Sea,New Plymouth District,North Ward,Entire home/apt,,718
11656086,Magnificent sea views historic home,Napier City,Ahuriri Ward,Private room,141.0,715
35979393,Prime position 4 star Eden Park Kingsland Room 2,Auckland,Albert-Eden-Puketāpapa Ward,Private room,103.0,715
14488224,Near new warm and comfy with all amenities.,Tauranga City,Te Papa-Welcome Bay Ward,Private room,69.0,713
17424866,Whare Rakau - Kereru Room,Westland District,Southern Ward,Private room,109.0,712
11049623,Studio Seventy Four. Airbnb Host Award Winner 2021,Wellington City,Paekawakawa/Southern Ward,Entire home/apt,274.0,710
7563513,Gorgeous light filled studio in lovely garden.,Hastings District,Heretaunga Ward,Entire home/apt,240.0,709
19790562,Studio at Cairnsmore (lake views),Mackenzie District,Pukaki Ward,Entire home/apt,,708
12408083,Moana Sea View Villas,Far North District,Bay of Islands-Whangaroa Ward,Entire home/apt,347.0,707
33920329,Fairlie Cosy,Mackenzie District,Opuha Ward,Entire home/apt,252.0,705
19627113,Hanmer Springs Coziest Holiday Home,Hurunui District,West Ward,Entire home/apt,183.0,702
25035528,"Lake Rotoiti, Rotorua, with private access",Rotorua District,Area Outside Ward,Entire home/apt,125.0,702
27553176,"Black Peak Chalet~cosy, private, spectacular views",Queenstown-Lakes District,Wanaka Ward,Entire home/apt,320.0,701
45481594,"Pete's Place, Arthur's Pass",Selwyn District,Malvern Ward,Entire home/apt,200.0,701
19460470,Beachside B & B,Kapiti Coast District,Waikanae Ward,Entire home/apt,191.0,701
11909616,Paua Heart Room,Far North District,Kaikohe-Hokianga Ward,Private room,134.0,699
16744586,Family Friendly Rotorua,Rotorua District,Area Outside Ward,Entire home/apt,132.0,698
5424277,Off The Beaten Track - The Country Cottage,Westland District,Northern Ward,Entire home/apt,194.0,698
15206860,Richmond studio close to town,Tasman District,Richmond Ward,Entire home/apt,113.0,698
42954582,Forest cabin Muscogen Woods,Mackenzie District,Opuha Ward,Entire home/apt,172.0,696
18466951,"HOME AWAY FROM HOME
ARENA#STADIUM#TRANZALPINE#CITY",Christchurch City,Spreydon Ward,Entire home/apt,142.0,696
11833880,Little studio with BIG views,Auckland,Waitematā and Gulf Ward,Entire home/apt,177.0,696
20641891,"@TaupōsTreat
*Outdoor Bath* *FLUFFYCHOOKS!*",Taupo District,Taupō Ward,Entire home/apt,164.0,696
33043963,Wai-iti Retreat.,Buller District,Westport Ward,Entire home/apt,197.0,694
19736936,★★★ Sunny City Pad ★★★,Napier City,Ahuriri Ward,Entire home/apt,220.0,694
25055813,Kiwi Chalet,Queenstown-Lakes District,Queenstown-Wakatipu Ward,Entire home/apt,495.0,692
7937072,HuHu Chalet - Waitomo Caves,Waitomo District,Waitomo Rural Ward,Entire home/apt,192.0,691
46467024,Elm Cottage,Timaru District,Timaru Ward,Entire home/apt,126.0,686
30484805,'La casita',Rotorua District,Area Outside Ward,Entire home/apt,232.0,684
16570697,"Sunny, Quiet, Quality, Comfortable and Warm Home",Tauranga City,Te Papa-Welcome Bay Ward,Private room,103.0,684
23294701,Just like a Hotel Room only Cheaper.,Marlborough District,Marlborough Sounds Ward,Entire home/apt,103.0,684
2028920,Charming Haven in Ponsonby Cottage,Auckland,Waitematā and Gulf Ward,Private room,132.0,683
18454376,Big & Bright by St Clair Corner (Clean&Affordable),Dunedin City,Area Outside Ward,Entire home/apt,131.0,682
10771266,Character Cottage - Central Twizel,Mackenzie District,Pukaki Ward,Entire home/apt,507.0,681
16634589,Kensington luxury hideaway,Hauraki District,Waihi Ward,Entire home/apt,139.0,680
10359398,River Gypsy Glamping,Thames-Coromandel District,Thames Ward,Entire home/apt,115.0,679
17573361,Rocklands Country House,Mackenzie District,Opuha Ward,Entire home/apt,224.0,679
24715857,Oceanfront Studio Escape,Wellington City,Motukairangi/Eastern Ward,Entire home/apt,149.0,677
23127430,Terrace End Cottage,Palmerston North City,Area Outside Ward,Entire home/apt,179.0,677
47533629,The Musterer & Me - Historic Hilltop Hideaway,Selwyn District,Malvern Ward,Entire home/apt,346.0,676
1584191,Garden studio Redwoods Lynmore,Rotorua District,Area Outside Ward,Entire home/apt,137.0,676
14806189,Te Mata Getaway,Hastings District,Hastings-Havelock North Ward,Entire home/apt,115.0,675
9790945,Waireka Apartment,Ruapehu District,Waimarino-Waiouru Ward,Entire home/apt,216.0,674
17190653,Single accommodation with own bathroom/ breakfast,Christchurch City,Innes Ward,Private room,76.0,673
45438962,Tiny House Experience in Okere Falls,Rotorua District,Area Outside Ward,Entire home/apt,234.0,672
38162717,River Loop Cottage-vineyard setting,Marlborough District,Wairau-Awatere Ward,Entire home/apt,229.0,672
33163445,Kawakawa Hut with outdoor “crystal” bath,Taupo District,Mangakino-Pouakani Ward,Entire home/apt,194.0,672
9218734,Pakiri Paradise on the ridge,Auckland,Rodney Ward,Entire home/apt,197.0,669
38057285,Ruru Retreat,New Plymouth District,New Plymouth City Ward,Entire home/apt,214.0,667
16586963,"Sleep-out near beautiful St Heliers Bay, Auckland.",Auckland,Ōrākei Ward,Private room,133.0,665
10726341,Self contained studio near beach,Tauranga City,Mount Maunganui-Papamoa Ward,Private room,149.0,665
16696218,Woodland Park Guest Suite,Taupo District,Taupō Ward,Private room,91.0,664
14581022,"Our house, Taupo NZ",Taupo District,Taupō Ward,Entire home/apt,200.0,664
16007836,Historic Stone Cottage,Central Otago District,Cromwell Ward,Entire home/apt,217.0,662
17415321,"Stylish, Comfortable Clock Tower View Apartment",Christchurch City,Central Ward,Entire home/apt,285.0,661
21460192,Home away from home,Marlborough District,Blenheim Ward,Entire home/apt,180.0,661
8815553,Forest & mountainbike heaven,Rotorua District,Area Outside Ward,Entire home/apt,198.0,661
15040058,Spacious Quiet Light-filled Central Loft Apt,Auckland,Waitematā and Gulf Ward,Entire home/apt,,659
12720415,Studio in Central Paihia,Far North District,Bay of Islands-Whangaroa Ward,Entire home/apt,90.0,658
7335182,Cooks Beach Studio Escape,Thames-Coromandel District,Mercury Bay Ward,Entire home/apt,206.0,658
22620998,Modern Hide-away,Tauranga City,Otumoetai-Pyes Pa Ward,Entire home/apt,166.0,658
30895491,Inner City Artist Apartment with Courtyard,Nelson City,Area Outside Ward,Entire home/apt,207.0,658
21806242,Galtimore,Carterton District,Area Outside Ward,Entire home/apt,172.0,656
32268812,The Bach,Far North District,Te Hiku Ward,Entire home/apt,137.0,656
4395908,Spacious room with tranquil garden,Hamilton City,East Ward,Private room,137.0,656
39346126,Breathtaking sea view house,Waitaki District,Oamaru Ward,Entire home/apt,343.0,655
40327612,Cute n' Cozy on Melrose,Rotorua District,Area Outside Ward,Entire home/apt,117.0,655
49076958,The Lake House,Mackenzie District,Pukaki Ward,Entire home/apt,3600.0,655
21900064,Shannon Cottage (summer),Ruapehu District,Waimarino-Waiouru Ward,Entire home/apt,181.0,654
9846209,The Barn at WildEarthLodge,Queenstown-Lakes District,Wanaka Ward,Entire home/apt,285.0,654
22401298,Shell Cottage,Far North District,Te Hiku Ward,Entire home/apt,149.0,654
31122645,Waterfront ! Princes Wharf Luxury 2 Bedroom APT 1,Auckland,Waitematā and Gulf Ward,Entire home/apt,303.0,654
24518691,Walk to town from self contained accommodation.,Waipa District,Cambridge Ward,Entire home/apt,120.0,652
11529335,Merivale Self-contained Studio,Christchurch City,Fendalton Ward,Entire home/apt,115.0,651
47801871,"The Tower, Okarito",Westland District,Southern Ward,Entire home/apt,126.0,651
10140800,Sea view and Sunset,Auckland,Albert-Eden-Puketāpapa Ward,Entire home/apt,155.0,651
16147529,Ocean Cliff Court -  Stunning Ocean Views,Thames-Coromandel District,Mercury Bay Ward,Entire home/apt,223.0,651
17992891,River Gardens Apartment,Tauranga City,Otumoetai-Pyes Pa Ward,Entire home/apt,149.0,651
7203240,"Beautiful cosy room, close to town!",Rotorua District,Area Outside Ward,Private room,91.0,651
16315010,Jo's Place Sleepout,Mackenzie District,Pukaki Ward,Entire home/apt,155.0,650
25692576,Bed and Breakfast 5km From Airport,Auckland,Manukau Ward,Private room,103.0,649
24700042,Kensington Studio,Whangarei District,Okara Ward,Entire home/apt,116.0,649
40014649,"Number One Archdalls,
Robinsons Bay",Christchurch City,Banks Peninsula Ward,Entire home/apt,297.0,647
16579906,Mangles Valley Paradise,Tasman District,Lakes-Murchison Ward,Entire home/apt,183.0,647
13961591,2 Bdrm & 2 Bathroom Private Suite,Taupo District,Taupō Ward,Entire home/apt,206.0,646
13283967,Lake Terrace Unit with Private Thermal Pool,Taupo District,Taupō Ward,Entire home/apt,291.0,646
26068704,THISTLEDO SUMMERHOUSE,Timaru District,Timaru Ward,Entire home/apt,149.0,645
9709995,"Private Oasis, Matangi, 2 bedrooms",Waikato District,Eureka Ward,Entire home/apt,126.0,645
17389843,Stunning lake and mountain views,Taupo District,Taupō Ward,Entire home/apt,286.0,645
22831234,Botanical Luxury,Taupo District,Taupō Ward,Private room,177.0,645
46474173,"Great house, Great location, Great Views.",Southland District,Mararoa Waimea Ward,Entire home/apt,491.0,644
21700889,Breny's Studio   -  no cleaning fee.,Hastings District,Heretaunga Ward,Entire home/apt,120.0,643
17466418,Peaceful Rotorua Haven with 24-hour private entry.,Rotorua District,Area Outside Ward,Entire home/apt,177.0,643
26968169,"Ski, Tongariro & Fishing Base / Sleeps 12",Taupo District,Turangi-Tongariro Ward,Entire home/apt,263.0,643
24358389,"Little Montrose - a sunny, quiet garden studio.",Auckland,Franklin Ward,Private room,82.0,643
17331972,Whare Rakau- Tui Room,Westland District,Southern Ward,Private room,109.0,642
8389374,Modern studio with two bedrooms and living-area.,Westland District,Hokitika Ward,Entire home/apt,113.0,642
23169837,Pheasant Farm Cottage,Thames-Coromandel District,Thames Ward,Entire home/apt,155.0,642
25039908,Country Thyme Cabin,Selwyn District,Selwyn Central Ward,Entire home/apt,115.0,641
5183453,"Ambient Studio, Private & Peaceful",Thames-Coromandel District,Thames Ward,Entire home/apt,166.0,640
8391090,B&B by the Sea!,Auckland,Albany Ward,Entire home/apt,172.0,640
21368508,The Herb Garden Retreat,Queenstown-Lakes District,Wanaka Ward,Entire home/apt,274.0,639
42567904,The White House. Lovely place to relax. Bedroom 1,Kaikoura District,Area Outside Ward,Private room,80.0,638
12783261,Charming Inner City Apartment with Private Parking,Dunedin City,Area Outside Ward,Entire home/apt,196.0,638
21360306,Tinyhouse with amazing views.,Queenstown-Lakes District,Queenstown-Wakatipu Ward,Entire home/apt,197.0,638
14320855,Warmly hospitable - centrally located,Wellington City,Pukehīnau/Lambton Ward,Private room,63.0,638
16234504,Cosy private flat with Amazing View in Newlands,Wellington City,Takapū/Northern Ward,Entire home/apt,183.0,636
15554758,Welcome Home Cottage Manapouri,Southland District,Mararoa Waimea Ward,Entire home/apt,320.0,636
18604328,Historic train carriage  (no cleaning fee),Grey District,Southern Ward,Entire home/apt,184.0,636
42278010,Budget Room 1 -Shared Bathroom/Near Church-Lake,Mackenzie District,Pukaki Ward,Private room,170.0,635
6393319,Milford Suite - Mountain view 米佛山景房,Southland District,Mararoa Waimea Ward,Private room,177.0,634
42474432,Beech Street Studio - Wanaka,Queenstown-Lakes District,Wanaka Ward,Entire home/apt,216.0,634
5425302,“The Nest”,Mackenzie District,Pukaki Ward,Entire home/apt,286.0,633
30982714,"Cosy, central cottage to relax and enjoy Rotorua",Rotorua District,Area Outside Ward,Entire home/apt,216.0,632
32937436,Taupo Pearl sparkling self - contained studio.,Taupo District,Taupō Ward,Entire home/apt,103.0,632
46314090,"St Clair Studio: Te wāhi whakangā, a place of rest",Dunedin City,Area Outside Ward,Entire home/apt,141.0,631
25218256,"The Biggest & Best Views, 3 Bedrooms, Walk To Town",Queenstown-Lakes District,Queenstown-Wakatipu Ward,Entire home/apt,1516.0,630
11794180,Incredible Views,Wellington City,Motukairangi/Eastern Ward,Entire home/apt,221.0,629
8244288,"2 Bedroom @ Island Bay, Private & Close to Beach",Wellington City,Paekawakawa/Southern Ward,Entire home/apt,177.0,629
46756255,Lakeview Cottage with Spa Pool,Westland District,Southern Ward,Entire home/apt,313.0,629
17905806,"Airport apartment spacious, warm, families welcome",Christchurch City,Harewood Ward,Entire home/apt,127.0,628
16826185,Goldrush Escape,Queenstown-Lakes District,Queenstown-Wakatipu Ward,Entire home/apt,550.0,628
21048337,☆View On Worsley!★Kiwiana styled accomodation☆,Southland District,Mararoa Waimea Ward,Entire home/apt,242.0,628
47912795,Doves Lookout,Whangarei District,Okara Ward,Entire home/apt,137.0,628
5446921,Your home away from home,Ashburton District,Ashburton Ward,Private room,69.0,628
30970747,Close to EVERYTHING!,Tauranga City,Otumoetai-Pyes Pa Ward,Entire home/apt,155.0,627
21451400,"Peria Hills Cottage, Matamata- Stunning Views",Matamata-Piako District,Matamata Ward,Entire home/apt,240.0,627
9052505,Karaka Alpaca B&B Farmstay,Dunedin City,Area Outside Ward,Entire home/apt,240.0,627
25459349,"The Leaning Oak! 
On A Budget With A Twist!",Central Otago District,Vincent Ward,Entire home/apt,111.0,627
10342831,"Self-Contained Studio 
| 10 min to City + Parking",Christchurch City,Cashmere Ward,Entire home/apt,86.0,627
3835225,Muriwai Beach - private Cabin in the bush,Auckland,Rodney Ward,Entire home/apt,137.0,625
339522,Taupo Country Home and Gardens,Taupo District,Taupō Ward,Private room,131.0,625
28034400,The Stone Hut,Queenstown-Lakes District,Wanaka Ward,Private room,103.0,624
46796564,"Wainui Beach Studio, Gisborne",Gisborne District,Gisborne Ward,Entire home/apt,126.0,623
14918222,Farm View,Far North District,Te Hiku Ward,Private room,109.0,622
21359793,Raglan Rural Retreats - Rimu Tent,Waikato District,Raglan Ward,Entire home/apt,346.0,621
15524973,Spacious Twin Room - guest lounge and pool,New Plymouth District,New Plymouth City Ward,Private room,80.0,621
20996935,The Pearl of Whakatiwai,Hauraki District,Plains Ward,Entire home/apt,137.0,619
22850053,Annie's on Arawa,Ruapehu District,Waimarino-Waiouru Ward,Entire home/apt,113.0,619
23399230,Luxury by the forest,Rotorua District,Area Outside Ward,Private room,164.0,619
39446706,(2)Fantastic vistas across the lake to mountains,Southland District,Mararoa Waimea Ward,Entire home/apt,192.0,619
44405820,ALBA cottage. Base your adventure here!,Taupo District,Turangi-Tongariro Ward,Entire home/apt,216.0,617
29734774,"Harbour View, The Palace",Kaikoura District,Area Outside Ward,Entire home/apt,183.0,616
19611640,Views over Whakaipo Bay,Taupo District,Taupō Ward,Entire home/apt,365.0,615
40344814,Camellia Cottage,Matamata-Piako District,Matamata Ward,Entire home/apt,167.0,615
50491394,Relax and unwind with a stay at Corner Retreat,Mackenzie District,Pukaki Ward,Entire home/apt,189.0,614
22532563,The West Wing,Ruapehu District,Waimarino-Waiouru Ward,Entire home/apt,139.0,614
9737737,Quiet cottage in a rural setting,Horowhenua District,Waiopehu Ward,Entire home/apt,149.0,614
28205844,Greytown Yurts - Luxurious Glamping Experience,South Wairarapa District,Greytown Ward,Entire home/apt,240.0,613
22019249,Kowhai Retreat,Taupo District,Taupō Ward,Entire home/apt,132.0,612
28058910,Piha Retreat - FivePendrell,Auckland,Waitākere Ward,Entire home/apt,388.0,612
27732614,Queenstown House 79 a,Queenstown-Lakes District,Queenstown-Wakatipu Ward,Entire home/apt,434.0,611
39446970,(3)Amazing lake and mountain views studio,Southland District,Mararoa Waimea Ward,Entire home/apt,177.0,611
23108840,Point Elizabeth Heights,Grey District,Central Ward,Private room,174.0,610
35386454,Spacious 2 bedroom apartment - car park included,Auckland,Waitematā and Gulf Ward,Entire home/apt,250.0,610
898945890652209680,Walnut Box,Waitomo District,Waitomo Rural Ward,Entire home/apt,194.0,610
16429303,Room  2 in Cuba Street Apartment,Wellington City,Pukehīnau/Lambton Ward,Private room,67.0,609
15746320,"Garden Villa, spacious, comfortable, quiet.",Marlborough District,Marlborough Sounds Ward,Private room,97.0,609
22819275,Reef Break Studio,Hastings District,Heretaunga Ward,Entire home/apt,173.0,609
32591064,No. 40  Central to City Falls Bush Walks Beaches,Whangarei District,Denby Ward,Entire home/apt,115.0,608
26878012,"Quiet, modern and close to the beach!",Auckland,Ōrākei Ward,Entire home/apt,166.0,607
28419339,Dream under SkyTower- Modern Apt in the central !,Auckland,Waitematā and Gulf Ward,Entire home/apt,177.0,607
24785296,Mountain Loft Studio,Queenstown-Lakes District,Queenstown-Wakatipu Ward,Entire home/apt,194.0,607
9075747,Eco art deco in the city - walk to everywhere!,Wellington City,Pukehīnau/Lambton Ward,Private room,120.0,607
32728893,"Riverside retreat, Wanaka",Queenstown-Lakes District,Wanaka Ward,Entire home/apt,166.0,607
15932513,"MacKenzie Cabin, Waimarino, National Park, Ruapehu",Ruapehu District,National Park Ward,Entire home/apt,245.0,607
17242793,"Self contained apartment, close to town and forest",Rotorua District,Area Outside Ward,Entire home/apt,166.0,606
16261321,A bed by the beach,New Plymouth District,New Plymouth City Ward,Entire home/apt,126.0,606
9545327,Rainbows End Cottage,Taupo District,Taupō Ward,Entire home/apt,126.0,606
15524877,"Gypsy Wagon, Curio Bay, Catlins.",Southland District,Waihopai Toetoe Ward,Entire home/apt,155.0,606
2326667,Springfield studio - fully self contained,Auckland,Albert-Eden-Puketāpapa Ward,Entire home/apt,183.0,606
5906390,ArrowRock 2  Nelson City Waterfront,Nelson City,Area Outside Ward,Entire home/apt,182.0,605
17497596,Good view/tidy spot in Deborah Bay (Port Chalmers),Dunedin City,Area Outside Ward,Entire home/apt,150.0,604
27291495,Matakana Village Escape - Guest Suite & patios,Auckland,Rodney Ward,Entire home/apt,274.0,602
52371093,Akaroa Coastal Cottage,Christchurch City,Banks Peninsula Ward,Entire home/apt,181.0,601
25487010,Lake & Remarkables Views + Spa Pool,Queenstown-Lakes District,Queenstown-Wakatipu Ward,Entire home/apt,691.0,600
1976412,Coromandel Town Island View Experience,Thames-Coromandel District,Coromandel-Colville Ward,Entire home/apt,285.0,600
6940495,"Stunning Harbour Views, close to town, quiet area",Waikato District,Raglan Ward,Entire home/apt,240.0,599
23982484,Central Station,Southland District,Mararoa Waimea Ward,Entire home/apt,376.0,599
20680473,Central Downtown- High Ceiling Chic Retro Apt!,Auckland,Waitematā and Gulf Ward,Entire home/apt,162.0,599
16233386,Queenstown Sunny and private Walnut Grove Cottage,Queenstown-Lakes District,Queenstown-Wakatipu Ward,Entire home/apt,342.0,599
32795362,Modern Studio in Ponsonby Central 1 Bed,Auckland,Waitematā and Gulf Ward,Entire home/apt,,597
9944267,Glacier Barn House,Westland District,Southern Ward,Entire home/apt,152.0,597
17464351,"Luxury CBD Stay. Walk Nightclubs, Shops, Sky Tower",Auckland,Albert-Eden-Puketāpapa Ward,Entire home/apt,160.0,597
17628262,Double room with en suite and breakfast,Christchurch City,Innes Ward,Private room,206.0,596
12574937,Beautiful new studio one back from the beach,Tauranga City,Mount Maunganui-Papamoa Ward,Entire home/apt,144.0,596
16072271,Rose Cottage,Dunedin City,Area Outside Ward,Entire home/apt,286.0,596
14267963,Trail Time Bed & Breakfast,Central Otago District,Vincent Ward,Private room,103.0,596
46057733,Paradise Accommodation,Southland District,Mararoa Waimea Ward,Entire home/apt,280.0,596
609757,Chalet Celadon,Thames-Coromandel District,Coromandel-Colville Ward,Entire home/apt,208.0,595
30241616,Double Bed - 11m² White & Blue BnB,Taupo District,Turangi-Tongariro Ward,Private room,130.0,595
11065822,SEACHANGE in Premier Pilot Bay Mount Maunganui,Tauranga City,Mount Maunganui-Papamoa Ward,Entire home/apt,143.0,595
46926200,"Homey Townhouse in Central City, CBD Place",Christchurch City,Central Ward,Entire home/apt,169.0,594
30108715,"APARTMENT ,lounge, Q/bed,ShowerToilet,Breakfast",Marlborough District,Marlborough Sounds Ward,Entire home/apt,115.0,594
25844625,Greenmeadows Park Views,Napier City,Taradale Ward,Entire home/apt,113.0,594
16382990,Mokoia Magic - outstanding lake views,Rotorua District,Area Outside Ward,Private room,149.0,594
31617588,Affordable and clean. A+ Value,Queenstown-Lakes District,Queenstown-Wakatipu Ward,Private room,176.0,594
5271685,"Treehouse, outdoor bath, sauna",Upper Hutt City,Area Outside Ward,Entire home/apt,99.0,593
18642697,Studio in the CBD,Auckland,Waitematā and Gulf Ward,Entire home/apt,234.0,593
16114526,West of the Moon,Auckland,Waitākere Ward,Entire home/apt,123.0,593
50663176,Mountain view Cottage,Mackenzie District,Pukaki Ward,Entire home/apt,360.0,593
32066610,"King&Dulcie's Outlook-Ocean,Estuary&Mountain Views",Napier City,Ahuriri Ward,Entire home/apt,161.0,592
28495041,Mahana Lodge. Entire guest suite in Rotorua.,Rotorua District,Area Outside Ward,Entire home/apt,102.0,592
32640471,"Urban Oasis: Modern, Cosy & Stylish with Spa",Rotorua District,Area Outside Ward,Entire home/apt,130.0,592
47787533,RARE GEM - Stand alone COTTAGE  1 B/R Claudelands,Hamilton City,East Ward,Entire home/apt,164.0,591
28260113,Cabin by the Airport,Auckland,Manukau Ward,Entire home/apt,123.0,591
15756619,Lovely Villa in Freemans Bay.,Auckland,Waitematā and Gulf Ward,Private room,172.0,590
25494687,Lake and Rural Views,Rotorua District,Area Outside Ward,Entire home/apt,182.0,589
33694189,The Shop,Thames-Coromandel District,Thames Ward,Entire home/apt,166.0,589
20607803,Michaelvale Bed & Breakfast,Mackenzie District,Opuha Ward,Entire home/apt,229.0,588
48596199,Private modern residence in central location,Christchurch City,Riccarton Ward,Entire home/apt,310.0,588
22692879,"Twelve on Milton
Unlimited Wifi
Great Living Areas",Grey District,Central Ward,Entire home/apt,200.0,588
11355637,Country Home near Taupo,Taupo District,Taupō East Rural Ward,Private room,204.0,588
9330841,VILLA LANE,Invercargill City,Area Outside Ward,Entire home/apt,160.0,588
42285342,"Budget Twin Room 2, Shared Bathrm-Near Lake/Church",Mackenzie District,Pukaki Ward,Private room,147.0,588
15433131,Herons Hangout,Thames-Coromandel District,Mercury Bay Ward,Entire home/apt,149.0,587
13021166,Room with a view,Nelson City,Area Outside Ward,Private room,70.0,586
9415681,Waitomo Big Bird B&B & Petting Farm - Bungalow,Waitomo District,Waitomo Rural Ward,Entire home/apt,263.0,586
24586462,Barrique Studio w/Sauna @ Barrelled Wines Raglan,Waikato District,Raglan Ward,Entire home/apt,202.0,586
32790624,Cosy Cabin ~outdoor bath~stars~donkeys,South Wairarapa District,Featherston Ward,Entire home/apt,126.0,586
17779513,Large Executive Inner City Apartment,Wellington City,Pukehīnau/Lambton Ward,Entire home/apt,317.0,585
23564405,Central Downtown - Lounge Bar Style Seaview Apt!,Auckland,Waitematā and Gulf Ward,Entire home/apt,183.0,585
31960741,Tranquil Couples Retreat Rotorua- Okere Falls.,Rotorua District,Area Outside Ward,Entire home/apt,263.0,584
34725959,Windsor Escape,Invercargill City,Area Outside Ward,Entire home/apt,205.0,584
763266822741016886,"4 Kms from Akl Airport Entire House, Big garden.",Auckland,Manukau Ward,Entire home/apt,217.0,584
41031659,Castle Hill Studio,Selwyn District,Malvern Ward,Entire home/apt,166.0,584
43452227,"Pōhatu Studio, A retreat by the River",Gisborne District,Gisborne Ward,Entire home/apt,157.0,584
30353968,Central 4 Bedroom Gem | Spacious +2 Free Carparks!,Auckland,Waitematā and Gulf Ward,Entire home/apt,771.0,583
44417961,Modern 2BR City Townhouse w/ Spa & Parking,Christchurch City,Innes Ward,Entire home/apt,214.0,583
2380371,Ocean view  B & B,Auckland,Rodney Ward,Entire home/apt,172.0,583
37016939,Lakeview's On Richmond,Taupo District,Taupō Ward,Entire home/apt,217.0,582
19474459,Cape View Apartment,Napier City,Ahuriri Ward,Entire home/apt,142.0,581
18770691,Twizel Peaceful Retreat,Mackenzie District,Pukaki Ward,Entire home/apt,240.0,581
36429804,Self contained studio flat close to Mission Estate,Napier City,Taradale Ward,Entire home/apt,147.0,580
19599152,Carol's Cabin,Clutha District,Catlins Ward,Entire home/apt,92.0,580
12616350,Cosy Cottage in central Paihia,Far North District,Bay of Islands-Whangaroa Ward,Entire home/apt,115.0,579
25337284,Victory Apartment 1,Palmerston North City,Area Outside Ward,Entire home/apt,411.0,579
39819792,"♥ of the city with balcony, parking + netflix",Wellington City,Pukehīnau/Lambton Ward,Entire home/apt,223.0,579
43548304,Fairlie Comfy,Mackenzie District,Opuha Ward,Entire home/apt,240.0,579
22634772,Lake Edge Stunning views Karapiro,Waipa District,Maungatautari Ward,Entire home/apt,354.0,579
27714045,Lake & Mountain View at your window - 2 Single Bed,Queenstown-Lakes District,Queenstown-Wakatipu Ward,Private room,,579
8956321,Spacious Light-filled Central Character Apt,Auckland,Waitematā and Gulf Ward,Entire home/apt,,579
34101617,Tranquil retreat,Queenstown-Lakes District,Wanaka Ward,Entire home/apt,272.0,579
38263249,Private with Nelson on your doorstep Winter rates!,Nelson City,Area Outside Ward,Entire home/apt,109.0,578
8975785,One bed apartment *NO CLEANING or BOOKING FEES*,Queenstown-Lakes District,Queenstown-Wakatipu Ward,Entire home/apt,160.0,578
18546572,#Mataikahawai Garden#,Buller District,Westport Ward,Entire home/apt,104.0,578
17174068,"Close to Lake, Spa Pool, Luxury Beds",Taupo District,Taupō Ward,Entire home/apt,428.0,578
17560120,The Gatehouse at Greystones,Christchurch City,Hornby Ward,Entire home/apt,149.0,578
46301262,Brand-new Inner-city Apartment!,Christchurch City,Central Ward,Entire home/apt,143.0,577
2160739,Coastal country cottage w/dark skies (entire home),Tasman District,Golden Bay Ward,Entire home/apt,108.0,577
47719182,TealCornerCabinEco retreat Kathrynmacphail1@gm ail,South Waikato District,Tirau Ward,Entire home/apt,268.0,577
22837094,Pamela's Place,Southland District,Mararoa Waimea Ward,Private room,103.0,576
31500523,88,Westland District,Hokitika Ward,Entire home/apt,206.0,576
28981331,Sundaze Rise - A Kiwi Slice of Heaven,Southland District,Mararoa Waimea Ward,Entire home/apt,268.0,576
21805146,Private Garden Studio - close to town.,Marlborough District,Blenheim Ward,Entire home/apt,103.0,576
22584797,Unique garden studio In Ponsonby,Auckland,Waitematā and Gulf Ward,Private room,131.0,576
22656416,RELAX IN THE POOL - STAYING IN CBD BY CATHEDRAL,Christchurch City,Central Ward,Entire home/apt,250.0,575
2332396,Glamcamping by the edge of a beach,Whangarei District,Hikurangi-Coastal Ward,Entire home/apt,203.0,575
20595322,Central Rotorua-FamilyFriendly-Walk to Lake & Park,Rotorua District,Area Outside Ward,Entire home/apt,261.0,575
18659644,Banks Peninsula Cottage-Paradise near Christchurch,Christchurch City,Banks Peninsula Ward,Entire home/apt,133.0,575
22518723,Fully Contained Studio (sleeps 3) & Spa Pool,Queenstown-Lakes District,Queenstown-Wakatipu Ward,Entire home/apt,271.0,574
23340204,4 bedroom plus 1980s townhouse.Perfect for groups.,Queenstown-Lakes District,Queenstown-Wakatipu Ward,Entire home/apt,628.0,574
9773971,"Woodward, close to town",Taupo District,Taupō Ward,Private room,,573
14578623,Walk to town 39B Alpine Chalet,Queenstown-Lakes District,Queenstown-Wakatipu Ward,Entire home/apt,544.0,573
11379449,Modern Sea View 1 QUEEN BED,Auckland,Waitematā and Gulf Ward,Private room,,572
9590595,Serene Heights R2,Far North District,Bay of Islands-Whangaroa Ward,Private room,80.0,572
39057984,Warm and sunny private room in quiet location.,Waikato District,Raglan Ward,Private room,,571
28940373,A private self-contained studio  at Lake Hood,Ashburton District,Ashburton Ward,Entire home/apt,132.0,571
24926041,Laybak Retreat-The Kiwi Bach with Bikes,Southland District,Mararoa Waimea Ward,Entire home/apt,258.0,571
3391873,"Spacious self contained apartment.
No cleaning fee",Auckland,Maungakiekie-Tāmaki Ward,Entire home/apt,145.0,571
48426612,"Cambridge Pool House, Saint Kilda!",Waipa District,Cambridge Ward,Entire home/apt,177.0,571
26926962,"Richmond Retreat Clean, Luxury! Winter rates.",Taupo District,Taupō Ward,Entire home/apt,200.0,570
20974459,All for you in Ellerslie,Auckland,Maungakiekie-Tāmaki Ward,Entire home/apt,126.0,569
19457843,Private studio in Island Bay,Wellington City,Paekawakawa/Southern Ward,Entire home/apt,136.0,569
45495687,★CENTRAL Cosy 3 BR Apartment★,Westland District,Southern Ward,Entire home/apt,216.0,569
16570214,Denmark Street Cottage,Mackenzie District,Opuha Ward,Entire home/apt,254.0,569
10298955,Character Home Close To Town,Napier City,Nelson Park Ward,Entire home/apt,149.0,568
11863617,Ahipara Surf Breaks,Far North District,Te Hiku Ward,Entire home/apt,166.0,568
54214787,Ruapuke peaceful one bedroom cabin with spa pool,Waikato District,Raglan Ward,Entire home/apt,229.0,567
19415463,The Secret Garden,Auckland,Manurewa-Papakura Ward,Private room,109.0,566
23930671,Seclusion in Central Auckland,Auckland,Albert-Eden-Puketāpapa Ward,Entire home/apt,189.0,566
16086744,Charming quaint cottage a stroll to cafes Ponsonby,Auckland,Waitematā and Gulf Ward,Entire home/apt,145.0,566
30127091,Applegirth - Peaceful Retreat near Mapua,Tasman District,Moutere-Waimea Ward,Entire home/apt,173.0,565
39632703,Stylish Wanaka Studio | Walk To The Lake,Queenstown-Lakes District,Wanaka Ward,Entire home/apt,175.0,565
33665176,Starlight Oasis - INCLUDES BREAKFAST & MUCH MORE,Mackenzie District,Opuha Ward,Entire home/apt,189.0,565
5193233,Spacious modern executive home. Price reduced.,Wellington City,Motukairangi/Eastern Ward,Entire home/apt,295.0,565
15331422,"Central Self-Contained Ensuite, 欢迎! 환영합니다!",Hamilton City,West Ward,Entire home/apt,,565
41070078,Skylight House with luxury cedar outdoor bath#,Mackenzie District,Pukaki Ward,Entire home/apt,400.0,565
19180665,"""Harbour Views"" Stroll to water & town. Free Wifi.",Taupo District,Taupō Ward,Entire home/apt,176.0,564
52830397,Close to airport getaway,Christchurch City,Harewood Ward,Entire home/apt,149.0,564
16758859,Starlight View - 3 bedroom 2 bathroom house,Mackenzie District,Pukaki Ward,Entire home/apt,460.0,564
23149005,Bottle Lake En-suite. Warm/Private/ 12pm checkout!,Christchurch City,Coastal Ward,Entire home/apt,99.0,564
31829644,Lewis Inn,Far North District,Bay of Islands-Whangaroa Ward,Private room,97.0,563
9497523,Boutique Bunker CBD,Marlborough District,Blenheim Ward,Entire home/apt,248.0,563
17830425,Experience the Marsden Cove Lifestyle,Whangarei District,Bream Bay Ward,Private room,103.0,563
46601554,Kowhai Hideaway,Taupo District,Taupō Ward,Entire home/apt,171.0,562
21631465,Discover Port Hills with this Beauty + Breakfast!,Christchurch City,Heathcote Ward,Private room,84.0,562
10554947,"Your cosy, private hideaway, easy walk to town.",Hastings District,Hastings-Havelock North Ward,Entire home/apt,133.0,561
31520636,"""Punakaiki Dreaming"" - Gorgeous Character Bach",Buller District,Westport Ward,Entire home/apt,166.0,561
14775869,"Peaceful, private luxury Guesthouse stunning views",Queenstown-Lakes District,Wanaka Ward,Entire home/apt,228.0,560
39697895,Akaroa harbour view studio: stylish light & clean,Christchurch City,Banks Peninsula Ward,Entire home/apt,171.0,560
34823164,Jervois Cottage,Napier City,Taradale Ward,Entire home/apt,139.0,560
20729933,Queenstown Artists Home,Queenstown-Lakes District,Queenstown-Wakatipu Ward,Private room,173.0,560
30698422,Miramar studio with sea views,Wellington City,Motukairangi/Eastern Ward,Entire home/apt,94.0,559
30746674,Goldpanners Arrowtown Retreat,Queenstown-Lakes District,Arrowtown Ward,Entire home/apt,278.0,559
22152801,Seaview· non-shared Bathroom,Auckland,Waitematā and Gulf Ward,Private room,109.0,559
46649350,"Studio 8, private studio with commanding views!",Far North District,Te Hiku Ward,Entire home/apt,149.0,559
19087479,Nelson Park Gem - Great location & family friendly,Napier City,Nelson Park Ward,Private room,150.0,558
4720173,Charming  Glenorchy Cottage - No cleaning fee,Queenstown-Lakes District,Queenstown-Wakatipu Ward,Entire home/apt,200.0,557
31313266,Country seclusion,Palmerston North City,Area Outside Ward,Entire home/apt,166.0,556
36039089,The Beach Pad,Grey District,Central Ward,Entire home/apt,139.0,556
50901486,2 Bedroom Apartment Complete Apartment.,Queenstown-Lakes District,Queenstown-Wakatipu Ward,Entire home/apt,503.0,555
21885035,Kiwi St garden retreat.,Taupo District,Taupō Ward,Private room,69.0,555
41434729,"Great location, great shower, great beds!",Taupo District,Taupō Ward,Entire home/apt,160.0,555
31225194,Whare Tatū,Waikato District,Raglan Ward,Entire home/apt,285.0,554
19198796,"Comfy, warm accommodation",Matamata-Piako District,Matamata Ward,Private room,80.0,554
15665669,Mahoenui Lakeside Cottage,Rotorua District,Area Outside Ward,Entire home/apt,284.0,554
14578560,Walk to town 39A Alpine Chalet,Queenstown-Lakes District,Queenstown-Wakatipu Ward,Entire home/apt,547.0,553
14750061,Cosy Alpine Cottage•22 mins to Whakapapa ski field,Ruapehu District,National Park Ward,Entire home/apt,263.0,553
17331633,"""Different, better; place to be to make the scene",Christchurch City,Innes Ward,Private room,52.0,553
39447316,(4)Incredible lake and mountain views in 2bed/bath,Southland District,Mararoa Waimea Ward,Entire home/apt,315.0,553
44598299,Wildberry Cottage - Modern Country Escape,Rotorua District,Area Outside Ward,Entire home/apt,308.0,553
39446463,Rabbiter's Retreat Apartment,Mackenzie District,Opuha Ward,Entire home/apt,152.0,552
154130,"Waterfront Paradise, Awesome Views",Auckland,Waitākere Ward,Private room,159.0,552
39108645,The O2 Yurt,Southland District,Mararoa Waimea Ward,Entire home/apt,483.0,552
27316733,Mount Gold Chalet~beautiful lake & mountain views,Queenstown-Lakes District,Wanaka Ward,Entire home/apt,286.0,552
626265789786802329,Cozy Retreat Ensuite & Private Entrance Near Shops,Queenstown-Lakes District,Queenstown-Wakatipu Ward,Entire home/apt,135.0,551
17129214,Cosy Townhouse in the heart of Christchurch,Christchurch City,Central Ward,Entire home/apt,212.0,551
22456913,Piha Hut,Auckland,Waitākere Ward,Entire home/apt,183.0,550
10317943,Raglan LoveBus - Romantic escape with Outdoor Bath,Waikato District,Raglan Ward,Entire home/apt,196.0,550
19149443,"Cambridge Views, Self-contained.",Waipa District,Cambridge Ward,Entire home/apt,155.0,550
16709993,Magpies Mirror Chalet,Thames-Coromandel District,South Eastern Ward,Private room,69.0,549
22002838,"Fillbridge Flat - self check in, 15min from CBD",Wellington City,Wharangi/Onslow-Western Ward,Entire home/apt,149.0,549
48508588,"The Fat Fish, Studio with Outside Bath",Western Bay of Plenty District,Katikati-Waihi Beach Ward,Entire home/apt,217.0,549
17141377,Parawai Bay Lakeside Retreat,Rotorua District,Area Outside Ward,Entire home/apt,262.0,548
28162459,"Garden View Apartment, private and sunny.",Christchurch City,Harewood Ward,Entire home/apt,123.0,548
30094570,Right in the heart of Te Anau,Southland District,Mararoa Waimea Ward,Entire home/apt,337.0,548
21155185,Kay's Place,Hamilton City,West Ward,Private room,63.0,547
16467263,"On the Cycleway, Hokitika",Westland District,Northern Ward,Entire home/apt,1163.0,547
36484474,Karamea Nikau Palms  Retreat Cottage,Buller District,Seddon Ward,Entire home/apt,100.0,547
15747146,Inner City Charm,Nelson City,Area Outside Ward,Entire home/apt,139.0,547
12992600,"Sunny + close to beach, city, cafes and airport",Wellington City,Paekawakawa/Southern Ward,Entire home/apt,116.0,547
40041040,Hidden Gem of Christchurch - Sleeps 12,Christchurch City,Halswell Ward,Entire home/apt,452.0,546
16830924,One Tree Hill -  Skyroom Studio,Auckland,Maungakiekie-Tāmaki Ward,Entire home/apt,143.0,546
11680174,Country get-a-way Farm stay.,Central Otago District,Teviot Valley Ward,Private room,86.0,546
16782532,Lake Okareka Rotorua Spa Studio,Rotorua District,Area Outside Ward,Entire home/apt,189.0,546
735192520611509658,Relax & Escape | Incredible Views & Outdoor Bath,Christchurch City,Banks Peninsula Ward,Entire home/apt,197.0,545
20288070,Ponsonby Central Light Modern 2 Bed + Carpark,Auckland,Waitematā and Gulf Ward,Entire home/apt,,545
11463697,"52sq Hawea apartment, Mountain & lake views!!",Queenstown-Lakes District,Wanaka Ward,Entire home/apt,225.0,545
15724159,The Terminus: Inner-City Heritage Apartment 7,Dunedin City,Area Outside Ward,Entire home/apt,275.0,545
46055902,Peace in the heart of Ponsonby - perfect location,Auckland,Waitematā and Gulf Ward,Entire home/apt,175.0,544
4979176,Cavell Ridge Apartment,Queenstown-Lakes District,Queenstown-Wakatipu Ward,Entire home/apt,262.0,544
29855755,THE BROOK  private and peaceful entire guest suite,Thames-Coromandel District,Thames Ward,Entire home/apt,172.0,543
9415149,Waitomo Big Bird B&B  Self-contained Chalet,Waitomo District,Waitomo Rural Ward,Entire home/apt,183.0,542
30699096,"10mins to outskirts of PN, 5mins Feilding & Sanson",Manawatu District,Rural Ward,Entire home/apt,140.0,542
3933474,Auckland SkyTower View Penthouse | Limited Deal,Auckland,Waitematā and Gulf Ward,Entire home/apt,141.0,542
28519614,Alpine Escape - Two,Westland District,Southern Ward,Entire home/apt,240.0,542
17795842,Travellers Retreat Rakaia,Ashburton District,Eastern Ward,Entire home/apt,97.0,542
17926825,Idyllburn BnB,Central Otago District,Cromwell Ward,Entire home/apt,132.0,542
51069736,Bespoke container home in rural setting,Waikato District,Newcastle Ward,Entire home/apt,194.0,541
38854682,City Center Two Bedroom Executive(Q) with Balcony,Auckland,Waitematā and Gulf Ward,Entire home/apt,185.0,541
2331576,Stay at this white sandy beach,Whangarei District,Hikurangi-Coastal Ward,Entire home/apt,186.0,541
16231416,"Vineyard View - 246 Riverbank Road, Wanaka",Queenstown-Lakes District,Wanaka Ward,Private room,116.0,540
48534278,Renovated house with stunning mountain views,Hurunui District,West Ward,Entire home/apt,310.0,540
25110780,"Rokena Spa - private, boutique, Rotorua apartment",Rotorua District,Area Outside Ward,Entire home/apt,274.0,539
8614082,Self contained straw bale studio,South Wairarapa District,Martinborough Ward,Entire home/apt,183.0,539
942492042044446431,2-Mile Bay Hideaway,Taupo District,Taupō Ward,Entire home/apt,114.0,538
15100620,The Red Bus,Christchurch City,Banks Peninsula Ward,Entire home/apt,,538
784860907340643953,Parkside Retreat/5mins to airport/Self-Checkin,Christchurch City,Waimairi Ward,Entire home/apt,113.0,537
2521592,Sadhu's Tea House - country cabin,Ōpōtiki District,Waioeka-Waiotahi Ward,Entire home/apt,126.0,537
23025380,Self-contained 1 bedroom comfy flat in Taradale,Napier City,Taradale Ward,Entire home/apt,121.0,537
33474051,"Braemar Cottage - new, peaceful, stunning views!",Auckland,Rodney Ward,Entire home/apt,257.0,537
25892871,Waihi Beach House Studio Unit,Western Bay of Plenty District,Katikati-Waihi Beach Ward,Entire home/apt,92.0,537
40707974,Luxe Living in Christchurch CBD ** Free Parking!,Christchurch City,Central Ward,Entire home/apt,,537
4205307,Modern Architectural Garden Studio Leafy Grey Lynn,Auckland,Waitematā and Gulf Ward,Entire home/apt,205.0,536
20330483,Garden View,Rotorua District,Area Outside Ward,Entire home/apt,175.0,536
15748034,Waiuna by the Water Te Anau,Southland District,Mararoa Waimea Ward,Entire home/apt,263.0,536
45743542,A Slice of Paradise,Mackenzie District,Pukaki Ward,Entire home/apt,388.0,535
15648737,Muriwai Homestead Cottage - Relax & Explore,Auckland,Rodney Ward,Entire home/apt,182.0,535
9731944,Bay of Islands Crossroads Homestay,Far North District,Kaikohe-Hokianga Ward,Entire home/apt,183.0,535
47554223,Modern guest house with stunning Ocean views,Nelson City,Area Outside Ward,Entire home/apt,149.0,535
26265114,Harbour View Studio,Dunedin City,Area Outside Ward,Entire home/apt,149.0,535
14359444,"Poets Corner: budget apartment, 5 star location",Wellington City,Pukehīnau/Lambton Ward,Entire home/apt,122.0,535
16219685,Hunts Farmstay Rotorua,Rotorua District,Area Outside Ward,Private room,172.0,534
20542592,Perfect for 2 - 12 guests with amazing views!,Queenstown-Lakes District,Queenstown-Wakatipu Ward,Entire home/apt,548.0,534
22031682,Riverside Cottage Homestay on Lake Rotorua,Rotorua District,Area Outside Ward,Entire home/apt,174.0,534
15424956,Newmarket/Parnell- free breakfast and wifi,Auckland,Ōrākei Ward,Private room,88.0,533
5752166,Chic Private Studio 6mins from Airport & shops/bus,Christchurch City,Harewood Ward,Entire home/apt,177.0,533
29460147,Apartment 11 Art Deco,Marlborough District,Marlborough Sounds Ward,Entire home/apt,86.0,533
11262200,That View! 3 brm Sunny & Spacious,Queenstown-Lakes District,Queenstown-Wakatipu Ward,Entire home/apt,770.0,532
16193953,Sunset View Apartment,Grey District,Southern Ward,Entire home/apt,160.0,532
40140298,⭐️Bonita Casa⭐️ 6 min walk to town/lake. Sky tv•wifi,Mackenzie District,Pukaki Ward,Entire home/apt,365.0,532
43781840,Leafy Luxury 15 min from CBD,Auckland,North Shore Ward,Entire home/apt,113.0,532
12893560,Sleepy Owl  Queen bedroom with high ceilings,Nelson City,Area Outside Ward,Private room,80.0,532
1919747,OCEANSIDE RETREAT,Westland District,Northern Ward,Entire home/apt,165.0,532
21282313,'Listowel' on Tukapa,New Plymouth District,New Plymouth City Ward,Entire home/apt,137.0,531
26750893,Gecko Cottage w/ Spa Access,Westland District,Southern Ward,Entire home/apt,129.0,531
24082851,"Lake view, 5-star reviews, car-park & walk to town",Queenstown-Lakes District,Queenstown-Wakatipu Ward,Entire home/apt,375.0,531
33431068,Orange tree Cottage on the Opawa river.,Marlborough District,Blenheim Ward,Entire home/apt,132.0,531
46693422,Fairhaven Farm House,Westland District,Northern Ward,Entire home/apt,137.0,530
2177689,Lincoln Cottage,Marlborough District,Marlborough Sounds Ward,Private room,137.0,530
15977335,Self-contained Studio near Mt Eden Village,Auckland,Albert-Eden-Puketāpapa Ward,Entire home/apt,232.0,530
16897378,Luxury Spa Retreat with Stunning Vistas,Napier City,Ahuriri Ward,Entire home/apt,463.0,530
18041973,Luxury unit with rural views,Auckland,Franklin Ward,Entire home/apt,154.0,529
16753624,2 Bedroom 1950s Villa,Nelson City,Area Outside Ward,Entire home/apt,125.0,529
24018800,"Quiet Cul-de-Sac, Airport 3km, Transfers Avail.",Christchurch City,Waimairi Ward,Private room,77.0,528
31988102,Designer City 4BR Loft| Spacious+ 2 Free Car Parks,Auckland,Waitematā and Gulf Ward,Entire home/apt,773.0,528
23731860,PACIFIC PARADISE APARTMENT,Whangarei District,Hikurangi-Coastal Ward,Entire home/apt,127.0,528
11515699,"Te Papa Eco Cottage, off the grid Luxury",Waikato District,Awaroa ki Tuakau Ward,Entire home/apt,286.0,527
30563808,"3 bdr and laundry Mountain views, Famous Tree",Queenstown-Lakes District,Wanaka Ward,Entire home/apt,269.0,527
7749902,Bach 63: Stunning Lake Views!,Taupo District,Taupō Ward,Entire home/apt,263.0,526
23980861,Te Awa Cottages - Cottage Tahi,Westland District,Southern Ward,Entire home/apt,188.0,526
783071892346217805,Tranquil Windsor Hideaway,Invercargill City,Area Outside Ward,Entire home/apt,120.0,526
26065628,The Abode,Tauranga City,Mount Maunganui-Papamoa Ward,Entire home/apt,183.0,526
4841694,"Hillhaven (room 2) B&B in Napier, NZ",Napier City,Ahuriri Ward,Private room,69.0,525
13899649,Kelvinview - Self contained unit,Queenstown-Lakes District,Queenstown-Wakatipu Ward,Entire home/apt,169.0,525
23006532,Remarkables Escape,Queenstown-Lakes District,Queenstown-Wakatipu Ward,Entire home/apt,550.0,525
16291608,Loft by the Lake - direct access to lake edge,Rotorua District,Area Outside Ward,Entire home/apt,171.0,525
7281001,Fantastic central apartment a short walk to town!,Queenstown-Lakes District,Queenstown-Wakatipu Ward,Entire home/apt,301.0,524
28821262,The Forrester Suite,Clutha District,Catlins Ward,Entire home/apt,189.0,524
38979216,"The Cabin - Fantail Grove, Hamurana, Rotorua.",Rotorua District,Area Outside Ward,Entire home/apt,257.0,524
40515138,Fire Station Cottage,Westland District,Northern Ward,Entire home/apt,177.0,524
27333392,"Cozy-Comforts: Private Studio, A/C & Kitchenette",Hamilton City,West Ward,Entire home/apt,105.0,523
43872467,Mountain Magic- With a Spa!,Ruapehu District,Waimarino-Waiouru Ward,Entire home/apt,245.0,523
37631609,Kowhai Cottage | Rustic Stargazing Retreat,Mackenzie District,Pukaki Ward,Entire home/apt,451.0,523
32596252,Casual Country Stopover,Hastings District,Kahuranaki Ward,Entire home/apt,103.0,523
6134690,Villa / Pohutukawa Lodge ( Hahei ),Thames-Coromandel District,Mercury Bay Ward,Entire home/apt,206.0,523
559598100577512228,"Blue Cottage - Twizel, very private close to town.",Mackenzie District,Pukaki Ward,Entire home/apt,234.0,523
650882963336646929,Stylish & private dog-friendly Studio in Methven,Ashburton District,Western Ward,Entire home/apt,131.0,522
34004247,Charming Seaside Villa in the Heart of Wainui,Christchurch City,Banks Peninsula Ward,Entire home/apt,242.0,522
22720587,Hilltop Studio – Lake Views | Walk to Town,Queenstown-Lakes District,Queenstown-Wakatipu Ward,Entire home/apt,,522
40945419,Central Parade Hidden Gem with home-made bread!,Tauranga City,Mount Maunganui-Papamoa Ward,Entire home/apt,177.0,522
29130265,Thames Studio With En-suite. 5 mins to beach!,Thames-Coromandel District,Thames Ward,Entire home/apt,127.0,521
40724177,Scandi Comfort on the Park,Queenstown-Lakes District,Wanaka Ward,Entire home/apt,394.0,521
837024,Bookbinders's Retreat,Waitaki District,Oamaru Ward,Entire home/apt,143.0,520
46841610,Casa Maria central accommodation. Walk Everywhere!,Hurunui District,West Ward,Entire home/apt,172.0,520
16172553,Living like king- Classic room,Dunedin City,Area Outside Ward,Entire home/apt,221.0,520
45475790,"Enjoy this Private, Modern, Spacious 2bdrm House!",Hamilton City,West Ward,Entire home/apt,183.0,520
21357108,Enchanting and Stylish Studio,Tasman District,Motueka Ward,Entire home/apt,119.0,519
3759088,"Lakefront, 5 minutes walk to town but quiet street",Queenstown-Lakes District,Queenstown-Wakatipu Ward,Private room,212.0,519
38069404,"Warm & cozy,   modern private hideaway bedsit,",Ashburton District,Western Ward,Entire home/apt,160.0,519
10282801,"Rotorua, Quiet and secure, 5 min from CBD",Rotorua District,Area Outside Ward,Private room,103.0,519
18419037,Modern Queenstown Apartment & Great Lake Views!!!,Queenstown-Lakes District,Queenstown-Wakatipu Ward,Entire home/apt,761.0,518
44256251,Double bedroom with private bathroom in CBD,Hamilton City,West Ward,Private room,84.0,518
19644742,Misty Mountain Hut - Ruapehu,Ruapehu District,Waimarino-Waiouru Ward,Entire home/apt,309.0,518
35776897,Creekside Apartment central Wanaka no cleaning fee,Queenstown-Lakes District,Wanaka Ward,Entire home/apt,373.0,517
22641149,Pinnacle Heights,Thames-Coromandel District,South Eastern Ward,Private room,133.0,516
9242396,Perfect Getaway - Exclusively Yours,Ruapehu District,Taumarunui Ward,Entire home/apt,143.0,516
28474210,"Akaroa Harbour Views | Deck, Cosy Fireplace",Christchurch City,Banks Peninsula Ward,Entire home/apt,799.0,516
24894082,Outstanding Location in Central Wellington,Wellington City,Pukehīnau/Lambton Ward,Entire home/apt,332.0,516
23706257,Alpine A-Frame,Mackenzie District,Pukaki Ward,Entire home/apt,252.0,515
19753692,"Golden Triangle Studio Unit 1 
Breakfast provided",Queenstown-Lakes District,Wanaka Ward,Entire home/apt,163.0,515
11677976,"St Clair, Private Unit. Only 500m to the beach",Dunedin City,Area Outside Ward,Entire home/apt,184.0,515
13212924,BnB close to hospital and airport,Palmerston North City,Area Outside Ward,Private room,86.0,515
12231418,Cosy stand-alone studio - breakfast included,Christchurch City,Heathcote Ward,Entire home/apt,91.0,514
13362322,Te One - Boutique Beachfront Accommodation,Kapiti Coast District,Paekākāriki-Raumati Ward,Entire home/apt,190.0,513
17913137,Sunny Suburban studio,Auckland,Maungakiekie-Tāmaki Ward,Entire home/apt,110.0,513
16801107,Solo traveler's paradise.,Rotorua District,Area Outside Ward,Private room,74.0,513
25890398,Private Ensuite +  WIFI & Own Access,Auckland,Waitākere Ward,Entire home/apt,119.0,512
31388517,"Tranquil Open Outlook, Complimentary Breakfast",Palmerston North City,Area Outside Ward,Entire home/apt,140.0,512
23667720,Round Hill Cottage – Farm Stay Near Oamaru,Waitaki District,Corriedale Ward,Entire home/apt,102.0,511
601510940009108465,Cheerful 4-Bedroom Home with Spa Pool,Southland District,Mararoa Waimea Ward,Entire home/apt,272.0,511
44365639,"Bach 471   Outdoor Bath, Sea Views, Private Garden",Grey District,Southern Ward,Entire home/apt,177.0,510
16444396,Doubtful Suite - comfortable en suite unit 神奇豪华大床房,Southland District,Mararoa Waimea Ward,Private room,194.0,510
22957825,MiddleIsland-modern & insulated with 3 aircons,Taupo District,Taupō Ward,Entire home/apt,292.0,510
51015911,Cosy home in Arena stadium with secure car park,Christchurch City,Spreydon Ward,Entire home/apt,180.0,510
43771841,*Pod Paradise* Rural stay with wood fired Hot Tub,Rotorua District,Area Outside Ward,Entire home/apt,146.0,510
21323254,Camp Cabin - Ocean & Island views. Whakatane area.,Whakatane District,Rangitāiki Ward ,Entire home/apt,223.0,509
53972558,Absolute Waterfront Picton Waikawa Bay,Marlborough District,Marlborough Sounds Ward,Entire home/apt,212.0,509
4841753,"Hillhaven ( room 3) B&B in Napier, NZ",Napier City,Ahuriri Ward,Private room,69.0,509
16165473,"Claremont , Timaru 2",Timaru District,Pleasant Point-Temuka Ward,Private room,205.0,509
53648373,Young Street Private Gem - So Close to Town,New Plymouth District,New Plymouth City Ward,Entire home/apt,121.0,509
30941756,Lakeside Escape,Queenstown-Lakes District,Queenstown-Wakatipu Ward,Entire home/apt,550.0,508
22179314,Tokomaru Beach,Gisborne District,Tawhiti-Uawa Ward,Entire home/apt,166.0,508
17573128,"The 'Flax Pod' cabin in Pohara, amazing sea views",Tasman District,Golden Bay Ward,Entire home/apt,126.0,508
15692922,Guest suite in farmhouse BnB,Mackenzie District,Opuha Ward,Private room,229.0,508
29850193,"Room, View AND Breakfast In The Heart of Northland",Whangarei District,Okara Ward,Private room,99.0,507
19625766,"5- DELIGHTFUL SPACE, SO CLOSE TO THE LAKE",Queenstown-Lakes District,Wanaka Ward,Entire home/apt,353.0,507
7701059,Quiet Courtyard Oasis - walk to city centre,Hamilton City,East Ward,Entire home/apt,106.0,507
26038361,Perfectly Picton,Marlborough District,Marlborough Sounds Ward,Private room,139.0,506
32962810,Redwood Cottage- Mountain bikers dream -Sleeps 6,Rotorua District,Area Outside Ward,Entire home/apt,126.0,506
6514512,Traditional Double Room (Shared Bathroom),Mackenzie District,Pukaki Ward,Private room,141.0,506
12562554,Beautiful Lakefront Location,Rotorua District,Area Outside Ward,Entire home/apt,342.0,506
22495581,"The Old Stable, Waiwera",Auckland,Rodney Ward,Entire home/apt,143.0,505
31537005,Tiny Home Big Vibes in Central Napier,Napier City,Ahuriri Ward,Entire home/apt,181.0,505
24160353,"Sunshine Bay Views
32A Mckerrow Place Queenstown",Queenstown-Lakes District,Queenstown-Wakatipu Ward,Entire home/apt,331.0,505
28255251,Fairytale Treehouse,Whangarei District,Mangakahia-Maungatapere Ward,Entire home/apt,300.0,505
20800813,Victory Apartment 3,Palmerston North City,Area Outside Ward,Entire home/apt,370.0,505
37565406,"Private, quick, easy & comfortable",Upper Hutt City,Area Outside Ward,Entire home/apt,97.0,504
4210544,Central Suburbs - Urban Villa,Auckland,Waitematā and Gulf Ward,Private room,113.0,504
38436993,"Weka Cottage; fire, spa, shops, all season charm",Auckland,Waitematā and Gulf Ward,Entire home/apt,354.0,504
5807129,Comfy Double Room with Private Ensuite Bathroom,Mackenzie District,Pukaki Ward,Private room,162.0,503
26111765,Convenient Private Room Near Auckland Airport 10mi,Auckland,Manukau Ward,Private room,90.0,503
53877752,Lone Oak Eco Cabin Kathrynmacphail1@gm a i L,South Waikato District,Tirau Ward,Entire home/apt,257.0,503
30206854,Sea View Apartment 1 (Seascape),Clutha District,Catlins Ward,Entire home/apt,159.0,503
17911576,Peaceful Cabin at Bills Way,Queenstown-Lakes District,Wanaka Ward,Entire home/apt,179.0,503
31671587,City fringe Mt Eden Apartment 近伊甸山公寓,Auckland,Albert-Eden-Puketāpapa Ward,Entire home/apt,183.0,503
22296573,Pamela's Place..,Southland District,Mararoa Waimea Ward,Private room,113.0,502
23506475,Muffin's self-contained B&B - a cosy haven!,Waipa District,Cambridge Ward,Entire home/apt,137.0,502
40965406,The Rose Cottage • romantic & rustic getaway,Tauranga City,Otumoetai-Pyes Pa Ward,Entire home/apt,208.0,502
53572834,Starlight Garden Studio in Lake Tekapo,Mackenzie District,Pukaki Ward,Entire home/apt,229.0,502
51395278,Black Door On Grand Vue,Rotorua District,Area Outside Ward,Entire home/apt,169.0,501
28819004,Totara View - A13 - step out onto the golf course!,Waitaki District,Ahuriri Ward,Entire home/apt,131.0,501
53315698,Adorable 1 bedroom oasis with private spa & sauna,Whangarei District,Whangarei Heads Ward,Entire home/apt,205.0,501
47053117,Park like setting and handy to Town.,Rangitikei District,Central Ward,Entire home/apt,103.0,501
28940494,Room With A View,Central Otago District,Cromwell Ward,Entire home/apt,167.0,500
10366476,"Light, Modern + Close to Everything",Wellington City,Motukairangi/Eastern Ward,Entire home/apt,266.0,500
13282582,Queenstown's Best Downtown Location - Great Views,Queenstown-Lakes District,Queenstown-Wakatipu Ward,Entire home/apt,636.0,500
5491942,"Studio apartment , close to Town",Taupo District,Taupō Ward,Entire home/apt,166.0,500
592178559783966855,The Murrays,Kaikoura District,Area Outside Ward,Entire home/apt,229.0,500
51125428,Stones Throw From the CBD + Hot Tub,Christchurch City,Spreydon Ward,Entire home/apt,211.0,500
16064931,Spacious Garden Apartment,Queenstown-Lakes District,Queenstown-Wakatipu Ward,Entire home/apt,357.0,499
15423815,"Newmarket, Free wifi and breakfast",Auckland,Ōrākei Ward,Private room,87.0,498
27962340,The Old Post Office,Central Otago District,Vincent Ward,Entire home/apt,215.0,498
840790754479682944,Private and central.,Auckland,Albert-Eden-Puketāpapa Ward,Entire home/apt,103.0,498
37330018,HawkRidge Alpine Honeymoon Suite,Queenstown-Lakes District,Queenstown-Wakatipu Ward,Entire home/apt,446.0,498
33379743,Fantail Farm Loft - Peaceful & Spacious,Waipa District,Maungatautari Ward,Entire home/apt,128.0,497
5251461,The Shed and Breakfast,Waimate District,Pareora-Otaio-Makikihi Ward,Entire home/apt,217.0,497
21801257,2BR Suite at the Heart of Wellington CBD,Wellington City,Pukehīnau/Lambton Ward,Entire home/apt,221.0,497
52356787,Private sleepout with attached bathroom,Palmerston North City,Area Outside Ward,Entire home/apt,86.0,497
35162941,Omaka Valley Hut,Marlborough District,Wairau-Awatere Ward,Entire home/apt,310.0,497
26998194,Central of the City - Cosy & Quiet Queen St Apt,Auckland,Waitematā and Gulf Ward,Entire home/apt,151.0,497
603258499579100857,Ponga Magic,Rotorua District,Area Outside Ward,Entire home/apt,128.0,497
25113774,Custom-Designed Taupō Tiny House:  Kōwhai Korner,Taupo District,Taupō Ward,Entire home/apt,120.0,497
35270785,Cosy Kowhai Retreat,Taupo District,Taupō Ward,Entire home/apt,108.0,496
25895806,"Rosser Retreat
Garden, Animals, E-Bikes, Wineries",Hastings District,Kahuranaki Ward,Entire home/apt,173.0,496
969789286443971992,Tui Double Suite,Southland District,Mararoa Waimea Ward,Entire home/apt,139.0,496
49082248,The little house,Queenstown-Lakes District,Queenstown-Wakatipu Ward,Entire home/apt,441.0,495
31224299,Stylish Retreat | Peaceful & Private Escape,Taupo District,Taupō Ward,Entire home/apt,222.0,495
15758367,"13 Elder st Flat B
Studio

Inner city apartment",Dunedin City,Area Outside Ward,Entire home/apt,137.0,495
13114588,Awesome Central Rotorua Pad,Rotorua District,Area Outside Ward,Entire home/apt,205.0,495
18334949,Lonsdale Cottage,Waipa District,Cambridge Ward,Private room,172.0,495
27821323,Walk along the Beach from a Cosy Studio in Sumner,Christchurch City,Heathcote Ward,Entire home/apt,205.0,494
32574285,Room @ No. Two,Auckland,Rodney Ward,Entire home/apt,196.0,494
14077451,South Catlins Cottage,Southland District,Waihopai Toetoe Ward,Entire home/apt,137.0,494
21315101,"Comfortable, Contemporary City Space",Christchurch City,Central Ward,Entire home/apt,285.0,494
18040946,Udder House - Under The Majestic Mount Te Aroha,Matamata-Piako District,Te Aroha Ward,Entire home/apt,139.0,494
53069442,The Treehouse: Off-grid Retreat,New Plymouth District,South-West Ward,Entire home/apt,255.0,494
51415711,"Unwind at 59
Central location with a country feel",Far North District,Bay of Islands-Whangaroa Ward,Entire home/apt,127.0,494
44576334,"Remarkable VIEWS, 2 Bedrooms & BIG DECK!",Queenstown-Lakes District,Queenstown-Wakatipu Ward,Entire home/apt,1085.0,493
18059341,Country Cabin,Timaru District,Geraldine Ward,Entire home/apt,132.0,493
12232893,The Annex - self contained unit .,Whangarei District,Bream Bay Ward,Entire home/apt,116.0,493
46285810,Luxury in Westshore,Napier City,Ahuriri Ward,Entire home/apt,133.0,493
18494165,Ohingaiti Farm Cottage,Rangitikei District,Northern Ward,Entire home/apt,229.0,493
2950971,Twizel - Foehn Cottage,Mackenzie District,Pukaki Ward,Entire home/apt,228.0,493
35318188,"""Le Refuge"", VERY NEAR TO THE CHURCH & TOWN CENTRE",Mackenzie District,Pukaki Ward,Entire home/apt,376.0,493
19611678,Peaceful and Quiet,Taupo District,Taupō Ward,Private room,46.0,492
24782327,"Kent Street Bach Picton NZ

Wi-Fi available",Marlborough District,Marlborough Sounds Ward,Entire home/apt,212.0,492
40010833,Garden Cottage with Sea Views,Dunedin City,Area Outside Ward,Entire home/apt,245.0,492
5171956,The Hut,Queenstown-Lakes District,Wanaka Ward,Entire home/apt,203.0,491
11425035,"Little Paradise & Petting Farm, FREE Breakfast",Grey District,Northern Ward,Private room,137.0,490
43690597,New stylish apartment in the heart of CBD,Christchurch City,Central Ward,Entire home/apt,183.0,490
48230399,Nature's View - a private and peaceful space,Thames-Coromandel District,Mercury Bay Ward,Private room,137.0,490
26455256,Birdsong Cottage - native forest retreat,South Wairarapa District,Featherston Ward,Entire home/apt,206.0,490
40655425,"Belmont Villa,  Great City and Harbour Views",Dunedin City,Area Outside Ward,Entire home/apt,457.0,490
33888877,Henrietta's Hut,Queenstown-Lakes District,Queenstown-Wakatipu Ward,Entire home/apt,188.0,490
656685717408851134,Lakewood Lofts - On The Lake,Southland District,Mararoa Waimea Ward,Private room,155.0,489
31091044,Cosy Retreat with Fabulous Views & Deck,Queenstown-Lakes District,Queenstown-Wakatipu Ward,Entire home/apt,1379.0,488
12627230,The Bungalow Cow Room,Nelson City,Area Outside Ward,Private room,103.0,488
23277072,Renovated Modern Apartment - Walk to CBD,Tauranga City,Te Papa-Welcome Bay Ward,Entire home/apt,152.0,488
47393608,Marigold Cottage - Includes Bikes & Kayaks,Taupo District,Taupō Ward,Entire home/apt,241.0,488
43770049,Vale Road Apartment - so close to the town basin!,Whangarei District,Okara Ward,Entire home/apt,139.0,488
32430321,South Coast Charm - Amazing views,Wellington City,Paekawakawa/Southern Ward,Entire home/apt,209.0,488
7789596,"Villa,  Queen-sized Bedroom C- Epsom Suburb Centre",Auckland,Albert-Eden-Puketāpapa Ward,Private room,103.0,488
30909506,Cottage under the Bluffs-Enjoy fresh air and view,Rotorua District,Area Outside Ward,Entire home/apt,172.0,487
47771464,Skylark Cabin – Private Luxury Escape with Hot Tub,Mackenzie District,Pukaki Ward,Entire home/apt,803.0,487
33473981,Houhora Harbour Studio,Far North District,Te Hiku Ward,Entire home/apt,172.0,487
15930498,EcoBach - self contained off-grid small home,New Plymouth District,South-West Ward,Entire home/apt,156.0,486
41536987,LakeRidge Retreat,Mackenzie District,Pukaki Ward,Private room,,486
21268774,Rustic ‘n cozy country gem in the heart of Te Puna,Western Bay of Plenty District,Kaimai Ward,Entire home/apt,132.0,486
30334791,Enjoy the Great view from bed and bath - King Bed,Queenstown-Lakes District,Queenstown-Wakatipu Ward,Private room,,485
25789624,Warm room in modern home,Christchurch City,Burwood Ward,Private room,71.0,485
25925037,City Warm Suite (Free Breakfast) *Free cleaning*,Christchurch City,Fendalton Ward,Entire home/apt,,484
18638674,"A Peaceful, Charming Farm Cottage!",Ashburton District,Western Ward,Entire home/apt,137.0,484
12735307,The Love Shack Lake Rotoiti. Absolute Lake Edge.,Rotorua District,Area Outside Ward,Entire home/apt,267.0,484
31927374,Detached private studio,Tauranga City,Otumoetai-Pyes Pa Ward,Private room,151.0,484
40994610,Havelock Hideaway | Guest House with Pool,Hastings District,Hastings-Havelock North Ward,Entire home/apt,115.0,484
10418556,"Boutique Ōākura Escape
Fire, Bath & Designer Style",New Plymouth District,New Plymouth City Ward,Entire home/apt,404.0,483
25631276,Studio stop over by the beach,Napier City,Ahuriri Ward,Private room,109.0,483
19578493,Pottery Corner,Hurunui District,West Ward,Entire home/apt,194.0,483
44234913,The Gazebo,Waikato District,Raglan Ward,Entire home/apt,223.0,483
35266840,Tui's Nest Redwoods-Guest suite + simple breakfast,Rotorua District,Area Outside Ward,Entire home/apt,137.0,483
9577882,Serene Heights R1,Far North District,Bay of Islands-Whangaroa Ward,Private room,69.0,483
24458880,Cosy on Crozier,Waipa District,Pirongia Ward,Entire home/apt,,483
42810629,"Double Room Tekapo, shared facilities (A)블베드 테카포",Mackenzie District,Pukaki Ward,Private room,130.0,482
37664788,Tropical Paradise in Mangawhai,Kaipara District,Mangawhai-Kaiwaka Ward,Entire home/apt,252.0,482
31027121,Leeston Cottage,Selwyn District,Ellesmere Ward,Entire home/apt,78.0,482
5206741,Studio and Spa by the Beach,Auckland,Waitematā and Gulf Ward,Entire home/apt,222.0,482
27431845,Comfy on Cuba - Apartment with Swimming Pool & Spa,Wellington City,Pukehīnau/Lambton Ward,Entire home/apt,221.0,482
32228090,Jackson's Choice Private Spacious Guest Wing.,Hamilton City,East Ward,Entire home/apt,206.0,482
11535067,Delightful Sleep-out in Bryndwr,Christchurch City,Fendalton Ward,Entire home/apt,137.0,481
7280133,Charming Arrowtown Sanctuary,Queenstown-Lakes District,Arrowtown Ward,Entire home/apt,183.0,481
29086032,Pixie Cottage Napier South,Napier City,Nelson Park Ward,Entire home/apt,176.0,481
10867973,"Kiwiana Art apartment , near city and Queens Park",Invercargill City,Area Outside Ward,Entire home/apt,170.0,480
40453476,Hot Water Beach . 1 apartment close to the beach,Thames-Coromandel District,Mercury Bay Ward,Entire home/apt,236.0,480
23595211,Sneezle Beezle Beach Studio,Far North District,Kaikohe-Hokianga Ward,Entire home/apt,150.0,480
29806247,Lakefront bach by Rotorua,Rotorua District,Area Outside Ward,Entire home/apt,248.0,480
48170556,Peak View Cabin - Ben Ohau - Stylish Seclusion,Mackenzie District,Pukaki Ward,Entire home/apt,460.0,480
47412037,"""Tobin's Rest"" Private and Quiet Separate Studio",Queenstown-Lakes District,Arrowtown Ward,Entire home/apt,,479
23929313,Cabbage Tree Cabin authentic logcabin in mountains,Hurunui District,West Ward,Entire home/apt,263.0,479
27430756,Terrace Hotel - Apartment Living at its Best,Wellington City,Pukehīnau/Lambton Ward,Entire home/apt,217.0,479
34797929,Sawmill Town Apartment,Queenstown-Lakes District,Queenstown-Wakatipu Ward,Entire home/apt,303.0,479
49532530,Log Cabin living,Southland District,Mararoa Waimea Ward,Entire home/apt,286.0,478
15734044,Contemporary elegant apartment,Dunedin City,Area Outside Ward,Entire home/apt,200.0,478
27377037,"Cosy, Greytown Getaway.",South Wairarapa District,Greytown Ward,Entire home/apt,110.0,478
22534559,BEHIND THE HEDGE,Western Bay of Plenty District,Katikati-Waihi Beach Ward,Entire home/apt,263.0,478
29743845,Take a break Taupo,Taupo District,Taupō Ward,Entire home/apt,126.0,478
46121304,Cosy Accommodation,Mackenzie District,Pukaki Ward,Entire home/apt,177.0,478
20667620,Private and peaceful studio apartment,Queenstown-Lakes District,Wanaka Ward,Entire home/apt,263.0,477
23132001,"Warm, cosy and well equipped on McGrath",Napier City,Nelson Park Ward,Entire home/apt,280.0,477
15241515,Tasman Views,Kapiti Coast District,Waikanae Ward,Entire home/apt,143.0,477
29341791,Upton Studio - Peaceful Hideaway in Prime Location,Queenstown-Lakes District,Wanaka Ward,Entire home/apt,252.0,477
7903181,Sunny bedroom with private bathroom,Wellington City,Motukairangi/Eastern Ward,Private room,91.0,477
23862444,Kiwiana Gateway to Auckland Airport 开车9分钟机场15分钟市中心,Auckland,Albert-Eden-Puketāpapa Ward,Entire home/apt,147.0,477
584188279771359322,Two Bedroom CBD Apartment,Napier City,Ahuriri Ward,Entire home/apt,230.0,476
541251637554342984,Lavender Cottage,Matamata-Piako District,Matamata Ward,Entire home/apt,155.0,476
16429920,Apartment by the Park,New Plymouth District,New Plymouth City Ward,Entire home/apt,157.0,476
21712342,Wynyard Viaduct Harbour 2BR+Parking: Zodiak Stays,Auckland,Waitematā and Gulf Ward,Entire home/apt,,476
21667558,Darfield: Homebush School Cottage,Selwyn District,Malvern Ward,Entire home/apt,166.0,476
35693157,"Bright & Stylish, Walk to shops ,cafes and lake.",Taupo District,Taupō Ward,Entire home/apt,154.0,475
14471764,Lovely house by the park - Private & Sunny,Dunedin City,Area Outside Ward,Entire home/apt,137.0,475
46786855,Park view on Hagley Park,Christchurch City,Central Ward,Entire home/apt,169.0,475
41488187,Shag Point Cottage,Waitaki District,Waihemo Ward,Entire home/apt,179.0,474
44393843,Creekside Apartment Central Wanaka Lake Views,Queenstown-Lakes District,Wanaka Ward,Entire home/apt,442.0,474
11573246,Stunning Sea View Apartment,Wellington City,Motukairangi/Eastern Ward,Entire home/apt,331.0,474
15732458,Tasman West - on the beach!,Grey District,Northern Ward,Entire home/apt,148.0,474
11498427,A touch of luxury,Auckland,Maungakiekie-Tāmaki Ward,Private room,113.0,474
11265860,Rustic Urban Oasis,Auckland,Waitematā and Gulf Ward,Entire home/apt,149.0,474
30039595,"Gorgeous CBD Apartment, Parking,Netflix, AC,",Auckland,Waitematā and Gulf Ward,Entire home/apt,354.0,474
39274870,Private Room with ensuite close to Airport/CBD,Christchurch City,Fendalton Ward,Private room,,474
717579987602924237,Contemporary studio with pool & breakfast,Auckland,Waitematā and Gulf Ward,Entire home/apt,217.0,474
29660940,Teeming House/Family Home near Airport,Christchurch City,Waimairi Ward,Entire home/apt,214.0,474
31297842,A bit of heaven on earth,Auckland,Franklin Ward,Entire home/apt,234.0,473
41537765,THE WHITE HOUSE CENTRAL 3/BRM - Great Location,Hamilton City,East Ward,Entire home/apt,,473
15664305,Marlborough Sounds Accommodation - New Zealand,Marlborough District,Marlborough Sounds Ward,Entire home/apt,302.0,473
28037769,Absolute Waterfront Oriental Bay,Wellington City,Pukehīnau/Lambton Ward,Entire home/apt,185.0,472
33042990,Koru Cottage - quiet and relaxing - you deserve it,Far North District,Bay of Islands-Whangaroa Ward,Entire home/apt,102.0,472
43770855,Magnificent views in CBD with free parking,Auckland,Waitematā and Gulf Ward,Entire home/apt,231.0,472
33529115,"Apartment on Seaforth, Spacious, Modern, Private",Western Bay of Plenty District,Katikati-Waihi Beach Ward,Entire home/apt,160.0,472
17516377,"Shotover River and Vines, guest suite, Queenstown",Queenstown-Lakes District,Queenstown-Wakatipu Ward,Private room,221.0,472
13623606,"Mapua Studio
Central 
Abel Tasman and
Nelson area",Tasman District,Moutere-Waimea Ward,Entire home/apt,143.0,471
36740169,Cosy Cabin in the Paddocks,Westland District,Southern Ward,Entire home/apt,241.0,471
23705557,Alex's House - Waitomo Caves,Waitomo District,Waitomo Rural Ward,Entire home/apt,263.0,471
23750279,"Moeraki Getaway, A-frame, Outdoor Bath, Sea views",Waitaki District,Waihemo Ward,Entire home/apt,255.0,470
40458213,3 bedroom house close to Redwoods bike track,Rotorua District,Area Outside Ward,Entire home/apt,316.0,470
23166996,"Moeraki Escape, Outdoor Bath, Modern Studio Unit",Waitaki District,Waihemo Ward,Entire home/apt,231.0,470
27883129,Self-contained Studio in Taradale,Napier City,Taradale Ward,Private room,119.0,470
9737838,"Peaceful,Private Brookside Cottage",Tasman District,Motueka Ward,Entire home/apt,,469
32054349,Beach front home with stunning views.,Dunedin City,Area Outside Ward,Private room,183.0,469
16998121,Gum Tree Haven,Ruapehu District,Waimarino-Waiouru Ward,Entire home/apt,157.0,469
26996909,"""Not Too Shabby Boutique Cottage"" (Pet Friendly)",Upper Hutt City,Area Outside Ward,Entire home/apt,175.0,469
9598997,Abby's Shabby Shack,Marlborough District,Blenheim Ward,Entire home/apt,132.0,469
1074846,"Sunny studio, vibrant city fringe",Wellington City,Paekawakawa/Southern Ward,Private room,144.0,469
51004982,Lovely 1 bedroom service apartment -best view,Christchurch City,Central Ward,Entire home/apt,217.0,469
17701691,Glow-worms In Titirangi,Auckland,Waitākere Ward,Entire home/apt,155.0,468
41501166,"‘A Stone’s Throw’ Papamoa Beach Studio, 200m>Beach",Tauranga City,Mount Maunganui-Papamoa Ward,Entire home/apt,164.0,468
819942573237045512,The woolshed - pet friendly luxury retreat,Taupo District,Taupō East Rural Ward,Entire home/apt,202.0,468
16557700,Airbnb on Sloane,Rotorua District,Area Outside Ward,Private room,143.0,467
13578816,"Perfect, Private Escape. Mt & Lake Views.",Queenstown-Lakes District,Queenstown-Wakatipu Ward,Entire home/apt,395.0,467
42438993,Beachy Bach - with Spa Pool!,Horowhenua District,Kere Kere Ward,Entire home/apt,173.0,467
39447201,(1)Stunning lake & mountain views with kitchen/2br,Southland District,Mararoa Waimea Ward,Entire home/apt,299.0,467
36001082,Raglan Rural Retreats - Kauri Tent,Waikato District,Raglan Ward,Entire home/apt,358.0,467
38245641,Spacious and Modern Private Room,Hamilton City,East Ward,Entire home/apt,,467
16087382,Renovated perfection next to Redwoods now 30% off,Rotorua District,Area Outside Ward,Entire home/apt,320.0,467
51267431,Quest Mt Eden - Studio Apartment,Auckland,Albert-Eden-Puketāpapa Ward,Private room,215.0,467
7923880,Relaxing & convenient,Queenstown-Lakes District,Queenstown-Wakatipu Ward,Entire home/apt,401.0,467
53346190,Delightful Tiny Home in Kaikoura,Kaikoura District,Area Outside Ward,Entire home/apt,168.0,467
39120228,Seaside Studio,Dunedin City,Area Outside Ward,Entire home/apt,143.0,467
47875113,Superior Room in the stunning Lake Tekapo Town,Mackenzie District,Pukaki Ward,Private room,230.0,467
32532255,Provence French Cottage - a Wairarapa retreat.,Carterton District,Area Outside Ward,Entire home/apt,199.0,466
44394813,"Spectacular VIEWS, 2 Bedrooms & BIG DECK!",Queenstown-Lakes District,Queenstown-Wakatipu Ward,Entire home/apt,1137.0,466
17383376,"Lazy Seal Cottage's
Cottage One",Buller District,Westport Ward,Entire home/apt,212.0,466
32675048,‘Little Italy’ Paradise in Picton,Marlborough District,Marlborough Sounds Ward,Private room,,465
31055836,"Six on Arum
Unlimited Wifi
Great kitchen & shower",Grey District,Southern Ward,Entire home/apt,200.0,465
33568940,"Valley View Cottage, Wānaka.",Queenstown-Lakes District,Wanaka Ward,Entire home/apt,174.0,465
18771904,Bright & Clean Private Room. Own Bathroom + SK Bed,Queenstown-Lakes District,Queenstown-Wakatipu Ward,Private room,,465
32527155,Tikitere Treasure -  No Cleaning Fee !!,Rotorua District,Area Outside Ward,Entire home/apt,194.0,464
27318691,Daisy Hill Cottage - Enjoy the outdoor Hot Tub!!,Christchurch City,Banks Peninsula Ward,Entire home/apt,261.0,464
16677105,The Terminus: Inner-City Heritage Apartment 4,Dunedin City,Area Outside Ward,Entire home/apt,275.0,464
48366806,"Cuba Mall, private ensuite room free tea/coffee",Wellington City,Pukehīnau/Lambton Ward,Private room,87.0,464
46220302,Hamilton Gardens at your door,Hamilton City,East Ward,Entire home/apt,132.0,464
26481873,Deans Bank Views,Queenstown-Lakes District,Wanaka Ward,Entire home/apt,177.0,464
28502518,Totara View - D6 - high country mountains & lakes,Waitaki District,Ahuriri Ward,Entire home/apt,178.0,463
16302977,Lake front self-contained quality studio,Queenstown-Lakes District,Queenstown-Wakatipu Ward,Entire home/apt,411.0,463
28409550,Character in the CBD,Wellington City,Pukehīnau/Lambton Ward,Entire home/apt,,463
39840259,Easy Christchurch Central Townhouse,Christchurch City,Spreydon Ward,Entire home/apt,153.0,463
8173605,"Onetangi Beach ""Cabin At The Beach"" Waiheke Island",Auckland,Waitematā and Gulf Ward,Entire home/apt,257.0,463
16934128,Beach side Private Studio Takapuna Auckland,Auckland,North Shore Ward,Entire home/apt,141.0,463
22691445,Latimer Square City Apartment,Christchurch City,Central Ward,Entire home/apt,216.0,463
15859056,Self contained family accommodation by the Airport,Auckland,Manukau Ward,Entire home/apt,237.0,462
44381503,Studio Apartment in Auckland CBD - Sky Tower Views,Auckland,Waitematā and Gulf Ward,Entire home/apt,145.0,462
16168096,Your own private place just 8 mins walk to town,Queenstown-Lakes District,Queenstown-Wakatipu Ward,Entire home/apt,177.0,462
37874614,Burnside Aokautere. A comfortable country escape.,Palmerston North City,Area Outside Ward,Entire home/apt,132.0,462
41716479,Kawa Cottage | Couples Getaway & Luxe Retreat,Taupo District,Taupō Ward,Entire home/apt,173.0,462
42545927,Towack Beach House studio unit,Southland District,Waiau Aparima Ward,Entire home/apt,115.0,461
22361571,Charlotte's place,Napier City,Ahuriri Ward,Entire home/apt,180.0,461
33132090,Cozy Class Act on Anne Street,Invercargill City,Area Outside Ward,Entire home/apt,166.0,461
576190222862876603,Treble View Guest House - Brand New!,Queenstown-Lakes District,Wanaka Ward,Entire home/apt,294.0,461
17109927,Ocean Breeze Studio - Ohope Beach - Amazing Views.,Whakatane District,Whakatāne-Ōhope Ward ,Entire home/apt,172.0,461
46240000,Castor Bay Getaway- Auckland -Cosy Private Studio,Auckland,North Shore Ward,Private room,153.0,461
9393657,Waitomo Big Bird BB - Queen/Ensuite,Waitomo District,Waitomo Rural Ward,Private room,155.0,460
2314595,Two Trees Bed and Breakfast,Far North District,Bay of Islands-Whangaroa Ward,Private room,,460
33172521,Alpine Studio with Kitchenette • Hot Tub Access,Queenstown-Lakes District,Queenstown-Wakatipu Ward,Entire home/apt,217.0,460
660914571973143431,Hikuwai Haven 2,Queenstown-Lakes District,Wanaka Ward,Entire home/apt,159.0,459
6840407,Best Location in Wellington,Wellington City,Pukehīnau/Lambton Ward,Entire home/apt,249.0,459
2009003,Luxury Cass Bay Retreat (B),Christchurch City,Banks Peninsula Ward,Entire home/apt,183.0,459
3803262,Unique Modern Log Home | Great Views | Mtn Luxury,Queenstown-Lakes District,Queenstown-Wakatipu Ward,Entire home/apt,441.0,459
10282667,Brickledown Cottage in Central location......,Christchurch City,Central Ward,Entire home/apt,263.0,459
49987915,Country Garden Retreat 12 min from CBD,Wellington City,Wharangi/Onslow-Western Ward,Entire home/apt,,459
15331937,"""Aunties"" cozy bungalow - long or short term",Dunedin City,Area Outside Ward,Entire home/apt,173.0,459
698118521465001418,Stylish 1 bedroom studio  with picturesque views,Ashburton District,Western Ward,Entire home/apt,194.0,459
21541910,Awesomely Ambient Queenstown Home,Queenstown-Lakes District,Queenstown-Wakatipu Ward,Entire home/apt,345.0,458
16335742,Semi self-contained & central beach haven,Tauranga City,Mount Maunganui-Papamoa Ward,Entire home/apt,177.0,458
19641081,"Private space on a lifestyle block, close to town.",Dunedin City,Area Outside Ward,Entire home/apt,126.0,458
31271566,226 on St Aubyn-stylish ground floor apartment,New Plymouth District,New Plymouth City Ward,Entire home/apt,,458
35587738,"Best views, walking distance to town, 5 bedroom",Queenstown-Lakes District,Queenstown-Wakatipu Ward,Entire home/apt,1445.0,458
553056370657590460,Copper Beech Cottage,Christchurch City,Heathcote Ward,Entire home/apt,160.0,458
23094639,The Rimu Hut - Cosy Bush Escape,Auckland,Franklin Ward,Entire home/apt,231.0,458
40826758,Twizel Alps Retreat,Mackenzie District,Pukaki Ward,Entire home/apt,234.0,458
21097347,What you are Really Looking for!,Christchurch City,Spreydon Ward,Entire home/apt,249.0,458
1970853,Hot Water Beach. 2 apartments close to the beach.,Thames-Coromandel District,Mercury Bay Ward,Entire home/apt,485.0,457
6543656,Close to Beach..........,Tauranga City,Mount Maunganui-Papamoa Ward,Private room,80.0,457
31284739,Convenient Mountain Views,Waipa District,Te Awamutu Ward,Entire home/apt,105.0,457
41940169,Moonlight Bay Magic,Waikato District,Raglan Ward,Entire home/apt,257.0,457
25811218,Sunroom for 1 near town and McLean Park,Napier City,Nelson Park Ward,Private room,58.0,457
11994534,Cosy 2 bedroom apartment close to the beach,Tauranga City,Mount Maunganui-Papamoa Ward,Entire home/apt,126.0,457
17072055,Kaiwharawhara comfort stay,Wellington City,Wharangi/Onslow-Western Ward,Private room,83.0,457
18899315,CBD Loft Style Apartment with Free Valet Parking,Christchurch City,Central Ward,Entire home/apt,431.0,457
16192530,Tokirima Farmhomestay- Sanctuary,Ruapehu District,Ohura Ward,Entire home/apt,166.0,457
32767021,Warm Guesthouse in Kenmure,Dunedin City,Area Outside Ward,Entire home/apt,143.0,457
27735191,Modern self contained studio apartment,Lower Hutt City,Eastern Ward,Entire home/apt,103.0,456
44212044,Beach Escape | Spa | Walk to 'The Lost Springs'.,Thames-Coromandel District,Mercury Bay Ward,Entire home/apt,204.0,456
2238148,"Private, Cosy Self Contained. Long Stay's Welcome",Christchurch City,Papanui Ward,Entire home/apt,103.0,456
42570761,The White House. Lovely place to relax - Bedroom 2,Kaikoura District,Area Outside Ward,Private room,80.0,456
15347902,"Harakeke Hill, near Motueka",Tasman District,Moutere-Waimea Ward,Entire home/apt,137.0,456
14733327,Tranquil Tui Treehouse - no extra fees,Western Bay of Plenty District,Katikati-Waihi Beach Ward,Entire home/apt,142.0,455
834778900158094669,Te-Ana Dome,Thames-Coromandel District,Thames Ward,Entire home/apt,269.0,455
21651876,"Quiet, Sunny, Central Rotorua Room",Rotorua District,Area Outside Ward,Private room,,455
17765434,Aztec Court,Whanganui District,Area Outside Ward,Private room,92.0,455
20823462,"The Crib ""Antrim Down""",Southland District,Mararoa Waimea Ward,Entire home/apt,200.0,455
779023671248706743,Ruru Studio,Queenstown-Lakes District,Wanaka Ward,Entire home/apt,177.0,455
20142303,Matakana Waterfall Hideaway,Auckland,Rodney Ward,Entire home/apt,186.0,455
39422247,"The Stockman’s Cottage, Lake Ohau, NZ",Waitaki District,Ahuriri Ward,Entire home/apt,229.0,454
42779963,Bannockburn Panoramic View,Central Otago District,Cromwell Ward,Entire home/apt,,454
21030183,Distillers Cottage,Marlborough District,Wairau-Awatere Ward,Entire home/apt,229.0,454
5145607,Hamilton Newstead Country B & B,Waikato District,Eureka Ward,Entire home/apt,120.0,454
16276126,Luxury 2BR Apt. right by the Lake - Stunning Views,Queenstown-Lakes District,Queenstown-Wakatipu Ward,Entire home/apt,690.0,454
32637113,Private Guest Suite at The Corner House,Queenstown-Lakes District,Arrowtown Ward,Entire home/apt,155.0,453
16287761,Matakana Room with a View,Auckland,Rodney Ward,Private room,172.0,453
13730700,Outstanding Central Lambton Quay Apartment,Wellington City,Pukehīnau/Lambton Ward,Entire home/apt,296.0,453
16316092,Lovely three bedroom family home,Westland District,Southern Ward,Entire home/apt,330.0,453
17000212,Relax in this private chill-out & enjoy the views,Queenstown-Lakes District,Queenstown-Wakatipu Ward,Private room,217.0,452
10123641,Beautiful Lake View Apartment 13 min Walk to Town,Queenstown-Lakes District,Queenstown-Wakatipu Ward,Entire home/apt,515.0,452
16633305,"Beach Retreat Guest Studio Tauranga, Mt Maunganui",Tauranga City,Mount Maunganui-Papamoa Ward,Entire home/apt,172.0,452
16232157,Lake Hayes Sanctuary,Queenstown-Lakes District,Queenstown-Wakatipu Ward,Private room,137.0,452
595930805489344344,New Entire Guesthouse,Taupo District,Taupō Ward,Entire home/apt,245.0,452
39253966,To the Sky - Downtown Seaview & City view Apt !,Auckland,Waitematā and Gulf Ward,Entire home/apt,151.0,451
38781600,Concord Ave Cottage,Tauranga City,Mount Maunganui-Papamoa Ward,Entire home/apt,223.0,451
26937304,Chic Apartment in the Center of Aukland,Auckland,Waitematā and Gulf Ward,Entire home/apt,151.0,451
9480991,Queenstown River Canyon Studio,Queenstown-Lakes District,Queenstown-Wakatipu Ward,Entire home/apt,,451
7796306,Villa-Stylish En-Suite Room B -Epsom Suburb Centre,Auckland,Albert-Eden-Puketāpapa Ward,Private room,115.0,451
4077206,PACIFICA - 1 BEDROOM APARTMENT,Far North District,Bay of Islands-Whangaroa Ward,Entire home/apt,178.0,451
38680046,Tasman hut,Auckland,Waitākere Ward,Entire home/apt,318.0,451
7118635,The Ferns Hideaway,Westland District,Southern Ward,Entire home/apt,591.0,451
21231607,Scandinavian Holiday Retreat,Hurunui District,West Ward,Entire home/apt,334.0,451
755527408561818252,Cozy 2 Bedrooms Lavender Garden House,Waitaki District,Oamaru Ward,Entire home/apt,188.0,450
23345189,Cosy Hidden Gem in Gladstone,Invercargill City,Area Outside Ward,Private room,120.0,450
26639575,La vue du mer,Timaru District,Timaru Ward,Entire home/apt,200.0,450
21397597,Featherston-Tauherenikau River BnB,South Wairarapa District,Featherston Ward,Entire home/apt,109.0,450
15941875,"Cosy One Bedroom Get-A-Way, walk to town centre!",Queenstown-Lakes District,Wanaka Ward,Entire home/apt,212.0,450
39990821,Executive  House  Sleeps 11,Kaikoura District,Area Outside Ward,Entire home/apt,422.0,450
14635112,"Stand alone, ensuite - The Pool House",Christchurch City,Linwood Ward,Private room,160.0,450
9718283,Tui Rest: Private and self-contained,Rotorua District,Area Outside Ward,Entire home/apt,,449
47017371,Bright and spacious，Quiet and comfortable，near CBD,Hamilton City,East Ward,Entire home/apt,330.0,449
25244930,Blackmore Cottage,Nelson City,Area Outside Ward,Entire home/apt,240.0,449
46511148,The Hut,South Wairarapa District,Martinborough Ward,Entire home/apt,320.0,449
32440883,Private  Cabin minutes drive from the City Centre,Whangarei District,Whangarei Heads Ward,Private room,143.0,448
11894203,Modern private accommodation in Dunedin,Dunedin City,Area Outside Ward,Entire home/apt,172.0,448
6997225,"Room, Ensuite & Balcony - Central",Wellington City,Pukehīnau/Lambton Ward,Private room,117.0,448
39735185,Stunning Queenstown Studio Apt(M),Queenstown-Lakes District,Queenstown-Wakatipu Ward,Entire home/apt,117.0,448
29284801,Beeline Cottage,Whangarei District,Bream Bay Ward,Entire home/apt,185.0,448
10368703,"2 Bdrm Apt  Lake & Mountain views, 1.5 km to town",Queenstown-Lakes District,Queenstown-Wakatipu Ward,Entire home/apt,357.0,448
29804062,WanaHaka -Lake Wanaka and Town at your door-Part 2,Queenstown-Lakes District,Wanaka Ward,Entire home/apt,143.0,448
16417432,Waihaha Bach ~ high tides & good vibes,Buller District,Westport Ward,Entire home/apt,217.0,447
17316126,"Lake Lookout - Modern, Warm plus Parking",Queenstown-Lakes District,Queenstown-Wakatipu Ward,Entire home/apt,319.0,446
23704896,Tiny House Sanctuary Chalet in parklike grounds,Far North District,Bay of Islands-Whangaroa Ward,Entire home/apt,,446
10993692,Peaceful Bush and Beach Cottage,Waikato District,Raglan Ward,Entire home/apt,240.0,446
29951760,Methven Crash Pad,Ashburton District,Western Ward,Entire home/apt,285.0,446
9298990,Lake View Suite with exceptional views,Queenstown-Lakes District,Queenstown-Wakatipu Ward,Private room,291.0,446
1014688746018017211,The Shepherd's Hut,Waipa District,Maungatautari Ward,Entire home/apt,183.0,446
760431110730775421,Wanaka Outlet Oasis - home away from home,Queenstown-Lakes District,Wanaka Ward,Entire home/apt,223.0,445
34185310,"Hello, Sea View! 4 BRs House in Central Location!",Waitaki District,Oamaru Ward,Entire home/apt,352.0,445
26693227,Jailhouse Ridge - Private Spa Pool & 7 Acres,Ruapehu District,National Park Ward,Entire home/apt,157.0,445
27314808,Avondale Hub - connecting you to the city,Auckland,Whau Ward,Entire home/apt,161.0,445
18083012,"Comfort close to town: ""Hemispheres on the Park""",New Plymouth District,New Plymouth City Ward,Entire home/apt,141.0,445
26307299,Central City Character Loft,Wellington City,Pukehīnau/Lambton Ward,Entire home/apt,310.0,445
32504694,Warm & Cosy Airport Apartment - Self Check-In,Christchurch City,Waimairi Ward,Entire home/apt,231.0,445
44416773,"organic farm, beautiful setting on harbour.",Kaipara District,Mangawhai-Kaiwaka Ward,Entire home/apt,116.0,445
23548052,Waikato Jaks.,Waipa District,Kakepuku Ward,Entire home/apt,136.0,445
733040444656652399,Moreland Hideaway,Hamilton City,West Ward,Entire home/apt,110.0,444
12876509,STONERIDGE STUDIO-Awesome Studio-5 Min Drive to QT,Queenstown-Lakes District,Queenstown-Wakatipu Ward,Entire home/apt,244.0,444
32992677,Mountain View Pod with Barrel Sauna,Westland District,Southern Ward,Private room,120.0,444
43791055,Charming character cottage with privacy and views,Wellington City,Motukairangi/Eastern Ward,Entire home/apt,166.0,444
43567918,Mount Iron Cabin - Mountain stargazing,Queenstown-Lakes District,Wanaka Ward,Entire home/apt,328.0,444
37977540,"""The Beach Bach"" - Absolute Beachfront!",Porirua City,Northern Ward/Pukerua ki te Raki,Entire home/apt,303.0,444
16709780,Pet Lover’s Paradise in Prime Location!,Auckland,Waitematā and Gulf Ward,Private room,97.0,444
20889119,Beautiful Stone Cottage,Dunedin City,Area Outside Ward,Entire home/apt,183.0,444
47520771,Single bedroom in CBD,Hamilton City,West Ward,Private room,54.0,444
13139409,Gorgeous 2 Bedroom Apartment Mt. Victoria,Wellington City,Motukairangi/Eastern Ward,Entire home/apt,407.0,444
49046097,Seascape,Waitaki District,Oamaru Ward,Entire home/apt,354.0,443
4559205,The Good Earth Retreat,Thames-Coromandel District,Mercury Bay Ward,Entire home/apt,160.0,443
25684464,Harbour Studio,Dunedin City,Area Outside Ward,Entire home/apt,218.0,443
49547342,Tironui Hideaway.,Marlborough District,Wairau-Awatere Ward,Entire home/apt,149.0,443
29014525,Roker Street Retreat,Christchurch City,Cashmere Ward,Entire home/apt,169.0,443
653887121952200341,Place for 2 with a sea view 1 Bedroom / W/ Hot Tub,Buller District,Westport Ward,Entire home/apt,248.0,442
9495429,Private Room near Airport & Lake.  Sunny location,Queenstown-Lakes District,Queenstown-Wakatipu Ward,Private room,183.0,442
772608730305435231,Spacious comfy room in a quiet neighbourhood,Dunedin City,Area Outside Ward,Private room,96.0,442
16444732,"The Tussocks, Arthur's Pass",Selwyn District,Malvern Ward,Entire home/apt,286.0,442
19168361,"Little 6 Holiday Home
Titahi Bay Beach",Porirua City,Western Ward/Titahi Rangituhi Porirua ki te uru,Entire home/apt,183.0,442
10058519,50's Kiwiana bach,Manawatu District,Rural Ward,Entire home/apt,142.0,441
21731055,Rustic Cabin,Christchurch City,Banks Peninsula Ward,Entire home/apt,185.0,441
40330036,"87 The View:   ""Centre of NZ""",Nelson City,Area Outside Ward,Entire home/apt,155.0,441
9189216,Central Taupo 3 Bed Apartment,Taupo District,Taupō Ward,Entire home/apt,245.0,441
24026620,Conveniently on Summerhill (Twin Room),Palmerston North City,Area Outside Ward,Private room,67.0,440
31194539,Xantippe Downs - Separate unit in Peaceful Setting,Timaru District,Geraldine Ward,Entire home/apt,126.0,440
16334650,Sanctuary Hill,New Plymouth District,New Plymouth City Ward,Entire home/apt,169.0,440
21769715,Private quiet queen room close to ferry and city,Wellington City,Wharangi/Onslow-Western Ward,Private room,,440
40214547,Secluded Couples Escape Wanaka,Queenstown-Lakes District,Wanaka Ward,Entire home/apt,274.0,440
14507013,"The Sanctuary: secluded artist studio, great views",Queenstown-Lakes District,Wanaka Ward,Entire home/apt,,439
35949577,"Stunning Studio on Barrowclough Road, Whangamata",Thames-Coromandel District,South Eastern Ward,Entire home/apt,160.0,439
23252576,"Fiords Cottage, Manapouri, Te Wahipounamu",Southland District,Mararoa Waimea Ward,Entire home/apt,287.0,439
21372666,"Pretoria Chalet. Quiet Comfort, Off Street parking",Lower Hutt City,Central Ward,Entire home/apt,166.0,439
20270698,"Amazing, Majestic Panoramic Views for the Memories",Queenstown-Lakes District,Queenstown-Wakatipu Ward,Entire home/apt,508.0,439
18438033,Sanctuary Cottage- peaceful retreat,Tasman District,Richmond Ward,Entire home/apt,,439
638554998399319652,Takahe's Nest - very close to the lake in Te Anau.,Southland District,Mararoa Waimea Ward,Entire home/apt,223.0,439
15626357,*Autumn Special* Separate Guest Suite w Ensuite,Masterton District,Area Outside Ward,Private room,97.0,439
4682255,Highland Apartment Wanaka,Queenstown-Lakes District,Wanaka Ward,Entire home/apt,146.0,439
2614664,Bush studio apartment,Thames-Coromandel District,Mercury Bay Ward,Entire home/apt,165.0,439
5496912,Two Mile Retro Retreat - pet friendly,Taupo District,Taupō Ward,Entire home/apt,246.0,438
8314570,Warm sunlit room in heritage villa,Auckland,Albert-Eden-Puketāpapa Ward,Private room,112.0,438
18963985,Entire modern  house,Auckland,Waitākere Ward,Entire home/apt,166.0,438
18842318,A rural self contained escape,Upper Hutt City,Area Outside Ward,Entire home/apt,137.0,438
38735309,2 Bedroom Central City Pad,Auckland,Waitematā and Gulf Ward,Entire home/apt,189.0,437
29405537,"4 bedroom house, close to Redwoods bike track",Rotorua District,Area Outside Ward,Entire home/apt,337.0,437
36237142,"Three bedroom, two bathroom home - Franz Josef",Westland District,Southern Ward,Entire home/apt,326.0,437
29663609,Joan's river retreat,Marlborough District,Marlborough Sounds Ward,Entire home/apt,197.0,437
16681323,Stand alone cabin with ensuite/ private entrance.,Auckland,Albert-Eden-Puketāpapa Ward,Private room,67.0,437
16258964,Comfortable Studio near Weta Cave,Wellington City,Motukairangi/Eastern Ward,Entire home/apt,143.0,437
31545713,Pams Place,Far North District,Te Hiku Ward,Entire home/apt,155.0,437
46650145,Fabulous Lakefront House-Private Lake Access,Rotorua District,Area Outside Ward,Entire home/apt,293.0,437
52741285,Cosy unit with Geothermal Hot Pool,Taupo District,Turangi-Tongariro Ward,Entire home/apt,240.0,436
46263515,Parsons Retreat,Waitaki District,Ahuriri Ward,Entire home/apt,115.0,436
22363353,The Bivy - Manapouri Lakefont,Southland District,Mararoa Waimea Ward,Entire home/apt,223.0,436
890695472611788638,Mokoia Views Rustic Retreat,Rotorua District,Area Outside Ward,Entire home/apt,225.0,436
954154,"Sunny, cosy, vibrant city fringe",Wellington City,Paekawakawa/Southern Ward,Private room,144.0,436
19070357,Heritage Cottage in the Heart of Petone,Lower Hutt City,Harbour Ward,Entire home/apt,212.0,436
17095235,The Pinot Shed Apartment,Queenstown-Lakes District,Wanaka Ward,Entire home/apt,,436
31293800,Silk Tree Garage Room (Nr. Waitomo Caves),Waitomo District,Waitomo Rural Ward,Entire home/apt,137.0,435
4769038,"Billion $ view, serenity, peace -single travellers",Far North District,Bay of Islands-Whangaroa Ward,Entire home/apt,127.0,435
17736434,Lakeview Tekapo Superior Studio with Lake and Moun,Mackenzie District,Pukaki Ward,Entire home/apt,375.0,435
22329722,Coastlands Gem - Relax in your own private space.,Whakatane District,Whakatāne-Ōhope Ward ,Entire home/apt,115.0,435
43547371,Two-bedroom unit with beautiful mountain views,Westland District,Southern Ward,Entire home/apt,221.0,435
4833591,Modern Glenorchy Cottage - No cleaning fee,Queenstown-Lakes District,Queenstown-Wakatipu Ward,Entire home/apt,263.0,435
28210667,Stylish private townhouse. Free parking for 2 cars,Christchurch City,Central Ward,Entire home/apt,136.0,435
21949453,1 bedroom apartment with mountain views!,Queenstown-Lakes District,Queenstown-Wakatipu Ward,Entire home/apt,233.0,434
23595036,Wai Rua The Cottage,Whangarei District,Hikurangi-Coastal Ward,Entire home/apt,161.0,434
843714960877336084,KAHON : Our Tiny Hut on a Hill [Self-Contained],Ruapehu District,Waimarino-Waiouru Ward,Entire home/apt,97.0,434
29190051,"Butterfly Villa a comfortable , tranquil stay.",Southland District,Mararoa Waimea Ward,Entire home/apt,311.0,434
31712205,Cozy claw foot bath hideaway 5 min from CBD,Christchurch City,Linwood Ward,Entire home/apt,120.0,434
32366021,Classic Victorian Cottage in Heart of the Heritage Zone,Dunedin City,Area Outside Ward,Entire home/apt,286.0,433
48001607,Runnymede Farmstay,Rangitikei District,Central Ward,Entire home/apt,126.0,433
31727059,Twin bedroom- 9m² 2 Single beds - White & Blue BnB,Taupo District,Turangi-Tongariro Ward,Private room,105.0,433
16057859,Kawau Bay Beach House,Auckland,Rodney Ward,Entire home/apt,355.0,433
31321788,Te Kainga Rangimarie,Rotorua District,Area Outside Ward,Entire home/apt,134.0,433
923518826172486839,Panorama on Wharfe,Waitaki District,Oamaru Ward,Entire home/apt,263.0,433
23042958,Waituhi at Whitehorse Bay ~ wrapped in nature,Buller District,Westport Ward,Entire home/apt,228.0,432
13348471,"SPA, Private and Modern with Incredible Views",Queenstown-Lakes District,Queenstown-Wakatipu Ward,Entire home/apt,528.0,432
602319031319595598,Tropical Oasis + Retreat • Hot Tub • Glasshouse,Auckland,Maungakiekie-Tāmaki Ward,Entire home/apt,331.0,432
19851314,Queenstown Hill 2 bedroom apartment close to town,Queenstown-Lakes District,Queenstown-Wakatipu Ward,Entire home/apt,246.0,431
34286829,Peaceful Farmlet - No Cleaning Fee,Waikato District,Hukanui-Waerenga Ward,Entire home/apt,143.0,431
22001435,Quirky on Cuba Mall,Wellington City,Pukehīnau/Lambton Ward,Entire home/apt,371.0,430
20921226,Mountain views in sunny Kelvin Heights,Queenstown-Lakes District,Queenstown-Wakatipu Ward,Entire home/apt,452.0,430
38328771,Roslyn Sea View Room—9 minutes walk to city center,Dunedin City,Area Outside Ward,Entire home/apt,272.0,430
8955709,"Villa, Twin Room D -Epsom Suburb Centre",Auckland,Albert-Eden-Puketāpapa Ward,Private room,115.0,430
839291416018260655,2 minutes drive from the ferries,Marlborough District,Marlborough Sounds Ward,Entire home/apt,140.0,430
2145864,Oriental Bay At Its' Best,Wellington City,Pukehīnau/Lambton Ward,Entire home/apt,240.0,430
16430935,Hobbit hole glamping on organic lifestyle block,South Waikato District,Tirau Ward,Entire home/apt,177.0,430
10958480,Long Stay Welcome | Cozy Ski Base near Remarkables,Queenstown-Lakes District,Queenstown-Wakatipu Ward,Private room,119.0,430
24590714,Modern Luxe House with Magnificent View,Queenstown-Lakes District,Queenstown-Wakatipu Ward,Entire home/apt,1450.0,430
1224140,The Treehouse Bed and Breakfast,Thames-Coromandel District,Thames Ward,Entire home/apt,110.0,430
1168717,'The Nest' Garden Retreat With Panoramic Views,Queenstown-Lakes District,Queenstown-Wakatipu Ward,Entire home/apt,576.0,429
45886706,Neptunes Nest Couples Retreat,Whangarei District,Whangarei Heads Ward,Entire home/apt,127.0,429
29466924,Station House,Whanganui District,Area Outside Ward,Entire home/apt,265.0,429
36485982,Webb's B&B,Waikato District,Newcastle Ward,Entire home/apt,143.0,429
33078302,The Log Cabin Mt Lyford,Hurunui District,West Ward,Entire home/apt,267.0,429
16482668,"Comfortable, character home near Rotorua lakefront",Rotorua District,Area Outside Ward,Entire home/apt,203.0,429
17880712,Cosy Hilltop Cedar Cabin.,Taupo District,Taupō Ward,Entire home/apt,172.0,429
37660305,BeeandBee,Palmerston North City,Area Outside Ward,Entire home/apt,93.0,429
27525049,The Cube - Bed and Breakfast,Wellington City,Pukehīnau/Lambton Ward,Entire home/apt,147.0,428
43527641,Wanaka room with a view,Queenstown-Lakes District,Wanaka Ward,Entire home/apt,263.0,428
5549075,Studio Flat Handy Location,Rotorua District,Area Outside Ward,Entire home/apt,,428
21165724,"""Newtown Oasis"" Self contained + breakfast",Wellington City,Paekawakawa/Southern Ward,Entire home/apt,112.0,427
705301875899565810,"The Mamaku Roost.
Spacious in a Peaceful Setting.",Grey District,Central Ward,Entire home/apt,172.0,427
44650576,Brand new room with all essentials,New Plymouth District,New Plymouth City Ward,Private room,87.0,427
31985539,Peaceful Charming Getaway Studio Handy to city,Waimakariri District,Rangiora-Ashley Ward,Entire home/apt,127.0,427
42867961,Rest in Ratanui,Kapiti Coast District,Paraparaumu Ward,Entire home/apt,188.0,427
22000334,Carters Beach Cottage,Buller District,Westport Ward,Entire home/apt,149.0,427
20486013,The Esplanade Beachfront spacious house,Napier City,Ahuriri Ward,Entire home/apt,390.0,427
49332476,A Stone's Throw From Town (Habour view),Dunedin City,Area Outside Ward,Entire home/apt,201.0,427
14638969,Raglan LoveNest -Romantic escape with outdoor bath,Waikato District,Raglan Ward,Entire home/apt,184.0,427
14256730,"Peaceful Pirongia
Waitomo 30 mins Hobbiton 60 mins",Waipa District,Pirongia Ward,Private room,97.0,427
10528665,Rose Cottage. Central City. Free Parking.,Christchurch City,Central Ward,Entire home/apt,240.0,426
30182334,Secluded Country Cottage with Mountain View,South Taranaki District,Taranaki Coastal Ward,Entire home/apt,149.0,426
5084201,"Peaceful Cottage, Harbour views.",Far North District,Te Hiku Ward,Entire home/apt,172.0,426
3835908,Lovely in Lake Hayes,Queenstown-Lakes District,Queenstown-Wakatipu Ward,Private room,206.0,426
12118960,"Drewitt Cottage,  Nelson City",Nelson City,Area Outside Ward,Entire home/apt,229.0,425
34233453,Quiet and cosy Motueka,Tasman District,Motueka Ward,Entire home/apt,92.0,425
24179800,Hamilton cottage with a view,Waipa District,Pirongia Ward,Entire home/apt,173.0,425
28505392,Exhale Rotorua: Jandals & Joy Lakefront Retreat,Rotorua District,Area Outside Ward,Entire home/apt,414.0,425
614664177028589892,"Adorable and spacious 1-bedroom unit, free parking",Taupo District,Taupō Ward,Entire home/apt,160.0,425
51393507,Little paradise in City Centre,Christchurch City,Central Ward,Entire home/apt,180.0,425
4925038,Suite 22,South Wairarapa District,Greytown Ward,Entire home/apt,169.0,425
10475759,Wanaka Horseshoe River House,Queenstown-Lakes District,Wanaka Ward,Entire home/apt,,424
44137603,Raz and Louise’s b&b,Ōtorohanga District,Otorohanga Ward,Entire home/apt,126.0,423
29017806,Slice of Paradise in Glacier country,Westland District,Southern Ward,Entire home/apt,286.0,423
41113877,Tranquil hideaway,Christchurch City,Banks Peninsula Ward,Entire home/apt,354.0,423
33346960,"City, Hospital and Style! - car park included",Hamilton City,West Ward,Entire home/apt,119.0,423
34291468,The enclave- Country living in the city !,New Plymouth District,New Plymouth City Ward,Entire home/apt,155.0,422
24718335,"CENTRAL CITY APARTMENT, FREE PARKING, BAY VIEWS",Queenstown-Lakes District,Queenstown-Wakatipu Ward,Entire home/apt,,422
6515387,Beach Front Paradise Rings Beach Whitianga,Thames-Coromandel District,Mercury Bay Ward,Entire home/apt,180.0,422
46857521,Peaceful setting and sunsets,Grey District,Southern Ward,Entire home/apt,159.0,422
43862980,Quest on Queen (1 Bedroom Apartment),Auckland,Waitematā and Gulf Ward,Private room,175.0,422
53994360,Deluxe Lake View Room with skylight/free breakfast,Mackenzie District,Pukaki Ward,Private room,399.0,422
10621323,Hawkshead Boutique Studio & Gardens,Queenstown-Lakes District,Wanaka Ward,Entire home/apt,269.0,422
43654392,CBD 5 pax | Walk Te Pae & Stadium + Parking,Christchurch City,Central Ward,Entire home/apt,254.0,422
41799941,Hahei Loft **spectacular sea view**,Thames-Coromandel District,Mercury Bay Ward,Entire home/apt,257.0,422
41239332,Convenient Location,Invercargill City,Area Outside Ward,Entire home/apt,213.0,422
42816151,"Stunning three bedroom cottage, close to CBD",Gisborne District,Gisborne Ward,Entire home/apt,206.0,422
8652229,Buffalo Lodge - Port Chalmers,Dunedin City,Area Outside Ward,Entire home/apt,166.0,421
17513486,Callie's Suite,Ashburton District,Ashburton Ward,Entire home/apt,240.0,421
41153260,Tui Studio,Manawatu District,Feilding Ward,Entire home/apt,155.0,421
14321972,"Lake Okareka, Lakehouse studio apartment",Rotorua District,Area Outside Ward,Entire home/apt,180.0,421
260719,Million Dollar Views Queenstown,Queenstown-Lakes District,Queenstown-Wakatipu Ward,Entire home/apt,200.0,420
25209412,Wanaka WOW,Queenstown-Lakes District,Wanaka Ward,Entire home/apt,394.0,420
51198930,"Punga Hideaway 3 bedrooms, guest bathroom & toilet",Lower Hutt City,Western Ward,Private room,62.0,420
18843784,Rustic Comforts Cabin Bed & Breakfast,Horowhenua District,Miranui Ward,Entire home/apt,172.0,420
28469638,South Oak Lodge The Loft,Waipa District,Cambridge Ward,Entire home/apt,149.0,420
11575325,"Ground floor Apartment at ""Reel'm Inn""",Southland District,Mararoa Waimea Ward,Entire home/apt,172.0,420
982380701152989795,"Sky View Beautiful apartment Pool, Gym, sauna",Auckland,Waitematā and Gulf Ward,Entire home/apt,172.0,420
7702414,Sun drenched lakeside haven,Queenstown-Lakes District,Queenstown-Wakatipu Ward,Entire home/apt,220.0,419
17095598,Vauxhall Private Suite,Dunedin City,Area Outside Ward,Entire home/apt,181.0,419
24105806,Ocean view holiday studio,Whakatane District,Whakatāne-Ōhope Ward ,Entire home/apt,149.0,419
46924502,Cosy studio on Hyde * No Service Fee *,Taupo District,Taupō Ward,Entire home/apt,155.0,419
36493683,Classic kiwi batch in the heart of Te Anau,Southland District,Mararoa Waimea Ward,Entire home/apt,237.0,419
682669512263716076,The escape nook,Southland District,Mararoa Waimea Ward,Entire home/apt,240.0,419
28551303,Golden Triangle Studio Unit 2 Breakfast included,Queenstown-Lakes District,Wanaka Ward,Entire home/apt,200.0,419
1697144,The Summer House - Close to Forest & Geothermal,Rotorua District,Area Outside Ward,Entire home/apt,234.0,419
26643350,Tahi Totara,Matamata-Piako District,Matamata Ward,Entire home/apt,225.0,419
16570572,Queenstown Cosy Lakeview hidden gem,Queenstown-Lakes District,Queenstown-Wakatipu Ward,Entire home/apt,294.0,419
18951929,Queenstown Central Apartment 3A,Queenstown-Lakes District,Queenstown-Wakatipu Ward,Entire home/apt,514.0,419
29860438,Cooks Beach LakeEscape Studio.3min walk2beach/Wifi,Thames-Coromandel District,Mercury Bay Ward,Entire home/apt,217.0,418
40873428,Luxurious Country Retreat with Private Hot-tub.,Queenstown-Lakes District,Queenstown-Wakatipu Ward,Entire home/apt,414.0,418
31266683,Hinterland Retreat,Gisborne District,Gisborne Ward,Entire home/apt,,418
13700109,"Relaxed living, great views",Wellington City,Wharangi/Onslow-Western Ward,Private room,94.0,418
569637160110829286,The Hunny Nook. Adorable 1 bed studio unit .,Queenstown-Lakes District,Wanaka Ward,Entire home/apt,172.0,418
15283461,"Frankton, private room with own access + bathroom",Queenstown-Lakes District,Queenstown-Wakatipu Ward,Entire home/apt,,418
21531273,Whitianga holiday flat nr beaches,Thames-Coromandel District,Mercury Bay Ward,Entire home/apt,120.0,418
24476721,Luxury Village Villa 2 mins walk to the village,Hastings District,Hastings-Havelock North Ward,Entire home/apt,325.0,418
31595128,Pam’s place - ( Centrally Located),Invercargill City,Area Outside Ward,Private room,113.0,417
49018943,Animal Friendly+24hr booking+SPA+Cozy & Clean,Taupo District,Turangi-Tongariro Ward,Entire home/apt,172.0,417
37431411,Dusky Peaks Unit 2 (2 Bedroom),Southland District,Mararoa Waimea Ward,Entire home/apt,252.0,417
13578318,Mt Eden -  Tranquil Loft Guesthouse,Auckland,Albert-Eden-Puketāpapa Ward,Entire home/apt,233.0,417
24757687,Elaines Retreat,New Plymouth District,South-West Ward,Entire home/apt,206.0,417
31193106,"Pippis Place-Modern, private with views",Waikato District,Raglan Ward,Entire home/apt,177.0,417
24756872,Modern studio close to town with great views,Queenstown-Lakes District,Queenstown-Wakatipu Ward,Entire home/apt,263.0,417
34263157,Marlborough Sounds 3brm Holiday Home with Sea View,Marlborough District,Marlborough Sounds Ward,Entire home/apt,337.0,417
14676006,Cosy room in Greenlane,Auckland,Maungakiekie-Tāmaki Ward,Private room,127.0,417
42182433,"Kaimai Views, Matamata",Matamata-Piako District,Matamata Ward,Entire home/apt,149.0,417
14253051,Your own little Cabin .,Queenstown-Lakes District,Queenstown-Wakatipu Ward,Private room,137.0,416
27201423,AMAZING HISTORIC CBD APT - CATHEDRAL & TRAM VIEWS,Christchurch City,Central Ward,Entire home/apt,255.0,416
4816357,A Bush Cottage,Thames-Coromandel District,Mercury Bay Ward,Entire home/apt,172.0,416
27090877,Luxury 5BR Home • Sauna • Hot Tubs • Parking,Selwyn District,Springs Ward,Entire home/apt,627.0,416
40841599,Spaview Nelson,Nelson City,Area Outside Ward,Entire home/apt,172.0,416
25236606,Garden Studio close to city centre,Auckland,Waitematā and Gulf Ward,Entire home/apt,192.0,416
34343027,Rusty Acre,Waipa District,Cambridge Ward,Private room,139.0,416
634110355656239813,High Roller Luxury Casino Suite,Christchurch City,Central Ward,Entire home/apt,228.0,415
42587129,Honey Cottage in Ettrick,Central Otago District,Teviot Valley Ward,Entire home/apt,202.0,415
26695494,Kapiti Sea Breeze Cottage (2 mins walk to beach),Kapiti Coast District,Paraparaumu Ward,Entire home/apt,137.0,415
3752172,Peaceful Orchard in Matamata,Matamata-Piako District,Matamata Ward,Entire home/apt,183.0,415
580425035261003593,Cosy Breakaway in Mackenzie,Mackenzie District,Opuha Ward,Entire home/apt,189.0,415
871726559521579096,Crosby Suite Spot,Hamilton City,East Ward,Entire home/apt,140.0,415
22488446,"1 brm cottage, quiet garden setting, full kitchen",Carterton District,Area Outside Ward,Entire home/apt,149.0,415
13831590,"Ideal location for groups, family, friends or work",Wellington City,Pukehīnau/Lambton Ward,Entire home/apt,738.0,415
13000932,Room in Parnell Cottage Near Central Business District,Auckland,Ōrākei Ward,Private room,157.0,414
13502832,8 mins walk to town from your own private place,Queenstown-Lakes District,Queenstown-Wakatipu Ward,Entire home/apt,165.0,414
17320807,Tranquility On The City Verge,Wellington City,Motukairangi/Eastern Ward,Entire home/apt,250.0,414
17985001,The Terminus Inner City Heritage Apartment 6,Dunedin City,Area Outside Ward,Entire home/apt,350.0,414
19625871,Peaceful and Quiet (2),Taupo District,Taupō Ward,Private room,46.0,414
19347010,Quiet and Fresh Private Space in Epsom,Auckland,Albert-Eden-Puketāpapa Ward,Entire home/apt,155.0,414
49819306,Chatsworth Retreat,Upper Hutt City,Area Outside Ward,Entire home/apt,119.0,414
14266790,SPACIOUS LAKE VIEW LUXURY SPA TOWNHOUSE WALK TO TOWN,Queenstown-Lakes District,Queenstown-Wakatipu Ward,Entire home/apt,625.0,414
46094908,WAINUI VILLA Stylish central living,Nelson City,Area Outside Ward,Entire home/apt,112.0,413
53205397,"Sweet Pea Cottage, just minutes to beach and city.",Napier City,Nelson Park Ward,Entire home/apt,,413
20919322,Shepherds Shack,Far North District,Bay of Islands-Whangaroa Ward,Entire home/apt,239.0,413
53641269,Twin Rivers Spa Retreat,Queenstown-Lakes District,Queenstown-Wakatipu Ward,Entire home/apt,257.0,413
11735556,Wynyard Quarter luxury apartment with car park,Auckland,Waitematā and Gulf Ward,Entire home/apt,543.0,413
31423324,"THE WHIMSICAL STUDIO
ALL Welcome",Southland District,Waiau Aparima Ward,Entire home/apt,121.0,412
762015760714375578,Paradise Apartment with outdoor hot tub,Ruapehu District,National Park Ward,Entire home/apt,240.0,412
778375960860201366,The Beach Cabin Private Beach Access,Marlborough District,Marlborough Sounds Ward,Entire home/apt,91.0,412
13450008,Cosy Studio Close to Town,Queenstown-Lakes District,Wanaka Ward,Entire home/apt,,412
28611878,Gullie,Mackenzie District,Opuha Ward,Entire home/apt,162.0,412
5936861,Your own Eco friendly bedroom + lounge unit,Christchurch City,Banks Peninsula Ward,Entire home/apt,172.0,411
13660195,Rabbitshutch,South Wairarapa District,Martinborough Ward,Entire home/apt,120.0,411
30443340,Beach house suite - 2 bdrm - Absolute waterfront!,Marlborough District,Marlborough Sounds Ward,Entire home/apt,,411
33495592,Tiny House Train-Eco stay,Upper Hutt City,Area Outside Ward,Entire home/apt,138.0,411
1183752,Treehouse Spa Escape,Queenstown-Lakes District,Queenstown-Wakatipu Ward,Entire home/apt,446.0,410
24135332,BNB at 113B,Thames-Coromandel District,Mercury Bay Ward,Private room,102.0,410
811853835891572501,The Zen Hideaway,Waikato District,Newcastle Ward,Entire home/apt,217.0,410
34348820,Dark Sky Villas: Mountain Views,Mackenzie District,Pukaki Ward,Entire home/apt,456.0,410
29134848,"Romantic Vineyard getaway, hot tub & awesome views",Hurunui District,South Ward,Entire home/apt,341.0,410
54108291,4 post bed & spa. Unique couples escape,Auckland,Franklin Ward,Entire home/apt,229.0,409
7181100,Viaduct Harbour City 2Br top floor Parking & Pool,Auckland,Waitematā and Gulf Ward,Entire home/apt,266.0,409
29661406,Secret Garden/Spacious Home near Airport,Christchurch City,Waimairi Ward,Entire home/apt,249.0,409
2234183,Hanmer Springs retreat,Hurunui District,West Ward,Entire home/apt,309.0,409
40403004,Totos Bush Cottage - Earth building,Tasman District,Golden Bay Ward,Entire home/apt,,409
5992907,Parkside Garden Studio,Auckland,Waitematā and Gulf Ward,Entire home/apt,158.0,409
19623221,The Blacksmith's Cottage in Vineyard Valley,Auckland,Waitematā and Gulf Ward,Entire home/apt,343.0,409
35240734,River Cottage,Buller District,Inangahua Ward,Entire home/apt,229.0,408
17994051,Cabin in bush setting on city fringe,Wellington City,Paekawakawa/Southern Ward,Private room,109.0,408
45672178,#Beachy Retreat Central Beachfront Apartment#,Napier City,Nelson Park Ward,Entire home/apt,255.0,408
29780746,Central Gore B&B,Gore District,Gore Ward,Private room,69.0,408
7667764,Stylish 3 bed/2 bath loft minutes from Ponsonby Rd,Auckland,Waitematā and Gulf Ward,Entire home/apt,327.0,408
4863321,Harbourside Haven on the Peninsula,Auckland,Waitākere Ward,Entire home/apt,103.0,408
16932670,Romantic Shepherds Hut at Coombe Farm B&B,Christchurch City,Banks Peninsula Ward,Entire home/apt,244.0,408
16241770,Korokeo Bed and Breakfast,Ruapehu District,Waimarino-Waiouru Ward,Entire home/apt,172.0,408
28796249,Hideaway on Heaphy - Bed and Breakfast,Hamilton City,East Ward,Private room,104.0,408
15045491,Modern Townhouse w/ Lake & Mountain Views - 2 Bed,Queenstown-Lakes District,Queenstown-Wakatipu Ward,Entire home/apt,527.0,408
4896744,Amazing View!  2brm Spa Apartment,Queenstown-Lakes District,Queenstown-Wakatipu Ward,Entire home/apt,542.0,408
41413758,Cathedral View Suite One & Two Bedroom Options CBD,Nelson City,Area Outside Ward,Entire home/apt,183.0,408
29081220,Tauranga Comfort Cottage,Tauranga City,Otumoetai-Pyes Pa Ward,Entire home/apt,269.0,408
48491071,Charming Studio on Herbert,Invercargill City,Area Outside Ward,Entire home/apt,127.0,407
29443717,The Tussocks Riverstone Cottage,Marlborough District,Wairau-Awatere Ward,Entire home/apt,,407
20210796,Idyllic Rotorua Haven: Kōtare Cottage,Rotorua District,Area Outside Ward,Entire home/apt,185.0,407
4677994,Central Studio with Own Access,Waikato District,Raglan Ward,Entire home/apt,,407
33500030,Sunset Surf and Stay Cabin,Kaikoura District,Area Outside Ward,Entire home/apt,217.0,407
35625280,Relaxing Stay In Hanmer,Hurunui District,West Ward,Entire home/apt,251.0,407
23669960,Private Boutique Cabin & Ensuite. 2 Mins To Town!,Hauraki District,Paeroa Ward,Entire home/apt,121.0,406
33639142,Charming Getaway- Self Check-in &  Free Parking,Hamilton City,West Ward,Entire home/apt,133.0,406
37970632,Panorama Haven - Lake & Mountain Views,Queenstown-Lakes District,Queenstown-Wakatipu Ward,Entire home/apt,,406
40967953,Remarkable Getaway,Queenstown-Lakes District,Queenstown-Wakatipu Ward,Entire home/apt,628.0,406
798763848467556395,Travellers Oasis,Selwyn District,Selwyn Central Ward,Entire home/apt,112.0,405
22309818,Room 3 in Gemini house,Queenstown-Lakes District,Queenstown-Wakatipu Ward,Private room,215.0,405
2961213,Original 1920s Baylys Beach Bach (max 3 guests),Kaipara District,West Coast-Central Ward,Entire home/apt,151.0,405
10635738,Keri Country Cottage,Far North District,Bay of Islands-Whangaroa Ward,Entire home/apt,115.0,405
574265726236174386,Waterfront 2-bedroom apartment with car park,Christchurch City,Banks Peninsula Ward,Entire home/apt,234.0,405
32443821,Karaka Rural Guest House,Auckland,Franklin Ward,Entire home/apt,197.0,405
23355439,Maruia Springs Cottage,Buller District,Inangahua Ward,Entire home/apt,182.0,405
15271709,"Inner-city studio with parking ""The Stables 1""",Dunedin City,Area Outside Ward,Entire home/apt,117.0,404
28348578,The Cottage at WildEarthLodge,Queenstown-Lakes District,Wanaka Ward,Entire home/apt,331.0,404
22254300,Pau Hana Studio Kuaotunu,Thames-Coromandel District,Mercury Bay Ward,Entire home/apt,160.0,404
24780740,Edelweiss Studio - Lake Tekapo private room,Mackenzie District,Pukaki Ward,Private room,284.0,404
51395532,Stunning Mountain View,Waitaki District,Ahuriri Ward,Private room,173.0,404
22754335,"Unique Retreat - Waterfall, Bush & Glowworms",Western Bay of Plenty District,Kaimai Ward,Entire home/apt,191.0,404
671131731700979740,The Orchard Studio.,Tauranga City,Otumoetai-Pyes Pa Ward,Entire home/apt,172.0,403
10837235,Paparoa Whare,Buller District,Westport Ward,Entire home/apt,177.0,403
20610695,"Abel Tasman Marahau Self contained, 50m to beach",Tasman District,Motueka Ward,Entire home/apt,212.0,403
12708459,"Inner-city studio with parking ""The Stables 2""",Dunedin City,Area Outside Ward,Entire home/apt,117.0,403
15356707,Tidy on tamar,Waitaki District,Oamaru Ward,Private room,137.0,402
11148521,"The Lookout, private studio incl. breakfast",Queenstown-Lakes District,Queenstown-Wakatipu Ward,Entire home/apt,185.0,402
32272990,Garden Retreat,Hamilton City,East Ward,Entire home/apt,126.0,402
6416239,Three Bedroom House @ 226A Milford Road,Southland District,Mararoa Waimea Ward,Entire home/apt,350.0,402
16781366,Character villa in the heart of Blenheim,Marlborough District,Blenheim Ward,Entire home/apt,406.0,402
638843127408153329,Beautiful tiny house near Hamilton Lake,Hamilton City,West Ward,Entire home/apt,145.0,401
921103432138817203,Cosy private cabin for unwinding after adventures,Taupo District,Taupō Ward,Entire home/apt,126.0,401
44855344,Fisher Track Cottage,Ruapehu District,National Park Ward,Entire home/apt,286.0,401
32093222,Mountain cottage - perfect base to ski or hike,Ruapehu District,National Park Ward,Entire home/apt,222.0,401
22867935,Waihi rustic cabinz,Hauraki District,Waihi Ward,Entire home/apt,60.0,401
5661176,Wharepuni Guest House Punakaiki,Buller District,Westport Ward,Entire home/apt,188.0,401
27111058,Kiwi as Bro! Little Sweety!,Christchurch City,Spreydon Ward,Entire home/apt,242.0,401
28419748,The Lodge at Castlepoint,Masterton District,Area Outside Ward,Entire home/apt,212.0,401
25000697,Views and convenience  at Snells Beach.,Auckland,Rodney Ward,Entire home/apt,110.0,401
17545948,Visitor Friendly -,Auckland,Rodney Ward,Private room,82.0,401
5094978,"The Nest, a completely self contained studio",Wellington City,Takapū/Northern Ward,Entire home/apt,104.0,400
21651572,"Jellicoe Drive, Hayes Paddock Studio",Hamilton City,East Ward,Entire home/apt,194.0,400
613963608672125640,"Spacious and  cute studio unit, close to town",Taupo District,Taupō Ward,Entire home/apt,188.0,400
44806777,Unit 60,Queenstown-Lakes District,Wanaka Ward,Entire home/apt,324.0,399
18597698,Hill View Apartment,Napier City,Ahuriri Ward,Entire home/apt,136.0,399
32473896,Two Mile Bay Separate Space,Taupo District,Taupō Ward,Private room,140.0,399
18599623,"""Seas The Moment"" - The Commodore Suite",Nelson City,Area Outside Ward,Entire home/apt,126.0,399
42967948,Ahuriri style with location,Napier City,Ahuriri Ward,Entire home/apt,189.0,399
16278559,Luxury 1BR Apartment right by the Lake.,Queenstown-Lakes District,Queenstown-Wakatipu Ward,Entire home/apt,565.0,399
22019923,"ARCADIA   Boutique Studio, BRIDGE PA",Hastings District,Kahuranaki Ward,Entire home/apt,196.0,399
11244416,The Quirky Kiwi: Self-Contained Room,Southland District,Mararoa Waimea Ward,Private room,,399
24545392,Tui Rest in South Bay,Kaikoura District,Area Outside Ward,Entire home/apt,181.0,399
12970283,Cottage on Mona.Not your average Airbnb.,Hastings District,Hastings-Havelock North Ward,Entire home/apt,214.0,399
634098944161725542,Central Stay – Sleeps 5 | Walk to Te Pae & Casino,Christchurch City,Central Ward,Entire home/apt,183.0,399
26474338,"Sunshine, Peaceful and Best Harbour Views",Marlborough District,Marlborough Sounds Ward,Entire home/apt,171.0,399
26507099,Double Room Tekapo shared facilities (B) 더블베드 테카포,Mackenzie District,Pukaki Ward,Private room,130.0,398
3363429,A Perfect Stay - Last Minute Specials 3br & Garage,Christchurch City,Riccarton Ward,Entire home/apt,200.0,398
39993113,Near New Charming Central Apartment,Christchurch City,Central Ward,Entire home/apt,170.0,398
20215821,Central City Character Apartment,Wellington City,Pukehīnau/Lambton Ward,Entire home/apt,310.0,398
23442886,Pumpkin Cottage,New Plymouth District,South-West Ward,Private room,69.0,398
41164279,"2 bedroom unit, carpark, wifi, Netflix, heatpump",Auckland,North Shore Ward,Entire home/apt,194.0,398
38434456,Munro Manor,Nelson City,Area Outside Ward,Entire home/apt,270.0,397
40972884,Stylish & Modern Apt. minutes away from Park & CBD,New Plymouth District,New Plymouth City Ward,Entire home/apt,177.0,397
46821761,Lovely alpine style chalet close to lake and town.,Taupo District,Taupō Ward,Entire home/apt,149.0,397
16601076,Wicked Wee Dump near the Hump,Southland District,Waiau Aparima Ward,Entire home/apt,136.0,397
40824128,Mangaweka Rural Refuge-beautiful location to rest,Rangitikei District,Northern Ward,Entire home/apt,137.0,397
16364856,"Central Modern Town House with Courtyard, Patio and Garage",Wellington City,Pukehīnau/Lambton Ward,Entire home/apt,519.0,397
30892252,1930s Cottage,Hauraki District,Paeroa Ward,Entire home/apt,234.0,397
36314722,Dusky Peaks Unit 1 (2 Bedroom),Southland District,Mararoa Waimea Ward,Entire home/apt,252.0,397
10973834,The Tree House @ Wood Pigeon Lodge,Ruapehu District,National Park Ward,Entire home/apt,343.0,397
14702230,SiloStay - one of it's kind in the world,Christchurch City,Banks Peninsula Ward,Entire home/apt,250.0,397
853770328852877239,"Entire Modern Cosy, Private house Getaway in Tawa",Wellington City,Takapū/Northern Ward,Entire home/apt,166.0,396
24293041,Red Door Retreat - Free Fibre Broadband - Twizel,Mackenzie District,Pukaki Ward,Entire home/apt,209.0,396
38160846,Paradise on Pine,Thames-Coromandel District,South Eastern Ward,Entire home/apt,172.0,396
17110229,Stunning view!,Ruapehu District,Waimarino-Waiouru Ward,Entire home/apt,359.0,396
21529684,Awesomely Wakatipu Queenstown Home,Queenstown-Lakes District,Queenstown-Wakatipu Ward,Entire home/apt,500.0,396
28416106,Keith's Cabin: Garden Room near central Kerikeri,Far North District,Bay of Islands-Whangaroa Ward,Private room,91.0,396
4538530,"2 bedrooms, large sunny apartment. No Smoking.",Auckland,Albert-Eden-Puketāpapa Ward,Entire home/apt,,395
19664207,Allports Sea view Apartment,Marlborough District,Marlborough Sounds Ward,Entire home/apt,303.0,395
612700216261116966,Peaceful City Cottage & Hot Tub,Christchurch City,Central Ward,Entire home/apt,268.0,395
28721597,Bird’s Nest studio over the harbour,Lower Hutt City,Harbour Ward,Entire home/apt,149.0,395
5435046,The Simple Twin Room (Shared Bathroom),Mackenzie District,Pukaki Ward,Private room,147.0,395
21939254,"Apple Tree View, Peaceful, Ensuite, Abel Tasman",Tasman District,Motueka Ward,Private room,121.0,395
16693451,Spacious private en-suite  room close to wineries,Marlborough District,Wairau-Awatere Ward,Entire home/apt,104.0,395
9531410,Bayview Lodge - Sea View,Far North District,Bay of Islands-Whangaroa Ward,Entire home/apt,166.0,395
15284576,Stylish Hideaway with Car,Auckland,Waitematā and Gulf Ward,Entire home/apt,628.0,394
626928970182663215,Cosy Cottage Retreat Motuoapa,Taupo District,Turangi-Tongariro Ward,Entire home/apt,137.0,394
35470008,Sunny strawbale house studio,Queenstown-Lakes District,Arrowtown Ward,Entire home/apt,206.0,394
2380582,"Fabulous townhouse near town, hospitals & Uni",Dunedin City,Area Outside Ward,Entire home/apt,234.0,394
21386601,Eastwood Estate,Whangarei District,Hikurangi-Coastal Ward,Entire home/apt,87.0,394
10835141,A quiet place to rest - Twin Beds,Tasman District,Motueka Ward,Private room,69.0,394
40767456,Spa Pool 🧖‍♀️Unreal Panoramic Views 🏔 Relaxed Getaway,Queenstown-Lakes District,Queenstown-Wakatipu Ward,Entire home/apt,572.0,394
23626845,Lime Tree House. 4 BR. Sleeps 7. Space & comfort,Ōtorohanga District,Kawhia-Tihiroa Ward,Entire home/apt,297.0,394
30272044,KAZZA'S SPA  *BEACH & WALKWAY*,Tauranga City,Mount Maunganui-Papamoa Ward,Entire home/apt,142.0,394
33454910,Tiny House in the Sky,Dunedin City,Area Outside Ward,Entire home/apt,153.0,394
44079456,"Modern Comforts, Central Location, Mountain Views",Southland District,Mararoa Waimea Ward,Entire home/apt,199.0,394
45976273,"Airport Location
Single private room",Queenstown-Lakes District,Queenstown-Wakatipu Ward,Private room,143.0,393
21788837,A Cut Above the Rest with Sea Views,Nelson City,Area Outside Ward,Entire home/apt,177.0,393
34342858,"Art, Espresso & Events – Live Like a Local in Chch",Christchurch City,Central Ward,Entire home/apt,192.0,393
832107007423146466,Hillside Retreat & Woodstoked Hot Tub,Central Otago District,Teviot Valley Ward,Entire home/apt,206.0,393
52064462,Tree House June July $pecial $ave $,Rotorua District,Area Outside Ward,Entire home/apt,199.0,393
30351124,Nestled amongst nature in Havelock North,Hastings District,Hastings-Havelock North Ward,Entire home/apt,183.0,393
5232690,Resting Kiwi: Aptmnt: 2 bdroom + TV lounge + patio,Taupo District,Taupō Ward,Entire home/apt,232.0,393
22263683,Smallest house with big views,Whangarei District,Bream Bay Ward,Entire home/apt,172.0,392
17534799,Gorgeous Lavender Apartment is well worth a visit,Wellington City,Pukehīnau/Lambton Ward,Entire home/apt,260.0,392
26460036,Alpine Village - 2 Bedroom Executive Apartment,Queenstown-Lakes District,Queenstown-Wakatipu Ward,Entire home/apt,830.0,392
50878509,Maori hill Bungalow,Dunedin City,Area Outside Ward,Entire home/apt,194.0,392
21786866,Peaceful Retreat,Timaru District,Geraldine Ward,Private room,286.0,392
18360174,TE PUIA LODGE,Thames-Coromandel District,Mercury Bay Ward,Entire home/apt,207.0,391
671855806460810048,Serenity Plus!,Waitaki District,Ahuriri Ward,Entire home/apt,152.0,391
30026006,"Te Wahi Mahana (A Warm Place), Paihia",Far North District,Bay of Islands-Whangaroa Ward,Entire home/apt,131.0,391
12787681,Delightful on Devon,New Plymouth District,New Plymouth City Ward,Entire home/apt,229.0,391
40588980,Laughing Horse Lodge - Animal friendly in Waipu,Whangarei District,Bream Bay Ward,Entire home/apt,208.0,391
40229247,Secluded Couples Escape PLUS kitchen/living cabin,Queenstown-Lakes District,Wanaka Ward,Entire home/apt,305.0,390
36400578,Green Door Studio,Timaru District,Timaru Ward,Entire home/apt,179.0,390
18950662,Charming Parnell Villa - Comfortable and Central,Auckland,Ōrākei Ward,Private room,155.0,390
26923637,Point View Mangonui,Far North District,Te Hiku Ward,Entire home/apt,284.0,390
746693137400600885,3 bedroom Guest suite- private Garden &  Entrance.,Tauranga City,Mount Maunganui-Papamoa Ward,Entire home/apt,274.0,390
30576488,Glacier Highway Getaway - 25 mins to Franz Josef,Westland District,Southern Ward,Entire home/apt,246.0,390
16690626,Lake View Studio at The Moorings,Queenstown-Lakes District,Wanaka Ward,Entire home/apt,213.0,390
7162344,Cosy eco-room near native Forest,Ruapehu District,National Park Ward,Private room,80.0,389
10495496,"Moby's Retreat Napier w/breakfast
Queen Bed.",Napier City,Nelson Park Ward,Private room,149.0,389
28846267,Rotorua Lakefront Cottage,Rotorua District,Area Outside Ward,Entire home/apt,408.0,389
18703770,Tawharanui 890 Studio.,Auckland,Rodney Ward,Entire home/apt,157.0,389
46054728,Your Getaway Oasis,Hurunui District,West Ward,Entire home/apt,286.0,389
24550890,Modern Alpine Retreat with Mountain and Lake View,Queenstown-Lakes District,Queenstown-Wakatipu Ward,Entire home/apt,260.0,389
18475600,Private Retreat in North Dunedin,Dunedin City,Area Outside Ward,Entire home/apt,92.0,389
24311270,"TekapoB2 Lakeview Apartment, breathtaking views",Mackenzie District,Pukaki Ward,Entire home/apt,283.0,389
14936259,Skylark Bed & Breakfast and Farmstay,Clutha District,Catlins Ward,Entire home/apt,417.0,389
51752507,Hallewell Haven,Mackenzie District,Pukaki Ward,Entire home/apt,199.0,388
29239074,Luxe Private Sunny Studio,Queenstown-Lakes District,Wanaka Ward,Entire home/apt,223.0,388
4278848,Central pet friendly home,Tasman District,Golden Bay Ward,Entire home/apt,177.0,388
5195092,Bedroom in Newmarket for vaccinated guests,Auckland,Ōrākei Ward,Private room,438.0,388
15440667,Shotover Gold Apartment central to ski fields,Queenstown-Lakes District,Queenstown-Wakatipu Ward,Entire home/apt,309.0,387
871300862405343384,Private Modern Studio Grey Lynn. Fast WiFi. 55” TV,Auckland,Waitematā and Gulf Ward,Entire home/apt,165.0,387
9239632,"Spacious, sunny  - self-contained garden wing.",Auckland,Albany Ward,Entire home/apt,205.0,387
48188105,Simply The Best CBD 3 Mins Plus Garage,Christchurch City,Central Ward,Entire home/apt,358.0,387
17716684,2 bedroom loft apartment living walk to octagon,Dunedin City,Area Outside Ward,Entire home/apt,263.0,387
29886108,Lynmore Loft,Rotorua District,Area Outside Ward,Entire home/apt,158.0,387
17546144,EcoInn: Self contained off-grid large home,New Plymouth District,South-West Ward,Entire home/apt,161.0,387
21566935,Affordable Luxury  1 Bedroom Apartment  Pukekohe.,Auckland,Franklin Ward,Entire home/apt,119.0,387
23793870,Goldfield Holiday Home,Queenstown-Lakes District,Queenstown-Wakatipu Ward,Entire home/apt,1024.0,387
23258159,Cherry Blossom Studio Apartment,New Plymouth District,New Plymouth City Ward,Entire home/apt,95.0,386
21152312,Lake Views On Sunrise Lane,Queenstown-Lakes District,Queenstown-Wakatipu Ward,Entire home/apt,506.0,386
15272455,Alfriston Stables,Auckland,Manurewa-Papakura Ward,Entire home/apt,175.0,386
29128172,Central City Stunner,Wellington City,Pukehīnau/Lambton Ward,Entire home/apt,590.0,386
26394470,Beachfront Holiday Escape 30 min to Wgtn CBD,Lower Hutt City,Harbour Ward,Entire home/apt,150.0,386
609503996966601810,Cozy Central City Getaway,Christchurch City,Central Ward,Entire home/apt,180.0,386
17792088,"Relax On Glencairn 
Unlimited Wi-fi",Mackenzie District,Pukaki Ward,Entire home/apt,357.0,386
32647809,"Tui Cottage - cosy, light, and central",South Wairarapa District,Martinborough Ward,Entire home/apt,194.0,386
988120,French Style Cottage,Taupo District,Taupō Ward,Entire home/apt,273.0,386
22253884,Queen BnB,Wairoa District,Wairoa General Ward,Entire home/apt,128.0,386
16707549,Tranquility Studio,Waikato District,Raglan Ward,Entire home/apt,125.0,386
46454054,Studio on Courtenay  Close to CBD & Coast Walkway,New Plymouth District,New Plymouth City Ward,Entire home/apt,124.0,386
14043705,Rest & Relax,Marlborough District,Wairau-Awatere Ward,Entire home/apt,194.0,386
10840291,2 bdrm Character Home Close To Town,Napier City,Nelson Park Ward,Entire home/apt,246.0,386
22621399,Charming studio with amazing sea views,Auckland,Waitematā and Gulf Ward,Entire home/apt,246.0,386
25643669,River View Cottage,Waikato District,Tamahere Ward,Entire home/apt,220.0,385
51413997,Waterfront ! Princes Wharf Luxury 2 Bedroom APT 2,Auckland,Waitematā and Gulf Ward,Entire home/apt,295.0,385
546439237363068056,2 Bedroom Private Condo+Ensuite,Auckland,Albany Ward,Entire home/apt,130.0,385
34652751,Wanaka French farmhouse - self-contained apartment,Queenstown-Lakes District,Wanaka Ward,Entire home/apt,337.0,385
5329488,"Little White Beach Cabin - 1min beach, 12mins city",Wellington City,Paekawakawa/Southern Ward,Entire home/apt,120.0,385
13884210,Dunedin - Love It,Dunedin City,Area Outside Ward,Private room,,385
21817706,RIVER RETREAT  -Tumeke,Waikato District,Ngaruawahia Ward,Entire home/apt,264.0,385
14527608,Pull-out Sofabed • Free Parking • Central Auckland,Auckland,Waitematā and Gulf Ward,Shared room,33.0,385
19679394,"Luxury home private & spacious, walk everywhere",Marlborough District,Blenheim Ward,Entire home/apt,457.0,385
46043348,Tui Song Cottage located minutes from Oneroa,Auckland,Waitematā and Gulf Ward,Entire home/apt,282.0,385
18212157,Modern townhouse. Great location.,Wellington City,Motukairangi/Eastern Ward,Private room,97.0,385
43808741,Picton Marina View,Marlborough District,Marlborough Sounds Ward,Entire home/apt,137.0,385
29315693,Modern 3BR Townhouse in Central Nelson,Nelson City,Area Outside Ward,Entire home/apt,300.0,384
17816078,Walk to CBD - qTownpad M4,Queenstown-Lakes District,Queenstown-Wakatipu Ward,Entire home/apt,513.0,384
40355440,Fabulous townhouse  in Christchurch centre,Christchurch City,Central Ward,Entire home/apt,178.0,384
16365751,"Kiwi Loft, Location , Location",Taupo District,Taupō Ward,Entire home/apt,183.0,384
20731701,"Steeples Cottage, with Ocean Views",Buller District,Westport Ward,Entire home/apt,215.0,384
40975332,The Pohutukawa Cottage...Tranquil and Unusual,Kaikoura District,Area Outside Ward,Entire home/apt,350.0,384
13418069,Te Kōpuha,South Wairarapa District,Martinborough Ward,Entire home/apt,307.0,383
32161906,"Studio on the Park. Value, comfort, privacy.",Tauranga City,Otumoetai-Pyes Pa Ward,Entire home/apt,117.0,383
42690376,Cozy 1BR Apartment with Hagley Park View,Christchurch City,Central Ward,Entire home/apt,217.0,383
34656501,Harmonious social space with simple respectability,Rotorua District,Area Outside Ward,Entire home/apt,208.0,383
41943120,The Last Church in Apiti,Manawatu District,Rural Ward,Entire home/apt,260.0,383
41350414,'Brookfields'-Farm stay Hideaway,Manawatu District,Rural Ward,Entire home/apt,168.0,382
23110989,Super-central one-room hotel in CBD,Auckland,Waitematā and Gulf Ward,Entire home/apt,155.0,382
22674589,Beach Retreat Hokitika,Westland District,Hokitika Ward,Entire home/apt,172.0,382
49820031,The Little Bach on Percy,Tauranga City,Mount Maunganui-Papamoa Ward,Entire home/apt,206.0,382
9716616,Sunny town house in Newtown,Wellington City,Paekawakawa/Southern Ward,Private room,77.0,382
20744598,Linger Longer Rotorua,Rotorua District,Area Outside Ward,Entire home/apt,577.0,382
8703690,Phoenix Palm,Kaikoura District,Area Outside Ward,Entire home/apt,149.0,382
18113948,Te Honu - the comforts of home.  With Spa & wifi!,Ruapehu District,National Park Ward,Entire home/apt,207.0,381
590016687991905159,Mel's Retreat - Private Room & Ensuite,Waitomo District,Waitomo Rural Ward,Private room,183.0,381
21253231,Gemini Quality lakeside accommodation,Rotorua District,Area Outside Ward,Entire home/apt,605.0,381
15973496,Village Menagerie - Private self-contained unit,Waikato District,Whangamarino Ward,Entire home/apt,127.0,381
19296953,"The Escapade : views, convenience & comfort",Queenstown-Lakes District,Queenstown-Wakatipu Ward,Entire home/apt,459.0,381
20907331,Guest House on acreage - quiet and private setting,Selwyn District,Springs Ward,Entire home/apt,204.0,380
21889709,room 2 in Gemini house,Queenstown-Lakes District,Queenstown-Wakatipu Ward,Private room,,380
25898395,The Nook,Queenstown-Lakes District,Queenstown-Wakatipu Ward,Entire home/apt,290.0,380
51566333,Cosy in containaBulls - Bed and Breakfast,Rangitikei District,Southern Ward,Entire home/apt,111.0,380
11364503,Cosy Unit for Up to 3 Guests – Flat Rate Pricing,Far North District,Bay of Islands-Whangaroa Ward,Entire home/apt,126.0,380
17158869,Serviced Apartment - walking distance to pools,Hurunui District,West Ward,Entire home/apt,206.0,380
22636858,Airport Express Cosy Studio 3 min drive to Airport,Christchurch City,Waimairi Ward,Entire home/apt,,380
31596629,"The Starling Box ""Amazing 10/10""",Rotorua District,Area Outside Ward,Entire home/apt,360.0,380
654457696683927212,Marvel at this stunning historic chapel renovation,Waitaki District,Oamaru Ward,Entire home/apt,204.0,380
17112263,"Private, cosy, close to hospital and cute cat!",Hamilton City,West Ward,Entire home/apt,126.0,379
40822710,Dark Sky Villas: Alpine Views,Mackenzie District,Pukaki Ward,Entire home/apt,456.0,379
37948821,Boutique studio separate to main dwelling,Lower Hutt City,Central Ward,Private room,110.0,379
40373896,Whirinaki Beach Private Escape,Hastings District,Mohaka Ward,Entire home/apt,109.0,379
19390128,"Tāwhiri Cottage, Waiouru",Ruapehu District,Waimarino-Waiouru Ward,Entire home/apt,214.0,378
26609627,Rustic Cabin Stay,Matamata-Piako District,Matamata Ward,Entire home/apt,109.0,378
933378006797436615,Minimal Studio Apartment in Wellington CBD,Wellington City,Pukehīnau/Lambton Ward,Entire home/apt,155.0,378
11517990,Teapot Cottage - a step back in time,Westland District,Southern Ward,Entire home/apt,191.0,378
9654662,"Beach city house, 5 mins to beach - entire house",Dunedin City,Area Outside Ward,Entire home/apt,343.0,378
12690148,The Little Shed,Thames-Coromandel District,South Eastern Ward,Entire home/apt,220.0,378
13069062,Lake Escape,Queenstown-Lakes District,Queenstown-Wakatipu Ward,Entire home/apt,469.0,378
39899716,SKYLAB,Mackenzie District,Pukaki Ward,Entire home/apt,196.0,378
46717691,Absolutely Lake Front house-Private lake access,Rotorua District,Area Outside Ward,Entire home/apt,224.0,378
12473591,The Avenues - spacious studio with pool,Napier City,Onekawa-Tamatea Ward,Entire home/apt,143.0,378
647251224364430903,Cosy Alpine Cabin-Stargazing-Discover Mt Cook,Mackenzie District,Pukaki Ward,Entire home/apt,599.0,378
21864794,"Auckland Retreat, Private bathroom &No CleaningFee",Auckland,Whau Ward,Private room,92.0,378
24398995,"Modern and spacious guest suite, central Warkworth",Auckland,Rodney Ward,Entire home/apt,166.0,378
48852620,Cosy 2 bed  Sanctuary-home away from home,Rotorua District,Area Outside Ward,Entire home/apt,109.0,378
22973894,Quiet unit by the hill & the bay. (Sorry no Shops),Christchurch City,Banks Peninsula Ward,Entire home/apt,137.0,377
29470869,Cosy eco sleep out near native forest,Ruapehu District,National Park Ward,Private room,92.0,377
29835986,Kotuku Sanctaury,Far North District,Bay of Islands-Whangaroa Ward,Entire home/apt,375.0,377
48449164,Boutique Cabin Cosy Queen Bed,Westland District,Northern Ward,Private room,104.0,377
815369867420385081,The Studio,Hamilton City,West Ward,Entire home/apt,137.0,377
16962388,Peaceful cottage in beautiful bush gully,Waikato District,Tamahere Ward,Entire home/apt,183.0,377
39135819,Karmalure lakefront cottage,Queenstown-Lakes District,Queenstown-Wakatipu Ward,Entire home/apt,423.0,377
18475290,"""The Retreat""",Whangarei District,Bream Bay Ward,Entire home/apt,212.0,376
40714387,Panoramic View Apartment,Rotorua District,Area Outside Ward,Entire home/apt,137.0,376
19212805,Gorgeous Room on a Boutique Vineyard,Hurunui District,East Ward,Private room,115.0,376
45807061,Burleigh bnb,Marlborough District,Blenheim Ward,Private room,120.0,376
18361090,'Escape to the Country',Ashburton District,Eastern Ward,Entire home/apt,280.0,376
24333901,"Light-filled Renovated Villa, Walk to Ponsonby Rd",Auckland,Waitematā and Gulf Ward,Entire home/apt,256.0,376
15148354,"Mount view
Large private sunny flat
Lake Hawea",Queenstown-Lakes District,Wanaka Ward,Entire home/apt,,376
40875794,Glamping  yurt / hole in the rock accomodation,Buller District,Westport Ward,Entire home/apt,226.0,376
15566652,Stroll to the Beach from a Private Garden Room,Auckland,North Shore Ward,Private room,212.0,376
16884383,Tarawera View Country Cottage,Rotorua District,Area Outside Ward,Entire home/apt,229.0,376
21356402,"Stingray Cottage   -  Self-contained , private",Auckland,Rodney Ward,Entire home/apt,126.0,376
54008795,Peaceful loft accommodation with outdoor bath,Kaipara District,Mangawhai-Kaiwaka Ward,Entire home/apt,185.0,375
40408438,Spey House.,Southland District,Mararoa Waimea Ward,Entire home/apt,157.0,375
23928821,Waimarie - Warm & Cosy with beautiful views,Southland District,Mararoa Waimea Ward,Entire home/apt,297.0,375
12408653,Wander Lodge - Cosy cottage in the forest.,Mackenzie District,Opuha Ward,Entire home/apt,246.0,375
10298889,Kaka Comfort - Relax Away From Home,Taupo District,Taupō Ward,Private room,137.0,375
11614867,New Queenstown Central Studio,Queenstown-Lakes District,Queenstown-Wakatipu Ward,Entire home/apt,120.0,375
22888844,The Little Blue Place,Timaru District,Timaru Ward,Entire home/apt,164.0,375
42974778,Highlands on Homestead a stone’s throw from town.,Waitaki District,Corriedale Ward,Entire home/apt,166.0,375
1669003,Sweet Karehana | Self-contained Unit,Porirua City,Northern Ward/Pukerua ki te Raki,Entire home/apt,239.0,374
792490304860788387,Plum Tree Cottage,Southland District,Waiau Aparima Ward,Entire home/apt,208.0,374
9241080,Kanuka Eco-Friendly Cottage,Tasman District,Golden Bay Ward,Entire home/apt,103.0,374
22069433,"Coronet Peak at your door, Sunny Deck - Queenstown",Queenstown-Lakes District,Queenstown-Wakatipu Ward,Entire home/apt,229.0,374
5230183,"Taupo Acacia Bay Haven, BEST amazing lake views.",Taupo District,Taupō Ward,Entire home/apt,311.0,374
22832578,SLOPEHILL RETREAT,Queenstown-Lakes District,Queenstown-Wakatipu Ward,Entire home/apt,411.0,374
49762374,The Black Bach on Bealey,Westland District,Hokitika Ward,Entire home/apt,299.0,374
32613851,Tongariro Hut. A fun quirky north facing cottage.,Ruapehu District,National Park Ward,Entire home/apt,172.0,374
26233936,Panoramic Views & Total Privacy. Romantic getaway.,Christchurch City,Heathcote Ward,Entire home/apt,211.0,374
28014339,Raglan waterfront romantic cottage,Waikato District,Raglan Ward,Entire home/apt,348.0,374
33166050,Cherished Nest Apartment 3,Palmerston North City,Area Outside Ward,Entire home/apt,167.0,373
13999125,Private Cottage with Spa & Amazing Lake Views,Queenstown-Lakes District,Queenstown-Wakatipu Ward,Entire home/apt,522.0,373
39228055,2brm - Perfect location when in Auckland,Auckland,Albert-Eden-Puketāpapa Ward,Entire home/apt,263.0,373
50731512,The Stables Cottage - North West Auckland,Auckland,Rodney Ward,Entire home/apt,503.0,373
49031444,"Amazing Location - Carpark, Pool, Gym, Restaurants",Auckland,Waitematā and Gulf Ward,Entire home/apt,237.0,373
44121214,"Lazydays@waihi, quiet, comfortable,  secure.",Hauraki District,Waihi Ward,Entire home/apt,113.0,373
46624049,Sweet Retreat,Western Bay of Plenty District,Kaimai Ward,Entire home/apt,121.0,373
23926209,Gisborne Dream Suite,Gisborne District,Gisborne Ward,Entire home/apt,149.0,372
40674405,The Braeburn,Whanganui District,Area Outside Ward,Entire home/apt,160.0,372
22413337,6min to city centre | Cosy & Quiet Vintage Retreat,Christchurch City,Heathcote Ward,Entire home/apt,,372
52603976,Papamoa Beach Abode,Tauranga City,Mount Maunganui-Papamoa Ward,Entire home/apt,143.0,372
17814614,"""Lake End"" Retreat",New Plymouth District,New Plymouth City Ward,Entire home/apt,267.0,372
29570983,Bay View - with Wifi,Thames-Coromandel District,Mercury Bay Ward,Entire home/apt,263.0,372
21189131,Kate's Place,Tasman District,Richmond Ward,Entire home/apt,246.0,372
25360351,Hanmer Family Hideaway,Hurunui District,West Ward,Entire home/apt,183.0,372
16783134,Art Deco Cutie,Dunedin City,Area Outside Ward,Private room,109.0,372
42205170,River Belle Glamping,New Plymouth District,South-West Ward,Entire home/apt,295.0,372
903303360921664579,"Prime stadium location - City, balcony park views!",Christchurch City,Central Ward,Entire home/apt,300.0,372
43223839,Ascot Cottage in heart of Wellington,Wellington City,Pukehīnau/Lambton Ward,Entire home/apt,177.0,371
36241912,Peaceful and relaxing Waitakere escape,Auckland,Waitākere Ward,Entire home/apt,99.0,371
28820308,Waterfront Quintessential kiwi bach,Whangarei District,Whangarei Heads Ward,Entire home/apt,331.0,371
14682527,Fiordland Getaway,Southland District,Mararoa Waimea Ward,Entire home/apt,303.0,371
44087192,The Artist’s Gatehouse: Short stays in style,Auckland,Waitematā and Gulf Ward,Entire home/apt,246.0,370
26607198,Large beautiful private apartment,Queenstown-Lakes District,Wanaka Ward,Entire home/apt,366.0,370
42301991,Central Napier Apartment,Napier City,Nelson Park Ward,Entire home/apt,160.0,370
19368474,Super stylish studio,Wellington City,Motukairangi/Eastern Ward,Entire home/apt,212.0,370
23165862,Luxurious accommodation at Tahunanui Beach,Nelson City,Area Outside Ward,Entire home/apt,189.0,370
13927470,"Rossall BnB- self contained, bkfast, 2k city. Bus",Christchurch City,Fendalton Ward,Entire home/apt,166.0,370
22794305,4 Easy Walk to Town Lake Gondola Activities Shops.,Queenstown-Lakes District,Queenstown-Wakatipu Ward,Entire home/apt,358.0,370
22537410,Pukehina Seaside Escape,Western Bay of Plenty District,Maketu-Te Puke Ward,Entire home/apt,252.0,370
47098489,"The Barn, designers dream, romantic beach hideaway",Western Bay of Plenty District,Katikati-Waihi Beach Ward,Entire home/apt,285.0,370
40142542,Pearl Studio,Waikato District,Raglan Ward,Entire home/apt,102.0,369
40640473,Karearea Farm Cottage,Waikato District,Huntly Ward,Entire home/apt,145.0,369
40115353,"Central, Self-Contained, Private - Fantail Cottage",Taupo District,Taupō Ward,Entire home/apt,135.0,369
21145409,Close to airport and city. Fabulous harbour views.,Auckland,Albert-Eden-Puketāpapa Ward,Private room,153.0,369
10520655,Private separate sleep-out/studio,Napier City,Ahuriri Ward,Entire home/apt,126.0,368
8737916,"Coombes Cottage, St Bathans",Central Otago District,Vincent Ward,Entire home/apt,288.0,368
8371980,Fully fitted studio unit in beautiful setting.,Timaru District,Geraldine Ward,Entire home/apt,156.0,368
18175387,Morepork Gully Cabin - No Cleaning fees,Hamilton City,East Ward,Private room,86.0,368
12115071,Two minutes to Beach. 3 minutes  to Town..,Thames-Coromandel District,Mercury Bay Ward,Private room,109.0,368
29612321,The Palms Studio Kerikeri - the perfect retreat,Far North District,Bay of Islands-Whangaroa Ward,Entire home/apt,185.0,368
12251412,Affordable Lakeside Studio-option 2 rent Bikes&Car,Queenstown-Lakes District,Queenstown-Wakatipu Ward,Entire home/apt,300.0,367
16166873,In the garden.  B n B,Nelson City,Area Outside Ward,Private room,126.0,367
23417779,"A spacious room, light, very comfortable",Auckland,Ōrākei Ward,Entire home/apt,118.0,367
43899290,Semi-rural spot with multiple outdoor attractions,Queenstown-Lakes District,Wanaka Ward,Entire home/apt,,367
742359076746253576,Apartment 4 - Haddin Court - Chic NY Loft Style,Marlborough District,Blenheim Ward,Entire home/apt,215.0,367
7247438,Wanaka Lakeside Luxury Suite with Private Entry,Queenstown-Lakes District,Wanaka Ward,Entire home/apt,377.0,367
18396575,Couples Hide-away + Gourmet B/fast WOW,Horowhenua District,Waiopehu Ward,Entire home/apt,185.0,367
740811699613279465,Adorable 1 bedroom separate guesthouse,Gisborne District,Taruheru-Patutahi Ward,Entire home/apt,137.0,367
10478001,NZ Summer House,Auckland,Rodney Ward,Entire home/apt,285.0,367
1038782357002629983,An Exceptional “John Scott” An Architectural Gem,Taupo District,Taupō Ward,Entire home/apt,150.0,367
15150084,Humble Cabin with the Best Views,Thames-Coromandel District,Mercury Bay Ward,Private room,,366
781314609335666850,Links Loft,Rotorua District,Area Outside Ward,Entire home/apt,240.0,366
49838813,Acherons  Delight,Southland District,Mararoa Waimea Ward,Entire home/apt,229.0,366
1032828,Belle Views Queen - breakfast incl,Dunedin City,Area Outside Ward,Private room,100.0,366
8133543,Stunning Lakefront View 5 Bedrooms - 15m to Wanaka,Queenstown-Lakes District,Wanaka Ward,Entire home/apt,618.0,366
27060332,(2) Splendid Lakeside Retreat,Rotorua District,Area Outside Ward,Entire home/apt,210.0,366
17628427,The Studio Apartment - so close to town!,Queenstown-Lakes District,Queenstown-Wakatipu Ward,Entire home/apt,188.0,365
16406576,Cosy room in 2bdrm house,Waikato District,Ngaruawahia Ward,Private room,71.0,365
35518659,Suite 61 - A haven in the heart of central Wanaka,Queenstown-Lakes District,Wanaka Ward,Entire home/apt,246.0,365
40986994,Studio in 4-Star Hotel,Auckland,Waitematā and Gulf Ward,Entire home/apt,160.0,365
27590802,The Tui's Nest on Waitui!  med/long term rate poss,Tauranga City,Mount Maunganui-Papamoa Ward,Entire home/apt,291.0,365
33811510,Lyall Bay - Cosy Cottage,Wellington City,Motukairangi/Eastern Ward,Entire home/apt,222.0,365
24716824,Oceanfront Penthouse Escape,Wellington City,Motukairangi/Eastern Ward,Entire home/apt,256.0,365
26930008,Hamilton - Top Location Superb 2-Bedroom Unit,Hamilton City,West Ward,Entire home/apt,214.0,365
41866271,Gorgeous Views of Lake Taupō and Mount Tauhara,Taupo District,Taupō Ward,Entire home/apt,172.0,365
28744326,Beach Front Bach | Games Room - KK58106,Kaikoura District,Area Outside Ward,Entire home/apt,459.0,365
16531872,"Tussock Retreat - Modern Open Plan, Huge Deck",Mackenzie District,Pukaki Ward,Entire home/apt,260.0,365
45622420,WhaleBay  Hideaway,Waikato District,Raglan Ward,Entire home/apt,252.0,364
911695605720070836,"Hawea Country Hut
Beautiful mountain cabin",Queenstown-Lakes District,Wanaka Ward,Entire home/apt,332.0,364
39065782,The Terminus Inner City Heritage Apartment 2,Dunedin City,Area Outside Ward,Entire home/apt,350.0,364
24923803,OHOPEBYTHESEA/NOCLEANINGFEE,Whakatane District,Whakatāne-Ōhope Ward ,Entire home/apt,172.0,364
53245815,Contemporary Central City Apartment,Christchurch City,Central Ward,Entire home/apt,245.0,364
12057739,A quiet place to rest Queen-size bed and a single.,Tasman District,Motueka Ward,Private room,69.0,364
19506787,Mount Maunganui Downtown fab location with parking,Tauranga City,Mount Maunganui-Papamoa Ward,Private room,,364
35955268,"Beachfront House at Whiritoa, Coromandel",Hauraki District,Waihi Ward,Entire home/apt,302.0,364
10075747,Historic Arrowtown cottage,Queenstown-Lakes District,Arrowtown Ward,Entire home/apt,266.0,363
21194329,Ohana Lodge; Perfect for kids & pets stay FREE!,Taupo District,Taupō Ward,Entire home/apt,382.0,363
3951670,Private Garden Studio w Secluded Deck,Auckland,Waitematā and Gulf Ward,Entire home/apt,153.0,363
2229256,"The Dollshouse Apartment, Masterton",Masterton District,Area Outside Ward,Entire home/apt,143.0,363
15387015,* BLaCk n WhITe RoOm by the LaKe”,Queenstown-Lakes District,Queenstown-Wakatipu Ward,Private room,222.0,363
10379170,Comfort on the beach @134,Western Bay of Plenty District,Maketu-Te Puke Ward,Entire home/apt,236.0,363
37404653,Bellview Cottage Feilding,Manawatu District,Feilding Ward,Entire home/apt,187.0,363
20696432,Studio on Hodgkin's Street Park,Rotorua District,Area Outside Ward,Entire home/apt,179.0,362
18845326,Central Methven living,Ashburton District,Western Ward,Entire home/apt,326.0,362
41408364,Urban Jungle Apartment in Auckland City centre,Auckland,Waitematā and Gulf Ward,Entire home/apt,164.0,362
798808999879120755,The Art House on Sunset,Taupo District,Taupō Ward,Entire home/apt,234.0,362
27405949,Cosy Character Apartment,Wellington City,Pukehīnau/Lambton Ward,Entire home/apt,147.0,362
18293759,"City Paradise  
CabbageTree Retreat",Christchurch City,Central Ward,Entire home/apt,173.0,362
6328562,Generous Townhouse Space in Māori Hill,Dunedin City,Area Outside Ward,Entire home/apt,306.0,362
52288321,Argyll Reserve Studio,Tauranga City,Te Papa-Welcome Bay Ward,Entire home/apt,133.0,362
15315153,Amazing views in Arthurs Point,Queenstown-Lakes District,Queenstown-Wakatipu Ward,Entire home/apt,221.0,362
558176024979815411,Arran Studio | Luxury Stay,Queenstown-Lakes District,Queenstown-Wakatipu Ward,Private room,225.0,362
27618156,Number 10,Ruapehu District,Taumarunui Ward,Entire home/apt,252.0,362
1040415,"Cameron Cottage - Central, private and peaceful...",Napier City,Ahuriri Ward,Entire home/apt,153.0,362
52040827,Gum Tree Studio - The perfect country retreat!,Tasman District,Moutere-Waimea Ward,Entire home/apt,165.0,362
13816301,Retreat- pool/hot tub/bikes/ close to town.,Napier City,Onekawa-Tamatea Ward,Entire home/apt,160.0,362
2279250,Natural Vistas over Queenstown,Queenstown-Lakes District,Queenstown-Wakatipu Ward,Entire home/apt,947.0,361
24036933,3 Easy Walk to Town Lake Gondola Activities Shops.,Queenstown-Lakes District,Queenstown-Wakatipu Ward,Entire home/apt,530.0,361
41357690,Lake house - city center - 4 bedrooms,Hamilton City,West Ward,Entire home/apt,480.0,361
29490457,Milk & Honey~Luxe Cabin with Spa & Breakfast,Far North District,Bay of Islands-Whangaroa Ward,Entire home/apt,166.0,361
42522341,Art Deco No. 2 Apartment,Marlborough District,Marlborough Sounds Ward,Entire home/apt,285.0,361
18315717,Classic Kiwi bach with a modern touch,Dunedin City,Area Outside Ward,Entire home/apt,268.0,361
31805228,"Bag End. Wee cottage,tons of cute near everything.",Auckland,Waitematā and Gulf Ward,Entire home/apt,131.0,361
19161606,Private room in delightful Mount Eden home,Auckland,Albert-Eden-Puketāpapa Ward,Private room,129.0,361
26332366,Whitianga Bach walk to town and amenities.,Thames-Coromandel District,Mercury Bay Ward,Entire home/apt,126.0,361
557289691899052395,Peaceful Country Retreat - 10 mins to hot pools,Rotorua District,Area Outside Ward,Entire home/apt,206.0,361
40288318,Arthurs Pass National Park accommodation: The Alps,Selwyn District,Malvern Ward,Entire home/apt,269.0,361
29141414,Top floor 3 bed apartment in the Tiger Building.,Dunedin City,Area Outside Ward,Entire home/apt,494.0,361
37785584,Mackenzie Cottage - close to town!,Mackenzie District,Pukaki Ward,Entire home/apt,258.0,360
21971870,Waitomo Big Bird Retreat,Waitomo District,Waitomo Rural Ward,Entire home/apt,280.0,360
39483987,Rural retreat,Waikato District,Onewhero-Te Akau Ward,Entire home/apt,100.0,359
46265578,"Sky Window Studio, City Center NO CLEANING FEE !!",Christchurch City,Central Ward,Entire home/apt,102.0,359
35713597,Te-Tūtū Bach ~  Relax & Recharge,Buller District,Westport Ward,Entire home/apt,206.0,359
52673595,The French Cottage - great wifi - private and safe,Taupo District,Taupō Ward,Entire home/apt,185.0,359
658933367471745005,"Hawthorne Haven
Enjoy a Kiwi experience",Kaikoura District,Area Outside Ward,Private room,111.0,359
24119321,"Whare manu, boutique cottage.",Invercargill City,Area Outside Ward,Entire home/apt,343.0,359
26528427,Aww Sheeps-Uninterrupted Panoramic View with Spa,Rotorua District,Area Outside Ward,Entire home/apt,412.0,359
901721917549555014,Mountain View Abode - Spectacular Views In Twizel,Mackenzie District,Pukaki Ward,Entire home/apt,522.0,359
45357031,Riverbank Cottage - Taupo cosy awesome river views,Taupo District,Taupō Ward,Entire home/apt,263.0,359
14872521,Modern 2 Bedroom Apartment - All for yourself!,Queenstown-Lakes District,Queenstown-Wakatipu Ward,Entire home/apt,263.0,358
19973489,"Lismore Luxury 2, 5 mins walk to town, lake views",Queenstown-Lakes District,Wanaka Ward,Entire home/apt,228.0,358
13265300,Modern 3 Bed Wanaka Holiday House (w fire place),Queenstown-Lakes District,Wanaka Ward,Entire home/apt,497.0,358
17533361,Studio Spectre,Queenstown-Lakes District,Queenstown-Wakatipu Ward,Entire home/apt,223.0,358
26871229,Dusky Retreat,Southland District,Mararoa Waimea Ward,Private room,206.0,358
9591187,Central Haven with Free Parking (2 bedrooms),Auckland,Waitematā and Gulf Ward,Entire home/apt,178.0,358
21756941,King Edward's Studio.,Tasman District,Motueka Ward,Entire home/apt,256.0,358
25034850,Hart's Place,Hastings District,Hastings-Havelock North Ward,Entire home/apt,166.0,358
33070455,Boutique Modern Studio with Amazing View & Hot Tub,Napier City,Ahuriri Ward,Entire home/apt,274.0,357
49079863,Sunny oversized studio w/ patio! Across from beach,Auckland,Ōrākei Ward,Entire home/apt,160.0,357
36207113,Comfortable home base - walk to attractions!,Rotorua District,Area Outside Ward,Entire home/apt,382.0,357
34067826,2 bedroom self contained unit,Christchurch City,Banks Peninsula Ward,Entire home/apt,208.0,357
26673733,Whare kotare - Kingfisher Cabin,Marlborough District,Marlborough Sounds Ward,Entire home/apt,229.0,357
17780954,GLENBURN FARM  cottage sleeps 3 PET FRIENDLY,Waitomo District,Waitomo Rural Ward,Private room,128.0,357
50776773,"Muriwai Cliffs
Luxury Retreat",Auckland,Rodney Ward,Entire home/apt,411.0,357
52673524,Walnut Cottage - Private Outdoor Spa,Taupo District,Taupō Ward,Entire home/apt,334.0,357
19040622,GEOTHERMAL INN CBD,Rotorua District,Area Outside Ward,Entire home/apt,200.0,357
40902259,Paradise By The Beach (Sleepout + Pool)- Sleeps 2,Thames-Coromandel District,Mercury Bay Ward,Entire home/apt,185.0,357
30409155,"Self contained guest room, private, great views.",Queenstown-Lakes District,Wanaka Ward,Entire home/apt,154.0,357
19748848,Cosy caravan amongst the trees,Lower Hutt City,Western Ward,Entire home/apt,99.0,357
30533844,Prairie Holm Rustic Cabins,South Wairarapa District,Featherston Ward,Entire home/apt,149.0,357
27577812,Homestead Suite 1-Close to Airport incl breakfast,Auckland,Manukau Ward,Entire home/apt,107.0,356
8847352,"Sounds of the Sea.  Walk to Palm Beach
Waiheke",Auckland,Waitematā and Gulf Ward,Entire home/apt,213.0,356
40016905,Seaforth House.,Southland District,Mararoa Waimea Ward,Entire home/apt,157.0,356
39428800,Stylish Self Contained Private Studio and Garden,Tasman District,Richmond Ward,Entire home/apt,180.0,356
37255861,Pheasants Nest @dirtfarm,Kapiti Coast District,Ōtaki Ward ,Entire home/apt,305.0,356
587084953134840600,Frankie's place,Horowhenua District,Waiopehu Ward,Entire home/apt,115.0,356
28628218,Lakefront Tranquility Central Otago,Central Otago District,Cromwell Ward,Entire home/apt,347.0,356
11242905,"Modern, Private & Sunny In Best Ahuriri Location",Napier City,Ahuriri Ward,Entire home/apt,213.0,356
42142790,Waihau Bay Vista   - G B's Barn,Ōpōtiki District,Coast Ward,Entire home/apt,206.0,356
27071588,Quiet TwinBed|Bathroom+Kitchenette+SelfCheckin,Rotorua District,Area Outside Ward,Private room,137.0,355
43508732,One-bedroom unit in garden setting,Westland District,Southern Ward,Entire home/apt,149.0,355
41563212,Tuscany #1,Palmerston North City,Area Outside Ward,Entire home/apt,137.0,355
733450147871428405,Glamping at Happy Daze!,Taupo District,Turangi-Tongariro Ward,Private room,109.0,355
15165569,Affordable On Arun - Close to everything!,Waitaki District,Oamaru Ward,Entire home/apt,160.0,355
29713286,Executive Living in Bluewater,Queenstown-Lakes District,Queenstown-Wakatipu Ward,Entire home/apt,1025.0,355
769022869162549433,"Pet friendly, parking available, close to airport",Wellington City,Motukairangi/Eastern Ward,Entire home/apt,149.0,355
49860400,Rangataua Kowhai Tiny Home,Ruapehu District,Waimarino-Waiouru Ward,Entire home/apt,310.0,355
44394334,The  lake Wakatipu home,Queenstown-Lakes District,Queenstown-Wakatipu Ward,Entire home/apt,316.0,355
34090162,"Perfect for You @Motuoapa, Lake Taupo",Taupo District,Turangi-Tongariro Ward,Entire home/apt,173.0,355
2959618,Walk to CBD - qTownpad M7,Queenstown-Lakes District,Queenstown-Wakatipu Ward,Entire home/apt,325.0,355
8106853,The Bothy: apartment-style homestay,Taupo District,Taupō Ward,Entire home/apt,211.0,355
36884548,Stay in Whangarei,Whangarei District,Okara Ward,Entire home/apt,277.0,355
551771364282828714,Driftwood Escape at Otaki Beach,Kapiti Coast District,Ōtaki Ward ,Entire home/apt,137.0,355
53346062,‘The Den’ 2 x Bedroom Self-Contained Guest Suite,Whakatane District,Whakatāne-Ōhope Ward ,Entire home/apt,149.0,355
2874336,"Semi-Rural Modern Home, Guest Wing",Kapiti Coast District,Paraparaumu Ward,Private room,113.0,355
42282890,Family friendly self contained downstairs unit,New Plymouth District,New Plymouth City Ward,Entire home/apt,,354
10729721,Lake View Earth Cottage,Queenstown-Lakes District,Wanaka Ward,Entire home/apt,443.0,354
10498484,Kepler Mountain View Alpaca Cottage,Southland District,Mararoa Waimea Ward,Entire home/apt,317.0,354
27715320,Rotamanu Retreat,New Plymouth District,New Plymouth City Ward,Entire home/apt,127.0,354
49147194,"Enjoy this amazing location + carpark, pool, gym",Auckland,Waitematā and Gulf Ward,Entire home/apt,244.0,354
16680262,Comfortable Studio (with bonus glow worm grotto!),Taupo District,Taupō Ward,Private room,115.0,354
30324990,Suburban Studio,Hamilton City,West Ward,Entire home/apt,112.0,353
737178625093231188,"The Gecko Bach, Tiny Home Accomodation",Kapiti Coast District,Paekākāriki-Raumati Ward,Entire home/apt,136.0,353
20057526,Maison Rouge,Christchurch City,Central Ward,Entire home/apt,208.0,353
27994055,Brand new 1 bedroom unit in the ❤️ of Khandallah,Wellington City,Wharangi/Onslow-Western Ward,Entire home/apt,150.0,353
24331343,TROPICAL BUNGALOW IN THE CITY,Whangarei District,Okara Ward,Entire home/apt,90.0,353
29809794,Grandview Farm Cottage,Mackenzie District,Opuha Ward,Entire home/apt,366.0,353
33143008,The Cliffs Apartment,Nelson City,Area Outside Ward,Entire home/apt,120.0,353
986002851755186403,City Cottage,Wellington City,Pukehīnau/Lambton Ward,Entire home/apt,176.0,353
680737786867635869,Lovely 2 bedroom unit,Waitaki District,Ahuriri Ward,Entire home/apt,160.0,352
11985134,"Travellers Oasis, Central Queenstown",Queenstown-Lakes District,Queenstown-Wakatipu Ward,Entire home/apt,433.0,352
27915395,Private Room -90 Mile paradise in Ahipara,Far North District,Te Hiku Ward,Private room,88.0,352
24923884,Te Awa Cottages - Cottage Rua,Westland District,Southern Ward,Entire home/apt,188.0,352
48172232,"Lazydays@waihi Studio Unit 2
Quiet, comfortable",Hauraki District,Waihi Ward,Entire home/apt,97.0,352
30509124,Almondells Retreat 32 Acheron Way,Southland District,Mararoa Waimea Ward,Entire home/apt,202.0,352
42777556,Luxury and Location!,Southland District,Mararoa Waimea Ward,Entire home/apt,264.0,352
37693804,The Boat House - absolute waterfront serenity,Auckland,North Shore Ward,Entire home/apt,160.0,352
558101365834713785,A Million City Views - Sleeps 10,Christchurch City,Cashmere Ward,Entire home/apt,415.0,352
43479438,150m to the Beach & Village - The Boat House #1,Western Bay of Plenty District,Katikati-Waihi Beach Ward,Entire home/apt,162.0,352
15743690,Peonies Cottages - The Coach House,South Wairarapa District,Martinborough Ward,Entire home/apt,225.0,352
613961055153604557,"Pukeko Lane's ""Kowhai House - a simple blend """,Western Bay of Plenty District,Kaimai Ward,Entire home/apt,414.0,352
891695793793811401,Bedford Hideaway - includes Breakfast & free Wi-Fi,Grey District,Central Ward,Entire home/apt,172.0,351
34658815,Ruakaka Beach Apartment,Whangarei District,Bream Bay Ward,Entire home/apt,303.0,351
869755361869105652,Mount Handy Dandy,Tauranga City,Mount Maunganui-Papamoa Ward,Entire home/apt,166.0,351
42747196,"Finch's Retreat- ""A space all to yourself""",Marlborough District,Blenheim Ward,Entire home/apt,,351
14268227,Stylish & Spacious Brook Apartment,Nelson City,Area Outside Ward,Entire home/apt,200.0,351
38531998,Freestanding cosy studio with ensuite bathroom,Auckland,Waitematā and Gulf Ward,Entire home/apt,99.0,351
46072514,Mangorei Heights - Tui Cabin - No Cleaning Fees,New Plymouth District,South-West Ward,Entire home/apt,297.0,351
26937142,Central of the City - Cosy & Contemporary 2BR Apt,Auckland,Waitematā and Gulf Ward,Entire home/apt,252.0,351
48285549,The Guest Unit Countryside Views & Keyless Entry.,Rangitikei District,Northern Ward,Entire home/apt,155.0,351
25037760,WEEKEND RETREAT  200m From Lake,Southland District,Mararoa Waimea Ward,Entire home/apt,354.0,351
13536849,Cosy upstairs room Parnell central close to CBD,Auckland,Ōrākei Ward,Private room,127.0,351
41799331,Whakaipo Sunsets with Spa,Taupo District,Taupō Ward,Entire home/apt,565.0,351
30824973,Valley Cottage.,Auckland,Rodney Ward,Entire home/apt,139.0,350
20397144,QUEENSTOWN ON THE LAKE - your view,Queenstown-Lakes District,Queenstown-Wakatipu Ward,Entire home/apt,613.0,350
30233425,Brook In Nelson - Self Contained,Nelson City,Area Outside Ward,Entire home/apt,149.0,350
728697,The Studio,Thames-Coromandel District,Coromandel-Colville Ward,Entire home/apt,151.0,350
6646740,Tide View accommodation,Thames-Coromandel District,Coromandel-Colville Ward,Entire home/apt,198.0,350
638798710145952800,Boujee studio with lake/mountain views,Mackenzie District,Pukaki Ward,Entire home/apt,269.0,350
48027536,Hockey Hut,Westland District,Southern Ward,Entire home/apt,115.0,350
735003387928510705,Retreat To Pisa,Central Otago District,Cromwell Ward,Entire home/apt,131.0,350
14949976,Tranquility in Rangiwahia,Manawatu District,Rural Ward,Entire home/apt,135.0,350
21636469,The Nest 1 Studio unit,Marlborough District,Blenheim Ward,Entire home/apt,141.0,349
773348053448137282,Vauxhall Home - Upstairs Bedroom,Dunedin City,Area Outside Ward,Private room,64.0,349
39957213,"Romantic, Private with king bed * Cambridge 12 min",Waikato District,Tamahere Ward,Entire home/apt,198.0,349
21775486,"Quiet, central twin room",Rotorua District,Area Outside Ward,Private room,58.0,349
18674805,Luxury Suite Enjoying Spectacular Sea Views and Sunsets,Porirua City,Northern Ward/Pukerua ki te Raki,Entire home/apt,214.0,349
46992091,Top-Floor Studio with Kitchenette • Hot Tub Access,Queenstown-Lakes District,Queenstown-Wakatipu Ward,Entire home/apt,217.0,349
32071898,The Loft,Whangarei District,Okara Ward,Entire home/apt,229.0,349
33695972,Richmond Retreat,Tasman District,Richmond Ward,Entire home/apt,96.0,349
19085966,Lovely room in delightful Mount Eden home,Auckland,Albert-Eden-Puketāpapa Ward,Private room,115.0,349
42644178,"Airport Bus, Convention Centre NZICC, 2 mins walk",Auckland,Waitematā and Gulf Ward,Private room,103.0,349
21967098,Mojo Journeys- Beach side apartment.,Napier City,Ahuriri Ward,Entire home/apt,194.0,348
22602128,The Blue Bach,Western Bay of Plenty District,Katikati-Waihi Beach Ward,Entire home/apt,223.0,348
23128395,"Mount Maunganui, luxury, private suite.",Tauranga City,Mount Maunganui-Papamoa Ward,Private room,160.0,348
35804041,"Beautiful Sunshine Bay

No extra cleaning charges",Queenstown-Lakes District,Queenstown-Wakatipu Ward,Entire home/apt,166.0,348
32408251,Bothan Beag - Your little house away from home!,Dunedin City,Area Outside Ward,Entire home/apt,320.0,348
5573749,Beachfront Escape - Tapeka Bach,Far North District,Bay of Islands-Whangaroa Ward,Entire home/apt,316.0,348
40262134,"Modern, spacious 2 bedroom apartment in CBD",Christchurch City,Central Ward,Entire home/apt,167.0,348
11329292,"Autumn is here, winter is coming",Masterton District,Area Outside Ward,Entire home/apt,354.0,348
27788405,Cardrona Boundary Creek Hut,Queenstown-Lakes District,Wanaka Ward,Entire home/apt,,348
44409082,SKIBO Methven,Ashburton District,Western Ward,Entire home/apt,161.0,348
38079335,"Bright, cosy Central Location",Christchurch City,Central Ward,Entire home/apt,160.0,348
18619825,Spacious room overlooking Lake Rotorua,Rotorua District,Area Outside Ward,Entire home/apt,433.0,348
36946059,Beneath the Golden Oak - Walk to Town,Matamata-Piako District,Matamata Ward,Private room,126.0,348
1055930236983607320,Private Sleepout in Blenheim| Own Bathroom&Parking,Marlborough District,Blenheim Ward,Entire home/apt,103.0,348
42210565,BellaMonte Vista,Napier City,Ahuriri Ward,Entire home/apt,301.0,348
4218956,"private studio, easy walk to town",Queenstown-Lakes District,Wanaka Ward,Private room,200.0,348
739486369074039254,Cosy Cottage Farm Stay,Auckland,Waitākere Ward,Entire home/apt,119.0,348
766982951091153786,Comfortable & Hospital Handy CBD 3Bed Home,Hamilton City,West Ward,Entire home/apt,246.0,348
21583866,Awesome Apartment Close to Town Off Street Parking,Queenstown-Lakes District,Queenstown-Wakatipu Ward,Entire home/apt,223.0,348
54368743,Modern home in prime location!,Auckland,Albert-Eden-Puketāpapa Ward,Entire home/apt,200.0,348
14874458,The Kings @ 51 - a Guest Suite within our home.,Southland District,Mararoa Waimea Ward,Entire home/apt,232.0,348
38358604,Fun and Relaxation The Perfect Mix,Christchurch City,Cashmere Ward,Entire home/apt,,348
20593155,Charming warm self contained guest-suite,Tauranga City,Te Papa-Welcome Bay Ward,Entire home/apt,150.0,347
795655380264261849,"Cheerful, private downstairs guest suite.",Taupo District,Taupō Ward,Entire home/apt,120.0,347
32070292,Buggles - a hideaway close to town,Whangarei District,Whangarei Heads Ward,Entire home/apt,138.0,347
26012983,Central Nelson: Sunny Private Studio with a view,Nelson City,Area Outside Ward,Entire home/apt,148.0,347
41886387,Raglan Beach House,Waikato District,Raglan Ward,Private room,103.0,347
5078665,"Beautiful bedroom in a sunny house, great view !",Auckland,North Shore Ward,Private room,92.0,347
17929492,House on the Hill Olives country stay studio,Marlborough District,Wairau-Awatere Ward,Entire home/apt,229.0,347
53501099,"Atas B&B - Adventure in
Tikitere, Rotorua",Rotorua District,Area Outside Ward,Entire home/apt,237.0,347
22400243,The Little Stone Cottage,Queenstown-Lakes District,Wanaka Ward,Entire home/apt,263.0,347
11444680,The Barn,Auckland,Waitākere Ward,Entire home/apt,189.0,347
704627124544150486,Family-Friendly 3BR | Games Room & Patio,Christchurch City,Riccarton Ward,Entire home/apt,319.0,347
50217556,Taita Hideaway,Lower Hutt City,Northern Ward,Entire home/apt,277.0,347
18026002,Bates' Beach View,Clutha District,Catlins Ward,Private room,,347
1001140311470855663,Luxury Wilderness Cabin on Private Lake,Westland District,Southern Ward,Entire home/apt,433.0,347
40157784,"Karitane, Wisteria Cottage",Dunedin City,Area Outside Ward,Entire home/apt,116.0,347
16415171,Comfy private room in modern house,Invercargill City,Area Outside Ward,Private room,103.0,347
52614454,Black's Hut -  Lakefront Cottage,Southland District,Mararoa Waimea Ward,Entire home/apt,856.0,347
22734679,The Little House,Whangarei District,Hikurangi-Coastal Ward,Entire home/apt,132.0,347
14873856,"GreyStone Mountain House, Lake Ohau NZ",Waitaki District,Ahuriri Ward,Entire home/apt,420.0,347
737962770696162213,Starlight Garden Apartment with lake views,Mackenzie District,Pukaki Ward,Entire home/apt,343.0,346
19627706,MyHolidaysNz - Hillside Home With Panoramic Views,Queenstown-Lakes District,Queenstown-Wakatipu Ward,Entire home/apt,523.0,346
15966762,Perky green Queen room in Taupō town,Taupo District,Taupō Ward,Private room,70.0,346
18913070,"The Greenkeeper's Cottage, Carterton area",Carterton District,Area Outside Ward,Entire home/apt,183.0,346
832033225302096523,Self contained studio,Auckland,Manukau Ward,Entire home/apt,145.0,346
25596654,A Place in the Paddock,Matamata-Piako District,Matamata Ward,Entire home/apt,305.0,346
579305014140814443,"✨The Villa ✨  Spa, Netflix & Entirely Private",Hastings District,Hastings-Havelock North Ward,Entire home/apt,321.0,346
52831465,NEW 2-bedroom Cottage in stunning South Westland,Westland District,Southern Ward,Entire home/apt,252.0,346
41772959,Cosy Boutique Retreat close to everything!,Wellington City,Pukehīnau/Lambton Ward,Entire home/apt,160.0,346
16636803,"""Punga Lodge"" the Mountain Sanctuary",Waipa District,Maungatautari Ward,Entire home/apt,121.0,346
27235685,Six Kamahi Guest Studio   - Peaceful & Quiet Space,Westland District,Southern Ward,Entire home/apt,140.0,346
50883741,Central Suites #3,Westland District,Hokitika Ward,Entire home/apt,,346
37470392,"Mt Roy Retreat
with beautiful mountain views",Queenstown-Lakes District,Wanaka Ward,Entire home/apt,234.0,346
38654394,Beach Road Retreat,Marlborough District,Marlborough Sounds Ward,Entire home/apt,127.0,345
30957739,Twilight on Tekapo Drive with spa,Mackenzie District,Pukaki Ward,Entire home/apt,377.0,345
16362728,Beach and pool hideaway,Tauranga City,Mount Maunganui-Papamoa Ward,Entire home/apt,143.0,345
730601450995105836,"Huge 5 Star Apartment, Superb Location in Downtown",Auckland,Waitematā and Gulf Ward,Entire home/apt,228.0,345
594229023138122400,Hot Tub Under the Stars | Tiny Home Retreat,Rotorua District,Area Outside Ward,Entire home/apt,228.0,345
14695939,Sprockets,Nelson City,Area Outside Ward,Private room,80.0,345
21647328,Bluff Hill Historic Villa B n B,Napier City,Ahuriri Ward,Private room,188.0,345
30114544,Master Bedroom - 15m² White & Blue BnB,Taupo District,Turangi-Tongariro Ward,Private room,115.0,345
16180791,White Stone Lodge South,Westland District,Southern Ward,Private room,,345
20763024,Southfiord B&B *The Cottage* Te Anau Milford Sound,Southland District,Mararoa Waimea Ward,Entire home/apt,275.0,345
2362657,Self-contained and private. Safe quiet farm stay.,Selwyn District,Selwyn Central Ward,Entire home/apt,103.0,345
41934560,River & Trail Camping Pod,Westland District,Hokitika Ward,Entire home/apt,153.0,345
18618135,Parkview Cottage - stroll to town,Nelson City,Area Outside Ward,Entire home/apt,96.0,344
12711983,Stunning Ocean Road Bach,Thames-Coromandel District,South Eastern Ward,Entire home/apt,233.0,344
11361334,Lake front single room with comfortable double bed,Queenstown-Lakes District,Queenstown-Wakatipu Ward,Private room,194.0,344
10435460,Black Pearl Studio,Thames-Coromandel District,Mercury Bay Ward,Entire home/apt,200.0,344
653764642495944951,Stunning Views of Lake Wakatipu. Free parking,Queenstown-Lakes District,Queenstown-Wakatipu Ward,Entire home/apt,542.0,344
835101920517028476,Fleetwood Mack Housetruck in Pirongia,Waipa District,Pirongia Ward,Entire home/apt,126.0,344
14902630,"Walk to the Beach, shops, Cafes & Restaurants",Tauranga City,Mount Maunganui-Papamoa Ward,Entire home/apt,229.0,344
6231551,Arthur's Pass Ecolodge - unique off grid living,Selwyn District,Malvern Ward,Private room,291.0,344
37403774,HAMPSON HEIGHTS,Rotorua District,Area Outside Ward,Entire home/apt,263.0,344
21045072,Thistle Do Retreat | Easy Walk to the Lake,Rotorua District,Area Outside Ward,Private room,,344
37862343,Blue Gables modern restored historic Villa,Waikato District,Raglan Ward,Private room,138.0,344
19039994,Cairdys Retreat,Hauraki District,Plains Ward,Entire home/apt,188.0,344
589986913532758283,Cosy in the Centre of Ohakune,Ruapehu District,Waimarino-Waiouru Ward,Entire home/apt,122.0,344
8676232,The Hut @ Wood Pigeon Lodge with stunning views,Ruapehu District,National Park Ward,Entire home/apt,257.0,344
16167512,White Stone Lodge,Westland District,Southern Ward,Private room,,343
37292482,Lakeside accommodation in an organic winery.,Horowhenua District,Waiopehu Ward,Entire home/apt,212.0,343
936285339665188264,Cosy Albert Town Sleepout,Queenstown-Lakes District,Wanaka Ward,Entire home/apt,125.0,343
52045743,"""REHUA"" New cottage - Burke's Pass - Tekapo",Mackenzie District,Opuha Ward,Entire home/apt,457.0,343
8156629,Cosy Country Hut,Southland District,Oreti Ward,Private room,97.0,343
10930747,Studio Apt 350m from beach,Auckland,Ōrākei Ward,Entire home/apt,220.0,343
15662035,Spacious Garden Home | Walk to Park & Shops,Auckland,Albert-Eden-Puketāpapa Ward,Entire home/apt,376.0,342
650824893416631133,HOT TUB 4 bdr lake/town 5 min drive,Queenstown-Lakes District,Wanaka Ward,Entire home/apt,548.0,342
15208965,Stroll to Mission Estate & Church Rd Winery,Napier City,Taradale Ward,Private room,86.0,342
39029388,Idyllic Countryside Cottage with Wifi,Rotorua District,Area Outside Ward,Entire home/apt,165.0,342
720674721336607306,The Birds Nest - Central City Loft,Wellington City,Pukehīnau/Lambton Ward,Entire home/apt,291.0,342
29416809,Lake Taupo Water View Tongariro & Whakapapa Skiing,Taupo District,Turangi-Tongariro Ward,Entire home/apt,294.0,342
25301242,Central City Two King Beds Free Wifi & Parking,Queenstown-Lakes District,Queenstown-Wakatipu Ward,Entire home/apt,353.0,342
16567018,"Langs Beach, panoramic sea views, 100m to beach.",Kaipara District,Mangawhai-Kaiwaka Ward,Entire home/apt,197.0,342
21818708,5 Easy Walk to Town Lake Gondola Activities Shops.,Queenstown-Lakes District,Queenstown-Wakatipu Ward,Entire home/apt,349.0,342
20574884,Incredible location right in the ❤️ of MtMaunganui,Tauranga City,Mount Maunganui-Papamoa Ward,Entire home/apt,171.0,342
22987144,BnB @113B,Thames-Coromandel District,Mercury Bay Ward,Private room,94.0,342
31841892,Taranaki Beach House - Great Sea Views,New Plymouth District,North Ward,Entire home/apt,194.0,341
16521299,Central location with parking easy access,Queenstown-Lakes District,Queenstown-Wakatipu Ward,Entire home/apt,388.0,341
47271410,"The Bunker; your private, self-contained stay.",Lower Hutt City,Harbour Ward,Entire home/apt,104.0,341
368998,Beeches - Downtown Queenstown in Luxury,Queenstown-Lakes District,Queenstown-Wakatipu Ward,Entire home/apt,2067.0,341
32597792,Pounamu Views,Queenstown-Lakes District,Queenstown-Wakatipu Ward,Entire home/apt,913.0,341
9780173,"BesideTheSea, waterfront self -contained apartment",Whangarei District,Whangarei Heads Ward,Entire home/apt,286.0,341
5383723,HARBOURSIDE STUDIO UNIT.(LOFT),Waitaki District,Waihemo Ward,Entire home/apt,177.0,341
21950707,Okereru - Relax & Recharge,Christchurch City,Banks Peninsula Ward,Entire home/apt,103.0,341
5395676,Romantic Getaway - The Caboose,Tasman District,Golden Bay Ward,Entire home/apt,143.0,341
14377169,Alpine Retreat,Queenstown-Lakes District,Queenstown-Wakatipu Ward,Entire home/apt,334.0,341
33662785,"Coastal Calm | Luxe Stay with Views, Bath & Fire.",Tasman District,Moutere-Waimea Ward,Entire home/apt,323.0,341
32384735,Beachside Glamping Pod overlooking the bay,Thames-Coromandel District,Coromandel-Colville Ward,Entire home/apt,134.0,341
46014929,Modern Stylish Townhouse in the Heart of Chch CBD,Christchurch City,Central Ward,Entire home/apt,196.0,341
33885293,Studio 25 - A charming room in a garden setting.,South Wairarapa District,Martinborough Ward,Entire home/apt,140.0,341
11087472,Kaimai Range Country Getaway,Western Bay of Plenty District,Katikati-Waihi Beach Ward,Entire home/apt,272.0,341
10249260,Artist Photographers Home Studio,Auckland,Waitematā and Gulf Ward,Private room,95.0,340
11021865,Moonlight Acres Countryside Retreat,Waikato District,Newcastle Ward,Entire home/apt,166.0,340
9393685,Waitomo BigBird B&B -Family homestead room,Waitomo District,Waitomo Rural Ward,Private room,149.0,340
19334557,Charming Cockle Bay,Auckland,Howick Ward,Entire home/apt,131.0,340
22365638,Kiwi Family Beach Bach,Southland District,Waiau Aparima Ward,Entire home/apt,164.0,340
16395551,Wainui Beach studio  - 2 minutes walk to beach,Gisborne District,Gisborne Ward,Entire home/apt,120.0,340
30420515,Te Ara Cottage Tranquil Retreat,Christchurch City,Banks Peninsula Ward,Entire home/apt,166.0,340
41515636,Modern Redwoods Retreat - Trails at Your Doorstep,Rotorua District,Area Outside Ward,Entire home/apt,255.0,340
45079544,Beautiful cottage with mountain and sea views,Westland District,Southern Ward,Entire home/apt,286.0,340
34316589,Papamoa Beach - entire guest wing near the beach!,Tauranga City,Mount Maunganui-Papamoa Ward,Entire home/apt,113.0,340
27285546,Kotuku Cottage in CBD 2 minutes to Ferry and shop,Invercargill City,Area Outside Ward,Entire home/apt,172.0,339
33292938,Oceanside Escape,Napier City,Nelson Park Ward,Entire home/apt,214.0,339
23380063,Luxurious Parkside Studio - Private and Spacious,Marlborough District,Blenheim Ward,Entire home/apt,249.0,339
20135828,Stylish Beach Hideaway,Auckland,Ōrākei Ward,Entire home/apt,159.0,339
24069020,Skippers Hideout,Waikato District,Raglan Ward,Entire home/apt,135.0,339
12905459,Macrocapa heights,Gisborne District,Tawhiti-Uawa Ward,Entire home/apt,155.0,339
170683,Million dollar views - lovely rooms,Waikato District,Newcastle Ward,Private room,162.0,339
23435634,Waterviews and close to Airport/Southern Motorway,Auckland,Manurewa-Papakura Ward,Private room,91.0,339
691617730585077826,Quiet and out of town,Taupo District,Taupō Ward,Entire home/apt,172.0,339
11914769,90 Mile Beach Front Hideaway,Far North District,Te Hiku Ward,Entire home/apt,160.0,339
748654842441848858,City Centre Apartment on Gloucester,Christchurch City,Central Ward,Entire home/apt,223.0,339
30330936,Sunny Seaside Bungalow in Lyall Bay,Wellington City,Motukairangi/Eastern Ward,Entire home/apt,222.0,339
31659082,"Te Onepoto lodge Sumner, 151a TM road",Christchurch City,Heathcote Ward,Entire home/apt,355.0,339
28597095,"Stunning Views, Elegance and well designed",Queenstown-Lakes District,Queenstown-Wakatipu Ward,Entire home/apt,821.0,339
28164226,"Mangawhai / Te Arai - A Tranquil, Lush Getaway",Auckland,Rodney Ward,Entire home/apt,257.0,339
20608779,The Tin Shed farm studio with outstanding views,Southland District,Mararoa Waimea Ward,Entire home/apt,236.0,339
15549834,Large 5 bedroom home overlooking the ocean.,Grey District,Central Ward,Entire home/apt,444.0,338
42227634,A Nice Room in Palmy With Smart TV (Free Netflix),Palmerston North City,Area Outside Ward,Private room,,338
22774393,The Wine Magnolia,Far North District,Bay of Islands-Whangaroa Ward,Private room,116.0,338
29802281,Cozy Blackfoot Lodge,Ruapehu District,Taumarunui Ward,Entire home/apt,133.0,338
24142882,Albany 2 bedroom courtyard retreat,Auckland,Albany Ward,Entire home/apt,143.0,338
18827571,Otago Peninsula Guesthouse,Dunedin City,Area Outside Ward,Entire home/apt,194.0,338
830834195393494330,Self-contained Studio-Wadestown,Wellington City,Wharangi/Onslow-Western Ward,Entire home/apt,103.0,338
812455951728791079,The Gondola View Inn,Rotorua District,Area Outside Ward,Entire home/apt,261.0,338
726814720787952533,The Good Life - Rural & Relaxing,Ruapehu District,Taumarunui Ward,Entire home/apt,166.0,337
927035305455574074,Studio Blak - Ahipara,Far North District,Te Hiku Ward,Entire home/apt,126.0,337
33232168,Eclectic Cottage 2 minutes to airport,Christchurch City,Waimairi Ward,Entire home/apt,199.0,337
28526867,"Shotover Haven - Book 7 Nights, Get 20%OffYourStay",Queenstown-Lakes District,Queenstown-Wakatipu Ward,Entire home/apt,326.0,337
23968337,Historic house and peaceful retreat in Parnell,Auckland,Ōrākei Ward,Entire home/apt,297.0,337
626921382798791172,"Akatea Hill - Peaceful, secluded, rural hideaway",Waikato District,Raglan Ward,Entire home/apt,290.0,337
14787203,Onetangi Beach Waiheke. Private Beach Cabin.,Auckland,Waitematā and Gulf Ward,Entire home/apt,257.0,337
553191863988401417,"Walnut Cottage, a rural idyll",Masterton District,Area Outside Ward,Entire home/apt,159.0,337
23220515,Camrose,Waipa District,Te Awamutu Ward,Entire home/apt,133.0,337
21438729,Fab Pad in the CBD. Car park included!,Auckland,Waitematā and Gulf Ward,Entire home/apt,221.0,337
17332219,"Modern & Private + hot tub.
Peak View lodge-",Queenstown-Lakes District,Wanaka Ward,Entire home/apt,698.0,336
2037535,Tokatoka Views B&B/Farmstay,Kaipara District,Otamatea Ward,Private room,69.0,336
30297598,Heart of the Central - Stylish Queen St Apt,Auckland,Waitematā and Gulf Ward,Entire home/apt,162.0,336
10469773,Aspen View Queenstown - King/Twin,Queenstown-Lakes District,Queenstown-Wakatipu Ward,Private room,189.0,336
10865040,Crooked Mile - historic Kiwi cottage- Hokitika,Westland District,Hokitika Ward,Entire home/apt,251.0,336
19218486,Walk to town. Hot Tub - Huge Lake Views- King beds,Queenstown-Lakes District,Queenstown-Wakatipu Ward,Entire home/apt,769.0,336
47850734,"Central, Spacious and Comfortable Retreat",Gisborne District,Gisborne Ward,Entire home/apt,,336
745260120312385147,Highly rated coastal chic in St Clair,Dunedin City,Area Outside Ward,Entire home/apt,166.0,336
10339576,Ben Lomond Historic Home,Napier City,Ahuriri Ward,Entire home/apt,212.0,336
5591386,The Loft at Te Kumi Tirohanga,Waitomo District,Waitomo Rural Ward,Entire home/apt,281.0,336
657686479614829663,"Bluff Hill Garden Flat, Breakfast Books & Birdsong",Napier City,Ahuriri Ward,Entire home/apt,124.0,336
37159871,NY Style 3 Bed Character Apartment in Auckland CBD,Auckland,Waitematā and Gulf Ward,Entire home/apt,345.0,336
42316074,Alpine Retreat - Panoramic Views,Queenstown-Lakes District,Queenstown-Wakatipu Ward,Entire home/apt,875.0,335
41958441,"Guest Suite - Master bedroom with ensuite, 2 beds",Upper Hutt City,Area Outside Ward,Entire home/apt,91.0,335
42432402,Cozy Garden Room with your own entrance & bathroom,Dunedin City,Area Outside Ward,Private room,103.0,335
876612046022154745,Luxury Life Galore - Sleeps 4,Christchurch City,Central Ward,Entire home/apt,225.0,335
10639233,Sunny Mornington 2 Bedroom Guest Suite,Dunedin City,Area Outside Ward,Private room,137.0,334
21831096,En-suite room 1 in Gemini home,Queenstown-Lakes District,Queenstown-Wakatipu Ward,Private room,203.0,334
2381272,Superb Views over Queenstown,Queenstown-Lakes District,Queenstown-Wakatipu Ward,Entire home/apt,1139.0,334
18931946,"The Spruce Hus, Studio by the Lake.",Queenstown-Lakes District,Queenstown-Wakatipu Ward,Entire home/apt,320.0,334
13378128,"Comfy private room in Greenlane, Auckland",Auckland,Maungakiekie-Tāmaki Ward,Private room,133.0,334
9395272,House with Lakeview - Dolby's Crib,Queenstown-Lakes District,Queenstown-Wakatipu Ward,Entire home/apt,378.0,334
8371689,"Beachside unit, short walk to shops/cafés and bars",Tauranga City,Mount Maunganui-Papamoa Ward,Entire home/apt,125.0,334
31309416,A-Frame. Ideal for families and large groups.,South Wairarapa District,Greytown Ward,Entire home/apt,254.0,334
10457302,Harbourside Studio Apartment 'seven',Dunedin City,Area Outside Ward,Entire home/apt,157.0,334
31474227,Convenient 5 min walk to Town -3BR Lakeside Wonder,Queenstown-Lakes District,Queenstown-Wakatipu Ward,Entire home/apt,729.0,334
16419044,Taupo Getaway,Taupo District,Taupō Ward,Entire home/apt,261.0,333
30426177,Lavender House Apartment,Rotorua District,Area Outside Ward,Entire home/apt,185.0,333
879966514142647676,Blenheim Guesthouse,Marlborough District,Blenheim Ward,Entire home/apt,121.0,333
47817991,Amazing Harbour & Sea View 2Bd & 2Bth with Aircon,Auckland,Waitematā and Gulf Ward,Entire home/apt,195.0,333
13941756,The Container Cabin,Queenstown-Lakes District,Queenstown-Wakatipu Ward,Private room,109.0,333
43794562,Stop! Turn-around! Take in the View!,Napier City,Ahuriri Ward,Entire home/apt,180.0,333
16057281,"Beach Front Wyuna Bay, Coromandel Town Apartment",Thames-Coromandel District,Coromandel-Colville Ward,Entire home/apt,143.0,333
16711328,Kauri View Chalet,Thames-Coromandel District,South Eastern Ward,Private room,69.0,333
15708932,Panoramic Lake & Remarkables Views,Queenstown-Lakes District,Queenstown-Wakatipu Ward,Entire home/apt,494.0,333
22387312,The Lookout,Thames-Coromandel District,Mercury Bay Ward,Entire home/apt,189.0,333
43820103,Designer Cabin | Lake Tekapo,Mackenzie District,Pukaki Ward,Entire home/apt,349.0,333
32594243,60's Style & Hospitality-bedroom & private lounge,Tauranga City,Te Papa-Welcome Bay Ward,Private room,75.0,333
28874218,"Maklly Holiday Home. Modern, Wifi, Sky,",Taupo District,Taupō Ward,Entire home/apt,195.0,332
24376149,Lakeside Gem - Genuine Lakeside 1 Bedroom Suite,Queenstown-Lakes District,Queenstown-Wakatipu Ward,Entire home/apt,560.0,332
16546643,St Clair Beach bungalow,Dunedin City,Area Outside Ward,Entire home/apt,150.0,332
1016140,Garden Apartment Central Nelson,Nelson City,Area Outside Ward,Entire home/apt,172.0,332
29862509,Tau Studio - Boutique Accommodation,Ruapehu District,Waimarino-Waiouru Ward,Entire home/apt,208.0,332
35289211,Airport/Ferry. Over-night Room A,Wellington City,Motukairangi/Eastern Ward,Private room,68.0,332
13581602,SUNNY CBD APARTMENT (V13),Wellington City,Pukehīnau/Lambton Ward,Entire home/apt,272.0,332
54328008,Cuba Mall Boho Studio Heart of the City,Wellington City,Pukehīnau/Lambton Ward,Entire home/apt,183.0,332
16406938,CHEESEMAKERS RETREAT. Coastal Getaway.,Hastings District,Heretaunga Ward,Entire home/apt,112.0,332
40267611,Beachfront Retreat on Revell - Sunsets & Fire Pit,Westland District,Hokitika Ward,Entire home/apt,286.0,332
10368630,A big double room very close to CBD,Auckland,Albert-Eden-Puketāpapa Ward,Private room,92.0,331
45739413,Surrounded by Nature,Carterton District,Area Outside Ward,Entire home/apt,234.0,331
1059516229293552084,"Smart Stay: Modern Apt w/ Free Parking, Near Uni",Dunedin City,Area Outside Ward,Entire home/apt,398.0,331
41746413,Alfy's Secret Lair,Queenstown-Lakes District,Queenstown-Wakatipu Ward,Entire home/apt,226.0,331
31076408,"Caravan on the beach, dark skies, penguins",Tasman District,Golden Bay Ward,Entire home/apt,63.0,331
49215811,"Serene Studio(No Window), No Cleaning Fee",Christchurch City,Central Ward,Private room,87.0,331
21802634,Spacious and Charming Inner-City Sub-Penthouse,Wellington City,Pukehīnau/Lambton Ward,Entire home/apt,446.0,331
17891905,Sunny & comfortable private unit,Hastings District,Hastings-Havelock North Ward,Entire home/apt,143.0,331
39617939,Tauranga - Modern Beach Retreat (4 bedrooms）,Tauranga City,Mount Maunganui-Papamoa Ward,Entire home/apt,377.0,331
8474025,Modern Apartment,Auckland,Ōrākei Ward,Entire home/apt,143.0,331
18619155,Private 2 bedroom wing in sunny city fringe home,Auckland,Albert-Eden-Puketāpapa Ward,Entire home/apt,160.0,331
553628880263495414,The Retro Room - Guest Suite in Pyes Pa,Tauranga City,Otumoetai-Pyes Pa Ward,Entire home/apt,121.0,331
1661966,"Quiet and comfy, private and peaceful.",Rotorua District,Area Outside Ward,Entire home/apt,280.0,331
24226386,Sunset-Spa Pool-Stargazing-Serenity-Sheep-Netflix,Selwyn District,Selwyn Central Ward,Entire home/apt,122.0,331
13789779,Clean and Elegant Ponsonby Character Villa,Auckland,Waitematā and Gulf Ward,Entire home/apt,571.0,331
41378494,Quiet on Fitzroy,Hastings District,Hastings-Havelock North Ward,Entire home/apt,127.0,331
1370837,Studio on Kings,Queenstown-Lakes District,Wanaka Ward,Entire home/apt,135.0,331
18935438,Lovely by The Lake,Hamilton City,West Ward,Private room,103.0,331
20652810,Hawea river retreat.,Queenstown-Lakes District,Wanaka Ward,Entire home/apt,242.0,331
28972506,Wildside Lodge,Westland District,Southern Ward,Entire home/apt,209.0,330
31130847,In the heart of Oneroa - Waiheke Is,Auckland,Waitematā and Gulf Ward,Entire home/apt,177.0,330
15539271,Cosy Coromandel Cottage,Thames-Coromandel District,Coromandel-Colville Ward,Entire home/apt,196.0,330
16654048,Sunny ensuite studio in Sunnyhills,Auckland,Howick Ward,Entire home/apt,150.0,330
21231011,Manita's Airbnb - Kiwi Room (has TV ),Rotorua District,Area Outside Ward,Private room,97.0,330
27042891,South City Accommodation Invercargill Unit 1,Invercargill City,Area Outside Ward,Entire home/apt,200.0,330
9757272,"Korurahi Retreat, Blenheim.",Marlborough District,Blenheim Ward,Entire home/apt,143.0,330
10313169,The Cottage -Watersedge,Waikato District,Raglan Ward,Entire home/apt,226.0,330
2510387,"Private garden setting, breakfast, hot tub, cafés.",Hastings District,Hastings-Havelock North Ward,Entire home/apt,172.0,330
4938499,Private and Luxurious on Waiheke (Onetangi Chalet),Auckland,Waitematā and Gulf Ward,Entire home/apt,315.0,330
51333463,Lakefront Glamping Dome,Taupo District,Turangi-Tongariro Ward,Entire home/apt,240.0,330
33571005,"Mountain, lake, sun and this beautiful home",Queenstown-Lakes District,Queenstown-Wakatipu Ward,Entire home/apt,1113.0,329
46284972,Scandinavian-style modern rural barn getaway,Dunedin City,Area Outside Ward,Entire home/apt,331.0,329
954800354773262793,Bird lovers Sanctuary.,Buller District,Westport Ward,Entire home/apt,261.0,329
42948282,Cozy Lake View Unit,Queenstown-Lakes District,Queenstown-Wakatipu Ward,Entire home/apt,206.0,329
623305755507518843,Gateway Getaway,Mackenzie District,Opuha Ward,Entire home/apt,343.0,329
16457396,"Alpine Avenue great views, relax and enjoy",Hurunui District,West Ward,Entire home/apt,200.0,329
753805185752261092,Lakewood Glamping - in the heart of Te Anau,Southland District,Mararoa Waimea Ward,Private room,190.0,329
835104083223352596,Foudre Suite w/Hot Tub @ Barrelled Wines Raglan,Waikato District,Raglan Ward,Entire home/apt,309.0,329
19214238,Plum Tree Gardens (small rustic home),Rotorua District,Area Outside Ward,Entire home/apt,129.0,329
46650050,The flat,Kaipara District,Mangawhai-Kaiwaka Ward,Entire home/apt,210.0,329
10341119,Bedroom with great views over Wellington,Wellington City,Paekawakawa/Southern Ward,Private room,91.0,329
21986573,Mountviews Retreat | Bthrm+Kitchenette+own Entry,Rotorua District,Area Outside Ward,Entire home/apt,137.0,329
36567942,"Tahakopa Bay Retreat, Catlins, South Otago",Clutha District,Catlins Ward,Entire home/apt,535.0,328
31692563,Storybook Studio Cottage | 2 mins to Ponsonby Road,Auckland,Waitematā and Gulf Ward,Entire home/apt,151.0,328
50816115,A stroll to the beach or city - Strandon,New Plymouth District,New Plymouth City Ward,Entire home/apt,231.0,328
726419848447479293,The Beach Kiwi Studio,Tasman District,Motueka Ward,Entire home/apt,172.0,328
53447445,"New Te Anau Holiday Home- Views, Spa & Space",Southland District,Mararoa Waimea Ward,Entire home/apt,982.0,328
31357378,Redwood Cabin: Central Location,Nelson City,Area Outside Ward,Private room,97.0,328
43547472,Central studio with easy access to transport,Auckland,Albert-Eden-Puketāpapa Ward,Entire home/apt,115.0,328
42566276,"Sunny, sheltered and private studio guesthouse",Queenstown-Lakes District,Wanaka Ward,Entire home/apt,,328
13676377,Fresh hotel style Beach Room at the Mount,Tauranga City,Mount Maunganui-Papamoa Ward,Entire home/apt,111.0,328
17707051,KEATZ BnB Private rural retreat by the beach/river,New Plymouth District,New Plymouth City Ward,Entire home/apt,116.0,328
46580193,"Cute, colourful, central Picton 1940s cottage",Marlborough District,Marlborough Sounds Ward,Entire home/apt,183.0,328
2152060,Walk to CBD - qTownpad M3,Queenstown-Lakes District,Queenstown-Wakatipu Ward,Entire home/apt,325.0,328
46995025,Apartment set amongst Apple Orchard  + E Bike Hire,Hastings District,Heretaunga Ward,Entire home/apt,198.0,328
32674201,Idyllic Moutere Mountain View Studio,Tasman District,Motueka Ward,Entire home/apt,151.0,327
21462247,Green Apple Cabin,Lower Hutt City,Western Ward,Entire home/apt,86.0,327
40260704,Architectural home at Arrow,Queenstown-Lakes District,Queenstown-Wakatipu Ward,Entire home/apt,400.0,327
35627301,Studio20- Modern popular private perfect for two!,Napier City,Taradale Ward,Entire home/apt,126.0,327
22248143,Michael's Cottage（迈克儿小屋）,Auckland,Albert-Eden-Puketāpapa Ward,Entire home/apt,261.0,327
19185562,"Resort style living, pool, spa pool, sea views",Auckland,North Shore Ward,Private room,175.0,327
15196152,Blue sky view in Atawhai,Nelson City,Area Outside Ward,Entire home/apt,110.0,327
25234858,The Hutch - rural boutique accomodation,Hastings District,Hastings-Havelock North Ward,Entire home/apt,177.0,327
21883833,Hidden Rock 2 Rooms,Queenstown-Lakes District,Queenstown-Wakatipu Ward,Private room,170.0,327
39341908,Sunnybrook Haven,Rotorua District,Area Outside Ward,Entire home/apt,132.0,327
22640003,"Hedditch Street, 1 min to town",Queenstown-Lakes District,Wanaka Ward,Entire home/apt,343.0,327
18181420,Cosy studio Northlake area. June price reduction,Queenstown-Lakes District,Wanaka Ward,Entire home/apt,153.0,327
24213217,Bach with private waterfront access + 2 Kayak use,Tasman District,Golden Bay Ward,Entire home/apt,216.0,327
21243346,Handcrafted Chalet with Spa access,Westland District,Southern Ward,Entire home/apt,204.0,326
53593854,The Masters Chambers In the Country,Western Bay of Plenty District,Katikati-Waihi Beach Ward,Entire home/apt,160.0,326
31170310,Beach life. fully self contained downstairs Suite.,Auckland,Rodney Ward,Entire home/apt,126.0,326
39301363,Superb bird's eye view over stunning Mercury Bay,Thames-Coromandel District,Mercury Bay Ward,Entire home/apt,,326
19646425,The Lookout | Stunning Rotorua Views with Spa Pool,Rotorua District,Area Outside Ward,Entire home/apt,427.0,326
17811101,Hillcroft Cottage. Stunning views.,Auckland,Franklin Ward,Entire home/apt,127.0,326
45060714,Caravanning on Victoria,Taupo District,Taupō Ward,Private room,92.0,326
22294496,"Hill View Haven Free Wifi Sleeps 4
Fire & Spa",Tasman District,Golden Bay Ward,Entire home/apt,206.0,326
4521759,Now Open Again! Master Bedroom in Seaview Apmt CBD,Auckland,Waitematā and Gulf Ward,Private room,,326
39991992,"The overnighter. Seatoun/Airport, Ferry Room C",Wellington City,Motukairangi/Eastern Ward,Private room,72.0,326
46161376,Bolton Street Cottage,Lower Hutt City,Harbour Ward,Entire home/apt,223.0,326
47980834,Waitangi Self Contained Studio,Far North District,Bay of Islands-Whangaroa Ward,Entire home/apt,126.0,326
18964158,"Woodlands Haven ""Panoramic Views""",Queenstown-Lakes District,Queenstown-Wakatipu Ward,Entire home/apt,729.0,326
10498600,Handcrafted Chalet with Spa access,Westland District,Southern Ward,Entire home/apt,204.0,326
24084364,"Private Suite, Lounge & Bathroom - Walk to Lake",Taupo District,Taupō Ward,Private room,92.0,325
34723193,HawkRidge Chalet - Honeymooners Chalet,Queenstown-Lakes District,Queenstown-Wakatipu Ward,Entire home/apt,573.0,325
1014503019492046671,Mountain view -a peaceful studio escape,Rotorua District,Area Outside Ward,Entire home/apt,116.0,325
21431817,Apartment by the Park - Walk to Lake & Town,Queenstown-Lakes District,Wanaka Ward,Entire home/apt,191.0,325
948129165233614616,Alpaca Serenity Farmhouse,Selwyn District,Selwyn Central Ward,Entire home/apt,270.0,325
9173370,La Plage - Beachfront,Thames-Coromandel District,Mercury Bay Ward,Entire home/apt,191.0,325
657444911714323249,Delightful 1 bedroomed tiny house with sauna,Buller District,Westport Ward,Entire home/apt,165.0,325
46563426,Northlake Retreat ( seperate studio unit ),Queenstown-Lakes District,Wanaka Ward,Entire home/apt,151.0,325
23909600,Cosy rural cottage,Taupo District,Mangakino-Pouakani Ward,Entire home/apt,139.0,325
40435171,"Spa, nature & relax [Self-contained] Titirangi",Auckland,Waitākere Ward,Entire home/apt,246.0,325
49367958,Bird's Nest - Straw-bale Studio at Hot Water Beach,Thames-Coromandel District,Mercury Bay Ward,Entire home/apt,240.0,325
17817425,Rocky Peak Farmstay,Christchurch City,Banks Peninsula Ward,Entire home/apt,286.0,325
24635073,"Tiny Greenie, Passive Tiny House, Golden Bay",Tasman District,Golden Bay Ward,Entire home/apt,237.0,325
16110591,The Terminus: Inner-City Heritage Apartment 5,Dunedin City,Area Outside Ward,Entire home/apt,275.0,325
53405028,"Private, beautiful views, walk to Nelson or beach",Nelson City,Area Outside Ward,Entire home/apt,109.0,325
40096754,"Marina views, downtown Whitianga, entire house",Thames-Coromandel District,Mercury Bay Ward,Entire home/apt,287.0,325
53513351,Perkin’s Lake View Apartment,Queenstown-Lakes District,Queenstown-Wakatipu Ward,Entire home/apt,257.0,324
38852217,Taupo View Loft With Lake Views & Self Contained,Taupo District,Taupō Ward,Entire home/apt,159.0,324
17576531,A minutes walk to beach!*Wildflower Garden Studio*,Thames-Coromandel District,Mercury Bay Ward,Entire home/apt,155.0,324
34239783,Buckley’s Retreat,Waitaki District,Oamaru Ward,Entire home/apt,172.0,324
8556042,Aspen View Queenstown - Queen,Queenstown-Lakes District,Queenstown-Wakatipu Ward,Private room,160.0,324
29220633,Cederman Studio. Walk to Kaiteriteri Beach No fees,Tasman District,Motueka Ward,Entire home/apt,193.0,324
19297459,Modern Budget Studio < 10 min walk to Queenstown,Queenstown-Lakes District,Queenstown-Wakatipu Ward,Entire home/apt,251.0,324
46987753,Top-Floor One-Bedroom Apartment • Hot Tub Access,Queenstown-Lakes District,Queenstown-Wakatipu Ward,Entire home/apt,517.0,324
30870743,20 on Gresham,Hamilton City,East Ward,Entire home/apt,126.0,324
18599566,Hinuera Valley View BnB. Next door to Hobbiton!,Matamata-Piako District,Matamata Ward,Private room,161.0,324
48513701,817A On the Lake at Acacia Bay,Taupo District,Taupō Ward,Entire home/apt,217.0,324
914975922035229350,Iroha Apartment,Queenstown-Lakes District,Wanaka Ward,Entire home/apt,148.0,324
32365821,Top Spot - Great view of Coastline and Town,Waitaki District,Oamaru Ward,Private room,115.0,324
9865549,Heart of Moeraki Beach House,Waitaki District,Waihemo Ward,Entire home/apt,275.0,323
44450879,Quiet retreat with all amenites,Whakatane District,Whakatāne-Ōhope Ward ,Entire home/apt,166.0,323
650832266277090351,"SUNNY MT VIEW coffee machine, kitchenette",Queenstown-Lakes District,Wanaka Ward,Entire home/apt,183.0,323
20652704,"Beach Studio, Beachfront Paradise with a view",Westland District,Southern Ward,Entire home/apt,433.0,323
41069987,"Forget me not Cottage. 
Havelock North.
HB.",Hastings District,Heretaunga Ward,Entire home/apt,262.0,323
42282413,Elegance and Style with a View.,Dunedin City,Area Outside Ward,Entire home/apt,188.0,323
15456857,A Touch of Class... spoil yourself!,Grey District,Central Ward,Entire home/apt,462.0,323
29835333,Cuba St Penthouse with Huge Terrace,Wellington City,Pukehīnau/Lambton Ward,Entire home/apt,502.0,323
21740110,Travellers Delight Queenstown Hill,Queenstown-Lakes District,Queenstown-Wakatipu Ward,Entire home/apt,605.0,323
422523,Sunny Double/Twin Room at Ronans Rest,Lower Hutt City,Eastern Ward,Private room,60.0,323
33690528,Kawau - House Upstairs - private area,Palmerston North City,Area Outside Ward,Entire home/apt,183.0,323
12785111,Hawthorn Guest Retreat,Dunedin City,Area Outside Ward,Entire home/apt,136.0,323
46070246,New York Style - 1 Bedroom Apartment with Carpark,Auckland,Albert-Eden-Puketāpapa Ward,Entire home/apt,228.0,322
16606017,Peaceful friendly retreat with own bathroom & PETS,Queenstown-Lakes District,Queenstown-Wakatipu Ward,Private room,141.0,322
3125885,Polynesian Beach Loft On The Bay!,Far North District,Bay of Islands-Whangaroa Ward,Entire home/apt,314.0,322
42142346,Talbot Road Apartment,Mackenzie District,Opuha Ward,Entire home/apt,191.0,322
28142457,Short Street Urban  Sanctuary,Invercargill City,Area Outside Ward,Entire home/apt,206.0,322
17269699,"Cozy cottage, close to Waitomo caves",Waitomo District,Te Kuiti Ward,Entire home/apt,143.0,322
40572086,"Modern, Plush & Picturesque - Townhouse unit",Queenstown-Lakes District,Queenstown-Wakatipu Ward,Entire home/apt,474.0,322
22192110,La Casita-entire tiny house,Auckland,Waitākere Ward,Entire home/apt,197.0,322
26688202,High Country Escape,Waitaki District,Ahuriri Ward,Entire home/apt,213.0,321
47261432,Cosy Clean Unit in Central Location.,Rotorua District,Area Outside Ward,Entire home/apt,155.0,321
995776818275203749,"The Beach Apartment 
Private Beach Access",Marlborough District,Marlborough Sounds Ward,Entire home/apt,101.0,321
35321724,Shotover Riverside Penthouse Apartment 23,Queenstown-Lakes District,Queenstown-Wakatipu Ward,Entire home/apt,426.0,321
31337610,Awesome City and Water Views,Dunedin City,Area Outside Ward,Entire home/apt,177.0,321
16678937,Off-Grid Farm Life,Kaipara District,West Coast-Central Ward,Entire home/apt,150.0,321
49939005,Waitomo Big Bird B&B -  Double/Ensuite/Kitchen,Waitomo District,Waitomo Rural Ward,Private room,120.0,321
50625936,Awesome new townhouse with KING Bed on Armagh,Christchurch City,Central Ward,Entire home/apt,178.0,321
25677083,Historic Bank in Rural Village - a great escape.,Manawatu District,Rural Ward,Entire home/apt,153.0,321
33044794,Cosy Garden Cottage (Central Auckland),Auckland,Albert-Eden-Puketāpapa Ward,Private room,123.0,321
10283682,Akaroa Cottage,Christchurch City,Banks Peninsula Ward,Entire home/apt,175.0,321
41162651,Tui Haven Cottage,Far North District,Bay of Islands-Whangaroa Ward,Entire home/apt,103.0,321
39342169,Family Holiday Home in Mt Maunganui,Tauranga City,Mount Maunganui-Papamoa Ward,Entire home/apt,299.0,321
1539069,Sunny cottage with water views,Queenstown-Lakes District,Queenstown-Wakatipu Ward,Entire home/apt,462.0,321
16578972,Amazing on Alberta in Acacia Bay,Taupo District,Taupō Ward,Entire home/apt,256.0,321
20765759,"Black Pearl: Views, near beach, shops, transport",Auckland,Waitematā and Gulf Ward,Entire home/apt,338.0,321
25017413,"Big Sky Apartment, Lake Tekapo: sunny and central",Mackenzie District,Pukaki Ward,Entire home/apt,252.0,320
45226251,Perfect getaway CHCH CBD tidy cozy townhouse,Christchurch City,Central Ward,Entire home/apt,163.0,320
54098013,Double Bedroom in the CBD,Hamilton City,West Ward,Private room,69.0,320
34798440,Christchurch Central Apartment,Christchurch City,Central Ward,Entire home/apt,200.0,320
33167448,Rua Awa - a rural gem with breakfast provisions.,Ruapehu District,Taumarunui Ward,Entire home/apt,257.0,320
44918462,Oak Tree Cottage,Upper Hutt City,Area Outside Ward,Entire home/apt,148.0,320
21371586,"Courtenay Cottage, Strandon, New Plymouth",New Plymouth District,New Plymouth City Ward,Entire home/apt,175.0,320
1057626191756059267,Mt Iron Junction,Queenstown-Lakes District,Wanaka Ward,Entire home/apt,149.0,320
6417372,Spacious lakeside retreat at The Willows,Rotorua District,Area Outside Ward,Entire home/apt,417.0,320
42183417,Outstanding Views of the beautiful Tutukaka Coast,Whangarei District,Hikurangi-Coastal Ward,Entire home/apt,206.0,320
53301962,Self Contained Cottage attached to Historic Home,Tasman District,Richmond Ward,Entire home/apt,109.0,320
21969295,"1 Breakaway  Kiwi
 Oban Stewart Island",Southland District,Stewart Island/Rakiura Ward,Entire home/apt,309.0,320
50421011,"Large, private 5 bedroom homestead with pool",Timaru District,Timaru Ward,Entire home/apt,212.0,319
10176247,Stylish 2 Bed Guest Wing near Airport inc Netflix,Christchurch City,Fendalton Ward,Private room,126.0,319
745102799143713696,5-Star Boutique Retreat,Queenstown-Lakes District,Queenstown-Wakatipu Ward,Entire home/apt,289.0,319
27686531,Fabulous Guest Wing near CBD & Airport inc Netflix,Christchurch City,Fendalton Ward,Private room,137.0,319
50683905,Charming 3-Bedroom Bungalow in Central Karori,Wellington City,Wharangi/Onslow-Western Ward,Entire home/apt,264.0,319
13515825,Catlins Estuary View,Clutha District,Catlins Ward,Entire home/apt,260.0,319
19846080,Tuki Tuki River retreat not far from town,Hastings District,Kahuranaki Ward,Entire home/apt,117.0,319
656746548030442311,Botanic Home in Oamaru,Waitaki District,Oamaru Ward,Private room,166.0,318
35647054,Sunny Queenstown Cottage in Shotover Country,Queenstown-Lakes District,Queenstown-Wakatipu Ward,Entire home/apt,419.0,318
572771584496569083,Beach Studio,Tauranga City,Mount Maunganui-Papamoa Ward,Entire home/apt,172.0,318
11285143,Live like never before,Wellington City,Wharangi/Onslow-Western Ward,Private room,139.0,318
871914457862419834,"Cute Studio, golf views near Te Awamutu",Waipa District,Kakepuku Ward,Entire home/apt,121.0,318
40916583,The Boat Studio,Westland District,Southern Ward,Entire home/apt,274.0,318
28646117,Waikanae Beach relaxation and recreation,Kapiti Coast District,Waikanae Ward,Private room,148.0,318
10594697,Amazing view from cosy home.,Wellington City,Motukairangi/Eastern Ward,Private room,119.0,318
31426557,Hilltop Vista - Lake Views | Walk to Town,Queenstown-Lakes District,Queenstown-Wakatipu Ward,Entire home/apt,661.0,318
26261035,Cosy by the Sea,New Plymouth District,New Plymouth City Ward,Entire home/apt,120.0,318
31075186,Taupo Touch of country suite,Taupo District,Taupō Ward,Entire home/apt,160.0,318
21867616,Severn Heaven,Waitaki District,Oamaru Ward,Entire home/apt,179.0,318
30348488,Peaceful Family Retreat by Redwood Forest,Rotorua District,Area Outside Ward,Entire home/apt,907.0,318
32173893,A Peaceful Sanctuary in the Country,Waimakariri District,Oxford-Ohoka Ward,Entire home/apt,118.0,318
53725643,Mountain Lovers Retreat,Queenstown-Lakes District,Queenstown-Wakatipu Ward,Private room,186.0,318
24102520,Best Harbour Views with Peaceful Winter Sunshine,Marlborough District,Marlborough Sounds Ward,Entire home/apt,212.0,318
47787251,Double Room - Hostel with Hot pool,Queenstown-Lakes District,Queenstown-Wakatipu Ward,Private room,139.0,317
984984232781500169,"Peaceful Haven 
Wanaka.",Queenstown-Lakes District,Wanaka Ward,Entire home/apt,103.0,317
23730487,Lakeside Gem | Stylish with Great Lake Views,Rotorua District,Area Outside Ward,Entire home/apt,255.0,317
4583201,Rose Lake Retreat | Great Lake Views with Spa Pool,Rotorua District,Area Outside Ward,Entire home/apt,271.0,317
54359801,Little Eden Farmlet - Guesthouse incl Breakfast,Taupo District,Taupō Ward,Entire home/apt,,317
23436681,"Style , Seclusion, and Views - Home baking!",Nelson City,Area Outside Ward,Entire home/apt,,317
46550311,Kanuka Cabin with  stunning views and spa,Queenstown-Lakes District,Wanaka Ward,Entire home/apt,242.0,317
16900313,The Best of Both Worlds,Whangarei District,Bream Bay Ward,Entire home/apt,257.0,317
47275581,Accommodation with a beautiful view.,Rotorua District,Area Outside Ward,Entire home/apt,217.0,317
48200638,Walk to the Lake! - Secure Garage,Taupo District,Taupō Ward,Entire home/apt,142.0,317
36603968,3 bedroom holiday home in prime Kaikoura location!,Kaikoura District,Area Outside Ward,Entire home/apt,377.0,317
861892235687180044,Mt Iron Hideaway,Queenstown-Lakes District,Wanaka Ward,Entire home/apt,,317
21954229,Picturesque View - 5 bedroom house,Queenstown-Lakes District,Queenstown-Wakatipu Ward,Entire home/apt,1915.0,317
943162118781615992,Studio27,Auckland,Albert-Eden-Puketāpapa Ward,Entire home/apt,157.0,317
15512924,Ellerton Bottle House,Kaikoura District,Area Outside Ward,Entire home/apt,229.0,317
41467028,"Full home at Lake Ōkareka, Rotorua. Sleeps 8",Rotorua District,Area Outside Ward,Entire home/apt,410.0,317
16083020,Woodside Suite: peaceful semi-rural life,South Wairarapa District,Greytown Ward,Entire home/apt,105.0,317
50875471,Treetop Tranquility @ Rekindle Treehouses,Far North District,Bay of Islands-Whangaroa Ward,Entire home/apt,185.0,316
690684247616109349,Central 2-bedroom townhouse with free parking,Wellington City,Pukehīnau/Lambton Ward,Entire home/apt,,316
40331854,Haven 4 U in Te Anau,Southland District,Mararoa Waimea Ward,Entire home/apt,449.0,316
15524827,Stylish Queen Bedroom - with guest lounge and pool,New Plymouth District,New Plymouth City Ward,Private room,80.0,316
29259362,Granity Sands,Buller District,Seddon Ward,Private room,69.0,316
7887801,Greenhouse Ski Lodge,Ashburton District,Western Ward,Entire home/apt,206.0,316
21255683,Conway Cottage,Invercargill City,Area Outside Ward,Entire home/apt,142.0,316
45868594,"Romantic getaway, view!!!, & all the mod cons!",Far North District,Kaikohe-Hokianga Ward,Entire home/apt,333.0,316
26792989,Walk to Eden Park! Kingsland studio,Auckland,Albert-Eden-Puketāpapa Ward,Entire home/apt,183.0,316
14761011,Kaimai Sunset B & B,Matamata-Piako District,Matamata Ward,Entire home/apt,174.0,315
38047607,Mayfair,Queenstown-Lakes District,Queenstown-Wakatipu Ward,Entire home/apt,446.0,315
720713597699539869,The Wellington Loft,Wellington City,Pukehīnau/Lambton Ward,Entire home/apt,243.0,315
34979702,Wild Forest Tin Box - Off the Grid Eco Retreat,Kaipara District,West Coast-Central Ward,Entire home/apt,157.0,315
33570061,"Mountain, lake, sun and this sensational home",Queenstown-Lakes District,Queenstown-Wakatipu Ward,Entire home/apt,951.0,315
11285668,"Patetonga BnB , 2 king singles and a queen bed.",Hauraki District,Plains Ward,Entire home/apt,97.0,315
2012567,Kelvin view  - Blue Room,Queenstown-Lakes District,Queenstown-Wakatipu Ward,Private room,176.0,315
6082452,Zinky Base,Ruapehu District,National Park Ward,Entire home/apt,209.0,315
40538331,"Stillwater BnB, formally The Stillwater Hotel",Grey District,Eastern Ward,Private room,82.0,315
18041977,Old Taylorville school,Grey District,Eastern Ward,Entire home/apt,157.0,315
14720676,The Pines Guesthouse,Queenstown-Lakes District,Queenstown-Wakatipu Ward,Entire home/apt,488.0,315
883468871776782898,Omakana Cottage with Farm Views & Cedar Hot Tub,Auckland,Rodney Ward,Entire home/apt,304.0,315
39425759,No. 9 New townhouse on Armagh|city centre,Christchurch City,Central Ward,Entire home/apt,219.0,315
7764247,"Bird Song, self contained  with on site parking",Wellington City,Wharangi/Onslow-Western Ward,Entire home/apt,128.0,314
32983404,Lake Karapiro Vista - with a WOW view,South Waikato District,Tirau Ward,Entire home/apt,229.0,314
15785618,Warm and sunny three bedroom home,Mackenzie District,Opuha Ward,Entire home/apt,217.0,314
765703,Boutique historic stable: Winter Specials,Wellington City,Pukehīnau/Lambton Ward,Entire home/apt,263.0,314
7563901,"Chalet sleeps 6, central Golden Bay",Tasman District,Golden Bay Ward,Entire home/apt,130.0,314
3386262,Redwoods Retreat | Redwoods Forest & Spa Pool,Rotorua District,Area Outside Ward,Entire home/apt,492.0,314
17994995,Comfort in the Grove,Palmerston North City,Area Outside Ward,Private room,82.0,314
578503003809788994,Detached Free Standing 1 Bedroom Studio,Queenstown-Lakes District,Queenstown-Wakatipu Ward,Entire home/apt,274.0,314
49597611,Peaceful Riverside Haven - 7 minutes from town,Buller District,Westport Ward,Entire home/apt,114.0,314
972979788737521585,The Temple Cabin (Steeple Peak) Wilderness Comfort,Waitaki District,Ahuriri Ward,Entire home/apt,719.0,314
20139679,"Wetlands Rise - Luxury, Views, Hot Tub",Southland District,Mararoa Waimea Ward,Entire home/apt,274.0,313
23133379,Kokako Lodge,Whanganui District,Area Outside Ward,Entire home/apt,274.0,313
50011386,Central and Cozy Two Bedroom Home - Free Wifi,Taupo District,Taupō Ward,Entire home/apt,223.0,313
21650853,Whataroa Farm Stay,Westland District,Southern Ward,Entire home/apt,254.0,313
563871902601237926,Hill top Boutique Guest unit overlooking the sea,Grey District,Southern Ward,Entire home/apt,252.0,313
7023254,Relaxing country retreat - Aniseed Valley Cottage,Tasman District,Richmond Ward,Entire home/apt,155.0,313
19665032,The Borders,Taupo District,Taupō Ward,Entire home/apt,172.0,313
23153087,Kepler View,Southland District,Mararoa Waimea Ward,Entire home/apt,363.0,313
44142632,Apartment bach,Clutha District,Catlins Ward,Entire home/apt,155.0,313
15056069,"Sailors Rest on Aquila, Whitianga",Thames-Coromandel District,Mercury Bay Ward,Entire home/apt,194.0,313
28562024,Sunny Spacious Sea view Stunner,Far North District,Bay of Islands-Whangaroa Ward,Entire home/apt,332.0,312
4271035,Modern & Central ZQN,Queenstown-Lakes District,Queenstown-Wakatipu Ward,Private room,125.0,312
31006890,Fendalton holiday house the most convenient place,Christchurch City,Fendalton Ward,Entire home/apt,476.0,312
20996812,An isolated retreat in a movie like setting.,Dunedin City,Area Outside Ward,Entire home/apt,396.0,312
30022200,Wow view apartment,Queenstown-Lakes District,Queenstown-Wakatipu Ward,Entire home/apt,579.0,312
695920268110140966,Modern private studio in Te Anau,Southland District,Mararoa Waimea Ward,Entire home/apt,169.0,312
9476597,Highbrook Views,Auckland,Manukau Ward,Entire home/apt,172.0,312
626971962977352643,Adorable 1 bedroom place with free parking,Tauranga City,Mount Maunganui-Papamoa Ward,Private room,165.0,312
8108502,Bird's Delight - Sunny Garden Room,Tasman District,Richmond Ward,Private room,124.0,312
660390294739424543,Kōwhai - an inviting and cozy space in Queenstown,Queenstown-Lakes District,Queenstown-Wakatipu Ward,Entire home/apt,320.0,312
49147879,The Gardeners Den - healthy breakfast included,Whanganui District,Area Outside Ward,Entire home/apt,,312
40185127,Coastal Soul | Getaway Near Dunedin & Ocean Views,Dunedin City,Area Outside Ward,Entire home/apt,160.0,312
24585951,Stunning Family Home 独栋别墅(18 mins from Airport）,Auckland,Howick Ward,Entire home/apt,303.0,311
46760230,"Quiet, upmarket central, brand new and cosy!",Auckland,Albert-Eden-Puketāpapa Ward,Entire home/apt,136.0,311
801813545061656602,"Spacious Central Apt:Walk to CBD, Free car park.",Auckland,Waitematā and Gulf Ward,Entire home/apt,244.0,311
19917165,(3) Friendly Pan Home,Rotorua District,Area Outside Ward,Entire home/apt,535.0,311
962480434946927598,Central Cosy Cottage,Rotorua District,Area Outside Ward,Entire home/apt,132.0,311
46969566,Charming house with Best view in New Plymouth,New Plymouth District,New Plymouth City Ward,Entire home/apt,187.0,311
37998754,Alpine Living with Spectacular View,Queenstown-Lakes District,Queenstown-Wakatipu Ward,Entire home/apt,1141.0,311
45995932,Riverside Retreat,Whangarei District,Okara Ward,Entire home/apt,137.0,311
53596724,Twizel retreats - GH Cottage,Mackenzie District,Pukaki Ward,Entire home/apt,510.0,311
42255239,Modern Stay in Cromwell - self check in,Central Otago District,Cromwell Ward,Entire home/apt,126.0,311
32189596,NEW Berry View Cottage- Mid Waitomo & Hobbiton,Waipa District,Te Awamutu Ward,Entire home/apt,199.0,311
40641559,Relax on Ramsay,Taupo District,Taupō Ward,Entire home/apt,144.0,311
642944394326837946,Picturesque  one bedroom self contained cottage,Ashburton District,Western Ward,Entire home/apt,177.0,311
15585436,Quiet One Bed Apartment,Queenstown-Lakes District,Queenstown-Wakatipu Ward,Entire home/apt,212.0,311
21623332,Sneezle Beezle Beach Apartment,Far North District,Kaikohe-Hokianga Ward,Entire home/apt,173.0,311
48945694,Experience all the entertainment Christchurch has,Christchurch City,Central Ward,Entire home/apt,159.0,311
42947339,Sunny Lakeside House.10mins walk to airport,Queenstown-Lakes District,Queenstown-Wakatipu Ward,Entire home/apt,,311
48417347,Entire 2 bedroom home. Off road parking. 6min CBD,Invercargill City,Area Outside Ward,Entire home/apt,187.0,311
34755601,Platinumm Room Self Contained,Southland District,Waihopai Toetoe Ward,Private room,119.0,311
20365229,Hot Water Beach - Bure Wera,Thames-Coromandel District,Mercury Bay Ward,Entire home/apt,198.0,311
34604672,Cosy Boutique Rural Cottage - Kakariki Cottage,Auckland,Franklin Ward,Entire home/apt,196.0,311
12936592,City door-step,Wellington City,Pukehīnau/Lambton Ward,Private room,63.0,311
20777408,Modern bach by the beach,Tauranga City,Mount Maunganui-Papamoa Ward,Entire home/apt,263.0,311
26972397,Macandrew Bay Studio Hideaway Otago Peninsula,Dunedin City,Area Outside Ward,Entire home/apt,119.0,310
18773733,Raumati South - Doug & Jan's Secret Hideaway,Kapiti Coast District,Paekākāriki-Raumati Ward,Entire home/apt,160.0,310
48281251,Country meets town in inner city oasis,Auckland,Maungakiekie-Tāmaki Ward,Entire home/apt,132.0,310
49274392,'Cottage on Thompson' - Bluff Hill,Napier City,Ahuriri Ward,Entire home/apt,365.0,310
831323759610205936,Quail Cottage,Thames-Coromandel District,Mercury Bay Ward,Entire home/apt,172.0,310
17670639,Riverstone House,Westland District,Northern Ward,Entire home/apt,600.0,310
14776053,Tranquil home away from home!,Auckland,Waitākere Ward,Entire home/apt,102.0,310
619780303334971253,Matakana Retreat- Off grid African Safari Glamping,Auckland,Rodney Ward,Entire home/apt,264.0,310
17778735,"Spacious, Private, Shotover Retreat",Queenstown-Lakes District,Queenstown-Wakatipu Ward,Entire home/apt,204.0,310
34513136,"Mountain Views, BBQ & Fire | Near Doubtful Sound",Southland District,Mararoa Waimea Ward,Entire home/apt,295.0,310
656992402605853581,Comfy spacious apartment in Queenstown. Parking,Queenstown-Lakes District,Queenstown-Wakatipu Ward,Entire home/apt,235.0,310
12747066,Wharau Lodge - Panoramic Views & Hot Tub,Far North District,Bay of Islands-Whangaroa Ward,Entire home/apt,273.0,310
15346235,Luxurious Beachfront Apartment,Gisborne District,Gisborne Ward,Entire home/apt,256.0,310
41591456,"Character,  Spacious, Cosy apartment -Maori Hill",Dunedin City,Area Outside Ward,Entire home/apt,274.0,310
2882345,Hidden Holiday Cottage,Tasman District,Lakes-Murchison Ward,Entire home/apt,196.0,310
41750867,"Kikorangi | Lake View, BBQ, A/C & Free Parking",Queenstown-Lakes District,Queenstown-Wakatipu Ward,Entire home/apt,767.0,310
21648008,Heart of Auckland | Peace & Convenient,Auckland,Waitematā and Gulf Ward,Private room,124.0,310
17754285,"Shearers Quarters on farm, Motunau Beach Rd",Hurunui District,East Ward,Entire home/apt,155.0,310
30159888,The Villa Cambridge,Waipa District,Cambridge Ward,Entire home/apt,343.0,310
29515344,"2 Breakaway Fantail
Oban Stewart Island",Southland District,Stewart Island/Rakiura Ward,Entire home/apt,286.0,310
46642159,The Surf Studio - Mt Maunganui,Tauranga City,Mount Maunganui-Papamoa Ward,Entire home/apt,199.0,309
37406282,"Quail Run Cottage, a world away from ordinary!",Marlborough District,Wairau-Awatere Ward,Entire home/apt,350.0,309
27110229,The WOW Pad,Queenstown-Lakes District,Queenstown-Wakatipu Ward,Entire home/apt,463.0,309
38432679,"Manuka Magic, Twizel",Mackenzie District,Pukaki Ward,Entire home/apt,316.0,309
961126881877843425,Starry getaway in Twizel | Manuka Vista,Mackenzie District,Pukaki Ward,Entire home/apt,639.0,309
905980260796682275,Apartment In The Central City,Christchurch City,Central Ward,Entire home/apt,171.0,309
48328886,'The Stones' Farm Accommodation near Kai Iwi Beach,Whanganui District,Area Outside Ward,Entire home/apt,131.0,309
800832188831777769,"Central Garden Retreat · Stylish, Sunny & Spacious",Marlborough District,Blenheim Ward,Entire home/apt,354.0,309
32553320,The Beacon - 2 Bedroom Lakeview Apartment,Queenstown-Lakes District,Queenstown-Wakatipu Ward,Entire home/apt,1255.0,309
9389038,Kahukura,Thames-Coromandel District,Mercury Bay Ward,Entire home/apt,330.0,309
17612704,"Workers on Contract & families welcome
2 bathrooms",Napier City,Nelson Park Ward,Entire home/apt,297.0,309
46627912,Stylish Seaview Villa perched above Akaroa,Christchurch City,Banks Peninsula Ward,Entire home/apt,600.0,309
611164771216888878,"Mountain bikers, glowworm lovers retreat",Rotorua District,Area Outside Ward,Entire home/apt,144.0,309
20365128,Hot Water Beach - Bure Wai,Thames-Coromandel District,Mercury Bay Ward,Entire home/apt,198.0,309
20948894,The Kakanui Cube,Waitaki District,Corriedale Ward,Entire home/apt,434.0,309
825735983497140331,Peaceful Cottage | 5 mins to Pools | Games Room,Hurunui District,West Ward,Entire home/apt,297.0,309
38434982,CENTRAL CITY APARTMENT FREE PARKING GREAT VIEWS,Queenstown-Lakes District,Queenstown-Wakatipu Ward,Entire home/apt,,309
10390577,Lakeside - Private Studio Apartment,Rotorua District,Area Outside Ward,Private room,135.0,309
851041357477946997,"Restful, 5 star, cinema experience, secure parking",Auckland,Maungakiekie-Tāmaki Ward,Entire home/apt,152.0,309
15313344,Tranquil Heights,Taupo District,Taupō Ward,Entire home/apt,149.0,309
18333375,Boutique studio in private garden setting,Porirua City,Western Ward/Titahi Rangituhi Porirua ki te uru,Entire home/apt,106.0,309
25761692,Executive 2 Bedroom Apartment Remarkables Park,Queenstown-Lakes District,Queenstown-Wakatipu Ward,Entire home/apt,543.0,309
723534162993538402,My Little Cabin | Outdoor Bath | Walk 2 Beach/Town,Thames-Coromandel District,Mercury Bay Ward,Entire home/apt,159.0,308
877289239221588482,Penny Retreat,Taupo District,Taupō Ward,Private room,61.0,308
17654348,Private studio with vineyard views,Marlborough District,Wairau-Awatere Ward,Entire home/apt,183.0,308
46126064,MacStay-Beautiful Architectural Guest Studio,Dunedin City,Area Outside Ward,Entire home/apt,128.0,308
21983278,Quiet Chalet with grand views & 15 min to city,Whangarei District,Hikurangi-Coastal Ward,Entire home/apt,115.0,308
31452720,Utuhina 5 bedrooms holiday house,Rotorua District,Area Outside Ward,Entire home/apt,399.0,308
50157110,Lago Vista amazing lake views,Taupo District,Taupō Ward,Entire home/apt,243.0,308
38098890,Dusky Dream Te Anau Luxury,Southland District,Mararoa Waimea Ward,Entire home/apt,439.0,308
25745111,Alpine Escape - One,Westland District,Southern Ward,Entire home/apt,240.0,308
41112861,Rakaunui Retreat,Waikato District,Raglan Ward,Entire home/apt,148.0,308
45728869,Arle's Nook,Timaru District,Pleasant Point-Temuka Ward,Entire home/apt,145.0,307
21164873,Taupo Acacia Escape with Amazing Close lake views.,Taupo District,Taupō Ward,Entire home/apt,140.0,307
53644930,Pounamu Reserve Retreat - Relax and Unwind,Southland District,Mararoa Waimea Ward,Entire home/apt,289.0,307
42609884,Double room with lake view taupo,Taupo District,Taupō Ward,Entire home/apt,108.0,307
16689288,Self contained in a tranquil river front setting.,Thames-Coromandel District,South Eastern Ward,Entire home/apt,183.0,307
29317786,Stylish New  - The Arrow Nest,Queenstown-Lakes District,Arrowtown Ward,Entire home/apt,476.0,307
775741740236849788,Private Guest Suite with Bay Views in Nelson,Nelson City,Area Outside Ward,Entire home/apt,126.0,307
21802758,Quiet Napier Retreat,Napier City,Taradale Ward,Entire home/apt,183.0,307
22531539,Close to Abel Tasman and Kaiteriteri,Tasman District,Motueka Ward,Entire home/apt,130.0,307
39538405,Auckland City Center One Bedroom(Q)with Balcony,Auckland,Waitematā and Gulf Ward,Entire home/apt,120.0,307
13034037,Free Range Farmstay,Waipa District,Kakepuku Ward,Entire home/apt,166.0,307
18431778,Chestnut Lane Cottage Matamata Breakfast supplied,Matamata-Piako District,Matamata Ward,Entire home/apt,172.0,307
45912858,Authentic Boutique Train Carriage Experience!,Hauraki District,Paeroa Ward,Entire home/apt,167.0,307
51473293,Clever Cube,Mackenzie District,Pukaki Ward,Entire home/apt,251.0,307
42318414,One Bedroom Unit with Panoramic Views,Queenstown-Lakes District,Queenstown-Wakatipu Ward,Entire home/apt,508.0,306
753384597598009307,New warm quiet comfy studio/King bed,Mackenzie District,Pukaki Ward,Entire home/apt,195.0,306
36365425,"Our historic character family home
with breakfast",Buller District,Westport Ward,Private room,126.0,306
46852276,Akaroa apartment with sea views,Christchurch City,Banks Peninsula Ward,Entire home/apt,297.0,306
47523459,Bambina Luxe New Townhouse with upgraded supplies,Christchurch City,Central Ward,Entire home/apt,189.0,306
5422015,HawkRise cottage,South Wairarapa District,Martinborough Ward,Entire home/apt,189.0,306
18040093,Cozy Sunny Private Suite @Bucklands Beach,Auckland,Howick Ward,Entire home/apt,139.0,306
44361498,Wisteria Cottage - Cosy and Tranquil,New Plymouth District,New Plymouth City Ward,Entire home/apt,148.0,306
31933338,180 degrees sea view,Waitaki District,Oamaru Ward,Entire home/apt,251.0,306
653726314491048877,"The Fisher Apartment, Albert Town",Queenstown-Lakes District,Wanaka Ward,Entire home/apt,189.0,306
9737511,Riverside Retreat - with Pohutakawa Grove,Gisborne District,Gisborne Ward,Private room,109.0,306
17656497,Location- Birkenhead village-transport-bush,Auckland,North Shore Ward,Entire home/apt,117.0,306
662434538802978381,Cosy Sunny Garden Room with free breakfast,Marlborough District,Blenheim Ward,Private room,115.0,306
29347334,Stratford home with a view,Stratford District,Stratford Rural Ward,Entire home/apt,194.0,306
860261570004627273,Oakura Studio,New Plymouth District,South-West Ward,Entire home/apt,174.0,306
14524204,Tea Tree Cottage,Far North District,Bay of Islands-Whangaroa Ward,Entire home/apt,,306
684375518510382756,Walk to town. Lake Views. Free carpark,Queenstown-Lakes District,Queenstown-Wakatipu Ward,Entire home/apt,343.0,306
1029165888497946422,"Rotorua Glamping, Outdoor Bath Sauna, Valley Views",Rotorua District,Area Outside Ward,Entire home/apt,310.0,306
34651077,3 - Sunny Brand New 2 bedroom house,Queenstown-Lakes District,Wanaka Ward,Entire home/apt,353.0,306
4802793,"Bush House, Cobden",Grey District,Central Ward,Entire home/apt,314.0,306
29684772,Relax & unwind in Matua.,Tauranga City,Otumoetai-Pyes Pa Ward,Entire home/apt,197.0,306
951489504694101905,Woodpecker Studio,Queenstown-Lakes District,Wanaka Ward,Entire home/apt,207.0,306
45995561,Remarkable Studio in convenient Frankton,Queenstown-Lakes District,Queenstown-Wakatipu Ward,Entire home/apt,212.0,306
26064872,"The Boathouse - Cottage, Central,  Perfect for Two",Thames-Coromandel District,Mercury Bay Ward,Entire home/apt,172.0,306
13641183,15 mn walk 2 town  large sunny room,Taupo District,Taupō Ward,Private room,103.0,306
25848691,"Private, Quiet Modern Apartment-close to river",Taupo District,Taupō Ward,Entire home/apt,163.0,305
43670080,Bella Vista,Auckland,Waitematā and Gulf Ward,Entire home/apt,232.0,305
39183843,Te Anau Gardens Apartment 1,Southland District,Mararoa Waimea Ward,Entire home/apt,406.0,305
10047380,Rooftop +Lakeview+5mins walk town,Queenstown-Lakes District,Queenstown-Wakatipu Ward,Entire home/apt,732.0,305
15403556,Parnell Self-Contained Cottage,Auckland,Ōrākei Ward,Entire home/apt,172.0,305
13007602,Large Family house near Castlepoint,Masterton District,Area Outside Ward,Entire home/apt,115.0,305
16431013,Piha Retreat,Auckland,Waitākere Ward,Entire home/apt,217.0,305
53299205,Luxury 2BR CBD Apartment Walk to Convention Centre,Christchurch City,Central Ward,Entire home/apt,257.0,305
31299585,Luxury Clyde Apartment,Central Otago District,Vincent Ward,Entire home/apt,208.0,305
41413347,Woodland Park Lawn Room,Taupo District,Taupō Ward,Private room,78.0,305
12742028,No2. 5minu from airport. amazing lake view,Queenstown-Lakes District,Queenstown-Wakatipu Ward,Private room,261.0,305
42862767,Blackwood Titirangi - within walking distance!,Auckland,Waitākere Ward,Entire home/apt,183.0,304
18613786,Paihia Stunner! Read reviews,Far North District,Bay of Islands-Whangaroa Ward,Entire home/apt,340.0,304
5738726,Grey Lynn/Ponsonby: Stunning more than just a room,Auckland,Waitematā and Gulf Ward,Entire home/apt,206.0,304
39846044,Seagull Cottage - a riverside bach near the beach.,Ōpōtiki District,Opotiki Ward,Entire home/apt,201.0,304
958834586847228237,Hillside Studio,Wellington City,Wharangi/Onslow-Western Ward,Entire home/apt,137.0,304
48149358,"Swim, Sun, Stars & Superviews with reserve access!",Hastings District,Hastings-Havelock North Ward,Private room,119.0,304
20213637,Beechwood Apartment 08,Queenstown-Lakes District,Queenstown-Wakatipu Ward,Entire home/apt,794.0,304
41054311,Central Vista,Queenstown-Lakes District,Queenstown-Wakatipu Ward,Entire home/apt,282.0,304
29613473,Beachside Gem · Walk to Beaches,Auckland,Albany Ward,Entire home/apt,222.0,304
25628737,Mountain Retreat,Ruapehu District,Waimarino-Waiouru Ward,Entire home/apt,173.0,304
19877830,On Sunset,Rotorua District,Area Outside Ward,Entire home/apt,194.0,304
21915223,Beech Bach Beachside Haven Including Car,Southland District,Stewart Island/Rakiura Ward,Entire home/apt,355.0,304
12552238,"Modern, comfortable, well appointed",Mackenzie District,Pukaki Ward,Entire home/apt,238.0,304
25630543,Te Horo Cozy Cabin,Kapiti Coast District,Waikanae Ward,Entire home/apt,121.0,304
8745439,Perfect Parnell Central Location,Auckland,Ōrākei Ward,Entire home/apt,282.0,304
1029379972992479797,Studio with an amazing view,Dunedin City,Area Outside Ward,Private room,130.0,303
18587027,Piha Retreat - Rainforest Magic,Auckland,Waitākere Ward,Entire home/apt,388.0,303
932887709930007513,Hostel Single Bed Private Room (No Window),Auckland,Waitematā and Gulf Ward,Private room,57.0,303
18144396,Goldfields Gem panoramic mountain and lake views,Queenstown-Lakes District,Queenstown-Wakatipu Ward,Entire home/apt,657.0,303
2794022,Self contained studio,Auckland,Ōrākei Ward,Private room,194.0,303
27141693,Rotorua Golf Side Lodge-Enjoy Wonderful Stay,Rotorua District,Area Outside Ward,Entire home/apt,914.0,303
10790544,Koru Homestay. Includes Breakfast & Hot Tub,Grey District,Northern Ward,Hotel room,140.0,303
22090521,Tussock Vineyard Retreat,Marlborough District,Wairau-Awatere Ward,Entire home/apt,172.0,303
25696378,Tongariro River House,Taupo District,Turangi-Tongariro Ward,Entire home/apt,189.0,303
1002570876571291142,Cozy ensuite & Private entrance & Self Check-In,Christchurch City,Halswell Ward,Private room,129.0,303
16687870,Ten Mile Coast Road  Ocean Outlook,Grey District,Northern Ward,Entire home/apt,320.0,303
11827615,Awesome 2 Bed Cuba Apartment,Wellington City,Pukehīnau/Lambton Ward,Entire home/apt,279.0,303
41669699,"Entire guest suite, close to airport and city",Auckland,Albert-Eden-Puketāpapa Ward,Entire home/apt,136.0,303
16622274,Baylys Beach Beaut!,Kaipara District,West Coast-Central Ward,Entire home/apt,149.0,303
31074915,Papamoa Beach Sleepout,Tauranga City,Mount Maunganui-Papamoa Ward,Entire home/apt,126.0,303
27005095,Private hideaway,Queenstown-Lakes District,Wanaka Ward,Entire home/apt,274.0,303
743020395614370093,Private Guest Suite | Modern & Self Check in,Hamilton City,East Ward,Entire home/apt,126.0,302
25088418,Stunning CBD Abode with Free Parking & Gym,Auckland,Waitematā and Gulf Ward,Entire home/apt,279.0,302
10792884,Vintage charm - 1930s Home with Luxe Bedding,Christchurch City,Cashmere Ward,Entire home/apt,171.0,302
830574933262929890,Orewa Retreat -  Modern - 2Bedr with Spa.,Auckland,Albany Ward,Entire home/apt,156.0,302
960511493870389950,Piano Room 1905 Villa,Marlborough District,Blenheim Ward,Private room,108.0,302
6391921,"Soulhavens 
 ""Lavender Cottage"" 
your own dwelling",Waipa District,Maungatautari Ward,Entire home/apt,142.0,302
15504029,"Safe, Self-Contained Own Private Apt Sub-Penthouse",Auckland,Waitematā and Gulf Ward,Entire home/apt,165.0,302
401086,Relaxing Kaikoura Home with BBQ & Mountain Views,Kaikoura District,Area Outside Ward,Entire home/apt,183.0,302
40903382,Myles of Comfort,Queenstown-Lakes District,Queenstown-Wakatipu Ward,Entire home/apt,200.0,302
44396298,WestBrook Cabin,Nelson City,Area Outside Ward,Entire home/apt,143.0,302
818909783524270475,22 Acre Farm,Waitomo District,Waitomo Rural Ward,Entire home/apt,99.0,301
30046471,Hillside Villa 4 – Modern 2BR Walk to Town & A/C,Queenstown-Lakes District,Queenstown-Wakatipu Ward,Entire home/apt,803.0,301
13418762,"Amazing views, one block from Lake, + ev charger",Taupo District,Taupō Ward,Entire home/apt,384.0,301
20760908,Quiet Cosy room with breakfast,Tauranga City,Te Papa-Welcome Bay Ward,Private room,75.0,301
49345155,Boutique BNB free breakfast near stadium sleeps 6,Christchurch City,Central Ward,Private room,434.0,301
1156851,COMPACT CENTRAL APARTMENT WITH STUNNING VIEW,Wellington City,Pukehīnau/Lambton Ward,Entire home/apt,114.0,301
30268690,Huge Living Space- Amazing Views-1 Bed Apartment!,Queenstown-Lakes District,Queenstown-Wakatipu Ward,Entire home/apt,451.0,301
24378224,"Whitianga close to town, comfortable and clean.",Thames-Coromandel District,Mercury Bay Ward,Entire home/apt,132.0,301
38734455,Vineyard Glamping Russell - The Syrah Shack,Far North District,Bay of Islands-Whangaroa Ward,Entire home/apt,343.0,301
18638780,BEAU'S  Lake Terrace Apartment    #LOVE TAUPO,Taupo District,Taupō Ward,Entire home/apt,355.0,301
967055825263202993,A Forest Retreat,Auckland,Waitematā and Gulf Ward,Entire home/apt,302.0,301
43490695,Orabanda,Gore District,Gore Ward,Entire home/apt,280.0,301
33226526,Cosy Cabin,New Plymouth District,New Plymouth City Ward,Entire home/apt,97.0,301
17824541,Oceanside Cottage -  Hot Water Beach,Thames-Coromandel District,Mercury Bay Ward,Entire home/apt,294.0,300
42984288,Home from home City Apartment,Christchurch City,Central Ward,Entire home/apt,204.0,300
33469234,"PATAUA SOUTH  ""RA PUAWAI"" RETREAT",Whangarei District,Whangarei Heads Ward,Entire home/apt,286.0,300
550946396755043942,"Premium Location, Sun & Privacy! NewBuild Apartmnt",Wellington City,Pukehīnau/Lambton Ward,Entire home/apt,158.0,300
17383128,The Flat-Private & Comfortable unit - Lake Tekapo,Mackenzie District,Pukaki Ward,Entire home/apt,183.0,300
875829052370617895,"The Beach Cabin Number Two
Private Beach Access",Marlborough District,Marlborough Sounds Ward,Entire home/apt,91.0,300
23814949,Walk to town 41A Alpine Chalet,Queenstown-Lakes District,Queenstown-Wakatipu Ward,Entire home/apt,569.0,300
18531160,Self Contained Guest Unit in Townhouse,Waipa District,Te Awamutu Ward,Entire home/apt,120.0,300
48186464,Paraparaumu Beach Cottage. Seconds to the beach.,Kapiti Coast District,Paraparaumu Ward,Entire home/apt,211.0,299
32817373,6 Wood Street Studio Greytown.,South Wairarapa District,Greytown Ward,Entire home/apt,156.0,299
17776075,Cute Kiwi Beach Bach,Whanganui District,Area Outside Ward,Entire home/apt,206.0,299
35017717,Franztastic Vibes,Westland District,Southern Ward,Entire home/apt,537.0,299
5042802,Special rates currently available,Queenstown-Lakes District,Queenstown-Wakatipu Ward,Entire home/apt,228.0,299
51862992,Rest and Relax in Rolleston,Selwyn District,Selwyn Central Ward,Entire home/apt,273.0,299
27617674,River Trail Apartment (New and Modern),Queenstown-Lakes District,Queenstown-Wakatipu Ward,Entire home/apt,240.0,299
42183016,Kakapo Kabin - prime location.,Kapiti Coast District,Paekākāriki-Raumati Ward,Entire home/apt,116.0,299
26758016,The Boat Studio - Amazing views!,Auckland,Waitākere Ward,Entire home/apt,231.0,299
48160309,"Generous, comfortable room with ensuite.",Tauranga City,Otumoetai-Pyes Pa Ward,Private room,93.0,299
45495056,Blossoms on Burr St,Waipa District,Cambridge Ward,Private room,137.0,299
19895931,10 Min to Christchurch Airport | Private Sleepout,Christchurch City,Hornby Ward,Entire home/apt,137.0,299
18039279,Northbase House: Quality Holiday Accommodation,Far North District,Bay of Islands-Whangaroa Ward,Entire home/apt,584.0,299
15423628,A Slice of Paradise in the City,Christchurch City,Cashmere Ward,Entire home/apt,274.0,298
16456536,Spa & amazing view!  [Master Ensuite] Titirangi,Auckland,Waitākere Ward,Private room,127.0,298
11263352,"Sunny, one level, 2 bedroom bed and breakfast",Queenstown-Lakes District,Queenstown-Wakatipu Ward,Private room,175.0,298
17779377,Moe Marie (sleep peacefully) B & B,Taupo District,Turangi-Tongariro Ward,Entire home/apt,269.0,298
15762959,HobsonVilla - Independent Guest Suite.  NthWest AK,Auckland,Albany Ward,Entire home/apt,88.0,298
32293532,Kawau - Loft - private & spacious accommodation,Palmerston North City,Area Outside Ward,Entire home/apt,160.0,298
28893418,SILVERLAKE ESTATE,Auckland,Rodney Ward,Private room,115.0,298
16587279,"Walk to the Beach! (Mangawhai Heads, Northland)",Kaipara District,Mangawhai-Kaiwaka Ward,Entire home/apt,350.0,298
23090643,Comfortable & private hobbit home in Nelson hills,Nelson City,Area Outside Ward,Entire home/apt,132.0,298
907251655435083385,Cosy Comfort 8km from CBD,Auckland,North Shore Ward,Entire home/apt,131.0,298
41197602,Mustang Cottage - a quiet gem & private hide-away,Lower Hutt City,Eastern Ward,Entire home/apt,101.0,298
21494134,Lifestyle farm stay retreat near CBD,Lower Hutt City,Wainuiomata Ward,Entire home/apt,125.0,298
47848319,A little bit of country,New Plymouth District,South-West Ward,Entire home/apt,109.0,298
35397091,"Hidden Hills Haven, fully self-contained cottage",Queenstown-Lakes District,Wanaka Ward,Entire home/apt,325.0,298
15862173,Priest Retreat:Private&tranquil groundfloor studio,Nelson City,Area Outside Ward,Entire home/apt,149.0,298
21165986,Large Family Home with Lake Views,Taupo District,Taupō Ward,Entire home/apt,457.0,297
19662302,Matai 34 - Great Ski Chalet,Ruapehu District,Waimarino-Waiouru Ward,Entire home/apt,257.0,297
34980481,"Orchard Lodge Wanaka  -   Relax, Refresh, Recharge",Queenstown-Lakes District,Wanaka Ward,Entire home/apt,315.0,297
848899813247437870,Warm & Centrally Located Holiday Home,Southland District,Mararoa Waimea Ward,Entire home/apt,262.0,297
8705089,Glencairn Getaway - FREE WIFI- newly renovated,Mackenzie District,Pukaki Ward,Entire home/apt,,297
32090944,Piha Surf House - Piha Beach,Auckland,Waitākere Ward,Entire home/apt,333.0,297
19476883,Intrepid Retreat - A luxurious Beachlands Escape,Auckland,Franklin Ward,Entire home/apt,202.0,297
45816494,Home with stunning views,Queenstown-Lakes District,Queenstown-Wakatipu Ward,Entire home/apt,531.0,297
14993647,Coco Cabana Eco Cabin,Far North District,Bay of Islands-Whangaroa Ward,Entire home/apt,,297
42162594,Mackenzie Cottage - Close to Centre,Mackenzie District,Pukaki Ward,Entire home/apt,230.0,297
14829077,Farm Stay at Purple Haze Orchard,Southland District,Mararoa Waimea Ward,Private room,126.0,297
23204560,Retro Hut,Christchurch City,Banks Peninsula Ward,Entire home/apt,127.0,297
18918888,The Spot,Kapiti Coast District,Paraparaumu Ward,Entire home/apt,206.0,297
34000587,The Fern Room - Style and Comfort,Queenstown-Lakes District,Wanaka Ward,Private room,151.0,297
21451015,"Merivale -  Location, Location",Christchurch City,Fendalton Ward,Entire home/apt,276.0,297
53993868,"Sunny, Secluded, Home Away at Cheryle's",Tauranga City,Otumoetai-Pyes Pa Ward,Entire home/apt,189.0,297
22284212,"Moby's Retreat Napier 
w/breakfast. 2bedrooms",Napier City,Nelson Park Ward,Private room,159.0,297
44523992,Fiordland Retreat - Large Te Anau holiday house!,Southland District,Mararoa Waimea Ward,Entire home/apt,525.0,296
43425037,Home with fully fenced backyard-Parkside bach,Mackenzie District,Pukaki Ward,Entire home/apt,436.0,296
39822344,Waitomo Big Bird Mini-Animal Petting Farm-Studio,Waitomo District,Waitomo Rural Ward,Entire home/apt,183.0,296
33860485,Di's B&B (unit 2),Matamata-Piako District,Matamata Ward,Entire home/apt,149.0,296
21193668,Old Fashioned Stunner,Far North District,Te Hiku Ward,Entire home/apt,219.0,296
601004949767750752,Cute self-contained sleep out.,Auckland,North Shore Ward,Entire home/apt,97.0,296
15412804,"Peaceful, rural stay",Auckland,Franklin Ward,Private room,194.0,296
29664089,Renovated city perfection Summer 30% off,Rotorua District,Area Outside Ward,Entire home/apt,,296
46712173,"""TUIS NEST"" Central Studio with Mt Karioi Views",Waikato District,Raglan Ward,Entire home/apt,120.0,296
20850361,Lily Cottage | Lake Tekapo,Mackenzie District,Pukaki Ward,Entire home/apt,523.0,296
9016974,Omarama Oasis - Permaculture Glamping,Tasman District,Golden Bay Ward,Entire home/apt,166.0,296
42865593,The Studio Piha,Auckland,Waitākere Ward,Entire home/apt,189.0,296
27072476,"Taylors Lodge,  Turangi Private RIVER ACCESS",Taupo District,Turangi-Tongariro Ward,Entire home/apt,,296
807280342432895277,"The Homey Nook - 
Quality, Comfort & Affordability",Wellington City,Takapū/Northern Ward,Private room,63.0,296
13250369,"Lake Edge, Queenstown",Queenstown-Lakes District,Queenstown-Wakatipu Ward,Entire home/apt,400.0,296
526971227970081429,Scotty's On Church,Napier City,Taradale Ward,Entire home/apt,149.0,296
977861854678821973,"The Murray's suite - ensuite bathroom, kitchenette",Rotorua District,Area Outside Ward,Entire home/apt,160.0,296
31151457,Beautiful apartment+free parking+wifi+central city,Napier City,Ahuriri Ward,Entire home/apt,190.0,296
756912389101458476,Just Bee,Queenstown-Lakes District,Wanaka Ward,Entire home/apt,194.0,295
42387733,Atiru Apartment for 2 Guests,Southland District,Mararoa Waimea Ward,Entire home/apt,457.0,295
49217162,J & J's Hidden Gem on Harakeke Air B & B,Taupo District,Taupō Ward,Private room,131.0,295
16042951,"Quiet, private: no shared space.",Auckland,Albert-Eden-Puketāpapa Ward,Entire home/apt,115.0,295
24289615,"Peaceful Garden Studio: separate, no cleaning fee",Christchurch City,Fendalton Ward,Entire home/apt,131.0,295
29915056,Swan Penthouse - Large Private Terrace,Wellington City,Pukehīnau/Lambton Ward,Entire home/apt,322.0,295
29194943,BEACH RETREAT ON RANGE 4 MINS WALK TO THE BEACH,Tauranga City,Mount Maunganui-Papamoa Ward,Entire home/apt,258.0,295
48290412,Cambridge Farm Cottage with view,Waipa District,Cambridge Ward,Entire home/apt,142.0,295
31150918,"Quality, modern,  sunny one bedroom apartment",Christchurch City,Central Ward,Entire home/apt,169.0,295
21325529,Judy's  Garden Place,Waipa District,Cambridge Ward,Private room,80.0,295
35497159,River Terrace Cottage,Horowhenua District,Waiopehu Ward,Entire home/apt,142.0,295
43947060,Antlers Rest- Twizel,Mackenzie District,Pukaki Ward,Entire home/apt,453.0,295
30189187,Hillside Villa 3 – Modern 2BR Walk to Town & A/C,Queenstown-Lakes District,Queenstown-Wakatipu Ward,Entire home/apt,680.0,295
38561422,The Cottage at Whites Farm,Waimakariri District,Oxford-Ohoka Ward,Entire home/apt,217.0,295
44521053,Absolute Beachfront Home - Punakaiki,Buller District,Westport Ward,Entire home/apt,485.0,295
9392387,Birdsong Lodge,Christchurch City,Banks Peninsula Ward,Entire home/apt,399.0,295
19935873,Kathy’s of Clyde/2,Central Otago District,Vincent Ward,Private room,92.0,295
650412467605303993,Te Whare Rōhi - Spacious Tītahi Bay Beach cutie,Porirua City,Western Ward/Titahi Rangituhi Porirua ki te uru,Entire home/apt,189.0,295
20480630,Big Harbour view on the Esplanade,Lower Hutt City,Harbour Ward,Entire home/apt,228.0,295
30184817,"Near Mudbrick Winery, ferry, beaches, restaurants",Auckland,Waitematā and Gulf Ward,Entire home/apt,200.0,295
13643852,Matakana Village Chalet and sleepout,Auckland,Rodney Ward,Entire home/apt,240.0,295
21768895,Luxe at the Lake Mangawhai,Kaipara District,Mangawhai-Kaiwaka Ward,Entire home/apt,400.0,294
25014480,"Beach House
Mt. Maunganui
Close to Town and Beach",Tauranga City,Mount Maunganui-Papamoa Ward,Entire home/apt,400.0,294
39899871,Entire Studio - Rodman 18 (newly furnished),Mackenzie District,Pukaki Ward,Entire home/apt,,294
40514359,Enjoy your second home,Auckland,Whau Ward,Entire home/apt,,294
724128382057823391,Luxurious Beachfront Paradise - 1h35 from Auckland,Whangarei District,Bream Bay Ward,Entire home/apt,776.0,294
46102457,Three Mountain Views - Linen Provided,Ruapehu District,National Park Ward,Entire home/apt,409.0,294
21463260,The Rocks - 2022 Host awards finalist.,Matamata-Piako District,Matamata Ward,Entire home/apt,800.0,294
38530683,ALPINE GOLD LUXURY SPA LAKE VIEW VILLA,Queenstown-Lakes District,Queenstown-Wakatipu Ward,Entire home/apt,935.0,294
43621617,Water & Moutain view from private hot tub spa pool,Queenstown-Lakes District,Queenstown-Wakatipu Ward,Entire home/apt,392.0,294
15058239,"ParaPara River Retreat, tranquil, private, cosy",Tasman District,Golden Bay Ward,Entire home/apt,212.0,294
20234478,Kathy's of Clyde,Central Otago District,Vincent Ward,Private room,103.0,294
902623020339859925,Cozy:Fully Equipped Unit 12noon check-in,Christchurch City,Papanui Ward,Entire home/apt,99.0,294
19228748,The Bach,Tasman District,Lakes-Murchison Ward,Entire home/apt,269.0,294
7738019,Rustic Tiny House ex Bedford School Bus Farmstay,Waitaki District,Ahuriri Ward,Entire home/apt,,294
557540644867688042,Cosy Off-Grid Cottage | Hot Tub | Breakfast,Southland District,Mararoa Waimea Ward,Entire home/apt,456.0,294
17795775,Manaia Cottage-Luxurious stylish with Great Views,Queenstown-Lakes District,Queenstown-Wakatipu Ward,Entire home/apt,331.0,293
928054277711475226,Cozy ensuite w Remarkables view & private entrance,Queenstown-Lakes District,Queenstown-Wakatipu Ward,Entire home/apt,160.0,293
49863791,"Stylish rural Pukeroa Cottage, near wedding venues",Auckland,Rodney Ward,Entire home/apt,126.0,293
36770920,Treetops Cottage,Christchurch City,Banks Peninsula Ward,Entire home/apt,174.0,293
945716,Three Bedroom Villa,Hurunui District,West Ward,Entire home/apt,230.0,293
29802291,Wairere Farm Cottage Ongarue,Ruapehu District,Ohura Ward,Entire home/apt,343.0,293
34422642,Sunny cosy getaway near beach,Kapiti Coast District,Paekākāriki-Raumati Ward,Entire home/apt,127.0,293
15294110,Picton Paradise,Marlborough District,Marlborough Sounds Ward,Entire home/apt,223.0,293
10191734,Waihi Beach Luxury Accommodation,Western Bay of Plenty District,Katikati-Waihi Beach Ward,Entire home/apt,274.0,293
540473665830124467,Private Single Room with Smart TV (free Netflix ),Palmerston North City,Area Outside Ward,Private room,,293
15703767,"Bellbird Cottage - 2 Bellbird Lane, Bobs Cove",Queenstown-Lakes District,Queenstown-Wakatipu Ward,Entire home/apt,251.0,293
775426704620593432,"World Class Views, 2 Bedroom, 2 Bath, Walk To Town",Queenstown-Lakes District,Queenstown-Wakatipu Ward,Entire home/apt,894.0,293
40734604,The Pheasant’s Nest - Rural Escape,Hastings District,Mohaka Ward,Entire home/apt,299.0,293
46316516,Picton Country  Hideaway,Marlborough District,Marlborough Sounds Ward,Entire home/apt,198.0,293
13160578,"In the heart of vibrant Newtown, private and sunny",Wellington City,Paekawakawa/Southern Ward,Entire home/apt,149.0,293
560106213126482858,Silk Tree Cottage,Selwyn District,Selwyn Central Ward,Entire home/apt,160.0,293
24123622,Modern architecturally renovated studio Tuki Tuki,Hastings District,Kahuranaki Ward,Entire home/apt,112.0,293
654852430477951550,Spacious House with stunning view of the lake,Queenstown-Lakes District,Queenstown-Wakatipu Ward,Entire home/apt,913.0,293
45958527,Alexandra - Unit With a View,Central Otago District,Vincent Ward,Entire home/apt,,293
39341764,Julie's Manapouri Lake View Place,Southland District,Mararoa Waimea Ward,Private room,206.0,292
571245798905715663,Moonshine Valley Escape,Upper Hutt City,Area Outside Ward,Entire home/apt,169.0,292
18476487,"Spacious & Private Suite in Korokoro, Petone",Lower Hutt City,Harbour Ward,Entire home/apt,108.0,292
37635170,253 By The Sea,Tasman District,Motueka Ward,Entire home/apt,149.0,292
34838704,Coro-Oaks Orchard room,Matamata-Piako District,Morrinsville Ward,Entire home/apt,101.0,292
15415369,"Spacious, 2 Bedroom House with Stunning Views",Wellington City,Motukairangi/Eastern Ward,Entire home/apt,,292
615313985007063347,The Perfect City Nook.,Christchurch City,Central Ward,Entire home/apt,188.0,292
544407618892714847,Invercargill Picture Apartment Full Bath + yard,Invercargill City,Area Outside Ward,Entire home/apt,170.0,292
7564863,Locks Loft,Marlborough District,Blenheim Ward,Entire home/apt,160.0,292
6168116,"Waihi Beach - North End, clean, comfortable Unit",Western Bay of Plenty District,Katikati-Waihi Beach Ward,Entire home/apt,158.0,292
42441407,Kiwi Townhouse,Queenstown-Lakes District,Queenstown-Wakatipu Ward,Entire home/apt,231.0,292
20195190,Langs Beach House,Whangarei District,Bream Bay Ward,Entire home/apt,493.0,291
6579766,Beeches - Centrally Superior,Queenstown-Lakes District,Queenstown-Wakatipu Ward,Entire home/apt,1569.0,291
29186626,Manapouri Ridge Studio - Cleaning fee in price,Southland District,Mararoa Waimea Ward,Entire home/apt,172.0,291
30344267,Guest Suite  - Cosy place in the Wattle Downs,Auckland,Manurewa-Papakura Ward,Entire home/apt,101.0,291
17237860,All Welcome Premium Property SkyLine,Rotorua District,Area Outside Ward,Entire home/apt,143.0,291
19478390,Relaxing in Te Anau,Southland District,Mararoa Waimea Ward,Entire home/apt,,291
17439183,"1- DELIGHTFULLY FRESH, PRIVATE HOME CLOSE TO TOWN",Queenstown-Lakes District,Wanaka Ward,Entire home/apt,324.0,291
962472805871787850,Paradise Inn - absolute waterfront,Kaikoura District,Area Outside Ward,Private room,126.0,291
14652952,Scott Base Horopito - Continental breakfast incl.,Ruapehu District,Waimarino-Waiouru Ward,Entire home/apt,217.0,291
16620685,Unbelievable Peace at Underhill Cottage B+B,South Wairarapa District,Featherston Ward,Entire home/apt,177.0,291
51254711,Wanaka Mountain View *DISCOUNTED PRICE *,Queenstown-Lakes District,Wanaka Ward,Entire home/apt,171.0,291
43500619,Outdoor Bath Under the Stars | Couples Escape,Kapiti Coast District,Waikanae Ward,Entire home/apt,172.0,291
22886050,Ultra modern apartment with great views,Taupo District,Taupō Ward,Entire home/apt,323.0,291
17925504,Quiet Oasis in Garden Village,Auckland,Rodney Ward,Private room,148.0,291
22067902,Waikawa House,Southland District,Waihopai Toetoe Ward,Entire home/apt,220.0,290
16656225,Spacious Room on Emily Place,Auckland,Waitematā and Gulf Ward,Private room,103.0,290
13018855,Inner City Comfort,Christchurch City,Central Ward,Private room,217.0,290
53687299,Cheerful and relaxing 2 bedroom cottage in Te Anau,Southland District,Mararoa Waimea Ward,Entire home/apt,280.0,290
23976124,Apartment Central Whangarei in Rural Setting,Whangarei District,Denby Ward,Entire home/apt,248.0,290
24953893,2- HANDSOME & SUNKISSED ON THE DOORSTEP TO WANAKA,Queenstown-Lakes District,Wanaka Ward,Entire home/apt,324.0,290
12367180,"Charmae Guest House. (3 Queen , 2 single, 2 bunk )",Whanganui District,Area Outside Ward,Entire home/apt,221.0,290
42498205,"Ōkato Retro Studio, Taranaki",New Plymouth District,South-West Ward,Entire home/apt,132.0,290
19788416,Private Room,Taupo District,Taupō Ward,Private room,,290
35579811,"Bird House - 6 bedroom, 10 beds SPA POOL & views!",Rotorua District,Area Outside Ward,Entire home/apt,795.0,289
6824533,Papanui Paris Inspired Apartment,Christchurch City,Fendalton Ward,Entire home/apt,140.0,289
38730202,Cleddau Street Charmer,Southland District,Mararoa Waimea Ward,Entire home/apt,276.0,289
18141822,The 'Shed'  our slice of serenity.,Auckland,Rodney Ward,Entire home/apt,145.0,289
860387894242828428,Karori Cottage,Wellington City,Wharangi/Onslow-Western Ward,Entire home/apt,,289
602185738268828191,Boutique French Charm (Hobbiton movie set 14mins),Matamata-Piako District,Matamata Ward,Entire home/apt,92.0,289
17560620,Beach Front Accommodation - Abel Tasman - Marahau,Tasman District,Motueka Ward,Entire home/apt,262.0,289
49522024,"Tuatua Quarters - a hop, skip & jump to the beach",Tauranga City,Mount Maunganui-Papamoa Ward,Entire home/apt,217.0,289
35351431,Spacious Room with Lake View,Queenstown-Lakes District,Queenstown-Wakatipu Ward,Entire home/apt,376.0,289
21753839,Cozy & Spacious Apartment - Perfect For Families,Queenstown-Lakes District,Wanaka Ward,Entire home/apt,279.0,289
44419423,River Gardens  Cabin,Tauranga City,Otumoetai-Pyes Pa Ward,Entire home/apt,132.0,289
16396723,Retro apartment,Queenstown-Lakes District,Wanaka Ward,Entire home/apt,371.0,289
927261761469509924,Cook Flat Guest House Fox Glacier,Westland District,Southern Ward,Entire home/apt,180.0,289
36887280,Ripples n Tide Waterfront Studio,Whangarei District,Whangarei Heads Ward,Entire home/apt,145.0,289
1065466742608636132,"Grey Lynn Minihouse

1 super king bed",Auckland,Waitematā and Gulf Ward,Entire home/apt,186.0,289
609560328952673627,Private Room in central location with parking,Palmerston North City,Area Outside Ward,Entire home/apt,120.0,289
32669857,A nature retreat with city convenience,Auckland,North Shore Ward,Entire home/apt,126.0,288
39403548,Home away from home,Southland District,Mararoa Waimea Ward,Entire home/apt,371.0,288
12290372,Sunny Place .....Views Over Nelson!,Nelson City,Area Outside Ward,Private room,46.0,288
906836988671978507,The Big Little House,Rotorua District,Area Outside Ward,Entire home/apt,204.0,288
31102373,Puketawai Farmstay,Ōtorohanga District,Waipa Ward,Entire home/apt,126.0,288
38189553,"Waiheke Island Resort, big seaview, deck, private!",Auckland,Waitematā and Gulf Ward,Entire home/apt,223.0,288
45544280,The beach hut,Whangarei District,Hikurangi-Coastal Ward,Entire home/apt,186.0,288
9350670,Private Bush Retreat,Auckland,Rodney Ward,Entire home/apt,415.0,288
40018297,Marytrickle in the Heart of the Dark Sky Reserve,Mackenzie District,Pukaki Ward,Entire home/apt,457.0,288
20215790,Admiral Waters - Waterfront Accommodation UNIT 1,Thames-Coromandel District,Mercury Bay Ward,Entire home/apt,224.0,288
39034468,Two Bedroom Executive Apartment in City Centre(AC),Auckland,Waitematā and Gulf Ward,Entire home/apt,126.0,288
38787850,"3 bedroom brand new townhouse comes, don't miss!",Christchurch City,Halswell Ward,Entire home/apt,294.0,288
11381517,Rotorua Shearers' Retreat Farmstay near town Wi-Fi,Rotorua District,Area Outside Ward,Entire home/apt,203.0,288
32479765,Longforde Cottage,South Wairarapa District,Greytown Ward,Entire home/apt,330.0,288
853857344067181290,Central modern Accommodation,Wellington City,Wharangi/Onslow-Western Ward,Entire home/apt,206.0,288
9349916,Shared  beautiful CBD Auckland modern apartment,Auckland,Waitematā and Gulf Ward,Private room,160.0,288
627198680545411464,Stunning Waiouru Tiny House - Winter Getaway,Ruapehu District,Waimarino-Waiouru Ward,Entire home/apt,183.0,288
50013738,Relaxing rural retreat … two bedrooms two beds,Auckland,Franklin Ward,Private room,113.0,288
714770206988723448,"Modern home with parking, spa pool & courtyard",Christchurch City,Riccarton Ward,Entire home/apt,251.0,288
974325389415228563,Secluded Studio,Timaru District,Timaru Ward,Entire home/apt,103.0,287
984545375231522611,Painted Skies - Country Guest House,Waitomo District,Waitomo Rural Ward,Entire home/apt,242.0,287
15723402,Waiiti Farmstay- Peaceful private nature escape,New Plymouth District,North Ward,Entire home/apt,92.0,287
18705953,Vista at Kawaha Point,Rotorua District,Area Outside Ward,Entire home/apt,212.0,287
739530988206599132,Plimmer Bolthole- Artisan Designed City Sanctuary,Wellington City,Pukehīnau/Lambton Ward,Entire home/apt,314.0,287
525762,The Amazing House Truck!,Tasman District,Golden Bay Ward,Entire home/apt,187.0,287
38393443,Spacious Modern Room in a Convenient Location,Palmerston North City,Area Outside Ward,Private room,76.0,287
949671404322460042,Luxurious House Next to the Beach,Dunedin City,Area Outside Ward,Entire home/apt,243.0,287
43512212,Hot Tub | Snow | Epic Views - ML73485,Hurunui District,West Ward,Entire home/apt,400.0,287
14560927,Guests favourite. Close to Airport & University,Christchurch City,Waimairi Ward,Entire home/apt,133.0,287
29611276,Totara Haven,Waitaki District,Ahuriri Ward,Entire home/apt,206.0,287
10019025,"Luxurious Lake Taupo Two Bedroom Apartment. ""Wow!""",Taupo District,Taupō Ward,Entire home/apt,295.0,287
22038456,Calvert Vineyard cottage,Central Otago District,Cromwell Ward,Entire home/apt,257.0,287
45206060,Cozy room in Aro Valley,Wellington City,Pukehīnau/Lambton Ward,Private room,,287
27681919,The Hut@Rimu Hokitika,Westland District,Northern Ward,Entire home/apt,,287
17386483,Garden Mews Studio,Auckland,Howick Ward,Entire home/apt,132.0,287
41912340,Wanaka - Pips Place,Queenstown-Lakes District,Wanaka Ward,Entire home/apt,286.0,287
42946039,"Lakeside Apartment in Frankton, Queenstown.",Queenstown-Lakes District,Queenstown-Wakatipu Ward,Entire home/apt,314.0,286
42762792,'Railway Cottage'- Classic 1950s style bach.,Napier City,Ahuriri Ward,Entire home/apt,153.0,286
4850303,Cosy 4 bedroom house Turangi Tongariro Taupō,Taupo District,Turangi-Tongariro Ward,Entire home/apt,414.0,286
8444934,Private Apartment Mosgiel,Dunedin City,Area Outside Ward,Entire home/apt,137.0,286
42278799,Waterfront historic Bakery cottage,Far North District,Te Hiku Ward,Entire home/apt,263.0,286
51432900,Mountain Loft Retreat,Stratford District,Stratford Rural Ward,Private room,229.0,286
9734566,Spectacular lake and mountain views!!!,Queenstown-Lakes District,Queenstown-Wakatipu Ward,Entire home/apt,571.0,286
13591618,Townhouse next to the park,Hastings District,Hastings-Havelock North Ward,Private room,115.0,286
16177966,Stoney Creek Apartment,Queenstown-Lakes District,Wanaka Ward,Entire home/apt,228.0,286
25407202,Black Rock Holiday Home - Tutukaka,Whangarei District,Hikurangi-Coastal Ward,Entire home/apt,911.0,286
28972899,Fiordland Eco-Retreat ☆ Panoramic Views ☆ Hot Tub,Southland District,Mararoa Waimea Ward,Entire home/apt,549.0,286
16113118,"Claremont , Timaru 1",Timaru District,Timaru Ward,Private room,205.0,286
33783455,Sunset Views Apartment,Queenstown-Lakes District,Queenstown-Wakatipu Ward,Entire home/apt,290.0,286
29471945,Te Mahuru Retreat Kaikoura- Room 5 with Hot Tubs,Kaikoura District,Area Outside Ward,Hotel room,140.0,285
19200082,"Close to Lake, Games Room, Spa Pool",Taupo District,Taupō Ward,Entire home/apt,622.0,285
18478373,Peace and Tranquility by the sea.,Auckland,Albany Ward,Entire home/apt,263.0,285
50271255,Villa on Victoria Avenue Queens Park,Invercargill City,Area Outside Ward,Entire home/apt,216.0,285
821142268850565910,Beach getaway,Tauranga City,Mount Maunganui-Papamoa Ward,Entire home/apt,149.0,285
21246004,Manita's Airbnb - Fantail Room,Rotorua District,Area Outside Ward,Private room,97.0,285
17389174,Sunny modern room w/ door to garden & own bathroom,Christchurch City,Central Ward,Private room,63.0,285
40375954,Central Location | Affordable | Queen Studio,Kaikoura District,Area Outside Ward,Private room,161.0,285
52582864,Parawai Lakehouse Sanctuary,Rotorua District,Area Outside Ward,Entire home/apt,612.0,285
558022356946357962,Adorable 1 room place  in the country.,Manawatu District,Rural Ward,Entire home/apt,183.0,285
49198086,Entire Apartment - Stunning City Pad,Auckland,Waitematā and Gulf Ward,Entire home/apt,331.0,285
695892964037157703,"Hot springs spa Private apartment,  Sea views.",New Plymouth District,New Plymouth City Ward,Entire home/apt,183.0,285
42886156,New Studio with lake and mountain views.,Queenstown-Lakes District,Queenstown-Wakatipu Ward,Entire home/apt,200.0,285
44007874,Wonderful Modern Private Lynmore Loft,Rotorua District,Area Outside Ward,Entire home/apt,144.0,285
30778781,Cathedral Cove Sunrise,Thames-Coromandel District,Mercury Bay Ward,Entire home/apt,216.0,285
11659384,The Cape Rocks Cabin,Buller District,Westport Ward,Entire home/apt,226.0,285
37359965,The Grove,Auckland,Albert-Eden-Puketāpapa Ward,Entire home/apt,142.0,285
868228765270858293,Friday's Rest,Mackenzie District,Pukaki Ward,Entire home/apt,341.0,285
40876448,"We are on the waterfront, Esplanade",Kaikoura District,Area Outside Ward,Entire home/apt,210.0,285
763154657366616081,Studio Unit  with Spa Bath!,Christchurch City,Hornby Ward,Entire home/apt,229.0,284
41892126,Te Kohanga Eco Lodge,Porirua City,Northern Ward/Pukerua ki te Raki,Entire home/apt,309.0,284
23914080,Chic Palm Beach Detox with Pool,Auckland,Waitematā and Gulf Ward,Entire home/apt,791.0,284
634883412138227965,Get Away To The Country - Wifi,Mackenzie District,Pukaki Ward,Entire home/apt,590.0,284
27436432,Head of the Lake B & B -Book a 1 or 2 Bedroom Unit,Central Otago District,Cromwell Ward,Entire home/apt,234.0,284
830238950782558696,Addington Stadium Stay,Christchurch City,Spreydon Ward,Entire home/apt,187.0,284
638752830085578605,Modern private guest suite in Arrowtown,Queenstown-Lakes District,Arrowtown Ward,Entire home/apt,234.0,284
5230973,"Beautiful, relaxing, paradise",Far North District,Bay of Islands-Whangaroa Ward,Entire home/apt,147.0,284
34234911,"Modern, Tranquil Tree Bach near the beach",Waikato District,Raglan Ward,Entire home/apt,335.0,284
653811463802682705,Adorable studio cottage with mountain views,Ashburton District,Western Ward,Entire home/apt,229.0,284
18843065,Mahia Heights Beach Views,Wairoa District,Wairoa General Ward,Entire home/apt,160.0,284
1081486168323387058,The Little Gem,Rotorua District,Area Outside Ward,Entire home/apt,148.0,284
22215857,The Cabin,Queenstown-Lakes District,Queenstown-Wakatipu Ward,Entire home/apt,357.0,284
33076039,THE BLACK YURT,New Plymouth District,New Plymouth City Ward,Entire home/apt,269.0,284
876611972906371671,Tuam on Top! Sleeps 5,Christchurch City,Central Ward,Entire home/apt,232.0,284
40493902,Luxury Style Free Street Parking CBD Location,Christchurch City,Central Ward,Entire home/apt,208.0,284
586537699467721974,One Bedroom Apartment  with a  Rooftop pool & gym,Auckland,Waitematā and Gulf Ward,Entire home/apt,150.0,284
5716515,Rest and Relax!,Taupo District,Taupō Ward,Entire home/apt,160.0,284
29340138,Sunchine Holiday House,Auckland,Manukau Ward,Private room,99.0,283
732801149794951351,2 Bed Townhouse in Albert Town,Queenstown-Lakes District,Wanaka Ward,Entire home/apt,320.0,283
691717711168008168,Designed Penthouse 2Bed & 2Bath with SkyTower View,Auckland,Waitematā and Gulf Ward,Entire home/apt,247.0,283
37732299,A peaceful and relaxing setting near wine country,Marlborough District,Wairau-Awatere Ward,Entire home/apt,200.0,283
6349393,Spacious & Gracious in Queenwood,Hamilton City,East Ward,Entire home/apt,239.0,283
21505416,The Terminus: Inner-City Heritage Apartment 8,Dunedin City,Area Outside Ward,Entire home/apt,275.0,283
23597788,Inner City Gem,Wellington City,Pukehīnau/Lambton Ward,Private room,104.0,283
35232565,Kaka Point Views Apartment 1,Clutha District,Catlins Ward,Entire home/apt,229.0,283
572569999583691504,Location! Stunning apartment with amazing views,Auckland,Waitematā and Gulf Ward,Entire home/apt,266.0,283
8396654,West Coast private hilltop hideaway,Auckland,Waitākere Ward,Entire home/apt,,283
725010617084640088,4 Bedroom Home in Palmerston North,Palmerston North City,Area Outside Ward,Entire home/apt,,283
2284704,Tiropahi Retreat Studio B&B,Buller District,Westport Ward,Entire home/apt,189.0,283
46300458,City Centre*3Bdr*4Beds*2.5 Bath*Carpark*Wkly Disc.,Christchurch City,Central Ward,Entire home/apt,302.0,283
36984699,"New Plymouth
Chill with great sea views",New Plymouth District,New Plymouth City Ward,Entire home/apt,108.0,283
747201777109606046,Apartment 1 - Haddin Court - Executive One Bedroom,Marlborough District,Blenheim Ward,Entire home/apt,155.0,283
51522809,Beautiful Kereru Cottage..... everything on offer,Christchurch City,Banks Peninsula Ward,Entire home/apt,240.0,283
14554190,"City Center, 2xBedrooms,Spa,Gyms,Pools,location +",Auckland,Waitematā and Gulf Ward,Entire home/apt,346.0,283
39639711,City Centre Gem,Napier City,Ahuriri Ward,Entire home/apt,181.0,283
7546245,The Magnolia Room,Hauraki District,Waihi Ward,Private room,103.0,282
34062192,Cashmere apartment with amazing views.,Christchurch City,Cashmere Ward,Entire home/apt,136.0,282
34371625,Modern and Convenient Townhouse,Christchurch City,Central Ward,Entire home/apt,276.0,282
32430682,The Studio (rustic crib),Queenstown-Lakes District,Queenstown-Wakatipu Ward,Entire home/apt,446.0,282
797309843651245625,A space of your own.,Rotorua District,Area Outside Ward,Entire home/apt,143.0,282
24063136,The Suite Life on Bracken,Wellington City,Takapū/Northern Ward,Entire home/apt,126.0,282
29806136,Mt Vic Garden Studio,Wellington City,Pukehīnau/Lambton Ward,Entire home/apt,,282
53786058,Peaceful tiny house with sweeping mountain views,Mackenzie District,Opuha Ward,Entire home/apt,155.0,282
40013666,"Observation Holiday Home, Affordable Family Stay",Kapiti Coast District,Paraparaumu Ward,Entire home/apt,205.0,282
49406044,"Koru Kottage, a private comfortable haven",Auckland,Waitākere Ward,Entire home/apt,126.0,282
23734747,Bakehouse Cottage - Kauaeranga Valley,Thames-Coromandel District,Thames Ward,Entire home/apt,183.0,282
27972638,Atelier35,Palmerston North City,Area Outside Ward,Entire home/apt,152.0,282
45271653,Queenstown Bay View Apartment,Queenstown-Lakes District,Queenstown-Wakatipu Ward,Entire home/apt,434.0,281
4547198,Baylys Coast- Where relaxing is easy,Kaipara District,West Coast-Central Ward,Entire home/apt,,281
638039617589764846,Retro styled with Spa in Rotorua,Rotorua District,Area Outside Ward,Entire home/apt,171.0,281
43778777,Private Room near Waitomo,Waitomo District,Waitomo Rural Ward,Private room,98.0,281
746509486087856326,Kotare Farm Studio Unit,New Plymouth District,South-West Ward,Entire home/apt,103.0,281
39678269,"Mountain View Retreat, Twizel FREE WIFI",Mackenzie District,Pukaki Ward,Entire home/apt,306.0,281
768491273852017550,"Quiet, Chic Garden Studio, Hauraki/Taka Auck",Auckland,North Shore Ward,Entire home/apt,147.0,281
28058733,Redruth,Timaru District,Geraldine Ward,Entire home/apt,272.0,281
1090839883996968423,Hagley Haven | Guest Favourite,Christchurch City,Riccarton Ward,Entire home/apt,260.0,281
12905404,The Art House,Gisborne District,Gisborne Ward,Private room,110.0,281
50234026,"Private sleepout room, ensuite and seperate access",Hamilton City,East Ward,Private room,94.0,281
26312736,A boutique getaway in a quiet neighbourhood.,Dunedin City,Area Outside Ward,Entire home/apt,214.0,281
52394243,Stylish 1BR Apartment Opposite Hagley Park,Christchurch City,Spreydon Ward,Entire home/apt,215.0,281
16536396,Central Heritage apartment,Dunedin City,Area Outside Ward,Entire home/apt,197.0,281
12472855,Private One Bedroom Downstairs Flat with Kitchen,Auckland,Albany Ward,Entire home/apt,113.0,281
876942558578485315,Lakewood-Retreat Spacious Private Quiet Cozy,Taupo District,Taupō Ward,Entire home/apt,158.0,281
9845615,Jensen Bay House,Southland District,Stewart Island/Rakiura Ward,Private room,297.0,281
938759111514008995,Central 4 Bedroom Cottage,Waitaki District,Oamaru Ward,Entire home/apt,245.0,281
13688021,Tranquil Smithfield Cottage in Country Setting,Ashburton District,Ashburton Ward,Entire home/apt,217.0,281
16341181,River Retreat,Gore District,Mataura Ward,Entire home/apt,200.0,281
762308586420704707,The Shed - a contemporary annex near the beach,Kapiti Coast District,Paraparaumu Ward,Entire home/apt,183.0,280
7163850,Possums' End,Dunedin City,Area Outside Ward,Entire home/apt,291.0,280
594960646932739638,Pae Moana - Sea Horizon,Far North District,Bay of Islands-Whangaroa Ward,Entire home/apt,102.0,280
31047685,The Willows Wanaka - 2 bdr Apartment Garden View,Queenstown-Lakes District,Wanaka Ward,Entire home/apt,316.0,280
16385125,"Clean & tidy cottage - lake access, mountain views",Rotorua District,Area Outside Ward,Entire home/apt,260.0,280
14304153,Country Escape,Selwyn District,Malvern Ward,Entire home/apt,200.0,280
22632770,Modern Retro Studio B - Studios On Kings,Queenstown-Lakes District,Wanaka Ward,Entire home/apt,743.0,280
43538021,"Stunning Views, Spa, Sauna + Walk to Lake & Town",Taupo District,Taupō Ward,Entire home/apt,565.0,280
47311780,Self Contained Architectural Studio In St Clair,Dunedin City,Area Outside Ward,Entire home/apt,287.0,280
778017137454655215,"Modern, peaceful & safe!",Rotorua District,Area Outside Ward,Private room,120.0,280
28522529,Make yourself at home in the sun,Wellington City,Wharangi/Onslow-Western Ward,Private room,153.0,280
6094239,"Chalet sleeps 6 - Quiet gardens, self-contained",Tasman District,Golden Bay Ward,Entire home/apt,130.0,280
20362556,Somers Holiday Cottage,Ashburton District,Western Ward,Entire home/apt,135.0,280
34879261,Garden studio in great location!,Tauranga City,Mount Maunganui-Papamoa Ward,Entire home/apt,197.0,280
882341847699783999,Mariners Cabin: Your seaside escape,Christchurch City,Banks Peninsula Ward,Entire home/apt,220.0,280
655662298635820828,"Beach Break - Central, Spacious Beach Bungalow",Westland District,Hokitika Ward,Entire home/apt,208.0,280
560104836708892394,Te Anau Time,Southland District,Mararoa Waimea Ward,Entire home/apt,198.0,280
866034152829505503,Midcentury Architectural Gem,Whanganui District,Area Outside Ward,Entire home/apt,215.0,280
42411046,A View to the 70s in Sunny Napier,Napier City,Ahuriri Ward,Entire home/apt,343.0,280
15409529,100 % PURE KIWI STAY,Queenstown-Lakes District,Queenstown-Wakatipu Ward,Private room,176.0,280
49220331,Charming Getaway by Hospital | Free Parking,Hamilton City,West Ward,Entire home/apt,139.0,280
31419188,Arles Historical Homestead  A Magic Place To Visit,Whanganui District,Area Outside Ward,Entire home/apt,155.0,280
45601768,Blue @ Bayview - 1970’s Beach Bach,Napier City,Ahuriri Ward,Entire home/apt,206.0,280
26177767,Capricorn lake and mountain views luxury villa,Queenstown-Lakes District,Queenstown-Wakatipu Ward,Private room,,279
6978012,"Charming, private garden studio in Central Village",Hurunui District,West Ward,Entire home/apt,230.0,279
11802289,Avocado Cottage. Katikati.,Western Bay of Plenty District,Katikati-Waihi Beach Ward,Entire home/apt,137.0,279
891038118046878747,"Black Magic – Stylish Rural Escape,Views & Privacy",Waikato District,Awaroa ki Tuakau Ward,Entire home/apt,218.0,279
1114170199632864377,Hydrangea Hideaway,Taupo District,Taupō Ward,Entire home/apt,200.0,279
21869849,Mountian View Cabin,Westland District,Northern Ward,Entire home/apt,116.0,279
24812759,Tamahere Studio,Waikato District,Tamahere Ward,Entire home/apt,97.0,279
819069740024074716,Riviera Shack,Southland District,Waiau Aparima Ward,Entire home/apt,104.0,279
21407626,"Luxury Lodge, 5*Lake Views & 10 min Walk to Town",Queenstown-Lakes District,Queenstown-Wakatipu Ward,Entire home/apt,1842.0,279
50706709,★ NEW ★ 54  on Charles ★ NEW ★,Napier City,Ahuriri Ward,Entire home/apt,160.0,279
31995041,Gateway to the Coromandel,Thames-Coromandel District,South Eastern Ward,Private room,113.0,279
30268508,Luxury Diamond Harbour Retreat with Ocean Views,Christchurch City,Banks Peninsula Ward,Entire home/apt,220.0,279
51025849,Private Guest Suite Amazing Bed and Private garden,Auckland,Albany Ward,Entire home/apt,146.0,279
42930882,Luxurious farm stay,Tararua District,South Tararua Ward,Entire home/apt,143.0,279
29519974,Studio with a touch of the Pacific,Waikato District,Raglan Ward,Entire home/apt,139.0,278
1027207811730582893,Smart & cozy cabin in the Middle of Nowhere,Ruapehu District,National Park Ward,Entire home/apt,137.0,278
6379050,"Great for families & groups, walk to town & lake",Queenstown-Lakes District,Wanaka Ward,Entire home/apt,514.0,278
916215169107233575,Cozy Cabin Style Entire Tiny Home,Auckland,Manukau Ward,Entire home/apt,143.0,278
22433797,Geoff's Pad in Thames,Thames-Coromandel District,Thames Ward,Entire home/apt,177.0,278
42919057,"Harbourside.
Renovated rooms with harbour views.",Whangarei District,Okara Ward,Entire home/apt,125.0,278
14453715,Two bedroom unit with own lounge,Auckland,Howick Ward,Entire home/apt,183.0,278
33231825,Alpine One-Bedroom Apartment • Hot Tub Access,Queenstown-Lakes District,Queenstown-Wakatipu Ward,Entire home/apt,408.0,278
17347060,Vygrove Studio,Queenstown-Lakes District,Wanaka Ward,Entire home/apt,149.0,278
769964049589465073,Private Self contained sleepout with aircon& wi-fi,Masterton District,Area Outside Ward,Entire home/apt,104.0,277
40541277,"""IN TOWN VIEWS"" Modern, centrally located+views!",Queenstown-Lakes District,Queenstown-Wakatipu Ward,Entire home/apt,342.0,277
12741903,No3. 5minu from airport. amazing lake view,Queenstown-Lakes District,Queenstown-Wakatipu Ward,Private room,295.0,277
1232959584690665968,SKY Tower Apartment,Auckland,Waitematā and Gulf Ward,Entire home/apt,155.0,277
22473847,The Nineteenth Vineyard Accommodation,Marlborough District,Wairau-Awatere Ward,Entire home/apt,388.0,277
42001256,Birdsong on Mapara,Taupo District,Taupō Ward,Entire home/apt,120.0,277
45506027,Rolling Views Vintage Retreat,Matamata-Piako District,Matamata Ward,Entire home/apt,172.0,277
45674618,Albany - Little piece of home,Auckland,Albany Ward,Entire home/apt,117.0,277
849566292937897933,Boutique Stay: Urban chic with country views,Napier City,Taradale Ward,Entire home/apt,125.0,277
25062694,Ahuriri Hideaway,Marlborough District,Marlborough Sounds Ward,Entire home/apt,246.0,277
32578878,Twin Palms Beach Unit,Auckland,Albany Ward,Entire home/apt,92.0,277
29427036,Quiet Cottage on the Hill,Christchurch City,Cashmere Ward,Entire home/apt,92.0,277
682270688918044512,Russell Outback Eco Retreat,Far North District,Bay of Islands-Whangaroa Ward,Entire home/apt,171.0,277
48445518,Cosy cottage by the park (flat rate),Southland District,Mararoa Waimea Ward,Entire home/apt,195.0,277
837058062814020519,Enchanting Getaway in Merivale,Christchurch City,Fendalton Ward,Entire home/apt,187.0,277
4310805,"Large corner room, close to city.",Auckland,Albert-Eden-Puketāpapa Ward,Private room,115.0,277
36286543,Sleepy Studio Driving Creek,Thames-Coromandel District,Coromandel-Colville Ward,Entire home/apt,116.0,277
11399839,'Simplicity' beach front apartment,Thames-Coromandel District,Mercury Bay Ward,Entire home/apt,204.0,277
29348709,Split Apple Beaches & Bays Marahau,Tasman District,Motueka Ward,Entire home/apt,291.0,277
15355909,Beachside Haven,Tauranga City,Mount Maunganui-Papamoa Ward,Entire home/apt,161.0,277
875157790555646818,City Nest: View & Style + Parking,Wellington City,Pukehīnau/Lambton Ward,Entire home/apt,174.0,277
22232937,Franz Josef Villa,Westland District,Southern Ward,Entire home/apt,423.0,276
24211621,Entire unit Relaxing rural home away from home,Selwyn District,Ellesmere Ward,Entire home/apt,156.0,276
17924877,Sleep-out at Whanga,Thames-Coromandel District,South Eastern Ward,Entire home/apt,149.0,276
37639022,Stunning sea views from private unit in new house,Wellington City,Takapū/Northern Ward,Entire home/apt,108.0,276
24186553,LILAC HOUSE ON THE LAKE,Rotorua District,Area Outside Ward,Entire home/apt,252.0,276
20507251,"Lifestyle retreat. Room 1 
Queen bed & single bed",Waitaki District,Oamaru Ward,Private room,126.0,276
578425447462782371,Waterfront Pool House Tauranga CBD,Tauranga City,Te Papa-Welcome Bay Ward,Entire home/apt,169.0,276
23569124,A Private Cottage - close to bus stop,Dunedin City,Area Outside Ward,Entire home/apt,96.0,276
14744341,Private studio in coastal Matakana,Auckland,Rodney Ward,Entire home/apt,166.0,276
10974049,The Cottage at The Gables,Tasman District,Motueka Ward,Entire home/apt,171.0,276
41131638,Sea Salt B&B Dunedin 3 Bedrooms & Views,Dunedin City,Area Outside Ward,Entire home/apt,206.0,276
42609518,Boutique Railway Cottage — 2 Mins Walk to Town!,Hauraki District,Paeroa Ward,Entire home/apt,180.0,276
14088263,NewYorkNewYork: Fast Fibre/Sky&SmartTV/Linen.,South Wairarapa District,Martinborough Ward,Entire home/apt,309.0,276
16572085,Large bedsit flat with kitchen and bathroom,Tauranga City,Mount Maunganui-Papamoa Ward,Entire home/apt,137.0,276
43986256,"Modern in Hillcrest
2 bathrooms",Hamilton City,East Ward,Entire home/apt,263.0,276
26751633,Cozy Deluxe Tree Hut with Terrace,Westland District,Southern Ward,Entire home/apt,234.0,276
48186686,Central Location - 2 Bedroom Apartment in Habeke,Queenstown-Lakes District,Queenstown-Wakatipu Ward,Entire home/apt,1065.0,276
22375502,Good Memories Apartment on Hamon,Rotorua District,Area Outside Ward,Entire home/apt,172.0,276
15513980,Godden Cottage in Mission Bay,Auckland,Ōrākei Ward,Entire home/apt,295.0,276
32850053,Completely Private Guest Suite,Timaru District,Timaru Ward,Private room,111.0,276
49548066,Panoramic Lake House - Close to Town,Queenstown-Lakes District,Queenstown-Wakatipu Ward,Entire home/apt,228.0,276
50574092,Modern 1 bedroom Unit with adventure at the door.,Queenstown-Lakes District,Wanaka Ward,Entire home/apt,169.0,276
54199946,2 Bedroom + loft apartment in heart of CBD,Auckland,Waitematā and Gulf Ward,Entire home/apt,215.0,275
36851863,Sanctuary in the City,Palmerston North City,Area Outside Ward,Entire home/apt,135.0,275
38173448,The Beach House Raglan,Waikato District,Raglan Ward,Entire home/apt,252.0,275
868263940088141702,Nova Heights,Mackenzie District,Pukaki Ward,Entire home/apt,341.0,275
1159545787438809437,La Casita,Marlborough District,Marlborough Sounds Ward,Entire home/apt,120.0,275
41119062,Newly Built Spacious Studio - Lake View,Queenstown-Lakes District,Queenstown-Wakatipu Ward,Entire home/apt,275.0,275
608678127783910531,Unique & Private Treehouse with Outdoor Bathtub,Queenstown-Lakes District,Queenstown-Wakatipu Ward,Entire home/apt,299.0,275
986417321412389366,Papamoa Beach Getaway| Cosy Tiny Home + Spa,Tauranga City,Mount Maunganui-Papamoa Ward,Entire home/apt,223.0,275
20700355,Deluxe Heritage Rooftop Hot Tub & Gym by SkyTower,Auckland,Waitematā and Gulf Ward,Entire home/apt,186.0,275
23526024,Beechwood Apartment 21,Queenstown-Lakes District,Queenstown-Wakatipu Ward,Entire home/apt,477.0,275
546677058219712914,"Raglan, walk to beach/town, new, sunny, guesthouse",Waikato District,Raglan Ward,Entire home/apt,198.0,275
18044500,Stunning Lake Views & Thermal Plunge Pool,Taupo District,Taupō Ward,Entire home/apt,343.0,275
14937801,Back House of Papanui,Christchurch City,Papanui Ward,Entire home/apt,246.0,275
69620,Great Sea Views .... Close to Beach & City .,Nelson City,Area Outside Ward,Entire home/apt,252.0,275
17156860,Art Deco house: The gold room-King Single bed.,Hastings District,Hastings-Havelock North Ward,Private room,97.0,275
1004543,Mirror Creek Holiday Cottage,Westland District,Northern Ward,Entire home/apt,263.0,275
16446034,Onetangi Belle | Coast & Country,Auckland,Waitematā and Gulf Ward,Entire home/apt,679.0,275
667758223208977117,"WakeUp in CHCH Urban Oasis, Close to Arena&Railway",Christchurch City,Spreydon Ward,Entire home/apt,156.0,274
796506511400664162,Beach 5 min walk | Private | Family Retreat,Tauranga City,Mount Maunganui-Papamoa Ward,Entire home/apt,357.0,274
742184208131722832,CBD Parkside Penthouse 2Beds & 2Baths vs Pool Gym,Auckland,Waitematā and Gulf Ward,Entire home/apt,235.0,274
29548516,"Apartment in Wanaka, 
Wanaka Breakaway free Wi-Fi",Queenstown-Lakes District,Wanaka Ward,Entire home/apt,266.0,274
50174580,"Kerikeri - Right in town, quiet and comfortable",Far North District,Bay of Islands-Whangaroa Ward,Entire home/apt,265.0,274
1154729,"Penthouse Apartment, Nelson Waterfront",Nelson City,Area Outside Ward,Entire home/apt,428.0,274
15134059,Cosy country retreat,Waipa District,Cambridge Ward,Entire home/apt,148.0,274
34426347,Gardeners' Cottage (Breakfast included),Waikato District,Eureka Ward,Entire home/apt,240.0,274
845060230832107981,Caroline Bay Retreat,Timaru District,Timaru Ward,Entire home/apt,137.0,274
28160209,Te Tiro Cottage Two & Glowworms,Waitomo District,Waitomo Rural Ward,Entire home/apt,251.0,274
35683211,Lake Taupo Waterfront 2 Bedroom,Taupo District,Taupō Ward,Entire home/apt,463.0,274
28465276,☀️Centre of town☀️Close to Abel Tasman☀️,Tasman District,Motueka Ward,Entire home/apt,87.0,274
25268685,Blue Cottage   $,Tasman District,Golden Bay Ward,Entire home/apt,174.0,274
50683779,Peaceful & Cozy 1 bedroom Guesthouse in Swanson,Auckland,Waitākere Ward,Entire home/apt,298.0,274
7560776,Lakeside Maisonette - absolute lakefront,Queenstown-Lakes District,Queenstown-Wakatipu Ward,Entire home/apt,440.0,274
41327451,"Executive CBD Home | Fast Wi-Fi, Self Check-In",Gisborne District,Gisborne Ward,Entire home/apt,217.0,274
747851189643380917,Tiny Home near Mangawhai (King Size bed & Hot Tub),Kaipara District,Mangawhai-Kaiwaka Ward,Entire home/apt,192.0,274
12612843,No1. 5 minu from airport. amazing lake view.,Queenstown-Lakes District,Queenstown-Wakatipu Ward,Private room,296.0,274
35142202,"Four bedroom near the ocean, beach and cafes",Wellington City,Motukairangi/Eastern Ward,Entire home/apt,482.0,274
22614913,Pointbreak Studio,Hastings District,Heretaunga Ward,Entire home/apt,189.0,274
30023449,A Travellers Haven! Great Views! Great Location!,Queenstown-Lakes District,Queenstown-Wakatipu Ward,Entire home/apt,1140.0,273
33974674,Holiday Cabin,New Plymouth District,New Plymouth City Ward,Entire home/apt,97.0,273
9387748,Cute Wanaka Crib - 12 Minute Walk to Lake & Town,Queenstown-Lakes District,Wanaka Ward,Entire home/apt,468.0,273
39494625,Alpine Getaway,Queenstown-Lakes District,Queenstown-Wakatipu Ward,Entire home/apt,642.0,273
949714333360740537,Sunny abode with Mount views,Tauranga City,Mount Maunganui-Papamoa Ward,Entire home/apt,137.0,273
22883553,Tui Bush Cabin,Whangarei District,Hikurangi-Coastal Ward,Entire home/apt,144.0,273
45958842,Boutique Luxe in Taupo with World Class Views,Taupo District,Taupō Ward,Entire home/apt,326.0,273
695314427201989430,Old Bank Villa 5 Hamilton street,Westland District,Hokitika Ward,Entire home/apt,229.0,273
801655938123978090,Private modern studio in Te Anau,Southland District,Mararoa Waimea Ward,Entire home/apt,169.0,273
44234121,Maori Point Vineyard Cottage,Central Otago District,Cromwell Ward,Entire home/apt,249.0,273
17659339,"4- CHARMING SPACE, A STONES THROW FROM THE CENTRE",Queenstown-Lakes District,Wanaka Ward,Entire home/apt,470.0,273
46227957,Central New Plymouth Bliss,New Plymouth District,New Plymouth City Ward,Private room,99.0,273
40252557,Moonlight Escape Lodge  -   King Suite  +  Hot Tub,Queenstown-Lakes District,Queenstown-Wakatipu Ward,Private room,234.0,273
899503258917586109,"Modern & Peaceful 
Bethlehem Guest Suite -Tauranga",Tauranga City,Otumoetai-Pyes Pa Ward,Entire home/apt,127.0,273
1062748631705263397,Cosy cottage in Goat Paradise.,Waimakariri District,Oxford-Ohoka Ward,Entire home/apt,110.0,273
29339285,Sunshine 2 Singles,Auckland,Manukau Ward,Private room,103.0,273
893170527153698673,Charming Urban Retreat Close to the City,Rotorua District,Area Outside Ward,Entire home/apt,170.0,273
780801851129541513,Central Charm | 10 Min Walk to CBD,Queenstown-Lakes District,Queenstown-Wakatipu Ward,Entire home/apt,724.0,273
44510612,Stylish Space,Mackenzie District,Pukaki Ward,Private room,200.0,273
51429622,The Eclectic Escape - Romantic & Outdoor Bath,Palmerston North City,Area Outside Ward,Entire home/apt,216.0,273
47288555,The Barn - Private Studio Unit,Queenstown-Lakes District,Queenstown-Wakatipu Ward,Entire home/apt,200.0,273
30403738,Perfectly located Apt w/courtyard & carpark,Queenstown-Lakes District,Queenstown-Wakatipu Ward,Entire home/apt,,273
586918328568496885,"Bedroom, private bathroom, garden views, breakfast",Tauranga City,Otumoetai-Pyes Pa Ward,Private room,,272
5280173,Stunning Views on the Coast,Far North District,Bay of Islands-Whangaroa Ward,Entire home/apt,365.0,272
41269876,Arista - North Hamilton - 4 bedrooms - cosy home,Hamilton City,East Ward,Entire home/apt,434.0,272
15116121,"Separate, sunny and self-contained guest house",Auckland,Rodney Ward,Entire home/apt,149.0,272
22409971,"""Base Camp"" rustic Holiday Chalet  in Arthurs Pass",Selwyn District,Malvern Ward,Entire home/apt,345.0,272
46244250,Traditional Kiwi Batch,Westland District,Southern Ward,Entire home/apt,149.0,272
41824382,Spanish Mission Hideaway with pool and garden,Hastings District,Hastings-Havelock North Ward,Entire home/apt,139.0,272
24857242,Home away from Home,Napier City,Taradale Ward,Entire home/apt,,272
20789005,Cozy private room,Queenstown-Lakes District,Queenstown-Wakatipu Ward,Entire home/apt,115.0,272
23650260,Studio at Lime Tree. Close Waitomo. Comfort plus,Ōtorohanga District,Kawhia-Tihiroa Ward,Entire home/apt,246.0,272
14695334,"Oakham Cottage - English style gardens, Geraldine.",Timaru District,Geraldine Ward,Entire home/apt,219.0,272
42952680,Million Dollar View!,Queenstown-Lakes District,Queenstown-Wakatipu Ward,Entire home/apt,331.0,272
44183103,Peaceful river view hideaway by the Waikato river,Taupo District,Taupō Ward,Entire home/apt,166.0,272
49777521,"Lake, mountain view cottage",Rotorua District,Area Outside Ward,Entire home/apt,252.0,272
15240118,St James Mews- townhouse central to everything.,Christchurch City,Riccarton Ward,Private room,112.0,272
1107733238087736458,Sunny Stylish Studio,Queenstown-Lakes District,Wanaka Ward,Private room,176.0,272
8034246,Serene garden studio with spa near beach and city,Christchurch City,Coastal Ward,Entire home/apt,200.0,272
1022512422347255918,Southern Peaks - Private Room,Queenstown-Lakes District,Queenstown-Wakatipu Ward,Private room,155.0,271
5406091,"Marahau, Split Apple Rock",Tasman District,Motueka Ward,Private room,137.0,271
14079020,A sunny spot close to the water.,Whangarei District,Hikurangi-Coastal Ward,Private room,155.0,271
24919594,Picture Perfect Cozy Private Studio Room!,Queenstown-Lakes District,Queenstown-Wakatipu Ward,Entire home/apt,303.0,271
33113355,"Harbour View, Time out",Kaikoura District,Area Outside Ward,Entire home/apt,263.0,271
17283531,Manorburn Suites: Two double bedroom unit,Mackenzie District,Pukaki Ward,Entire home/apt,363.0,271
33857416,Grovetown Vineyards Homestead,Marlborough District,Wairau-Awatere Ward,Entire home/apt,382.0,271
38050183,Outdoor Tubs | Location | Tranquility - ML4186,Hurunui District,West Ward,Entire home/apt,481.0,271
24410627,Ben Morven Vineyard Cottage,Marlborough District,Wairau-Awatere Ward,Entire home/apt,294.0,271
562316061442000158,Private room - 1 bedroom free parking on premises,Auckland,Howick Ward,Private room,76.0,271
6047947,THE RESIDENCE #11,Queenstown-Lakes District,Queenstown-Wakatipu Ward,Entire home/apt,1474.0,271
25521135,Luxurious 3BR Getaway with Panoramic Views,Queenstown-Lakes District,Queenstown-Wakatipu Ward,Entire home/apt,999.0,271
35690220,"Bright, Modern, Plush - Four bedroom Townhouse",Queenstown-Lakes District,Queenstown-Wakatipu Ward,Entire home/apt,1048.0,271
11165430,Belvedere Breath Taking Lake and Mountain Views,Queenstown-Lakes District,Queenstown-Wakatipu Ward,Entire home/apt,856.0,271
32430060,Home From Home On Aotea,Dunedin City,Area Outside Ward,Entire home/apt,268.0,271
42028600,The Apartment,Central Otago District,Cromwell Ward,Entire home/apt,136.0,271
33973230,Auckland CBD -FREE Parking - Gym -Pool & Sauna,Auckland,Waitematā and Gulf Ward,Private room,116.0,271
47773010,Dunedin's Slice of Paradise,Dunedin City,Area Outside Ward,Entire home/apt,257.0,271
34799393,Panorama House,Waikato District,Raglan Ward,Entire home/apt,353.0,270
52244989,Fabulous views - Sleeps 2-9,Queenstown-Lakes District,Queenstown-Wakatipu Ward,Entire home/apt,491.0,270
16514732,CoromandelCentral LuxuryWithSpa~CBD Central,Thames-Coromandel District,Coromandel-Colville Ward,Entire home/apt,285.0,270
24181706,Groovy on Grey | Central Location with Spa Pool,Rotorua District,Area Outside Ward,Entire home/apt,244.0,270
16183950,City Central Heritage Big Suite,Dunedin City,Area Outside Ward,Entire home/apt,217.0,270
939945134065415541,Lakeview Motel: Lakeside Fun!,Mackenzie District,Pukaki Ward,Private room,322.0,270
8071527,"Luxury home, modern living",Dunedin City,Area Outside Ward,Entire home/apt,,270
26404418,Roomy Apartment,Queenstown-Lakes District,Queenstown-Wakatipu Ward,Entire home/apt,323.0,270
38735089,City side treehouse getaway - w/- outdoor bath,Wellington City,Wharangi/Onslow-Western Ward,Entire home/apt,220.0,270
12817624,"Bird and flower cottage 
comfortable & private",Dunedin City,Area Outside Ward,Entire home/apt,180.0,270
22195484,Hokianga Harbour beach apartment,Far North District,Kaikohe-Hokianga Ward,Entire home/apt,240.0,270
44089185,A little bit of country on the city's doorstep,Napier City,Taradale Ward,Entire home/apt,109.0,270
46854246,Private Country Tiny House *Cambridge 12 mins away,Waikato District,Tamahere Ward,Entire home/apt,159.0,270
896621732784469114,"The Cottage at The Willows, Cambridge, Waikato",Waipa District,Cambridge Ward,Entire home/apt,216.0,270
35431820,3 Bedrooms 2 Barthrooms modern construction,Dunedin City,Area Outside Ward,Entire home/apt,353.0,270
924027,Protea Park Cottage - spacious and warm,Far North District,Te Hiku Ward,Entire home/apt,172.0,270
31677412,Rose Cottage -Private outdoor bath and star gazing,Auckland,Franklin Ward,Entire home/apt,312.0,270
33944864,Brighton Beach Bach,Dunedin City,Area Outside Ward,Entire home/apt,172.0,269
16814526,The Black Watch,Queenstown-Lakes District,Queenstown-Wakatipu Ward,Entire home/apt,638.0,269
10542823,Modern 2 bedroom downstairs unit with sea views,Far North District,Bay of Islands-Whangaroa Ward,Entire home/apt,274.0,269
33638547,Cozy studio near the hospital with free parking,Hamilton City,West Ward,Entire home/apt,151.0,269
51452589,Classic Victorian Cottage with Harbour Views,Dunedin City,Area Outside Ward,Entire home/apt,286.0,269
10285588,Top floor - spectacular views!,Marlborough District,Marlborough Sounds Ward,Entire home/apt,343.0,269
48271566,Richcrest Farm Stay-Self contained Cabin,Manawatu District,Rural Ward,Entire home/apt,174.0,269
705974702196061394,Modern & Spacious Home!,Palmerston North City,Area Outside Ward,Entire home/apt,329.0,269
697441276347347109,"Near the Airport, Affordable & Clean Stay",Auckland,Manurewa-Papakura Ward,Private room,86.0,269
716183256348903474,Lil Hamptons,Thames-Coromandel District,Mercury Bay Ward,Entire home/apt,183.0,269
750243952119307690,Yurt Space,Queenstown-Lakes District,Wanaka Ward,Private room,,269
1256272601744933810,Oamaru Blue Accomodation,Waitaki District,Oamaru Ward,Entire home/apt,220.0,269
10297569,"Harbourside Getaway.
waterfront, 2 bedroom...",Whangarei District,Bream Bay Ward,Entire home/apt,215.0,269
52243650,Adventurer's Chest Taiwawe - Free Adventure Gear,Thames-Coromandel District,Mercury Bay Ward,Entire home/apt,195.0,269
609481622771890687,​5 o'clock Somewhere: Premium Property,Masterton District,Area Outside Ward,Entire home/apt,334.0,268
37225277,Railway Cottage,South Wairarapa District,Martinborough Ward,Entire home/apt,394.0,268
34259122,Take time out in Turangi - family friendly,Taupo District,Turangi-Tongariro Ward,Entire home/apt,236.0,268
836702718169565816,Orchard Cottage,Napier City,Taradale Ward,Entire home/apt,185.0,268
50216797,Alternative Apartment handy to the Airport.,Wellington City,Motukairangi/Eastern Ward,Entire home/apt,148.0,268
583577160530329052,Fiery Peak Eco-Retreat with Logfire & Hot Tub,Timaru District,Geraldine Ward,Entire home/apt,257.0,268
44493529,Cosy Studio Central Mount Maunganui,Tauranga City,Mount Maunganui-Papamoa Ward,Entire home/apt,172.0,268
17605760,"New with a View, Twizel - FREE WIFI",Mackenzie District,Pukaki Ward,Entire home/apt,253.0,268
22205226,Waireka Studio,Ruapehu District,Waimarino-Waiouru Ward,Entire home/apt,166.0,268
6416384,The Bach - One bedroom Cottage @ 226B Milford Rd,Southland District,Mararoa Waimea Ward,Entire home/apt,180.0,268
9517130,"Durie Vale Retreat - Spa pool, BBQ, Sky TV",Whanganui District,Area Outside Ward,Entire home/apt,236.0,268
36922707,"Award Winning Architecturally Designed Pad, Views!",Queenstown-Lakes District,Queenstown-Wakatipu Ward,Entire home/apt,762.0,268
37218587,Swallows Nook @dirtfarm,Kapiti Coast District,Ōtaki Ward ,Entire home/apt,305.0,268
23652398,home away from home,Tasman District,Motueka Ward,Entire home/apt,185.0,268
23238014,Recharge in the Countryside - Bed & Breakfast,Hurunui District,West Ward,Private room,109.0,268
53771048,Cabin in the Woods,Thames-Coromandel District,Thames Ward,Entire home/apt,97.0,268
49817115,Flat nestled in quiet neighbourhood!,Tauranga City,Te Papa-Welcome Bay Ward,Private room,69.0,268
27882145,Private 2 bedroom suite in great central location,Auckland,Waitematā and Gulf Ward,Entire home/apt,189.0,268
34064452,The Tiny House,Auckland,Franklin Ward,Entire home/apt,325.0,268
751115206661505558,Modern studio with own deck,Waikato District,Raglan Ward,Private room,117.0,268
867562238943307700,Nestled in Nature,Rotorua District,Area Outside Ward,Entire home/apt,137.0,267
29574806,"Panorama cottage, Hillside Road Te Anau/Manapouri",Southland District,Mararoa Waimea Ward,Entire home/apt,239.0,267
40011168,Te Puea Views Lifestyle Accommodation Rotorua,Rotorua District,Area Outside Ward,Entire home/apt,258.0,267
4566831,Queenstown “BIG VIEWS”,Queenstown-Lakes District,Queenstown-Wakatipu Ward,Entire home/apt,1033.0,267
8309608,"Kawarau Cottage. Riverfront, Felton Rd Bannockburn",Central Otago District,Cromwell Ward,Entire home/apt,226.0,267
38111818,Lake Hawea Stone Cottage,Queenstown-Lakes District,Wanaka Ward,Entire home/apt,231.0,267
1475095324790629003,Family Apartment with Alpacas at Hideaway,Rotorua District,Area Outside Ward,Entire home/apt,239.0,267
835127488824327250,Pet friendly Springfield retreat,Rotorua District,Area Outside Ward,Entire home/apt,205.0,267
12759005,Catlins Lake Sanctuary,Clutha District,Catlins Ward,Entire home/apt,217.0,267
24432338,Te Miro Loft- Studio with a view,Waipa District,Maungatautari Ward,Entire home/apt,174.0,267
21018830,Large Lakeview Central Queenstown Home w spa,Queenstown-Lakes District,Queenstown-Wakatipu Ward,Entire home/apt,970.0,267
10072788,Mountainview Tui Studio,Queenstown-Lakes District,Wanaka Ward,Private room,200.0,267
49470247,★★ NEW ★ 54 on Charles ★ NEW ★★,Napier City,Ahuriri Ward,Entire home/apt,176.0,267
41218567,Cozy sudio in the heart of Rotorua,Rotorua District,Area Outside Ward,Entire home/apt,132.0,267
677711692919980120,"The Hibiscus Suite Paihia, unit by the sea!",Far North District,Bay of Islands-Whangaroa Ward,Entire home/apt,149.0,267
28845597,Pa Hill Cabin,Kaipara District,Mangawhai-Kaiwaka Ward,Entire home/apt,394.0,267
51395048,Bel Air Mansion - Sleeps 12 Villa,Christchurch City,Riccarton Ward,Entire home/apt,551.0,267
14824634,Lake Rotoiti Lakefront - hot water creek,Rotorua District,Area Outside Ward,Entire home/apt,439.0,267
937346568738495544,Hygge Cottage,Hastings District,Heretaunga Ward,Entire home/apt,238.0,267
22017070,Ballintoy Beauty,Tauranga City,Te Papa-Welcome Bay Ward,Entire home/apt,303.0,267
18393487,Studio by the sea.,New Plymouth District,New Plymouth City Ward,Entire home/apt,149.0,266
709447414049582941,"Joy on Jollie -
Your home away from home",Westland District,Hokitika Ward,Entire home/apt,309.0,266
830412202767663806,Spacious & relaxing on Tory with balcony & netflix,Wellington City,Pukehīnau/Lambton Ward,Entire home/apt,228.0,266
39899132,The Gallery | Central Location with Spa Pool,Rotorua District,Area Outside Ward,Entire home/apt,277.0,266
37336394,Wai View,Queenstown-Lakes District,Queenstown-Wakatipu Ward,Entire home/apt,856.0,266
25323190,Rolleston paradise. Private bedroom with ensuite.,Selwyn District,Selwyn Central Ward,Private room,119.0,266
34158454,View From Fletcher,Taupo District,Taupō Ward,Entire home/apt,228.0,266
5095866,The View,Queenstown-Lakes District,Queenstown-Wakatipu Ward,Entire home/apt,769.0,266
45989749,Upstairs Room & Private Bathroom~7kms from Airport,Auckland,Manukau Ward,Private room,104.0,266
515599,Sundari Retreat,Kapiti Coast District,Ōtaki Ward ,Entire home/apt,149.0,266
733699072777158949,Waihi Rustic cabin 2,Hauraki District,Waihi Ward,Entire home/apt,60.0,266
729240127668428838,The Shepherds Hut - boutique retreat.,Hurunui District,West Ward,Entire home/apt,305.0,266
798835010861810785,Jillo’s B & B,Westland District,Southern Ward,Private room,206.0,266
38274791,"Spacious, Peaceful Urban Edge Villa",Wellington City,Pukehīnau/Lambton Ward,Entire home/apt,415.0,266
23205929,Cozy Loft suite in Lake Hawea .,Queenstown-Lakes District,Wanaka Ward,Private room,126.0,266
8293114,Holiday home (Bach) - Waikanae Beach,Kapiti Coast District,Waikanae Ward,Entire home/apt,212.0,266
23672798,Everything you need near the beach,Tauranga City,Mount Maunganui-Papamoa Ward,Entire home/apt,176.0,266
18464561,Dunstan View Cottage,Central Otago District,Cromwell Ward,Entire home/apt,217.0,266
27058965,South City Accommodation Invercargill Unit 3,Invercargill City,Area Outside Ward,Entire home/apt,200.0,265
19442205,Piha - peaceful & private,Auckland,Waitākere Ward,Private room,168.0,265
1183469970238346010,Private Deck With Views. Soft Bed. Washer & Dryer.,Nelson City,Area Outside Ward,Entire home/apt,108.0,265
35659820,Kaka Point Views Apartment 2,Clutha District,Catlins Ward,Entire home/apt,183.0,265
7150097,Ark Cabin @ Tui Ridge Retreat - no extra fees,Western Bay of Plenty District,Katikati-Waihi Beach Ward,Entire home/apt,142.0,265
42317862,Flax Ridge,Westland District,Hokitika Ward,Entire home/apt,325.0,265
41459316,Tree House with a view,Clutha District,Bruce Ward,Entire home/apt,210.0,265
51316517,Luxe Residence with Harbour View & 2 Free Parkings,Auckland,Waitematā and Gulf Ward,Entire home/apt,693.0,265
24995270,COMFY NEST,Dunedin City,Area Outside Ward,Private room,107.0,265
29887991,Kawaha Pt Gem | Great Location with Lake Views,Rotorua District,Area Outside Ward,Entire home/apt,269.0,265
757893,Belle Views Queen with kitchenette - inc b/fast,Dunedin City,Area Outside Ward,Private room,120.0,265
22617102,The Black Blonde Cottages with Seaview,Thames-Coromandel District,Mercury Bay Ward,Entire home/apt,172.0,265
20760308,"*Park views, warm & cosy, fast wifi *",Auckland,Waitematā and Gulf Ward,Entire home/apt,204.0,265
1105438235689987327,Cozy on Cook (Back of Property),Thames-Coromandel District,Mercury Bay Ward,Entire home/apt,114.0,265
2919187,Private Cozy Self Contained Unit,Auckland,Albert-Eden-Puketāpapa Ward,Entire home/apt,168.0,265
41297218,"Kowhai Cottage, Herbert,  Presbyterian Old Manse",Waitaki District,Corriedale Ward,Entire home/apt,183.0,265
45516923,Victoria Lodgings self contained studio apartment,Masterton District,Area Outside Ward,Entire home/apt,156.0,265
24700276,Timaru apartment with a view,Timaru District,Timaru Ward,Entire home/apt,127.0,265
50982243,Parkside Relax townhouse Free Parking EV charger,Christchurch City,Riccarton Ward,Entire home/apt,205.0,265
52909007,The Remarkable lakeside Apartment,Queenstown-Lakes District,Queenstown-Wakatipu Ward,Entire home/apt,350.0,264
30777987,Dragonfly Inn,Timaru District,Timaru Ward,Entire home/apt,143.0,264
37294439,Kererū Retreat - Mt Hutt (10 mins from Methven),Ashburton District,Western Ward,Entire home/apt,304.0,264
30376719,Pleasant 5 min stroll to Town -3BR Lakeside Wonder,Queenstown-Lakes District,Queenstown-Wakatipu Ward,Entire home/apt,840.0,264
36669710,Genuine Kiwi Bach on the Eastern side Lake Taupo,Taupo District,Turangi-Tongariro Ward,Entire home/apt,149.0,264
27176262,"Mt Lyford - Terako Hut , Lake Stella",Marlborough District,Wairau-Awatere Ward,Entire home/apt,342.0,264
20158053,"Waiheke Island. Large, modern 1 bedroom apartment.",Auckland,Waitematā and Gulf Ward,Entire home/apt,323.0,264
1634781,ABSOLUTE BEACHFRONT RUBY BAY,Tasman District,Moutere-Waimea Ward,Entire home/apt,,264
524165,"Little Greenie, Passive House, Golden Bay",Tasman District,Golden Bay Ward,Entire home/apt,250.0,264
24876309,Convenient Location in Epsom,Auckland,Albert-Eden-Puketāpapa Ward,Entire home/apt,104.0,264
9351500,"Private, self contained with off street parking",Napier City,Taradale Ward,Entire home/apt,152.0,264
45962479,"Modern 2 Bedroom Beside SkyTower,Queen St vs Pool",Auckland,Waitematā and Gulf Ward,Entire home/apt,292.0,264
1035242591174124944,Modern Under The Remarkables,Queenstown-Lakes District,Queenstown-Wakatipu Ward,Entire home/apt,290.0,264
5630534,Cozy little bedroom!,Auckland,North Shore Ward,Private room,69.0,264
17000586,Diamond Villa  CBD Central Location  Garage,Queenstown-Lakes District,Queenstown-Wakatipu Ward,Entire home/apt,911.0,263
48647807,Kapia Lodge - Luxury waterfront,Kaipara District,West Coast-Central Ward,Entire home/apt,,263
11802074,Cute house near the Pacific Ocean,Napier City,Nelson Park Ward,Private room,103.0,263
15685544,Cooks Beach Cottage,Thames-Coromandel District,Mercury Bay Ward,Entire home/apt,193.0,263
3042611,Room in paradise!,Auckland,North Shore Ward,Private room,115.0,263
20445118,Inner city sanctuary - 2 bedroom unit,Auckland,Waitematā and Gulf Ward,Entire home/apt,180.0,263
15422837,"Hurstmere Cottage, Matakana",Auckland,Rodney Ward,Entire home/apt,540.0,263
577003699891047278,"Stonesthro Cottage, Self Contained 1 Bedroom Unit",Taupo District,Taupō Ward,Entire home/apt,183.0,263
28996839,Feel the serenity **Perfect for families**,Christchurch City,Banks Peninsula Ward,Entire home/apt,223.0,263
36806492,Lodge Double/Twin,Ruapehu District,National Park Ward,Private room,125.0,263
54018503,Artful Urban Retreat With Spa,Hamilton City,East Ward,Entire home/apt,363.0,263
858199393286050410,Designer's Pad In Central City,Christchurch City,Central Ward,Entire home/apt,223.0,263
4413346,Palm Beach - Great Sea Views : Air Conditioning,Auckland,Waitematā and Gulf Ward,Entire home/apt,514.0,263
980684169828452170,Cute 2 bedroom home with garage!,Whanganui District,Area Outside Ward,Entire home/apt,172.0,263
18736814,"Peaceful, Warm, Sunny Lake Hawea Home",Queenstown-Lakes District,Wanaka Ward,Entire home/apt,327.0,263
18242437,BAYVIEW  - APARTMENT  - PAIHIA - BAY OF ISLANDS,Far North District,Bay of Islands-Whangaroa Ward,Entire home/apt,257.0,263
39806676,Country Feel /Town close by.,Napier City,Taradale Ward,Entire home/apt,197.0,263
1064654419752421302,The Cottage.,Taupo District,Taupō Ward,Entire home/apt,212.0,263
14506583,The Lakehouse Queenstown - Absolute Lakefront,Queenstown-Lakes District,Queenstown-Wakatipu Ward,Entire home/apt,2163.0,263
50602628,Gilmore Manor,Waipa District,Pirongia Ward,Entire home/apt,158.0,263
17463788,"Ringaringa Beach Cottage, comfortable whole house",Southland District,Stewart Island/Rakiura Ward,Entire home/apt,251.0,263
50622246,Sea Vista at The Annexe @ Westhill Cottage,Lower Hutt City,Harbour Ward,Entire home/apt,172.0,263
13281283,The Brown House,Waitaki District,Ahuriri Ward,Entire home/apt,640.0,262
43882968,"The Studio @ Raupo Creek - Rural, self contained.",Selwyn District,Springs Ward,Entire home/apt,182.0,262
28553535,"Red Squirrel Cottage, secluded, sunny, spacious",Hurunui District,South Ward,Entire home/apt,,262
50874880,"""The Maple Tree"" Taupo, central accommodation",Taupo District,Taupō Ward,Entire home/apt,544.0,262
21277610,Luxury Taupō Escape for Families & Groups,Taupo District,Taupō Ward,Entire home/apt,925.0,262
31386022,Richmond Cottage,Hastings District,Heretaunga Ward,Entire home/apt,169.0,262
11968867,The Grandview Studio - No cleaning fee,Queenstown-Lakes District,Wanaka Ward,Entire home/apt,,262
969107869797973512,Peak Views,Ruapehu District,National Park Ward,Entire home/apt,237.0,262
53785224,Koa Cabin Hahei. Hillside Sea Views. Outdoor Bath,Thames-Coromandel District,Mercury Bay Ward,Entire home/apt,270.0,262
557403721378139186,Separate apartment overlooking Lake Tarawera,Rotorua District,Area Outside Ward,Entire home/apt,160.0,262
17190599,Beez Kneez | Central Location with Spa Pool,Rotorua District,Area Outside Ward,Entire home/apt,225.0,262
49030757,Sea Breeze Cottage - Family Fun Close to the Beach,Clutha District,Catlins Ward,Entire home/apt,172.0,262
40677593,Credit House Luxury Apartment in the Six Sisters,Napier City,Nelson Park Ward,Entire home/apt,238.0,262
45356221,Cosy cabin with gorgeous views - relaxation bliss!,Far North District,Kaikohe-Hokianga Ward,Entire home/apt,158.0,262
15976895,Govan Holiday House,Southland District,Mararoa Waimea Ward,Entire home/apt,283.0,262
608184,Beautiful accommodation at Wainui Beach BR 1,Gisborne District,Gisborne Ward,Private room,88.0,262
540746712234220266,"Tranquil Coastal Escape, sea view, spacious living",Auckland,Franklin Ward,Entire home/apt,217.0,262
24341774,Loft @ River Chalet,Timaru District,Geraldine Ward,Entire home/apt,160.0,262
771668195629733909,Treehouse Hideaway @ Rekindle Treehouses,Far North District,Bay of Islands-Whangaroa Ward,Entire home/apt,185.0,261
634415939483950840,The Coolest Townhouse in Christchurch,Christchurch City,Central Ward,Entire home/apt,164.0,261
18998847,Tui Cottage -Modern two bedroom. Great views,Waipa District,Pirongia Ward,Entire home/apt,194.0,261
864186703558747859,Meadow views cottage with Wi-fi,Rotorua District,Area Outside Ward,Entire home/apt,259.0,261
39878145,Harbour Views Plus Extras,Invercargill City,Area Outside Ward,Entire home/apt,220.0,261
915487383389644970,Cookies Home,Queenstown-Lakes District,Wanaka Ward,Private room,160.0,261
1072901782735868334,"Lookout Lodge, Number one",Waitaki District,Oamaru Ward,Entire home/apt,148.0,261
23824334,Downtown Mount location with views,Tauranga City,Mount Maunganui-Papamoa Ward,Entire home/apt,229.0,261
23471902,Breakfast included in quiet & peaceful suite,Lower Hutt City,Western Ward,Entire home/apt,156.0,261
17122993,Art Deco house - The Blue room - no cleaning fee,Hastings District,Hastings-Havelock North Ward,Private room,115.0,261
53530465,Tui on Piopio,Southland District,Mararoa Waimea Ward,Private room,,261
17964215,Heritage Apartment with Bohemian Hospitality,Auckland,Waitematā and Gulf Ward,Private room,,261
53514337,The Crib,Whanganui District,Area Outside Ward,Entire home/apt,149.0,261
15011647,Pauanui Farm - idyllic hideaway,Thames-Coromandel District,South Eastern Ward,Entire home/apt,202.0,261
22294680,3 bedroom Apartment on Riverwalk,Nelson City,Area Outside Ward,Entire home/apt,192.0,261
23189042,Bellbird Studio with own bathroom.,Queenstown-Lakes District,Queenstown-Wakatipu Ward,Private room,137.0,260
31909000,21morero a Character home in Taumarunui township,Ruapehu District,Taumarunui Ward,Entire home/apt,371.0,260
49467285,The perfect getaway,Tauranga City,Mount Maunganui-Papamoa Ward,Entire home/apt,286.0,260
45384266,The Good End of the Shed.,Carterton District,Area Outside Ward,Entire home/apt,257.0,260
16918851,Parkhill Lodge - Villa + Heated Pool,Hastings District,Heretaunga Ward,Entire home/apt,357.0,260
559676766626523565,Silk Tree Studio Unit,Selwyn District,Selwyn Central Ward,Entire home/apt,137.0,260
15650798,Spacious Sanctuary in Ahuriri,Napier City,Ahuriri Ward,Entire home/apt,366.0,260
1033493575102946408,Beach Haven Retreat,Westland District,Northern Ward,Entire home/apt,160.0,260
28114573,Queenstown Apartment,Queenstown-Lakes District,Queenstown-Wakatipu Ward,Entire home/apt,343.0,260
46242887,Tuscany #2,Palmerston North City,Area Outside Ward,Entire home/apt,137.0,260
22168114,Modern and spacious with lake and mountain views,Queenstown-Lakes District,Queenstown-Wakatipu Ward,Entire home/apt,527.0,260
713337408265816459,3 bedroom townhouse Opposite Hagley Park,Christchurch City,Riccarton Ward,Entire home/apt,314.0,260
40987940,"Modern, comfortable relaxing house with views",Hurunui District,West Ward,Entire home/apt,201.0,260
34154717,A Home away from Home -for business or pleasure.,Wairoa District,Wairoa General Ward,Entire home/apt,229.0,260
23945375,"QUIET AND ELEVATED WITH VIEWS, CENTRAL WARKWORTH",Auckland,Rodney Ward,Private room,155.0,260
15424952,Garden suite in villa home,Christchurch City,Cashmere Ward,Entire home/apt,149.0,260
40532686,Urban guest suite. Seperate from main house,Taupo District,Taupō Ward,Entire home/apt,117.0,259
42357500,'Waipara Wine Down',Hurunui District,East Ward,Entire home/apt,240.0,259
715553338187176052,"The Milton;

Rest, relax & rejuvenate",Marlborough District,Marlborough Sounds Ward,Entire home/apt,158.0,259
10119638,As You Do | Spa Pool & Walk to Forest,Rotorua District,Area Outside Ward,Entire home/apt,257.0,259
44005643,Sunset Studio - Tranquil Countryside,Kaipara District,Mangawhai-Kaiwaka Ward,Entire home/apt,151.0,259
10137051,"Kiwi Family Bach; free use of kayaks, SUPs, bikes",Thames-Coromandel District,South Eastern Ward,Entire home/apt,280.0,259
11362805,Hidden gem - best of two worlds.,Wellington City,Wharangi/Onslow-Western Ward,Entire home/apt,148.0,259
29375202,Rural Hideaway,New Plymouth District,South-West Ward,Entire home/apt,328.0,259
30089607,Little Kauri Lodge,Far North District,Kaikohe-Hokianga Ward,Entire home/apt,,259
43154542,Kaikoura Farmstay - Loft bedroom ocean sunrise,Kaikoura District,Area Outside Ward,Entire home/apt,240.0,259
46544479,Beautiful John Scott studio in Havelock North,Hastings District,Hastings-Havelock North Ward,Entire home/apt,143.0,259
687088072539794981,1 Bedroom Apartment Pool Car Park Cathedral Square,Christchurch City,Central Ward,Entire home/apt,262.0,259
14350319,Comfy Balcony On Dominion,Auckland,Albert-Eden-Puketāpapa Ward,Private room,73.0,259
44432969,Gladstone Escape,Invercargill City,Area Outside Ward,Entire home/apt,217.0,259
613399078493824596,Victory Apartment 2,Palmerston North City,Area Outside Ward,Entire home/apt,411.0,259
45622614,"New boutique complex.Central, 1BRM,free pkng incl",Queenstown-Lakes District,Queenstown-Wakatipu Ward,Entire home/apt,322.0,259
22227816,Studio with a View,Thames-Coromandel District,Mercury Bay Ward,Entire home/apt,206.0,259
7679567,WELCOMBE GUEST HOUSE,Gisborne District,Gisborne Ward,Entire home/apt,139.0,259
35065865,"Kererū Rest
Take time amongst nature",Carterton District,Area Outside Ward,Entire home/apt,161.0,259
17945566,Your Central Home Away from Home,Rotorua District,Area Outside Ward,Entire home/apt,337.0,259
44292625,Speargrass Cottage with panoramic mountain views,Queenstown-Lakes District,Arrowtown Ward,Entire home/apt,,259
39822691,Studio Hill Heights,Tasman District,Richmond Ward,Entire home/apt,120.0,259
16242894,LAKE VIEW SPACIOUS  LUXURY SPA ALPINE TOWNHOUSE WALK TO TOWN,Queenstown-Lakes District,Queenstown-Wakatipu Ward,Entire home/apt,593.0,259
22504457,THE RED DOOR Guest Suite Thames,Thames-Coromandel District,Thames Ward,Entire home/apt,148.0,259
14810128,Hairy Hobbit Cottage,Tasman District,Motueka Ward,Entire home/apt,115.0,258
602272582573764279,Spacious modern studio unit,Taupo District,Taupō Ward,Entire home/apt,,258
39557778,Cosy private space for 2 with stunning views,Queenstown-Lakes District,Queenstown-Wakatipu Ward,Entire home/apt,183.0,258
21493087,"Warm, sunny and private 2 bedroom city apartment.",Dunedin City,Area Outside Ward,Entire home/apt,140.0,258
16600044,Central Serenity,Nelson City,Area Outside Ward,Entire home/apt,,258
50035353,"Lakefront Ōhau | Spa, Fireplace & Stargazing",Waitaki District,Ahuriri Ward,Entire home/apt,688.0,258
22177272,Whangaparaoa Retreat with jaw-dropping views,Auckland,Albany Ward,Entire home/apt,229.0,258
1171284456316035002,5 Stars City Living,Wellington City,Pukehīnau/Lambton Ward,Entire home/apt,146.0,258
10438981,"Close to beach, your private sanctuary",Tauranga City,Mount Maunganui-Papamoa Ward,Entire home/apt,216.0,258
9738115,Gold Panners House,Queenstown-Lakes District,Queenstown-Wakatipu Ward,Entire home/apt,616.0,258
19879380,Gorgeous room in 1906 villa,South Wairarapa District,Martinborough Ward,Private room,141.0,258
983591755426547010,The Container Ship,Waikato District,Tamahere Ward,Entire home/apt,183.0,258
12011815,"Private room, near surf, 5 mins drive to town",Waikato District,Raglan Ward,Private room,85.0,258
23453633,Self Contained Coastal Retreat,Auckland,Albany Ward,Entire home/apt,148.0,257
46909369,Heart of the center loft - Free central car park,Queenstown-Lakes District,Queenstown-Wakatipu Ward,Entire home/apt,340.0,257
821161703888255019,"Lakeside -  Minutes to Waikato , Braemar Hospitals",Hamilton City,West Ward,Entire home/apt,214.0,257
927118956899352473,Sleek modern city apartment,Christchurch City,Central Ward,Entire home/apt,,257
9904530,Luxurious Living On The Hill,Queenstown-Lakes District,Queenstown-Wakatipu Ward,Entire home/apt,1203.0,257
15041752,Te Tiro Cottage One & Glowworms,Waitomo District,Waitomo Rural Ward,Entire home/apt,240.0,257
35623531,Shotover Riverside Penthouse Apartment 24,Queenstown-Lakes District,Queenstown-Wakatipu Ward,Entire home/apt,470.0,257
18493446,Warm Sunny two storied townhouse,Southland District,Mararoa Waimea Ward,Entire home/apt,338.0,257
960674641737002046,"Private, cosy and convenient guest suite",Lower Hutt City,Western Ward,Entire home/apt,129.0,257
725419554943111400,Relax Inn Robertson | Sunny Family Home + Spa Pool,Rotorua District,Area Outside Ward,Entire home/apt,249.0,257
20329790,Boutique Loft Waikanae,Kapiti Coast District,Waikanae Ward,Entire home/apt,175.0,257
43706749,Twizel Log Cabin 4km from city centre,Mackenzie District,Pukaki Ward,Entire home/apt,380.0,257
29436329,Wild Forest Hideaway Cottage -  Eco Retreat,Kaipara District,West Coast-Central Ward,Entire home/apt,166.0,257
49525472,Modern Private 2 bedrooms Home in Albany,Auckland,Albany Ward,Entire home/apt,219.0,257
24860365,Cozy Family Home with Wide Mountain & Lake Views,Queenstown-Lakes District,Queenstown-Wakatipu Ward,Entire home/apt,1147.0,257
8944540,Self contained bedsit.,Timaru District,Timaru Ward,Entire home/apt,93.0,257
17098280,Hamilton Central Cottage - stylish and cosy,Hamilton City,West Ward,Entire home/apt,320.0,257
21945821,Beach Escape & Spa Whangamata,Thames-Coromandel District,South Eastern Ward,Entire home/apt,223.0,257
39776644,503 By the Sea,Napier City,Nelson Park Ward,Entire home/apt,491.0,257
33502691,"Black Barn, Pirongia",Waipa District,Pirongia Ward,Entire home/apt,176.0,257
17533025,Dalton's Den,Queenstown-Lakes District,Queenstown-Wakatipu Ward,Entire home/apt,190.0,257
46696396,the sound of the ocean  and black starry night sky,Hastings District,Heretaunga Ward,Entire home/apt,151.0,257
39738285,A Stone's Thrown From Town (Cosy Home),Dunedin City,Area Outside Ward,Entire home/apt,222.0,256
28938788,1 Queen-Elegant! Good view! Near airport and sea!,Auckland,Manukau Ward,Private room,103.0,256
30153847,Large character home with 5 bedrooms in Kilbirnie,Wellington City,Motukairangi/Eastern Ward,Entire home/apt,406.0,256
22551538,Spacious central Napier 2 bed 2 bath Apartment,Napier City,Nelson Park Ward,Entire home/apt,205.0,256
21740274,"Warm, secure and peaceful accommodation",Tasman District,Motueka Ward,Private room,74.0,256
979855121206754601,Left-side Private Guest Studio-No cleaning fee,Christchurch City,Harewood Ward,Entire home/apt,126.0,256
44631179,Hamden Estate Cottage,South Wairarapa District,Martinborough Ward,Entire home/apt,231.0,256
1033467761167610925,Yaya's House.,Queenstown-Lakes District,Wanaka Ward,Entire home/apt,202.0,256
34791473,The Hillary Family A-Frame in Central Queenstown,Queenstown-Lakes District,Queenstown-Wakatipu Ward,Entire home/apt,487.0,256
835112398671290731,"Small house, BIG view",Southland District,Mararoa Waimea Ward,Entire home/apt,291.0,256
36709930,A Country Garden Cottage,Timaru District,Geraldine Ward,Entire home/apt,166.0,256
761869350101695864,Kazza's Barn,Southland District,Mararoa Waimea Ward,Entire home/apt,525.0,256
25593717,Vineyard Vista,Gisborne District,Taruheru-Patutahi Ward,Entire home/apt,,256
17563041,"Private, Modern Sleep Out Studio with Sea Views",Auckland,Waitematā and Gulf Ward,Entire home/apt,193.0,256
20790705,At Malas Martinborough Pinot Grove,South Wairarapa District,Martinborough Ward,Entire home/apt,314.0,256
21401472,Admiral Waters - Waterfront Accommodation UNIT 2,Thames-Coromandel District,Mercury Bay Ward,Entire home/apt,218.0,256
1074227458741248219,Main Street Haven,Mackenzie District,Opuha Ward,Private room,129.0,256
988653305878859207,Whare Marama,Waipa District,Cambridge Ward,Entire home/apt,171.0,256
33169023,Modern studio apartment in the mountains,Queenstown-Lakes District,Queenstown-Wakatipu Ward,Entire home/apt,200.0,256
13315623,Tui Villa - Stunning Panoramic Views,Queenstown-Lakes District,Queenstown-Wakatipu Ward,Entire home/apt,666.0,256
815457465191399976,Waipū Thunder Domes no.1 offgrid eco glamping dome,Whangarei District,Bream Bay Ward,Entire home/apt,129.0,256
31496830,"Central location, walk to the shops",Christchurch City,Riccarton Ward,Private room,142.0,256
777040169400716528,Sea-breeze Private Escape,Tauranga City,Mount Maunganui-Papamoa Ward,Entire home/apt,172.0,256
16328605,"""Queenstown Heights""|Views&Location|Private Park",Queenstown-Lakes District,Queenstown-Wakatipu Ward,Entire home/apt,343.0,256
25213270,Magic On Stoneridge,Queenstown-Lakes District,Queenstown-Wakatipu Ward,Entire home/apt,428.0,255
4431843,Piha Beach Hut,Auckland,Waitākere Ward,Private room,120.0,255
53477473,Cozy & Rosy by St Clair Corner,Dunedin City,Area Outside Ward,Entire home/apt,143.0,255
23830266,Country Stay with Mount Kakepuku Views,Waipa District,Kakepuku Ward,Entire home/apt,196.0,255
50555661,Stay on Govett - 1 bedroom self contained unit,New Plymouth District,New Plymouth City Ward,Entire home/apt,137.0,255
47100951,Studio with Balcony and Lake View,Mackenzie District,Pukaki Ward,Entire home/apt,183.0,255
21848694,Akaroa Coastal Cabin,Christchurch City,Banks Peninsula Ward,Entire home/apt,258.0,255
16196995,Large CBD Apartment (V12),Wellington City,Pukehīnau/Lambton Ward,Entire home/apt,223.0,255
2088764,Drifting Sands - Beachfront Retreat Jacuzzi & Fire,Westland District,Hokitika Ward,Entire home/apt,643.0,255
656010106077397231,Cosy 2 bedroom apartment with patio,Taupo District,Turangi-Tongariro Ward,Entire home/apt,160.0,255
1161970750848067970,The Travellers Tiny Hideaway,Waipa District,Cambridge Ward,Entire home/apt,116.0,255
6717125,Private Garden Haven with no cleaning fee,Nelson City,Area Outside Ward,Entire home/apt,143.0,255
37191655,The Perfect Basecamp to Explore the West Coast,Grey District,Eastern Ward,Entire home/apt,252.0,254
21717082,Addington-10min/Rail/Wolfbrook Arena/Races/Room A,Christchurch City,Spreydon Ward,Private room,120.0,254
1052703807408773275,Taksh’s Palace,Central Otago District,Cromwell Ward,Entire home/apt,305.0,254
15681645,Cosy self contained appartment near beach.,New Plymouth District,New Plymouth City Ward,Entire home/apt,173.0,254
43691558,Relax in comfort surrounded by mountains and trees,Queenstown-Lakes District,Queenstown-Wakatipu Ward,Entire home/apt,343.0,254
23242037,Fairlie Family Home,Mackenzie District,Opuha Ward,Entire home/apt,225.0,254
18692019,Stylish Remuera accommodation.,Auckland,Ōrākei Ward,Entire home/apt,168.0,254
41413610,Poppy’s Place,Waikato District,Raglan Ward,Entire home/apt,,254
43414392,"Glamping At Johns Hut, Country Pines",Kapiti Coast District,Ōtaki Ward ,Entire home/apt,172.0,254
46696171,Golden Bay View Cottage,Tasman District,Golden Bay Ward,Entire home/apt,160.0,254
31157820,Lake View Greenstone Luxe Apartment,Queenstown-Lakes District,Queenstown-Wakatipu Ward,Entire home/apt,421.0,254
12073907,Grassmere Estate  With Beautiful Tranquil Gardens,Christchurch City,Papanui Ward,Entire home/apt,304.0,254
4077491,Arrowtown - stunning views,Queenstown-Lakes District,Arrowtown Ward,Private room,149.0,254
29261278,Cozy and clean open plan studio near the estuary,Tauranga City,Te Papa-Welcome Bay Ward,Entire home/apt,113.0,254
11805632,Martins on Cowley - Private entrance,Waipa District,Cambridge Ward,Entire home/apt,160.0,254
26692479,"Cabin in Bush Setting, Central Whangārei + Netflix",Whangarei District,Denby Ward,Entire home/apt,132.0,253
15940679,"Sea,Sunsets and Ships",Nelson City,Area Outside Ward,Entire home/apt,126.0,253
21080932,Red Shed & Outdoor Baths - Queenstown to Milford,Southland District,Mararoa Waimea Ward,Entire home/apt,198.0,253
16665527,"Stylish, charming, stay in our most chic suburb",Christchurch City,Fendalton Ward,Private room,137.0,253
1241333626426551651,Unbeatable Location + Car Park Included,Auckland,Waitematā and Gulf Ward,Entire home/apt,209.0,253
45082478,Seaview,Manawatu District,Rural Ward,Entire home/apt,310.0,253
53985875,New 3 Storey luxe townhouse on quiet street,Christchurch City,Central Ward,Entire home/apt,239.0,253
835763301153714646,1 Bed Central City Fringe Deluxe w/Carpark,Christchurch City,Spreydon Ward,Entire home/apt,154.0,253
52967903,"Mid-Century Retreat | Hot Tub, Mountain & Gardens",South Taranaki District,Taranaki Coastal Ward,Entire home/apt,369.0,253
31886670,Quiet country style accommodation unique location,Buller District,Inangahua Ward,Entire home/apt,93.0,253
44583872,"Unbeatable Location - Spa, 8 Bedroom, 50m to lake",Taupo District,Taupō Ward,Entire home/apt,559.0,253
674688271131777304,Central & Stylish + Carpark Included,Auckland,Waitematā and Gulf Ward,Entire home/apt,250.0,253
19773807,Central Takapuna Sweet Home,Auckland,North Shore Ward,Entire home/apt,273.0,253
727807547964053588,Romantic 1-bedroom guesthouse with all the extras!,Southland District,Mararoa Waimea Ward,Entire home/apt,239.0,253
18420436,quiet home w nice garden,Rotorua District,Area Outside Ward,Private room,90.0,253
716137928167286170,"Modern, tranquil getaway, close to town.",Queenstown-Lakes District,Wanaka Ward,Entire home/apt,223.0,253
15992838,Oneroa Architecturally Designed Bach with Seaview,Auckland,Waitematā and Gulf Ward,Entire home/apt,332.0,253
48979287,Studio with Spa Phoenix Resort Taupo,Taupo District,Taupō Ward,Private room,190.0,253
26545754,Beautiful views and a private entrance!,Napier City,Ahuriri Ward,Entire home/apt,117.0,253
27410292,Mid-Century Devonport,Auckland,North Shore Ward,Entire home/apt,164.0,252
761256613655943246,"Beautiful Apartment, Sleeps 4, Close Town & Ski",Queenstown-Lakes District,Queenstown-Wakatipu Ward,Entire home/apt,569.0,252
32897925,Awesome location and recently renovated,Hamilton City,West Ward,Entire home/apt,252.0,252
40146415,Cosy Room with Ensuite Near Town  (No Fee!),Masterton District,Area Outside Ward,Private room,99.0,252
15772744,Cute little Beach Bach - Big Back Deck,Whanganui District,Area Outside Ward,Entire home/apt,,252
37915551,Beresford Heights - The Catlins,Clutha District,Catlins Ward,Entire home/apt,530.0,252
31411317,Night Winds Home Stay - 9 mins to Hamilton Airport,Waipa District,Pirongia Ward,Entire home/apt,137.0,252
885865034429205251,"Private Hot Tub, Epic Views, Stroll into Arrowtown",Queenstown-Lakes District,Arrowtown Ward,Entire home/apt,396.0,252
32898256,Modern 3 bedroom house,Queenstown-Lakes District,Wanaka Ward,Entire home/apt,514.0,252
759592636285818628,Southern Stars - FREE WiFi,Mackenzie District,Pukaki Ward,Entire home/apt,363.0,252
665441130696082373,"Studio @ 66   (66D Matakana Valley Road, Matakana)",Auckland,Rodney Ward,Entire home/apt,197.0,252
40059731,"Bay View Beach Retreat - big views, deck & kayaks",Waikato District,Raglan Ward,Entire home/apt,246.0,252
745091920222645734,Clifftop Cabins Kaikoura - Fyffe,Kaikoura District,Area Outside Ward,Entire home/apt,350.0,252
1195484,Heart of Gold in Gibbston Valley,Queenstown-Lakes District,Queenstown-Wakatipu Ward,Entire home/apt,343.0,252
12073101,Private room in a rural setting!,Clutha District,West Otago Ward,Private room,75.0,252
53634462,"Blackwood Cabin, Three Streams Raglan",Waikato District,Raglan Ward,Entire home/apt,276.0,252
21093672,"Sunny & Modern, Garden Cottage",Queenstown-Lakes District,Wanaka Ward,Entire home/apt,223.0,252
6239256,Central Mt Victoria Sunny mornings,Wellington City,Pukehīnau/Lambton Ward,Private room,82.0,252
41067468,Walk to CBD - qTownpad M8,Queenstown-Lakes District,Queenstown-Wakatipu Ward,Entire home/apt,325.0,252
706809355261218938,Unique Mountain View Cabin with Outdoor Bath,Westland District,Southern Ward,Entire home/apt,319.0,252
5909692,SELF CONTAINED FLAT.,Dunedin City,Area Outside Ward,Entire home/apt,103.0,252
686600286460057800,Modern private suite on local cherry orchard🍒,Central Otago District,Cromwell Ward,Entire home/apt,201.0,252
714222477228293158,"New, family friendly/comfy warm unit A, kingbed",Mackenzie District,Pukaki Ward,Entire home/apt,498.0,252
42234425,Gowanbridge  B &  B -Farm Stay -Nelson Lakes,Tasman District,Lakes-Murchison Ward,Entire home/apt,207.0,252
32271764,Lakeside apartment with boat ramp & jetties,Rotorua District,Area Outside Ward,Entire home/apt,229.0,252
1060294937031153043,Hitiri Hideaway with Spa Pool,Taupo District,Taupō Ward,Entire home/apt,228.0,251
41199164,Mount Creighton Escapes Limited - with HOT TUB,Queenstown-Lakes District,Queenstown-Wakatipu Ward,Entire home/apt,339.0,251
49115976,Farmhouse with Coastal Views,Auckland,Rodney Ward,Entire home/apt,253.0,251
34548584,Cosy Central Studio,Wellington City,Pukehīnau/Lambton Ward,Entire home/apt,129.0,251
4077268,POHUTUKAWA - ONE BEDROOM STUDIO APARTMENT,Far North District,Bay of Islands-Whangaroa Ward,Entire home/apt,163.0,251
19165954,Rural Coastal Retreat,Masterton District,Area Outside Ward,Entire home/apt,172.0,251
27619596,Central Lake Hamilton,Hamilton City,West Ward,Entire home/apt,,251
21027213,NEW luxury 3 bedrooms self-contained villa,Queenstown-Lakes District,Wanaka Ward,Entire home/apt,537.0,251
951610836125661823,Rimu Cottage  Lake Views with Spa,Rotorua District,Area Outside Ward,Entire home/apt,223.0,251
50527788,Lakeviews on Red Deer Te Anau,Southland District,Mararoa Waimea Ward,Private room,,251
21254815,Charming Mãniatoto cottage; Central Otago’s heart,Central Otago District,Maniototo Ward,Entire home/apt,194.0,251
45690735,Black Bear Lodge,Hurunui District,West Ward,Entire home/apt,265.0,251
735776023558422104,Old Bank Villa 7 Hamilton Street,Westland District,Hokitika Ward,Entire home/apt,229.0,251
21477548,Panoramic Vista - with hot tub,Queenstown-Lakes District,Queenstown-Wakatipu Ward,Entire home/apt,774.0,251
54200221,Snowman En-suite Cabin 2022,Ruapehu District,Waimarino-Waiouru Ward,Entire home/apt,167.0,251
23734570,Dwel-In,Auckland,Albany Ward,Entire home/apt,160.0,251
28188720,Waihi Beach North End Sun And View,Western Bay of Plenty District,Katikati-Waihi Beach Ward,Entire home/apt,172.0,251
17749360,"Bach on Ngaio - self contained , private & eco",New Plymouth District,New Plymouth City Ward,Entire home/apt,,251
29569884,Ocean View  - with WIFI,Thames-Coromandel District,Mercury Bay Ward,Entire home/apt,194.0,251
639389250626350586,Modern Studio in Wanaka,Queenstown-Lakes District,Wanaka Ward,Entire home/apt,194.0,251
38912136,Home away from home,Christchurch City,Fendalton Ward,Private room,85.0,251
42158818,Cambridge Chalet,Waipa District,Cambridge Ward,Entire home/apt,109.0,251
54133590,The Church House,Westland District,Hokitika Ward,Entire home/apt,211.0,251
822548955530298991,The City Sanctuary,Christchurch City,Central Ward,Entire home/apt,303.0,251
35198909,Mountain Magic - Valley Hideaway,Queenstown-Lakes District,Queenstown-Wakatipu Ward,Entire home/apt,254.0,250
17893567,Marsden Village Townhouse Karori,Wellington City,Wharangi/Onslow-Western Ward,Entire home/apt,274.0,250
4291256,Amazing Views over Queenstown,Queenstown-Lakes District,Queenstown-Wakatipu Ward,Entire home/apt,1010.0,250
1079943260675117149,Hillside Cottage,Waipa District,Maungatautari Ward,Entire home/apt,197.0,250
649450915429835700,"Modern guest suite, private entry / no kitchen",Queenstown-Lakes District,Wanaka Ward,Entire home/apt,168.0,250
15397389,Rustic Romance for One!,Queenstown-Lakes District,Wanaka Ward,Private room,66.0,250
21839419,The WOW house,Queenstown-Lakes District,Queenstown-Wakatipu Ward,Entire home/apt,1022.0,250
50508959,A secluded treasure close to town and bay.,Marlborough District,Marlborough Sounds Ward,Entire home/apt,301.0,250
1053349473578317814,Studio - The Boat Shed,Far North District,Bay of Islands-Whangaroa Ward,Entire home/apt,115.0,250
47258314,King Studio Pods,Ruapehu District,National Park Ward,Private room,199.0,250
21613526,Peacehaven Cottage,Southland District,Mararoa Waimea Ward,Entire home/apt,,250
1178429282702161081,Lismore's 19th,Queenstown-Lakes District,Wanaka Ward,Entire home/apt,367.0,250
48919169,4 Bedroom House in Great Location,Hamilton City,West Ward,Entire home/apt,330.0,250
653974772347418384,The Hidden Gem | tranquility close to town,Wellington City,Wharangi/Onslow-Western Ward,Entire home/apt,158.0,250
32406749,Thistle Do Beach Bach,Whangarei District,Bream Bay Ward,Entire home/apt,194.0,250
50996513,Charming cul-de-sac home in the heart of Parnell,Auckland,Ōrākei Ward,Entire home/apt,277.0,250
28614453,Maimai,Mackenzie District,Opuha Ward,Private room,186.0,250
10345579,Villa 142 - Luxurious and Centrally Located,Waipa District,Cambridge Ward,Entire home/apt,426.0,250
33687633,One Tree Hill Modern 4 Bdrm house！  中区一树山全新豪华半山别墅！,Auckland,Maungakiekie-Tāmaki Ward,Entire home/apt,,250
37438500,The little Cottage,Tauranga City,Otumoetai-Pyes Pa Ward,Entire home/apt,120.0,250
30051754,Suburban Sanctuary,Hamilton City,West Ward,Entire home/apt,,250
47748172,Private Hideaway by the Sea 🌴🌊,Dunedin City,Area Outside Ward,Entire home/apt,,249
2098301,Modern self contained apartment,Hastings District,Hastings-Havelock North Ward,Entire home/apt,212.0,249
44160584,Luxury off-grid rural retreat with harbour views,Waikato District,Raglan Ward,Entire home/apt,371.0,249
34396357,New modern beachside apartment,Tauranga City,Mount Maunganui-Papamoa Ward,Entire home/apt,125.0,249
33115554,Newly Mountain View Apartment - Remarkables Garden,Queenstown-Lakes District,Queenstown-Wakatipu Ward,Entire home/apt,262.0,249
18376991,Struan Farm Retreat Geraldine,Timaru District,Geraldine Ward,Entire home/apt,183.0,249
6993493,"Haumata Luxury Studio - Cardrona, Wanaka",Queenstown-Lakes District,Wanaka Ward,Entire home/apt,250.0,249
700419244885378061,Farm glamping at its finest in the King Country!,Waitomo District,Waitomo Rural Ward,Entire home/apt,388.0,249
24720946,Linric Fold - 2 Br cottage,Far North District,Kaikohe-Hokianga Ward,Entire home/apt,156.0,249
21367509,Large Holiday Home on Waterbridge,Selwyn District,Selwyn Central Ward,Entire home/apt,485.0,249
11264579,Luxurious Studio In City Centre,Queenstown-Lakes District,Queenstown-Wakatipu Ward,Entire home/apt,587.0,249
20270928,Maggies Place. Rural setting by Waipu River Mouth,Whangarei District,Bream Bay Ward,Entire home/apt,206.0,249
27263161,Totara Cottage - Free Wifi,Mackenzie District,Pukaki Ward,Entire home/apt,258.0,249
34397018,"Peaceful, cozy, and private room with ensuite",Dunedin City,Area Outside Ward,Private room,118.0,249
45255402,Takapuna Guest House,Auckland,North Shore Ward,Entire home/apt,194.0,249
20790479,Nikau Palm Hideaway Studio in Bellevue Tauranga,Tauranga City,Otumoetai-Pyes Pa Ward,Entire home/apt,132.0,249
35230895,Beach Comber Rest,Thames-Coromandel District,Mercury Bay Ward,Entire home/apt,229.0,249
22230957,Lake View Gem - Watch the Sunset,Taupo District,Taupō Ward,Entire home/apt,160.0,249
21478866,Tatahi- Kakanui,Waitaki District,Corriedale Ward,Entire home/apt,297.0,249
53865367,Birdsong Cottage,Queenstown-Lakes District,Arrowtown Ward,Entire home/apt,331.0,249
14653639,Peaceful Private 2 Bedroom Lodge - stunning views,Queenstown-Lakes District,Wanaka Ward,Entire home/apt,552.0,249
617586987962726331,Cozy Cottage,Kaikoura District,Area Outside Ward,Entire home/apt,267.0,248
839883643639905354,Black Mountain Rukuruku,Kaikoura District,Area Outside Ward,Entire home/apt,388.0,248
32117134,Cosy & quiet in Winton,Southland District,Oreti Ward,Entire home/apt,206.0,248
42022306,Shady Grove Cabin,Tauranga City,Mount Maunganui-Papamoa Ward,Entire home/apt,126.0,248
21913970,Lake view B&B Studio,Taupo District,Taupō Ward,Entire home/apt,223.0,248
31044131,Grandma's Cottage by the Sea,New Plymouth District,New Plymouth City Ward,Entire home/apt,,248
50452358,Home from home near city center close everywhere,Rotorua District,Area Outside Ward,Entire home/apt,267.0,248
40681131,SeaView Retreat - Awesome Autumn & Amazing Views,Waikato District,Awaroa ki Tuakau Ward,Entire home/apt,323.0,248
54248323,Cozy cottage hideaway in Titirangi,Auckland,Waitākere Ward,Entire home/apt,139.0,248
11146519,Happy Harrys Hutch,Grey District,Eastern Ward,Entire home/apt,229.0,248
25917624,"Hamilton Central 2 Bedroom Apartment,  New Zealand",Hamilton City,West Ward,Entire home/apt,272.0,248
1027723328850518260,Just Gorgeous *Greta's Cottage*,Waitaki District,Oamaru Ward,Entire home/apt,274.0,248
21413002,Alleys self catering farmstay,Hauraki District,Paeroa Ward,Entire home/apt,229.0,248
26210624,Capricorn luxury lake&mountain views lodge room 3,Queenstown-Lakes District,Queenstown-Wakatipu Ward,Private room,,248
39533645,"Luxury apartment, hot tub & free wifi",Rotorua District,Area Outside Ward,Entire home/apt,297.0,248
49692044,"Centrally located, quiet residence, wifi access",Auckland,Albert-Eden-Puketāpapa Ward,Private room,58.0,248
21728460,Olive Grove Studio,Far North District,Te Hiku Ward,Entire home/apt,152.0,248
15755777,Private Oasis,Auckland,Whau Ward,Entire home/apt,417.0,248
45081468,Modern Central City Sunny Apartment,Christchurch City,Central Ward,Entire home/apt,216.0,248
658366268161151879,Riverside Cottage,Lower Hutt City,Harbour Ward,Entire home/apt,87.0,248
28769037,Lake View Greenstone Apartment east,Queenstown-Lakes District,Queenstown-Wakatipu Ward,Entire home/apt,590.0,248
34178215,Executive Studio @ The Claremont Motel & Apartment,South Wairarapa District,Martinborough Ward,Entire home/apt,165.0,248
21647098,"Stylish guest house with rural outlook,  Pokeno",Waikato District,Awaroa ki Tuakau Ward,Entire home/apt,164.0,248
23152908,Guest suite in Feilding,Manawatu District,Feilding Ward,Private room,92.0,248
18382622,Close to Ferry & City centre in Ngaio.,Wellington City,Wharangi/Onslow-Western Ward,Private room,143.0,247
41917564,Perfect stop-over for a couple/single persons.,Ruapehu District,Taumarunui Ward,Entire home/apt,172.0,247
39324917,'The Minsion'.  A cosy studio retreat,Taupo District,Taupō Ward,Entire home/apt,131.0,247
48532930,Tiny Tui Te Anau. Experience tiny house living,Southland District,Mararoa Waimea Ward,Entire home/apt,165.0,247
879795919866189671,Nine on Cochrane,Rotorua District,Area Outside Ward,Entire home/apt,186.0,247
40620945,Dreamscape Glamping Waikanae,Kapiti Coast District,Waikanae Ward,Entire home/apt,400.0,247
16578589,Garden Studio with ocean views,Christchurch City,Heathcote Ward,Entire home/apt,172.0,247
28673445,Kaituki Ridge,Central Otago District,Cromwell Ward,Entire home/apt,,247
965469095307377226,TOI o Wellington,Wellington City,Pukehīnau/Lambton Ward,Entire home/apt,291.0,247
41437960,The Shelter,South Taranaki District,Taranaki Coastal Ward,Entire home/apt,194.0,247
859700520552523567,Gorgeous spot to chill with private spa,Tauranga City,Otumoetai-Pyes Pa Ward,Entire home/apt,104.0,247
21269468,Arthurstown Rd Riverview House,Westland District,Northern Ward,Entire home/apt,192.0,247
36480985,The Sugar Bach - Sweet Beach Retreat,South Taranaki District,Taranaki Coastal Ward,Entire home/apt,156.0,247
682096024463866120,"Cosy 1-bdrm unit, Glen Eden; free private parking",Auckland,Waitākere Ward,Entire home/apt,142.0,247
32521922,The North End Studio,Western Bay of Plenty District,Katikati-Waihi Beach Ward,Entire home/apt,234.0,247
1187309431433522438,CBD comfort. Walk to Everywhere,Wellington City,Pukehīnau/Lambton Ward,Entire home/apt,,247
1118001497342892563,Cosy Tiny-Home Escape from Home,Auckland,Manurewa-Papakura Ward,Entire home/apt,136.0,247
22090950,Arrowtown - Bus Creek Escape,Queenstown-Lakes District,Arrowtown Ward,Entire home/apt,172.0,247
21717566,Clendon Lodge Studio - waterfront property,Far North District,Bay of Islands-Whangaroa Ward,Entire home/apt,172.0,247
949681798463834050,Modern Home in Rotorua,Rotorua District,Area Outside Ward,Entire home/apt,308.0,247
21315873,"""Tirohanga"" private house with amazing views",Dunedin City,Area Outside Ward,Entire home/apt,269.0,247
37463764,Luxury Waterfront Viaduct Escape Best Location CBD,Auckland,Waitematā and Gulf Ward,Entire home/apt,202.0,247
42798154,Wanaka Mountain Range Studio,Queenstown-Lakes District,Wanaka Ward,Entire home/apt,160.0,247
627163725642047118,Contemporary Rural Poolhouse with Hot Tub,Selwyn District,Springs Ward,Entire home/apt,225.0,247
977012692471137206,"Sky-high retreat, big landscapes",Taupo District,Taupō Ward,Entire home/apt,177.0,247
46161218,'The Phoenix on Miller' Modern loft style,Central Hawke's Bay District,Aramoana-Ruahine Ward,Entire home/apt,149.0,247
1383163,The Pavilion,Hastings District,Heretaunga Ward,Entire home/apt,270.0,247
27090755,Bushline Homestead*Great location*Unlimited WIFI,Southland District,Mararoa Waimea Ward,Entire home/apt,400.0,247
43632150,"CBD Sanctuary - Spa, Gym and character on Hobson",Auckland,Waitematā and Gulf Ward,Entire home/apt,167.0,247
33979674,Merton Park farmstay,Dunedin City,Area Outside Ward,Entire home/apt,103.0,247
50875141,Bask in Sunshine at the Pinnacles on Victoria,Wellington City,Pukehīnau/Lambton Ward,Entire home/apt,213.0,246
11592051,Country Cottage,Hurunui District,East Ward,Entire home/apt,160.0,246
53883282,Lakeside Landing,Rotorua District,Area Outside Ward,Entire home/apt,705.0,246
37641636,Oban Ocean View | Stewart Island Retreat,Southland District,Stewart Island/Rakiura Ward,Entire home/apt,386.0,246
32667117,BOOK NOW! R4 FRIENDLY CLEAN SANITIZESD SAVE MONEY,Auckland,Albert-Eden-Puketāpapa Ward,Private room,59.0,246
613136609191553223,"Adorable warm 1-Bedroom unit , with views",Dunedin City,Area Outside Ward,Entire home/apt,172.0,246
41840524,Opononi Delight,Far North District,Kaikohe-Hokianga Ward,Entire home/apt,159.0,246
39309055,Private suite on the shores of Waikareao Estuary,Tauranga City,Otumoetai-Pyes Pa Ward,Entire home/apt,223.0,246
1054551845868453202,Housty's Haven,Southland District,Mararoa Waimea Ward,Entire home/apt,215.0,246
3723296,City & Sea Haven - your ideal base in Napier !,Napier City,Nelson Park Ward,Entire home/apt,315.0,246
15276160,Erin's Bach,Whangarei District,Bream Bay Ward,Entire home/apt,212.0,246
632588888324904556,Gorgeous Mount Beach Cottage - 3min walk to surf,Tauranga City,Mount Maunganui-Papamoa Ward,Entire home/apt,177.0,246
896035917395374141,Airport Puhinui Connection (RM2),Auckland,Manukau Ward,Private room,111.0,246
848317263604260118,The Barn ~ Henderson Bay (Incl. breakfast),Far North District,Te Hiku Ward,Entire home/apt,171.0,246
41626937,Sunrise On Churchill,Napier City,Taradale Ward,Entire home/apt,200.0,246
662502161703603188,"The Mountain Chalet, a short stroll to town centre",Ruapehu District,Waimarino-Waiouru Ward,Entire home/apt,205.0,246
13454315,"Cosy flat, lake view, short drive to town.",Queenstown-Lakes District,Queenstown-Wakatipu Ward,Entire home/apt,196.0,246
30181035,Riverview Welcome,Far North District,Bay of Islands-Whangaroa Ward,Private room,133.0,246
52271974,Pinnacle Lodge,Rotorua District,Area Outside Ward,Entire home/apt,262.0,246
15931916,Manuka view Lodge<,Far North District,Bay of Islands-Whangaroa Ward,Private room,92.0,246
851793562469211524,Central City Upstairs Apartment,Dunedin City,Area Outside Ward,Entire home/apt,140.0,246
819067375079761965,Modern spacious apartment in CBD,Christchurch City,Central Ward,Entire home/apt,172.0,245
28544589,Mangonui Hideaway,Far North District,Te Hiku Ward,Entire home/apt,150.0,245
22168794,Hinakura Hut,South Wairarapa District,Martinborough Ward,Private room,144.0,245
13191856,"Top of the Hill, Coromandel Town",Thames-Coromandel District,Coromandel-Colville Ward,Entire home/apt,194.0,245
19626099,Kaitoke Tiny House,Waikato District,Raglan Ward,Entire home/apt,218.0,245
8739039,Farmstay Cottage Whitestar Station Colville,Thames-Coromandel District,Coromandel-Colville Ward,Entire home/apt,218.0,245
40803135,Twizel - 1 Bedroom Apartment on Mackenzie,Mackenzie District,Pukaki Ward,Entire home/apt,272.0,245
773351984858383578,Vista del Rio,Auckland,Whau Ward,Private room,83.0,245
678690702119938727,Albert Town ‘Good Vibes’ Wanaka,Queenstown-Lakes District,Wanaka Ward,Entire home/apt,314.0,245
31523287,Room with a view!,Rotorua District,Area Outside Ward,Private room,193.0,245
8953952,Self-contained unit near Raglan beaches & points,Waikato District,Raglan Ward,Entire home/apt,119.0,245
45944779,2 BEDROOMS TOWNHOUSE IN SUPERB LOCATION,Auckland,Ōrākei Ward,Entire home/apt,282.0,245
449861,Studio Apartment @ Cherry Tree Farm,Central Otago District,Cromwell Ward,Entire home/apt,197.0,245
28496351,Cosy studio with easy access to Wgtn and the Hutt,Lower Hutt City,Harbour Ward,Entire home/apt,120.0,245
46842270,Ohourere Country Lodge,Western Bay of Plenty District,Kaimai Ward,Entire home/apt,199.0,245
39801386,Tree Walk Townhouse | Walk to the Forest with Spa,Rotorua District,Area Outside Ward,Entire home/apt,255.0,245
16844770,Pipit cottage. Farm cottage with breathtaking view,Tasman District,Motueka Ward,Entire home/apt,229.0,245
52971665,Remuera 2 Bedroom near Newmarket and Free Parking,Auckland,Ōrākei Ward,Entire home/apt,176.0,245
15966962,Cheerful twin room in Taupō town,Taupo District,Taupō Ward,Private room,71.0,245
977948504560155919,AirBnB on Whitby,Marlborough District,Marlborough Sounds Ward,Entire home/apt,177.0,245
2244126,The Refinery Guard's Cottage,Hauraki District,Paeroa Ward,Entire home/apt,137.0,245
17436649,The Nest 2 Studio Unit,Marlborough District,Blenheim Ward,Entire home/apt,141.0,245
698888705717066024,"Cheerful 2-bedroom home, close to Stoke amenities",Nelson City,Area Outside Ward,Entire home/apt,213.0,245
23544936,Country Cottage on the Shotover Gorge bike trail,Queenstown-Lakes District,Queenstown-Wakatipu Ward,Entire home/apt,382.0,245
1215751630760187738,Kingfisher Cabin,Timaru District,Timaru Ward,Entire home/apt,217.0,245
14885987,Halfmoon Cottage at the head of Akaroa harbour.,Christchurch City,Banks Peninsula Ward,Private room,,244
797938565050568695,Coringa Farm Cottage HC BB hi,Hurunui District,East Ward,Entire home/apt,192.0,244
44453839,Bellbird Cottage *No Service Fee*,Taupo District,Taupō Ward,Entire home/apt,358.0,244
38471834,"Okauia House, Matamata - New Guest Wing",Matamata-Piako District,Matamata Ward,Private room,229.0,244
17439401,Special Deal - Million Dollar View,Queenstown-Lakes District,Queenstown-Wakatipu Ward,Entire home/apt,537.0,244
677692987701216838,Stylish space plus,Mackenzie District,Pukaki Ward,Private room,206.0,244
623397096468753938,"LOCATION - City Living, New, Modern, Chic",Christchurch City,Central Ward,Entire home/apt,198.0,244
24205282,The Studio at Northfield  |  Methven  |  Mt Hutt,Ashburton District,Western Ward,Entire home/apt,221.0,244
10750767,"Bush surrounds, views, airy room",Wellington City,Wharangi/Onslow-Western Ward,Private room,83.0,244
36812212,Central 1 Bdrm Apt with carpark,Queenstown-Lakes District,Queenstown-Wakatipu Ward,Entire home/apt,332.0,244
39704140,"Aroha at Peka Peka, a private, sunny tiny house.",Kapiti Coast District,Waikanae Ward,Entire home/apt,212.0,244
42623444,"Well equipped, self contained central studio.",Rotorua District,Area Outside Ward,Entire home/apt,115.0,244
27313415,"Shepherd’s Rest - outdoor bath, alpaca & sheep",Waitaki District,Corriedale Ward,Entire home/apt,175.0,244
18374195,Clifftop townhouse. Panoramic views and sauna!,Auckland,Ōrākei Ward,Entire home/apt,432.0,244
43615998,Serenity with a Spa,Napier City,Onekawa-Tamatea Ward,Entire home/apt,297.0,244
656004444770453248,"Great studio near beach, shops & restaurants",Kapiti Coast District,Paekākāriki-Raumati Ward,Entire home/apt,132.0,244
30715462,"Highlands House – Lake Views, BBQ & Luxury Stay",Queenstown-Lakes District,Queenstown-Wakatipu Ward,Entire home/apt,1089.0,244
23650199,Handy to Town,Palmerston North City,Area Outside Ward,Private room,97.0,244
25626169,St Clair Heights,Dunedin City,Area Outside Ward,Entire home/apt,266.0,244
28893146,"Self contained suite, close airport, CBD and views",Wellington City,Motukairangi/Eastern Ward,Entire home/apt,117.0,244
39092941,"Ohope Beach Village Studio, elevated with view",Whakatane District,Whakatāne-Ōhope Ward ,Entire home/apt,149.0,244
13378090,"Full holiday home to yourself, up to 21 guests",Taupo District,Mangakino-Pouakani Ward,Entire home/apt,336.0,244
690988206336314421,Revell St. Beach Bungalow - Spacious Boho Home,Westland District,Hokitika Ward,Entire home/apt,392.0,244
43645519,Tranquil Countryside Retreat.,Auckland,Franklin Ward,Entire home/apt,151.0,243
11570939,Bach on Burrell,Auckland,Waitematā and Gulf Ward,Entire home/apt,399.0,243
52848627,Lovely independent 1 bedroom,Queenstown-Lakes District,Queenstown-Wakatipu Ward,Private room,149.0,243
49428043,Tiny Home Luxury Farm Escape,New Plymouth District,South-West Ward,Entire home/apt,162.0,243
35394675,The West Wing at Haven Villa Our Piece of Paradise,Auckland,Franklin Ward,Entire home/apt,183.0,243
588792595589642283,"Convenient, spacious 3 B/R Oasis",Christchurch City,Innes Ward,Entire home/apt,208.0,243
5816003,"Sunny Garden Studio Private Ensuite,",Auckland,Waitākere Ward,Entire home/apt,103.0,243
588776091610920323,Lakefront Luxury,Southland District,Mararoa Waimea Ward,Entire home/apt,320.0,243
773362565224009773,"Incredible Views! 3 Bedrooms, Walk To Town",Queenstown-Lakes District,Queenstown-Wakatipu Ward,Entire home/apt,958.0,243
647450066988561662,CBD Location Sunny Warm Free off Street Parking,Christchurch City,Central Ward,Entire home/apt,270.0,243
11256693,Cabin in Thyme Hill Vineyard,Central Otago District,Vincent Ward,Private room,69.0,243
25016811,Number 35,South Wairarapa District,Martinborough Ward,Entire home/apt,293.0,243
33095159,"""The Old Church"" Boutique Accommodation",Matamata-Piako District,Te Aroha Ward,Entire home/apt,205.0,243
45930898,Luxury Sunny Warm CBD At Doorstep.,Christchurch City,Central Ward,Entire home/apt,193.0,243
640835943524207903,"Cavendish Studio - modern, private, and sunny.",Wellington City,Motukairangi/Eastern Ward,Entire home/apt,132.0,243
792865232163944233,Studio Kererū,Queenstown-Lakes District,Queenstown-Wakatipu Ward,Entire home/apt,176.0,243
37181266,“Be our Guest” Air BnB,Manawatu District,Feilding Ward,Entire home/apt,291.0,243
39783748,"Fully-fenced beach bach retreat ""Nick's Bach""",Kapiti Coast District,Ōtaki Ward ,Entire home/apt,200.0,243
18678334,Digs Homestay,Stratford District,Stratford Urban Ward,Entire home/apt,132.0,243
54344143,Opera House Beside the Lake,Mackenzie District,Pukaki Ward,Entire home/apt,434.0,243
53616042,"Ocean views, 2 bdrm Bach, beautiful interior decor",Christchurch City,Banks Peninsula Ward,Entire home/apt,330.0,243
48903742,Elegant | Central | Private | Mountain View,Whangarei District,Okara Ward,Entire home/apt,194.0,243
47735998,"Style & comfort with alpine views, CBD 10 min walk",Queenstown-Lakes District,Queenstown-Wakatipu Ward,Entire home/apt,383.0,243
22148930,Close to Airport. private large room,Auckland,Manukau Ward,Private room,73.0,243
39785776,Heritage Hotel Apartment,Auckland,Waitematā and Gulf Ward,Entire home/apt,188.0,243
10177766,Great holiday home - Amazing views!,Queenstown-Lakes District,Queenstown-Wakatipu Ward,Entire home/apt,704.0,243
37818142,Okareka View Studio: A peaceful rural lake retreat,Rotorua District,Area Outside Ward,Entire home/apt,,242
29259321,¤Beach Studio ¤Ace Location ¤50 footsteps to Beach,Tauranga City,Mount Maunganui-Papamoa Ward,Entire home/apt,152.0,242
52224171,"Spectacular views, townhouse",Queenstown-Lakes District,Queenstown-Wakatipu Ward,Entire home/apt,491.0,242
32070608,"Tranquil guest suite, sea view & local ammenities",Wellington City,Motukairangi/Eastern Ward,Entire home/apt,180.0,242
717635973013005779,Hill top luxury guest unit with superb sea views,Grey District,Southern Ward,Entire home/apt,252.0,242
23234827,Savour Stunning Gulf Views at a Boutique Hideaway,Auckland,North Shore Ward,Entire home/apt,223.0,242
2479444,Rose's Kaiteriteri Beach House,Tasman District,Motueka Ward,Entire home/apt,206.0,242
10041865,2BR/2BA Apt w/ Views | Panorama Terrace QT,Queenstown-Lakes District,Queenstown-Wakatipu Ward,Entire home/apt,783.0,242
33324692,Treetops studio by Lake Karapiro,Waipa District,Maungatautari Ward,Entire home/apt,314.0,242
1013333897224208036,The Oasis - Parking | Ultrafast WiFi | Airport,Auckland,Manukau Ward,Entire home/apt,281.0,242
32344681,Tongariro House with Spa Pool,Ruapehu District,National Park Ward,Entire home/apt,371.0,242
26284348,South City Accommodation Invercargill Unit 2,Invercargill City,Area Outside Ward,Entire home/apt,200.0,242
21693671,Nans Place - The Home with History & Heart,Rotorua District,Area Outside Ward,Entire home/apt,149.0,242
611708155598687494,Welcoming queen-size bedroom with mountain views.,Queenstown-Lakes District,Queenstown-Wakatipu Ward,Private room,137.0,242
30400818,Hillside Villa 1 – Modern 2BR Walk to Town & A/C,Queenstown-Lakes District,Queenstown-Wakatipu Ward,Entire home/apt,763.0,242
637001139039213011,City on your doorstep. Super location 1 bed apt.,Christchurch City,Central Ward,Entire home/apt,160.0,242
638030736648271045,A farm cottage near Auckland Botanic Gardens,Auckland,Franklin Ward,Entire home/apt,,242
834441199423436405,The Hagley Park Stunna!,Christchurch City,Central Ward,Entire home/apt,225.0,242
7418446,Miranda Sea View Apartment,Hauraki District,Plains Ward,Entire home/apt,183.0,242
567163397226004781,Mt Gold Haven Studio,Queenstown-Lakes District,Wanaka Ward,Entire home/apt,215.0,242
16396913,Beach hideaway,Tauranga City,Mount Maunganui-Papamoa Ward,Entire home/apt,151.0,242
8759595,Amazing. Big house. Huge garage. No cleaning fees,Lower Hutt City,Wainuiomata Ward,Entire home/apt,187.0,242
20195218,Garden Studio  New Lynn/Titirangi >5min NewLynn,Auckland,Whau Ward,Entire home/apt,183.0,241
16653491,Relaxing getaway short walk to town,Queenstown-Lakes District,Wanaka Ward,Private room,148.0,241
692981696213938041,"Free Carpark, Close to City & Ferry, Views & Patio",Wellington City,Pukehīnau/Lambton Ward,Entire home/apt,217.0,241
844336853364643343,Central City Boutique Escape,Christchurch City,Central Ward,Entire home/apt,188.0,241
51271190,"The Hilly House, Private Boutique Accommodation",Waipa District,Maungatautari Ward,Entire home/apt,417.0,241
43105818,"Amazing Harbour, Skytower & Rangitoto Views",Auckland,Waitematā and Gulf Ward,Entire home/apt,372.0,241
42982993,Beautiful studio in leafy Grey Lynn,Auckland,Waitematā and Gulf Ward,Entire home/apt,197.0,241
652349326898032479,7 minute walk to airport& close to Remarkables Mt,Queenstown-Lakes District,Queenstown-Wakatipu Ward,Private room,,241
988520051301728024,3 Bed 2.5 Bath Riccarton W/Games room,Christchurch City,Riccarton Ward,Entire home/apt,266.0,241
9682036,Koromiko Farm Stay @ Loch Sloy Farm Little River,Christchurch City,Banks Peninsula Ward,Entire home/apt,325.0,241
47179805,ALPINE LAKE VIEW SPACIOUS TWO BEDROOM APARTMENT,Queenstown-Lakes District,Queenstown-Wakatipu Ward,Entire home/apt,500.0,241
45737171,Central Charmer - close to shops and hospital,Hamilton City,West Ward,Entire home/apt,185.0,241
877734750121795480,A Hidden Gem on Lincoln Road,Christchurch City,Spreydon Ward,Entire home/apt,175.0,241
20554288,Cosy Tiny Home with Outdoor Bath for 2,Timaru District,Timaru Ward,Entire home/apt,170.0,241
26210289,En-suit private room remarkable lake views room2,Queenstown-Lakes District,Queenstown-Wakatipu Ward,Private room,,241
872528956283395020,Stylish Townhouse in Riccarton With Free Parking,Christchurch City,Riccarton Ward,Entire home/apt,329.0,241
49491196,Sunny Roslyn hideaway,Dunedin City,Area Outside Ward,Entire home/apt,104.0,241
53223844,Peaceful on Pembroke - Stunning views - Mini Putt,Stratford District,Stratford Urban Ward,Entire home/apt,263.0,241
781573963564320170,"Private central base, close to Redwoods bike track",Rotorua District,Area Outside Ward,Entire home/apt,377.0,241
32551474,Mill House - Villa on Forgotten World Highway,Stratford District,Stratford Rural Ward,Entire home/apt,172.0,241
40260563,Koru Barn. Includes Breakfast & Hot Tub.,Grey District,Northern Ward,Entire home/apt,120.0,241
17160451,"Waimauku ""The Stables""",Auckland,Rodney Ward,Entire home/apt,164.0,241
26881185,"Off Grid Arohanui Cabins, Mangawhai",Kaipara District,Mangawhai-Kaiwaka Ward,Entire home/apt,315.0,241
1155211325892857485,Glacier Lake House,Westland District,Southern Ward,Entire home/apt,356.0,241
41047325,A Modern Little Place At Castlepoint Beach,Masterton District,Area Outside Ward,Entire home/apt,199.0,241
29489786,Central Location on Conical Hill Road,Hurunui District,West Ward,Entire home/apt,221.0,241
11661138,Lake Atiamuri Bach,Taupo District,Mangakino-Pouakani Ward,Entire home/apt,288.0,240
17595198,"Sunny, private 2 bedroom studio, sleeps 4",Wellington City,Wharangi/Onslow-Western Ward,Entire home/apt,204.0,240
11436361,Ultimate ocean view beachfront apartment,Thames-Coromandel District,Mercury Bay Ward,Entire home/apt,224.0,240
20441260,Greenview Retreat | Central Location,Rotorua District,Area Outside Ward,Entire home/apt,205.0,240
18896505,Luxury Pet-Friendly Cottage Near Christchurch,Selwyn District,Springs Ward,Entire home/apt,179.0,240
39008608,Heart of Brooklands,New Plymouth District,New Plymouth City Ward,Entire home/apt,160.0,240
906766837431462231,KeaCottage-Nice cozy room with ensuite + breakfast,Rotorua District,Area Outside Ward,Private room,113.0,240
22850548,★★★ Arrowtown  Charming Cottage ★★★,Queenstown-Lakes District,Arrowtown Ward,Entire home/apt,345.0,240
24551425,Stadium/University visits (2nd room also listed),Dunedin City,Area Outside Ward,Private room,86.0,240
612412168196334272,Central Apt | Walk Te Pae + Parking,Christchurch City,Central Ward,Entire home/apt,185.0,240
17894592,90 Mile Paradise - Ahipara - Far North,Far North District,Te Hiku Ward,Entire home/apt,147.0,240
19000230,LOCATION .. central to everything! Sunny + modern!,Christchurch City,Fendalton Ward,Private room,127.0,240
5944153,Lake Waikaremoana - Tuai Cottage,Wairoa District,Wairoa General Ward,Private room,151.0,240
48886823,Modern Alpine Living with Spectacular view,Queenstown-Lakes District,Queenstown-Wakatipu Ward,Entire home/apt,1700.0,240
30743769,Lake Watch | Lake Tekapo,Mackenzie District,Pukaki Ward,Entire home/apt,414.0,240
938537475793890942,Egmont Village Beauty,New Plymouth District,South-West Ward,Entire home/apt,217.0,240
32945348,"HuiHui-A short walk to town, Outdoor dining area.",Southland District,Mararoa Waimea Ward,Entire home/apt,281.0,240
812313658140557591,Tānekaha treehut,Thames-Coromandel District,Mercury Bay Ward,Entire home/apt,275.0,240
10548454,Water views from bedroom and deck,Waikato District,Raglan Ward,Private room,115.0,240
48112146,Garden retreat in 'The Aviary',Hastings District,Hastings-Havelock North Ward,Entire home/apt,108.0,240
623464417897786814,"Location, location, location!",Wellington City,Paekawakawa/Southern Ward,Entire home/apt,115.0,240
24839059,Marianne's - Howick Beach,Auckland,Howick Ward,Entire home/apt,326.0,240
49186075,Alpine Loft with Jaw-dropping View!,Queenstown-Lakes District,Queenstown-Wakatipu Ward,Entire home/apt,795.0,240
53849880,Pounamu Retreat - 2 minutes walk to lake!,Southland District,Mararoa Waimea Ward,Entire home/apt,240.0,240
9350073,Best spot in Whangamata: 1950's beachfront bach,Thames-Coromandel District,South Eastern Ward,Entire home/apt,514.0,240
39278886,Downstairs @ 56,Hastings District,Hastings-Havelock North Ward,Entire home/apt,200.0,240
9531903,Sanctuary Lodge - Cabin 1,Wairoa District,Wairoa General Ward,Entire home/apt,149.0,240
768369125951043880,A Good Find,Queenstown-Lakes District,Wanaka Ward,Entire home/apt,135.0,240
28436084,"Spacious home, key to community Pool/spa/gym",Queenstown-Lakes District,Wanaka Ward,Entire home/apt,446.0,240
32074237,"Cosy Central Space, w own entrance & ensuite",Auckland,Waitematā and Gulf Ward,Entire home/apt,182.0,240
20139207,"Wanaka edge apartments
Free WiFi",Queenstown-Lakes District,Wanaka Ward,Entire home/apt,252.0,240
4855416,Stylish Victorian Home – Walk to Beach & Te Papa,Wellington City,Pukehīnau/Lambton Ward,Entire home/apt,297.0,240
41199743,DH-Sagittarius luxury  lake views villa 射手座豪华湖景别墅,Queenstown-Lakes District,Queenstown-Wakatipu Ward,Entire home/apt,1061.0,240
34785253,The Gingerbread House,New Plymouth District,South-West Ward,Entire home/apt,150.0,240
1040165894333073209,Gated free car park~Central~2 Bathroom,Christchurch City,Central Ward,Entire home/apt,228.0,240
744549627686475021,Haven on Townhead,Tauranga City,Otumoetai-Pyes Pa Ward,Entire home/apt,113.0,240
11590362,Stylish Birkenhead Apartment. Sea and bush views,Auckland,North Shore Ward,Entire home/apt,163.0,240
32406376,The Essence of Cromwell,Central Otago District,Cromwell Ward,Entire home/apt,343.0,239
852625101064511321,The Arthouse,Wellington City,Pukehīnau/Lambton Ward,Entire home/apt,271.0,239
34517193,"Easy walk to St Clair beach, bars & cafes",Dunedin City,Area Outside Ward,Entire home/apt,157.0,239
52845836,"Gorgeous Log Cabin, Outdoor Bath & Mountain Views",Ruapehu District,Waimarino-Waiouru Ward,Entire home/apt,294.0,239
1078715614517319509,Cosy and affordable,Taupo District,Taupō Ward,Private room,74.0,239
43582164,Beautiful sunny apartment with off street carpark,Christchurch City,Central Ward,Entire home/apt,186.0,239
49487121,One Bedroom Apartment - Lower Floor,Auckland,Waitematā and Gulf Ward,Entire home/apt,165.0,239
1111670049106199285,The Lighthouse,Wellington City,Paekawakawa/Southern Ward,Entire home/apt,320.0,239
769719115416762682,Garden and mountain view unit,Queenstown-Lakes District,Wanaka Ward,Entire home/apt,124.0,239
21623556,Gateway to Wild South Highways.,Selwyn District,Malvern Ward,Entire home/apt,80.0,239
575519123154897506,Mountain Vista,Southland District,Mararoa Waimea Ward,Entire home/apt,360.0,239
44686443,Centrally located Frankton studio,Queenstown-Lakes District,Queenstown-Wakatipu Ward,Entire home/apt,216.0,239
18210802,Travellers Hideaway - warm welcome to my home,Invercargill City,Area Outside Ward,Private room,113.0,239
36355371,Stunning Modern Retreat,Hastings District,Hastings-Havelock North Ward,Entire home/apt,480.0,239
36985608,Large 3 bedroom apartment on High St. C.B.D.,Auckland,Waitematā and Gulf Ward,Entire home/apt,401.0,239
728499302053718861,Incredible Park & SkyTower View Free Parking & AC,Auckland,Waitematā and Gulf Ward,Entire home/apt,317.0,239
48718979,"Your Own Place in the Country, in the City!",Wellington City,Wharangi/Onslow-Western Ward,Entire home/apt,117.0,239
760317110036325387,Dargaville Cottage Accommodation,Kaipara District,Dargaville Ward,Entire home/apt,190.0,239
33165623,Jacksons Cabin,Westland District,Northern Ward,Entire home/apt,116.0,239
32593462,Comfortable & Quiet Apartment,Auckland,Maungakiekie-Tāmaki Ward,Entire home/apt,159.0,239
43778759,Black Beauty close to the beach,Tauranga City,Mount Maunganui-Papamoa Ward,Entire home/apt,137.0,239
23549270,Private studio - Close to Town,Queenstown-Lakes District,Queenstown-Wakatipu Ward,Private room,263.0,238
21938067,The Redwoods Lodge Adventure Base Lynmore Rotorua,Rotorua District,Area Outside Ward,Entire home/apt,286.0,238
751814688052384474,Entire 2-bedroom home & free parking on premises,Wellington City,Takapū/Northern Ward,Entire home/apt,206.0,238
21081745,Devonport Cottage - an historic experience,New Plymouth District,New Plymouth City Ward,Entire home/apt,189.0,238
22673677,Great central location to walk everywhere,Auckland,Waitematā and Gulf Ward,Private room,177.0,238
13118336,Sunny Spot,Nelson City,Area Outside Ward,Entire home/apt,97.0,238
937931367548340844,Sweet As Home in Mount Eden with free parking,Auckland,Albert-Eden-Puketāpapa Ward,Entire home/apt,215.0,238
875641493692527499,Romantic night in a 'Hole in the Ground',Waikato District,Eureka Ward,Entire home/apt,215.0,238
49580110,Modern on Malthus,Horowhenua District,Kere Kere Ward,Entire home/apt,274.0,238
875649620474431090,Ponsonby Hills,Wellington City,Wharangi/Onslow-Western Ward,Entire home/apt,189.0,238
842116030309824311,Seascapes Waterfront 3,Kapiti Coast District,Paekākāriki-Raumati Ward,Entire home/apt,325.0,238
20937167,Private and clean studio in middle of North Shore,Auckland,Albany Ward,Entire home/apt,93.0,238
697390596789893594,Fishmeister Lodge,Kaipara District,Mangawhai-Kaiwaka Ward,Entire home/apt,322.0,238
839608,"Double room, close to city",Auckland,Albert-Eden-Puketāpapa Ward,Private room,109.0,238
19414183,"Central Mount Maunganui Modern Beach House 
2 bed",Tauranga City,Mount Maunganui-Papamoa Ward,Entire home/apt,263.0,238
814050710766739873,Harbour View Home,Dunedin City,Area Outside Ward,Entire home/apt,251.0,237
787778775400488819,Beating Heart of Christchurch,Christchurch City,Central Ward,Entire home/apt,323.0,237
804512802096543198,"Rotorua Cove - near the Redwoods, Blue/Green Lakes",Rotorua District,Area Outside Ward,Entire home/apt,143.0,237
7792230,Beside the lagoon - Waikanae Beach,Kapiti Coast District,Waikanae Ward,Entire home/apt,225.0,237
816250535213784477,Unique Luxury Amazing SkyTower Parkview & Parking,Auckland,Waitematā and Gulf Ward,Entire home/apt,427.0,237
967822757169534230,Relax Maude Apartment,Queenstown-Lakes District,Wanaka Ward,Entire home/apt,170.0,237
26210885,Capricorn lake and mountain views lodge room 4,Queenstown-Lakes District,Queenstown-Wakatipu Ward,Private room,,237
10591852,Tree House in central Paihia,Far North District,Bay of Islands-Whangaroa Ward,Entire home/apt,209.0,237
53939536,"Stunning studio -Gym, Pool & Parking Zodiak Stays",Auckland,Waitematā and Gulf Ward,Entire home/apt,226.0,237
684412622561874824,"Breathtaking views, peaceful, short walk to town",Rotorua District,Area Outside Ward,Entire home/apt,312.0,237
867634760623736357,Waikotare,Far North District,Bay of Islands-Whangaroa Ward,Entire home/apt,147.0,237
50813425,2居室独立单元，离botany购物中心 3分钟车程 ，小厨房+洗衣机，2个停车位,Auckland,Howick Ward,Entire home/apt,113.0,237
31632957,"Hotel on The Terrace, Apartment Living at its Best",Wellington City,Pukehīnau/Lambton Ward,Entire home/apt,206.0,237
16709605,"Quail Cottage: Authentic, Quaint, Cosy and Private",Thames-Coromandel District,Coromandel-Colville Ward,Entire home/apt,149.0,237
1178567676258813098,"Private, own entrance, guest suite",Christchurch City,Waimairi Ward,Private room,105.0,237
49265443,Cityscape Views at the Heritage Hotel,Auckland,Waitematā and Gulf Ward,Entire home/apt,188.0,237
15746758,Self-contained flat in Whataupoko,Gisborne District,Gisborne Ward,Entire home/apt,120.0,237
41158752,Kanuka Retreat,Christchurch City,Banks Peninsula Ward,Entire home/apt,183.0,237
1363356154504671099,"Beautiful, peaceful studio.",Queenstown-Lakes District,Wanaka Ward,Entire home/apt,137.0,237
23580718,affordable brand-new convenient private room,Hamilton City,West Ward,Private room,69.0,237
1017813346270042377,Omakana Cabin – Scenic Farm Stay w/ Sleepout,Auckland,Rodney Ward,Entire home/apt,203.0,237
758899541578453230,Modern-Immaculate-Spacious-Comfy Beds-Private,Buller District,Westport Ward,Entire home/apt,121.0,236
33910161,Villa 185 - Central Masterton,Masterton District,Area Outside Ward,Entire home/apt,196.0,236
632091987050378110,Lovely garden apartment in the heart of Mt Eden,Auckland,Albert-Eden-Puketāpapa Ward,Entire home/apt,290.0,236
42492015,"Washpen Falls 
The Chalet",Selwyn District,Malvern Ward,Entire home/apt,,236
642373936798662517,★★★ Black Lake Cottage ★★★,Taupo District,Taupō Ward,Entire home/apt,218.0,236
986026626914704344,Elegant 3BR Home on Mustang Avenue,Christchurch City,Halswell Ward,Entire home/apt,264.0,236
28611751,Idyllic Beachfront Stay  ᐧ  Bayview 170 | Apt. One,Kaikoura District,Area Outside Ward,Entire home/apt,496.0,236
40658106,"The Beach House - Private, Tranquil Self Contained",Tauranga City,Mount Maunganui-Papamoa Ward,Private room,137.0,236
47761417,Artist's Retreat,Marlborough District,Marlborough Sounds Ward,Entire home/apt,91.0,236
1174902194117124580,Studio on Oakview *jukebox,Waikato District,Eureka Ward,Entire home/apt,120.0,236
34318008,Tahi House – 2 Bedroom Retreat with Private Garden,Christchurch City,Waimairi Ward,Entire home/apt,260.0,236
46548988,Outstanding Townhouse on Salisbury 1000M/S Fibre,Christchurch City,Central Ward,Entire home/apt,193.0,236
40017601,Modern townhouse in Hamilton CBD,Hamilton City,West Ward,Entire home/apt,224.0,236
15931549,"Self sufficient, peaceful, comfortable, relaxing.",Waipa District,Maungatautari Ward,Entire home/apt,185.0,236
6131210,Private studio close to the city,Wellington City,Motukairangi/Eastern Ward,Entire home/apt,115.0,236
23128843,Santorini style apartment with stunning views!,Western Bay of Plenty District,Katikati-Waihi Beach Ward,Entire home/apt,265.0,236
35975390,"Modern, Chic Country Escape",Mackenzie District,Pukaki Ward,Entire home/apt,508.0,236
33476430,"Central Villa, Luxury Fireplace & Parking -By KOSH",Hamilton City,West Ward,Entire home/apt,321.0,236
744470015253547264,Sunny & Modern On A Peaceful Section,Manawatu District,Feilding Ward,Entire home/apt,263.0,236
1316334835556875215,Karma Waters Picton Continental Breakfast included,Marlborough District,Marlborough Sounds Ward,Entire home/apt,113.0,236
16395294,Dashing Rocks B&B,Timaru District,Timaru Ward,Private room,229.0,236
2526407,Alpine View Villa,Queenstown-Lakes District,Queenstown-Wakatipu Ward,Entire home/apt,583.0,236
13082515,Vineyard Retreat,Tasman District,Motueka Ward,Entire home/apt,286.0,236
37376595,Tui Glen(2 single beds+1 F),Wellington City,Wharangi/Onslow-Western Ward,Entire home/apt,97.0,236
21111023,City View - Affordable Luxury Suite. 5k From City,Christchurch City,Cashmere Ward,Private room,141.0,236
15756815,Calendula Cottage,Auckland,Franklin Ward,Entire home/apt,132.0,236
22570078,Cozy Chalet,Queenstown-Lakes District,Queenstown-Wakatipu Ward,Entire home/apt,552.0,236
48449068,The Woodshed,Queenstown-Lakes District,Wanaka Ward,Entire home/apt,149.0,235
39421826,Hillcrest Hideaway,Rotorua District,Area Outside Ward,Entire home/apt,388.0,235
654480777884691006,Romantic 2Bed & 2Bath - Near SkyTower & Harbour,Auckland,Waitematā and Gulf Ward,Entire home/apt,261.0,235
31394809,Tranquil farm & garden cottage near Kerikeri.,Far North District,Bay of Islands-Whangaroa Ward,Entire home/apt,127.0,235
23094890,Harbour Heights,Dunedin City,Area Outside Ward,Entire home/apt,132.0,235
8038091,Tahunanui hills hide away,Nelson City,Area Outside Ward,Entire home/apt,194.0,235
808234879059685574,Serene Two Bedroom Townhouse Close to Airport,Christchurch City,Hornby Ward,Entire home/apt,232.0,235
576428349095378913,"4 min walk to beach, shops & food.",Kaikoura District,Area Outside Ward,Entire home/apt,186.0,235
45444609,Magnolia Cottage,Gisborne District,Gisborne Ward,Entire home/apt,126.0,235
11227817,Semi -Detached Studio,Upper Hutt City,Area Outside Ward,Entire home/apt,92.0,235
609426644641342337,Cul-de-sac Escape self-contained Pets Welcome,Manawatu District,Feilding Ward,Entire home/apt,102.0,235
8491333,Kuratau - Unit 10,Taupo District,Turangi-Tongariro Ward,Entire home/apt,233.0,235
32993675,"two bedrooms, bathroom, semi contained kitchen",Whangarei District,Hikurangi-Coastal Ward,Entire home/apt,185.0,235
17767691,"Burkes Pass Farm Cottage,",Mackenzie District,Opuha Ward,Entire home/apt,360.0,235
1361343463681726815,The Hut on The Grove,Mackenzie District,Pukaki Ward,Entire home/apt,309.0,235
806018558867953027,Brand new 2 bed ocean view!.,Christchurch City,Coastal Ward,Entire home/apt,194.0,235
4598929,A little room available in the heart of Grey Lynn,Auckland,Waitematā and Gulf Ward,Private room,69.0,234
51624944,Tui Suite at Wairarapa's Lakeview Lodge,South Wairarapa District,Featherston Ward,Entire home/apt,341.0,234
15859625,"Sunny Garden Studio, Mt Eden",Auckland,Albert-Eden-Puketāpapa Ward,Entire home/apt,129.0,234
35009634,Fantail Studio,Thames-Coromandel District,Thames Ward,Entire home/apt,97.0,234
42066347,Peaceful cabin in a rural setting.,Western Bay of Plenty District,Kaimai Ward,Entire home/apt,100.0,234
47255916,Welcome to Biking and Golfing Enthusiasts,Taupo District,Taupō Ward,Entire home/apt,145.0,234
28791935,★ Style meets Comfort ★ - 2BD Suite/Secure parking,Auckland,Howick Ward,Entire home/apt,159.0,234
43861364,Manaaki Studio,Far North District,Te Hiku Ward,Entire home/apt,206.0,234
23529556,*Availability* Ski* Relax*Fairlie *,Mackenzie District,Opuha Ward,Entire home/apt,179.0,234
832077828791182575,Family & Pet Friendly in Dunedin,Dunedin City,Area Outside Ward,Entire home/apt,233.0,234
15429126,Airport Holiday Home,Wellington City,Motukairangi/Eastern Ward,Entire home/apt,338.0,234
11422373,No. 23 @ the Beach,Whangarei District,Bream Bay Ward,Entire home/apt,263.0,234
574034701037467086,Lux Studio In Manor Place Dunedin Central,Dunedin City,Area Outside Ward,Entire home/apt,129.0,234
52655322,Valley Views - rural studio unit	+ stunning views,Nelson City,Area Outside Ward,Entire home/apt,196.0,234
20667869,Maughanes Pit Stop,Waipa District,Te Awamutu Ward,Private room,99.0,234
12474620,Charming house on Mornington Park,Dunedin City,Area Outside Ward,Entire home/apt,220.0,234
34096682,Self contained apartment near the beach,Auckland,Albany Ward,Entire home/apt,86.0,234
19737808,THE ALPINE WAY QUEENSTOWN,Queenstown-Lakes District,Queenstown-Wakatipu Ward,Entire home/apt,674.0,234
21439765,The Chocolate Box Stay.,New Plymouth District,New Plymouth City Ward,Entire home/apt,180.0,234
32817512,The Mahoe Homestead - A Spacious Retreat,Ruapehu District,Taumarunui Ward,Entire home/apt,571.0,234
8651594,Self contained guest house - Garden of Eden,Auckland,Albert-Eden-Puketāpapa Ward,Entire home/apt,106.0,234
455059,Plum Tree Apartment. Fully self-con,Far North District,Bay of Islands-Whangaroa Ward,Entire home/apt,166.0,234
16761646,Halal Accom in Wellington Central.(private bath),Wellington City,Pukehīnau/Lambton Ward,Private room,79.0,234
16986046,On the Ridge in Endeavour Park Estate,Marlborough District,Marlborough Sounds Ward,Private room,137.0,234
25432912,Cardrona (19) -  NZ's Skiing Hotspot!!!,Queenstown-Lakes District,Wanaka Ward,Entire home/apt,224.0,234
47982551,Vanguard  Studio,Nelson City,Area Outside Ward,Entire home/apt,139.0,234
1043006696664646028,newly built spacious apartment,Dunedin City,Area Outside Ward,Entire home/apt,148.0,233
28568545,The perfect Wanaka stopover- Close to town,Queenstown-Lakes District,Wanaka Ward,Entire home/apt,257.0,233
14267808,Warm and Cozy in Taupo. Walk to Lake or Town,Taupo District,Taupō Ward,Entire home/apt,406.0,233
28614127,MAGICAL RIVERSIDE VINEYARD  STUDIO,Marlborough District,Wairau-Awatere Ward,Entire home/apt,246.0,233
1068528666894118761,Stunning House with Spa & Incredible Views,Christchurch City,Banks Peninsula Ward,Entire home/apt,228.0,233
15954706,Gorgeous Romantic Retreat In The Countryside,Hastings District,Heretaunga Ward,Entire home/apt,149.0,233
50113791,"Newly furnished, compact studio in Bayfair",Tauranga City,Mount Maunganui-Papamoa Ward,Entire home/apt,,233
42458169,Escape to Venice - Martinborough Holiday Home,South Wairarapa District,Martinborough Ward,Entire home/apt,298.0,233
37187104,Stunning Blenheim cottage on the edge of town,Marlborough District,Wairau-Awatere Ward,Entire home/apt,343.0,233
42024057,Wetlands Views,Waikato District,Awaroa ki Tuakau Ward,Private room,109.0,233
23257988,Daydreams,Auckland,Ōrākei Ward,Entire home/apt,126.0,233
21704985,"Spacious retreat, 1 minute walk to beach",Hauraki District,Waihi Ward,Entire home/apt,182.0,233
50197871,The Hidden Haven,Waitaki District,Waihemo Ward,Entire home/apt,180.0,233
33504864,Kiwa Eco Escapes - Te Piringa (The Haven),Kaikoura District,Area Outside Ward,Entire home/apt,218.0,233
17344591,Two Bedroom Unit attached to our house.,Auckland,Franklin Ward,Entire home/apt,202.0,233
31575532,Relax in comfort next to Abel Tasman National Park,Tasman District,Motueka Ward,Entire home/apt,286.0,233
699441435703235419,"Magical City Pad, Top Location, Views & Free Wi-Fi",Auckland,Waitematā and Gulf Ward,Entire home/apt,142.0,233
563212083827666883,The Glade,South Wairarapa District,Martinborough Ward,Entire home/apt,365.0,233
44236406,Studio by the beach,Tasman District,Golden Bay Ward,Entire home/apt,126.0,233
10858056,"Rural, mountain views, peaceful.",Southland District,Mararoa Waimea Ward,Private room,,233
7041382,Private cottage - in bush setting,Lower Hutt City,Western Ward,Private room,109.0,233
40971177,The Punga studio in Titirangi bush-garden setting,Auckland,Waitākere Ward,Entire home/apt,150.0,233
41565319,Riverside Cabins Punakaiki,Buller District,Westport Ward,Private room,123.0,233
506858678204297736,The Red Door!  Cheerful & Modern 4 bedroom home,Dunedin City,Area Outside Ward,Entire home/apt,214.0,233
51674273,Family house in the Central of Rototuna,Hamilton City,East Ward,Entire home/apt,360.0,232
53097644,Sunset dreamer,Taupo District,Taupō Ward,Entire home/apt,417.0,232
674886289217462584,Bush haven private studio,Whakatane District,Whakatāne-Ōhope Ward ,Entire home/apt,110.0,232
44448618,Renovated Tauranga Taupo river view Gem,Taupo District,Turangi-Tongariro Ward,Entire home/apt,294.0,232
750855031043361979,Mountain View Retreat,Hauraki District,Paeroa Ward,Entire home/apt,57.0,232
1148170805108041713,"Leafy 2BR Studio, 10 mins to airport",Christchurch City,Waimairi Ward,Entire home/apt,206.0,232
742111001478885058,"Fantastic VIEWS, 3 Min WALK To Town, Free Parking",Queenstown-Lakes District,Queenstown-Wakatipu Ward,Entire home/apt,903.0,232
52881425,Tauranga - A Beach Hive at Papamoa  - 4 bedrooms,Tauranga City,Mount Maunganui-Papamoa Ward,Entire home/apt,367.0,232
41160931,Te Tiro Glamping Tent & Glowworms,Waitomo District,Waitomo Rural Ward,Entire home/apt,325.0,232
47106332,"Private room & ensuite, carpark. Borders  Ponsonby",Auckland,Waitematā and Gulf Ward,Private room,105.0,232
43519826,Rose End Escape,Carterton District,Area Outside Ward,Entire home/apt,202.0,232
1062086955427816501,Private garden studio | breakfast included,Waipa District,Te Awamutu Ward,Entire home/apt,151.0,232
46228528,Top Apartment with Sea Views & Beach Access,Far North District,Te Hiku Ward,Entire home/apt,125.0,232
16175833,Quiet Oceanside Retreat (strict no party or pets),Tauranga City,Mount Maunganui-Papamoa Ward,Entire home/apt,206.0,232
6318525,Villa Pacifica 2bdrm Apartment-Waiheke Is-Free Car,Auckland,Waitematā and Gulf Ward,Entire home/apt,320.0,232
5979113,Mt Maunganui Comforts of Home,Tauranga City,Mount Maunganui-Papamoa Ward,Private room,86.0,232
1028739859305647706,"Old farm hut, near Winton , Central Southland",Southland District,Oreti Ward,Entire home/apt,133.0,232
46793563,A home away from home（close to Redwood bike track),Rotorua District,Area Outside Ward,Entire home/apt,320.0,232
32963201,Sandy Bay Farmstay,Whangarei District,Hikurangi-Coastal Ward,Entire home/apt,309.0,232
40181973,Spacious 4BR Family Home | Near Airport | Parking,Christchurch City,Waimairi Ward,Entire home/apt,354.0,232
15472945,Central & Stylish - Bedroom & Private Bathroom,Christchurch City,Riccarton Ward,Private room,143.0,232
654603426404944304,Sunshine Filled Queen Room in Luxury Home,Queenstown-Lakes District,Queenstown-Wakatipu Ward,Private room,149.0,231
45815915,Barn Studio On Aubrey,Queenstown-Lakes District,Wanaka Ward,Entire home/apt,286.0,231
41239097,Owharoa Hideaway,Hauraki District,Waihi Ward,Entire home/apt,143.0,231
6406810,Southfiord B&B   MURCHISON  Room NZ,Southland District,Mararoa Waimea Ward,Private room,245.0,231
43971453,Misty River Retreat,Marlborough District,Wairau-Awatere Ward,Entire home/apt,,231
28341185,Springfield Retreat,Rotorua District,Area Outside Ward,Entire home/apt,186.0,231
1175720028027325517,Bonnie inn with parking,Queenstown-Lakes District,Queenstown-Wakatipu Ward,Private room,152.0,231
20439992,Kentmere Cottage - with outdoor bath | Lake Tekapo,Mackenzie District,Pukaki Ward,Entire home/apt,556.0,231
16812870,RELAX SO CLOSE TO AUCKLAND,Auckland,Franklin Ward,Entire home/apt,753.0,231
44268291,Cosy self contained unit close to town centre.,Taupo District,Taupō Ward,Entire home/apt,109.0,231
31319773,Cosy on Cumberland,Queenstown-Lakes District,Queenstown-Wakatipu Ward,Entire home/apt,364.0,231
19930722,"5* Secluded Mountain Yurt Escape, Unique, Off-Grid",Queenstown-Lakes District,Wanaka Ward,Entire home/apt,272.0,231
36645528,Stunning views and a pleasant private stay,Christchurch City,Cashmere Ward,Entire home/apt,109.0,231
7774465,NAPIER WESTSHORE BEACH APARTMENT,Napier City,Ahuriri Ward,Entire home/apt,594.0,231
14762227,The Practice Fairway Apartment,Tauranga City,Mount Maunganui-Papamoa Ward,Entire home/apt,189.0,231
19752808,BayHouse on Binnie,Far North District,Bay of Islands-Whangaroa Ward,Entire home/apt,400.0,231
643632850711859882,"Chic Central Village Condo, onsite free parking.",Queenstown-Lakes District,Queenstown-Wakatipu Ward,Entire home/apt,473.0,231
30936441,"Lazy Seal Cottage's
Cottage Two",Buller District,Westport Ward,Entire home/apt,212.0,231
19233727,Cosy Hideaway,Queenstown-Lakes District,Queenstown-Wakatipu Ward,Entire home/apt,273.0,231
840681812106192285,Comfortable self-contained unit in Murchison.,Tasman District,Lakes-Murchison Ward,Entire home/apt,128.0,231
16615139,Self-contained cottage in the hills near Massey,Palmerston North City,Area Outside Ward,Entire home/apt,135.0,231
38683811,Queenstown Central Apartment Unit 2B,Queenstown-Lakes District,Queenstown-Wakatipu Ward,Entire home/apt,410.0,231
842859323136654134,The Old Mill,Queenstown-Lakes District,Wanaka Ward,Entire home/apt,189.0,231
23343969,"Kereru's Nest, Titirangi, - private retreat",Auckland,Waitākere Ward,Entire home/apt,127.0,231
41691798,Forty Six on Burgundy: A getaway for groups,South Wairarapa District,Martinborough Ward,Entire home/apt,457.0,231
1124361712049394442,Beautiful Guesthouse Retreat,Auckland,Waitākere Ward,Entire home/apt,97.0,231
17078152,Kaikora Railway Cottage,Central Hawke's Bay District,Aramoana-Ruahine Ward,Entire home/apt,172.0,231
25898170,"Central, for solo travellers, conference goers.",Rotorua District,Area Outside Ward,Private room,82.0,231
52265107,Adventurer's Chest Pohutukawa -Free Adventure Gear,Thames-Coromandel District,Mercury Bay Ward,Entire home/apt,195.0,230
16947466,Worsley House*Great Location*Free Fibre Wifi *,Southland District,Mararoa Waimea Ward,Entire home/apt,412.0,230
23931560,One Epic Location,Queenstown-Lakes District,Queenstown-Wakatipu Ward,Entire home/apt,1150.0,230
49227866,"""Lynbre Lodge"" Private Cabin,  Gorgeous Sunsets",Horowhenua District,Waiopehu Ward,Entire home/apt,149.0,230
602549274268382943,"Cricklewood Farmstay, Alpaca walk and hot tub",Mackenzie District,Opuha Ward,Entire home/apt,403.0,230
53799125,Lakeside Retreat Cromwell Near Queenstown Wānaka,Central Otago District,Cromwell Ward,Entire home/apt,349.0,230
16870239,"Soothing Riverside Cabin, Taumarunui",Ruapehu District,Taumarunui Ward,Entire home/apt,133.0,230
14403905,tidy on tamar,Waitaki District,Oamaru Ward,Private room,126.0,230
564820345901216393,Petite Perfection in Prebbleton,Selwyn District,Springs Ward,Entire home/apt,109.0,230
1193951916984605496,Entire 3-Bedroom House +Kitchen+Secure Parking,Hamilton City,East Ward,Entire home/apt,231.0,230
38076173,Tuparipari Riverbank Retreat,Whanganui District,Area Outside Ward,Entire home/apt,127.0,230
43631543,N L H - snug and cosy with views,Tasman District,Lakes-Murchison Ward,Private room,139.0,230
990111959780834481,Studio 226,Timaru District,Geraldine Ward,Entire home/apt,200.0,230
749694804251708224,Calida's Cosy Cottage,Taupo District,Taupō Ward,Entire home/apt,240.0,230
713318833012379702,"Kereru Cottage1 bdrm, 10 mins from CBD. Breakfast",Dunedin City,Area Outside Ward,Entire home/apt,185.0,230
1097487,Heritage Magic in Merivale,Christchurch City,Fendalton Ward,Private room,189.0,230
29016792,C’est la vie-Waipu Cove,Whangarei District,Bream Bay Ward,Entire home/apt,261.0,230
35069972,Breakeracre Apartment,New Plymouth District,New Plymouth City Ward,Entire home/apt,191.0,230
1052178887525646284,Romantic & Cozy - Outdoor Bath,Tauranga City,Otumoetai-Pyes Pa Ward,Entire home/apt,205.0,230
13674604,Lahar Alpine Retreat - Hot Tub & Mountain Views,Ruapehu District,Waimarino-Waiouru Ward,Entire home/apt,585.0,230
27506577,Sun drenched haven,Tauranga City,Mount Maunganui-Papamoa Ward,Entire home/apt,341.0,229
18279272,Southern Scenic Stargazer,Southland District,Waiau Aparima Ward,Entire home/apt,214.0,229
698679672986567099,Church Bay Hideaway - Beach Access & Sea Views,Christchurch City,Banks Peninsula Ward,Entire home/apt,337.0,229
51114187,The DECKHOUSE,Taupo District,Taupō Ward,Entire home/apt,254.0,229
1797132,"Quiet, Modern, with Stunning Views",Thames-Coromandel District,Thames Ward,Entire home/apt,137.0,229
5220739,Holiday Bach Cromwell,Central Otago District,Cromwell Ward,Entire home/apt,280.0,229
617505496536089878,"Moonlight Cottage; Private, luxury & romantic",Queenstown-Lakes District,Queenstown-Wakatipu Ward,Entire home/apt,481.0,229
598655219509567022,Eco Oasis- Raglan,Waikato District,Raglan Ward,Entire home/apt,196.0,229
1091753859936759506,"Fully renovated apartment 
1 queen bed",Auckland,Waitematā and Gulf Ward,Entire home/apt,137.0,229
982236766474969888,"Warm, cosy & sunny, overlooking Ahuriri",Napier City,Ahuriri Ward,Entire home/apt,181.0,229
684928945688996391,Wainui guest house,Gisborne District,Gisborne Ward,Entire home/apt,160.0,229
14114304,Lakeview Retreat • Walk to Town • 5BR 4.5BA,Queenstown-Lakes District,Queenstown-Wakatipu Ward,Entire home/apt,1295.0,229
10884577,Cosy Cottage with Ocean View @ Barnacle Bills,Kaikoura District,Area Outside Ward,Entire home/apt,252.0,229
838616134189141137,Private Studio Unit in the Olives,Central Otago District,Cromwell Ward,Entire home/apt,189.0,229
49642646,CBD Bright&Warm Home Free Parking in quiet complex,Christchurch City,Central Ward,Entire home/apt,218.0,229
46909371,Luxury and Modern apartment in city center,Christchurch City,Central Ward,Entire home/apt,,229
37692753,Kanuka Loft - Come and relax,Far North District,Bay of Islands-Whangaroa Ward,Entire home/apt,286.0,229
551004311887919951,Farmview Guest Cottage - A Wonderful Rural Getaway,Ashburton District,Eastern Ward,Entire home/apt,160.0,229
1087198953640327500,"Room 2, Vegans on Lillington Road",Auckland,Ōrākei Ward,Private room,61.0,229
50550585,Great Location | 3 Bedroom Apartment - KK61112,Kaikoura District,Area Outside Ward,Hotel room,280.0,229
1148038509929882384,Coast Studio,Kapiti Coast District,Paraparaumu Ward,Entire home/apt,144.0,228
40866272,MOERAKI HAVEN HEIGHTS...Views will amaze,Waitaki District,Waihemo Ward,Entire home/apt,320.0,228
24235184,"Tuidale Lodge & Stables, Coastal Country Hideaway",Whangarei District,Bream Bay Ward,Entire home/apt,189.0,228
34319172,"Didi's Place, right where you want to be!",Napier City,Ahuriri Ward,Entire home/apt,217.0,228
15292013,Fergus Hideaway✦Entire House✦Wifi✦2Living ✦3BR✦2BA,Southland District,Mararoa Waimea Ward,Entire home/apt,417.0,228
704556549743355312,The Dream Townhouse,Christchurch City,Central Ward,Entire home/apt,176.0,228
53881712,"Modern Suite near Te Pae,CBD,Town Hall,Hagley Park",Christchurch City,Central Ward,Entire home/apt,128.0,228
54070730,Great views and a full kitchen on Queenstown Hill,Queenstown-Lakes District,Queenstown-Wakatipu Ward,Entire home/apt,214.0,228
41438807,The Woodshack - private hideaway in Mapua,Tasman District,Moutere-Waimea Ward,Entire home/apt,,228
684866348011615780,Home on the Range,Tauranga City,Mount Maunganui-Papamoa Ward,Entire home/apt,165.0,228
24138672,Mountain Moon Lodge on the bush line of Karioi,Waikato District,Raglan Ward,Entire home/apt,229.0,228
8372730,Post Office Cottage - Historic Rural Charm,New Plymouth District,South-West Ward,Entire home/apt,160.0,228
12471943,Inn View warm & sunny just relax.,Nelson City,Area Outside Ward,Entire home/apt,,228
27090352,Monty's Self Contained Unit,Ōtorohanga District,Kawhia-Tihiroa Ward,Entire home/apt,160.0,228
1004252,Governors Bay Waterfront Retreat,Christchurch City,Banks Peninsula Ward,Entire home/apt,194.0,228
53909103,Oriental Bay Oasis with Free Parking,Wellington City,Pukehīnau/Lambton Ward,Entire home/apt,448.0,228
19661526,"Villa Moana | Lake Views, Gas Fire, BBQ, Parking",Queenstown-Lakes District,Queenstown-Wakatipu Ward,Entire home/apt,859.0,228
717590729244878157,Super cosy and private two bedroom Apartment,Queenstown-Lakes District,Wanaka Ward,Entire home/apt,300.0,227
15473117,Location! Prestigious! Central Auckland apartment,Auckland,Waitematā and Gulf Ward,Entire home/apt,274.0,227
44324610,The Pavilion,Waikato District,Raglan Ward,Entire home/apt,274.0,227
12072874,Conway River Cottage,Hurunui District,East Ward,Entire home/apt,160.0,227
32023682,Waitomo Woodlyn Park Hobbit Motel,Waitomo District,Waitomo Rural Ward,Entire home/apt,325.0,227
743761233788924479,Spacious 1 bedroom studio - fantastic location,Napier City,Nelson Park Ward,Entire home/apt,166.0,227
9975830,Harbour views & room to move. Free garage parking.,Wellington City,Motukairangi/Eastern Ward,Private room,95.0,227
23147435,Nordic Escape | Lake Tekapo,Mackenzie District,Pukaki Ward,Entire home/apt,310.0,227
42724702,"Soul Sanctuary, Modern cozy bach with outdoor bath",Waikato District,Raglan Ward,Entire home/apt,369.0,227
45758539,City centre apartment unlimited WIFI,Christchurch City,Central Ward,Entire home/apt,191.0,227
12500267,Elmswood Guest Suite.,Western Bay of Plenty District,Maketu-Te Puke Ward,Entire home/apt,143.0,227
37979153,Easy Days Martinborough,South Wairarapa District,Martinborough Ward,Entire home/apt,293.0,227
17574248,Stunning sea views-private-2bedroom apartment,Far North District,Bay of Islands-Whangaroa Ward,Entire home/apt,365.0,227
20219093,Brookhaven cottage with Luxury Outdoor Tub,Southland District,Mararoa Waimea Ward,Entire home/apt,274.0,227
22688206,Luxury holiday experience in Nelson Lakes district,Tasman District,Lakes-Murchison Ward,Entire home/apt,388.0,227
44037593,3 Bed Townhouse with stunning view of the estuary,Napier City,Ahuriri Ward,Entire home/apt,291.0,227
22282935,Peaceful Attractive Belmont Studio Apartment,Lower Hutt City,Western Ward,Entire home/apt,149.0,227
1056228363566494951,2 Bedroom Apartment on Victoria St with 2 Parkings,Hamilton City,West Ward,Entire home/apt,204.0,227
871204934582708163,The Daughter's Anchorage · Historic Cottage,Christchurch City,Banks Peninsula Ward,Entire home/apt,307.0,227
30210717,Hillside Villa 2 – Modern 2BR Walk to Town & A/C,Queenstown-Lakes District,Queenstown-Wakatipu Ward,Entire home/apt,777.0,227
53082423,Architecture/sea views/tides/kayaks/NZ birdlife,Nelson City,Area Outside Ward,Entire home/apt,188.0,227
729983547100944879,"Fridas Riverside Loft, in the heart of Nelson",Nelson City,Area Outside Ward,Entire home/apt,196.0,226
761767702253678175,Free Parking! Stylish High Level Ocean & City View,Auckland,Waitematā and Gulf Ward,Entire home/apt,314.0,226
572553956540510548,"Breakfast, No Cleaning Fee, Close to Everywhere!",Wellington City,Wharangi/Onslow-Western Ward,Entire home/apt,161.0,226
14015419,Frog Lodge - Enjoy Comfort & Style in Otematata,Waitaki District,Ahuriri Ward,Entire home/apt,326.0,226
17047533,Bay of Islands Group Escape | Private Spa & Games,Far North District,Bay of Islands-Whangaroa Ward,Entire home/apt,370.0,226
42943837,Metro Living Apt near Skytower and Parking,Auckland,Waitematā and Gulf Ward,Entire home/apt,482.0,226
15920683,Manuka view Lodge^,Far North District,Bay of Islands-Whangaroa Ward,Private room,92.0,226
872547136630455957,City Escape – 1BR Apartment with Free Carpark,Christchurch City,Central Ward,Entire home/apt,206.0,226
39677284,Lux Panoramic Seaview Penthouse on Princes Wharf,Auckland,Waitematā and Gulf Ward,Entire home/apt,400.0,226
17587968,Black Box Bach,Far North District,Te Hiku Ward,Entire home/apt,298.0,226
23663293,The Grove Farm Stay.,Whakatane District,Rangitāiki Ward ,Entire home/apt,349.0,226
22306267,The Clive Hideaway - Villa,Hastings District,Heretaunga Ward,Entire home/apt,488.0,226
45475925,Breath Taking View over the Lake,Taupo District,Taupō Ward,Entire home/apt,666.0,226
15974140,SPECTACULAR SEA VIEWS!!,Auckland,Waitematā and Gulf Ward,Entire home/apt,428.0,226
45622740,Golden Gate Get-away... Right by the water!,Porirua City,Northern Ward/Pukerua ki te Raki,Entire home/apt,150.0,226
21452153,Karaka chalet- bird and stream song in Golden Bay,Tasman District,Golden Bay Ward,Entire home/apt,125.0,226
34606875,Cosy Cottage in stunning Wanaka close to Town,Queenstown-Lakes District,Wanaka Ward,Entire home/apt,376.0,226
12071532,Retreat on the Ridge | Lake Okareka in the Trees!,Rotorua District,Area Outside Ward,Entire home/apt,257.0,226
30908335,New 180 Degree's Sea Views,Thames-Coromandel District,South Eastern Ward,Entire home/apt,400.0,226
53547605,2 mins drive to Hamilton Gardens - 4 bedrooms,Hamilton City,East Ward,Entire home/apt,411.0,226
34719150,Loch View | Lake Tekapo,Mackenzie District,Pukaki Ward,Entire home/apt,500.0,226
16578409,Andrea's place in Pillans Point 2,Tauranga City,Otumoetai-Pyes Pa Ward,Private room,125.0,226
45830289,"Cooks Beach Getaway,  Pukeko Studio",Thames-Coromandel District,Mercury Bay Ward,Entire home/apt,180.0,226
12906927,Cosy Mt Ruapehu Chalet,Ruapehu District,National Park Ward,Entire home/apt,212.0,226
32823594,Leisure in Lynmore.,Rotorua District,Area Outside Ward,Entire home/apt,202.0,226
16240890,The Hideaway,Hauraki District,Waihi Ward,Private room,90.0,226
48182176,Broadway On New York,South Wairarapa District,Martinborough Ward,Entire home/apt,334.0,226
11026184,Red beach house overlooking 3 seas,Wellington City,Motukairangi/Eastern Ward,Private room,108.0,226
15748478,Motueka cottage in garden setting near Abel Tasman,Tasman District,Motueka Ward,Entire home/apt,326.0,226
21594649,"Lifestyle Retreat. Room No.2 
 Queen Bed",Waitaki District,Oamaru Ward,Private room,121.0,226
32595479,Glentui Getaway One Bedroom Flat,Queenstown-Lakes District,Queenstown-Wakatipu Ward,Entire home/apt,125.0,226
5459412,The Church at FOX,Westland District,Southern Ward,Entire home/apt,440.0,226
38272228,Fantail Bush Chalet and Hot tub,Auckland,Rodney Ward,Entire home/apt,251.0,226
19539795,Oakwood House -Free Wi-Fi warm & everything u need,Queenstown-Lakes District,Wanaka Ward,Entire home/apt,323.0,225
6439374,Beach house overlooking 3 blue seas,Wellington City,Motukairangi/Eastern Ward,Private room,108.0,225
996591940885118714,Hilden Haven,Taupo District,Taupō Ward,Entire home/apt,291.0,225
42093496,Home away from home Large 4 Bedroom 2 bathrooms,Upper Hutt City,Area Outside Ward,Entire home/apt,263.0,225
48942047,The Martinborough Apartment,South Wairarapa District,Martinborough Ward,Entire home/apt,229.0,225
17400902,The Wallpaper House: Artist's Studio,Dunedin City,Area Outside Ward,Entire home/apt,177.0,225
782780948323153921,Modern unit 5 min. walk to town,Queenstown-Lakes District,Wanaka Ward,Entire home/apt,262.0,225
32403559,"Beachfront Cabin - spa, kayaks, bikes",Whangarei District,Whangarei Heads Ward,Entire home/apt,208.0,225
19503319,Wai iti Cottage in the Te Mata Wine Area,Hastings District,Heretaunga Ward,Entire home/apt,300.0,225
711355275248511179,New family friendly warm comfy unitB mountain view,Mackenzie District,Pukaki Ward,Entire home/apt,350.0,225
16953941,Hot Water Beach Surf Sounds Cottage,Thames-Coromandel District,Mercury Bay Ward,Entire home/apt,226.0,225
717489853626380910,The Broad View,Queenstown-Lakes District,Queenstown-Wakatipu Ward,Private room,177.0,225
998934976470721620,The Black Barn,Auckland,Rodney Ward,Entire home/apt,380.0,225
33070907,"Studio33. Amazing view Lake & Mountains, Nightsky",Mackenzie District,Pukaki Ward,Entire home/apt,398.0,225
34230788,Cosy Private Mountain Stable Suite with Ensuite,Queenstown-Lakes District,Queenstown-Wakatipu Ward,Private room,163.0,225
34766642,Central Luxury with Stunning Views,Queenstown-Lakes District,Queenstown-Wakatipu Ward,Entire home/apt,1459.0,225
898287018667908994,Ocean View Bach,Hurunui District,East Ward,Entire home/apt,407.0,225
26455660,Luxury Lake Retreat,Rotorua District,Area Outside Ward,Entire home/apt,630.0,225
13719754,Carters Beach Bach,Buller District,Westport Ward,Entire home/apt,149.0,225
21680318,Guest Suite incl Breakfast 50m to Beach,Thames-Coromandel District,Mercury Bay Ward,Entire home/apt,257.0,225
932009722820618292,Hunts Farm - Te Kūiti,Waitomo District,Waitomo Rural Ward,Entire home/apt,200.0,225
35848056,Cute In The City,New Plymouth District,New Plymouth City Ward,Entire home/apt,217.0,225
21244731,Frog 44 Bed and Breakfast Mt Somers,Ashburton District,Western Ward,Private room,183.0,225
33165892,Golf. beach or shopping. A home within a home.,Kapiti Coast District,Paraparaumu Ward,Private room,87.0,225
40016540,"Seatoun/Airport, Ferry stopover. Room B",Wellington City,Motukairangi/Eastern Ward,Private room,71.0,225
911956235070531642,Spacious sleep-out,Ruapehu District,Waimarino-Waiouru Ward,Entire home/apt,133.0,225
35750485,The Tangelo Tree,Waikato District,Raglan Ward,Entire home/apt,142.0,225
46549564,Tranquil Karekare Valley Home,Auckland,Waitākere Ward,Entire home/apt,218.0,224
23234909,Trout House,Mackenzie District,Pukaki Ward,Entire home/apt,978.0,224
17845262,Country Cottage,Far North District,Bay of Islands-Whangaroa Ward,Entire home/apt,,224
29472049,Te Mahuru Retreat- Room 4 (2 bedrooms)with Hot Tub,Kaikoura District,Area Outside Ward,Hotel room,146.0,224
47777201,Te Miro Luxury Getaway,Waipa District,Maungatautari Ward,Entire home/apt,365.0,224
34686576,Cottage - The Getaway,Southland District,Waihopai Toetoe Ward,Entire home/apt,144.0,224
17925912,Aspen Cottage,Porirua City,Northern Ward/Pukerua ki te Raki,Entire home/apt,194.0,224
17866410,Charming Character Villa in Mt Vic,Wellington City,Pukehīnau/Lambton Ward,Private room,177.0,224
32410516,Moenui Magic,Marlborough District,Marlborough Sounds Ward,Entire home/apt,216.0,224
45405168,Whale Bay Bush Studio - Raglan,Waikato District,Raglan Ward,Entire home/apt,131.0,224
778950,GumTree Farmstay B&B with Farm Tour & Breakfast.,Waitaki District,Corriedale Ward,Private room,190.0,224
794415733200511403,360° Views,Masterton District,Area Outside Ward,Entire home/apt,139.0,224
34212129,Modern house in a great location!,Hamilton City,West Ward,Entire home/apt,236.0,224
51459120,"The Hibiscus 
A quiet place to stay in Blenheim",Marlborough District,Blenheim Ward,Private room,139.0,224
16653318,Garden Cottage Retreat,Auckland,Albany Ward,Entire home/apt,150.0,224
30385500,Nautical Loft/Free Carpark/Wifi/ Netflix,Auckland,Waitematā and Gulf Ward,Entire home/apt,206.0,224
45549918,"The Dreamcatcher, a wild escape between sky & sea",Tasman District,Golden Bay Ward,Entire home/apt,,224
18204139,Self Contained Studio/Sleepout,New Plymouth District,New Plymouth City Ward,Entire home/apt,97.0,224
27471477,Fuchsia House,Far North District,Bay of Islands-Whangaroa Ward,Private room,151.0,224
47788177,Gorgeous Garden Cottage,South Wairarapa District,Greytown Ward,Entire home/apt,370.0,224
23413640,Character NY Apt 2 Bed CBD Rooftop Pool Large Deck,Auckland,Waitematā and Gulf Ward,Entire home/apt,549.0,224
24811429,TUCKERS REST in Bluff  Bed & Breakfast with Wifi,Invercargill City,Area Outside Ward,Private room,137.0,224
40327816,Stylish apartment in historic Edwardian building.,Christchurch City,Central Ward,Entire home/apt,270.0,224
26285231,My Waihi Beach patch of paradise,Western Bay of Plenty District,Katikati-Waihi Beach Ward,Entire home/apt,200.0,224
1055169185587553864,Kaikōura Peaks Studio Retreat 1,Kaikoura District,Area Outside Ward,Entire home/apt,168.0,224
53317310,Comfy Beds - Stylish rooms in heart of Wanaka (1),Queenstown-Lakes District,Wanaka Ward,Private room,189.0,224
17781154,"Sunny, modern and close to the beach!",Auckland,North Shore Ward,Private room,137.0,224
1145980527432550676,"Modern Apartment, Great Location",Timaru District,Geraldine Ward,Entire home/apt,151.0,224
24166794,Your Home Away From Home-Warm & Cosy,Taupo District,Taupō Ward,Entire home/apt,261.0,224
989556155256714892,Studio in the Heart of Ponsonby,Auckland,Waitematā and Gulf Ward,Entire home/apt,188.0,224
11927990,Fabulous Reviews : Host of The Year Finalist 2022,Christchurch City,Riccarton Ward,Entire home/apt,,223
14980907,Wallace Apartment - Herne Bay/Ponsonby,Auckland,Waitematā and Gulf Ward,Entire home/apt,297.0,223
13210609,4 Wheel Drive Incl. 5 min walk to car from Ferry.,Auckland,Waitematā and Gulf Ward,Entire home/apt,366.0,223
16349581,"Private 1 bedroom, spectacular views by the beach",Lower Hutt City,Harbour Ward,Entire home/apt,165.0,223
16542570,Fareham Kawakawa: tranquil room in retro homestead,South Wairarapa District,Featherston Ward,Private room,80.0,223
759469968877799264,"Auckland City Apartment: Pool, Spa, Sauna & Gym.",Auckland,Waitematā and Gulf Ward,Entire home/apt,181.0,223
4184109,Luxury: Prime Location Hahei- Stunning Views,Thames-Coromandel District,Mercury Bay Ward,Entire home/apt,227.0,223
4060430,3 Bdrm & 3 Bathroom Private Suite,Taupo District,Taupō Ward,Entire home/apt,375.0,223
776575,Little Valley Cottage,Dunedin City,Area Outside Ward,Entire home/apt,132.0,223
42915572,Fantail Studio,Auckland,Rodney Ward,Entire home/apt,191.0,223
39776052,"The Little Guest House, Matakana",Auckland,Rodney Ward,Entire home/apt,191.0,223
40355369,Olde Beach Bach *Free WiFi & Netflix* Comfy & Cozy,Kapiti Coast District,Waikanae Ward,Entire home/apt,189.0,223
576939511640924032,Adorable 2-bedroom guesthouse with onsite parking,Invercargill City,Area Outside Ward,Entire home/apt,140.0,223
13932830,Bright and funky city oasis,Auckland,Waitematā and Gulf Ward,Entire home/apt,291.0,223
13514194,ELEVEN-LAKE VIEW *halfway between airport & town*,Queenstown-Lakes District,Queenstown-Wakatipu Ward,Entire home/apt,,223
12140346,Cosy bach with great views.,Buller District,Inangahua Ward,Entire home/apt,172.0,223
40437260,Spa & amazing view! Titirangi,Auckland,Waitākere Ward,Private room,112.0,223
833003821474736451,"Cute, cozy & central",Rotorua District,Area Outside Ward,Entire home/apt,291.0,223
22850251,The Moorings,Waitaki District,Oamaru Ward,Entire home/apt,492.0,223
17560438,"Super self-contained Morningside
Studio",Auckland,Albert-Eden-Puketāpapa Ward,Entire home/apt,166.0,223
45943224,*Beautiful villa* with space for all!,Napier City,Nelson Park Ward,Entire home/apt,343.0,223
39442640,Big Bed & Bikes in Bayfair,Tauranga City,Mount Maunganui-Papamoa Ward,Entire home/apt,,223
623991056417039811,Sparkling 3-bedroom home with fireplace and views,Ruapehu District,National Park Ward,Entire home/apt,289.0,223
900449477341263889,Super Central Apartment! Close to Stadiums & City,Hamilton City,West Ward,Entire home/apt,223.0,223
31993688,"Modern, sunny in Kilbirne close to airport & city",Wellington City,Motukairangi/Eastern Ward,Entire home/apt,153.0,223
40732014,The Little Blue House on the edge of Ahuriri,Napier City,Ahuriri Ward,Entire home/apt,183.0,223
1624327,Pukeko Refuge,Whangarei District,Denby Ward,Entire home/apt,82.0,223
22663217,Charming Villa on Tree Lined Street,Dunedin City,Area Outside Ward,Entire home/apt,240.0,223
1280658,NapierHillOverTheBay,Napier City,Ahuriri Ward,Entire home/apt,212.0,223
1251971271821187559,THE BIRD'S NEST - Secluded getaway!,Christchurch City,Heathcote Ward,Entire home/apt,205.0,223
656670735221077800,Spacious Guest Studio in Havelock North,Hastings District,Hastings-Havelock North Ward,Entire home/apt,,223
925637381552327929,Pilgrim's Rest,Whangarei District,Okara Ward,Entire home/apt,137.0,223
9345533,"Point View, lake and mountain views close to CBD",Queenstown-Lakes District,Queenstown-Wakatipu Ward,Entire home/apt,616.0,222
16655309,Modern & welcoming in Miramar - 5mins to Airport,Wellington City,Motukairangi/Eastern Ward,Private room,80.0,222
1042258479182384730,Rapahoe Self Contained Unit,Grey District,Northern Ward,Entire home/apt,142.0,222
12860454,"Spacious, quiet and central Bed and Breakfast",Nelson City,Area Outside Ward,Entire home/apt,113.0,222
900882618040606745,Garden Hideaway,Waipa District,Cambridge Ward,Entire home/apt,137.0,222
1051652510725881646,Alexander Place,Queenstown-Lakes District,Arrowtown Ward,Entire home/apt,171.0,222
51543282,"Wairewa Guest House, Kekerengu",Kaikoura District,Area Outside Ward,Entire home/apt,149.0,222
1005249084830088059,Private Guest Suite,Hamilton City,West Ward,Entire home/apt,166.0,222
637328794519765588,CBD Sleeps 5• Free Parking• Te Pae•Twn Hall•Casino,Christchurch City,Central Ward,Entire home/apt,230.0,222
1251963734830369124,Sunny room with ensuit bathroom,Auckland,Albert-Eden-Puketāpapa Ward,Private room,67.0,222
45473012,Amore Tekapo-Mountain,Mackenzie District,Pukaki Ward,Entire home/apt,476.0,222
53312586,Delightful 1-bed barn with stunning mountain views,Timaru District,Pleasant Point-Temuka Ward,Entire home/apt,223.0,222
1103708735487314731,Cozy guest residence,Whanganui District,Area Outside Ward,Entire home/apt,133.0,222
22552009,Cardrona (29)  NZ's Skiing Hotspot!!!,Queenstown-Lakes District,Wanaka Ward,Entire home/apt,225.0,222
39867881,Deluxe Redwoods | Huge House with Spa Pool,Rotorua District,Area Outside Ward,Entire home/apt,355.0,222
25917166,"""Robyn's Nest"" : A short walk to town and ferries",Marlborough District,Marlborough Sounds Ward,Entire home/apt,174.0,222
603720622019988259,Kōtuku Cottage,Westland District,Southern Ward,Entire home/apt,237.0,222
1206833831105637481,Glenorchy Couples Retreat,Queenstown-Lakes District,Queenstown-Wakatipu Ward,Entire home/apt,320.0,222
53376793,Lovely townhouse with city convenience,Christchurch City,Heathcote Ward,Entire home/apt,168.0,222
20777448,Gem on Greenaway,South Wairarapa District,Martinborough Ward,Entire home/apt,194.0,222
21188400,Inner City Cottage,Gisborne District,Gisborne Ward,Entire home/apt,196.0,222
1182133083669274935,Minutes from Wellington airport,Wellington City,Motukairangi/Eastern Ward,Entire home/apt,310.0,222
51675077,Adorable studio 1-bedroom guest house,Auckland,Waitematā and Gulf Ward,Entire home/apt,172.0,222
718990039960555007,Secret Garden House,Rotorua District,Area Outside Ward,Entire home/apt,496.0,221
38754444,Peaceful rural lifestyle,Auckland,Rodney Ward,Entire home/apt,115.0,221
13678003,Ada's Cottage,Marlborough District,Marlborough Sounds Ward,Entire home/apt,217.0,221
11756385,Seaperch by Coromandel Town,Thames-Coromandel District,Coromandel-Colville Ward,Entire home/apt,257.0,221
45807497,Cosy 2BR. Sleeps 4 (up to 6).,Auckland,North Shore Ward,Entire home/apt,240.0,221
32360648,Walk to town 41B Alpine Chalet,Queenstown-Lakes District,Queenstown-Wakatipu Ward,Entire home/apt,422.0,221
33859707,Quay Luxury Waterfront Apartment # 3,Marlborough District,Marlborough Sounds Ward,Entire home/apt,315.0,221
609842032265360720,Private Ensuite Room Near Airport | Comfortable,Auckland,Manukau Ward,Private room,69.0,221
48126596,Mt Maunganui Beach Bach,Tauranga City,Mount Maunganui-Papamoa Ward,Entire home/apt,217.0,221
29577787,Central Perk,Tauranga City,Otumoetai-Pyes Pa Ward,Entire home/apt,,221
16030936,Riverside Bedouin Hut,Christchurch City,Banks Peninsula Ward,Private room,152.0,221
15453406,Cathedral Cove Connection House,Thames-Coromandel District,Mercury Bay Ward,Entire home/apt,456.0,221
23130855,Peace and Tranquility Close to Town,Taupo District,Taupō Ward,Entire home/apt,505.0,221
21972031,Terra Nostra- Mapua Wharf,Tasman District,Moutere-Waimea Ward,Entire home/apt,200.0,221
51641942,Paradise by the park,New Plymouth District,New Plymouth City Ward,Entire home/apt,205.0,221
48233349,RUA at Bluff. (Studio 1),Invercargill City,Area Outside Ward,Entire home/apt,215.0,221
22928384,Warm & Comfortable for your Alpine adventures!,Ruapehu District,National Park Ward,Entire home/apt,314.0,221
22657098,Muricata Magic,Tauranga City,Mount Maunganui-Papamoa Ward,Entire home/apt,149.0,221
23114096,MTB Paradise,Rotorua District,Area Outside Ward,Entire home/apt,617.0,221
50176175,Earth Tree Studio,Kaipara District,Mangawhai-Kaiwaka Ward,Entire home/apt,137.0,221
1202288,Green Bay hosts welcome you to Camelia House,Auckland,Whau Ward,Private room,63.0,221
47313830,River Ridge,Taupo District,Taupō Ward,Private room,160.0,221
602479686176655033,Dunray Cottage - Welcome to Havelock North,Hastings District,Heretaunga Ward,Entire home/apt,250.0,221
52357997,Rosy @ Roslyn,Dunedin City,Area Outside Ward,Entire home/apt,200.0,221
45702773,Cole St Cottage- centrally located 1902 cottage,Masterton District,Area Outside Ward,Entire home/apt,306.0,221
54201306,Paradise Hideaway,Rotorua District,Area Outside Ward,Entire home/apt,371.0,220
38984697,Modern guestsuite close to University,Christchurch City,Riccarton Ward,Entire home/apt,94.0,220
48578634,Central Location - Contemporary 2 Bedroom Aptm,Queenstown-Lakes District,Queenstown-Wakatipu Ward,Entire home/apt,656.0,220
50813670,Tenby St - Proximity Tranquility Central  Wanaka,Queenstown-Lakes District,Wanaka Ward,Entire home/apt,325.0,220
17407696,Spacious 2 brm Unit newly carpeted & refurbished.,Rotorua District,Area Outside Ward,Entire home/apt,257.0,220
936446699362227930,Cozy Nest On Manchester,Christchurch City,Central Ward,Entire home/apt,251.0,220
22070341,West Melton Village Guest Suite Close to Airport,Selwyn District,Selwyn Central Ward,Private room,166.0,220
772119345048680386,Beautiful Home w/Parking | 5 min to One NZ Stadium,Christchurch City,Linwood Ward,Entire home/apt,258.0,220
52480849,Simple Joy - studio with spa bath🛁,Taupo District,Taupō Ward,Private room,115.0,220
46176155,Edgewater Escape,Rotorua District,Area Outside Ward,Entire home/apt,466.0,220
46842223,Location Location Location 2 Mins CBD Free Parking,Christchurch City,Central Ward,Entire home/apt,292.0,220
21461797,Guest Suite near beach,Tauranga City,Mount Maunganui-Papamoa Ward,Entire home/apt,145.0,220
47225488,Comfy entire townhouse with enhanced cleaning,Christchurch City,Central Ward,Entire home/apt,178.0,220
1015324265736760711,Hanley's Farm Guest House,Queenstown-Lakes District,Queenstown-Wakatipu Ward,Entire home/apt,200.0,220
21772884,Feijoa lodge,Western Bay of Plenty District,Katikati-Waihi Beach Ward,Entire home/apt,194.0,220
20571254,Modern apartment close to hospital and city,New Plymouth District,New Plymouth City Ward,Entire home/apt,147.0,220
790739656568842026,The Rise. Ben Ohau,Mackenzie District,Pukaki Ward,Entire home/apt,591.0,220
24312299,Towack Beach House,Southland District,Waiau Aparima Ward,Entire home/apt,192.0,220
1066337127083295519,Titiroa,Southland District,Mararoa Waimea Ward,Entire home/apt,115.0,220
47228021,Relaxing rural retreat on the town boundary,Invercargill City,Area Outside Ward,Entire home/apt,172.0,220
566835734383588513,The Tui's Nest - central to town,Taupo District,Taupō Ward,Entire home/apt,352.0,220
746771667732305581,City Retreat by Hagley Park – Guest Favourite,Christchurch City,Riccarton Ward,Entire home/apt,249.0,220
946417473120579914,Kingsbury Cottage,Waikato District,Huntly Ward,Entire home/apt,343.0,220
29617439,Spacious Private Room with large Ensuite.,Gisborne District,Gisborne Ward,Private room,110.0,220
9550797,Cosy Caversham Retreat,Dunedin City,Area Outside Ward,Entire home/apt,172.0,220
30715663,"Highlands Apt – Luxury Lake Views, BBQ & Air Con",Queenstown-Lakes District,Queenstown-Wakatipu Ward,Entire home/apt,694.0,220
48107560,5peaks Dannevirke Peaceful Guest Suite,Tararua District,North Tararua Ward,Entire home/apt,156.0,220
38414984,Comfortable and secluded home in Havelock North,Hastings District,Hastings-Havelock North Ward,Private room,,220
873475397226708234,Addington luxury townhouse,Christchurch City,Spreydon Ward,Entire home/apt,195.0,219
46974196,Fabulous spacious Clyde indoor-outdoor retreat.,Central Otago District,Vincent Ward,Entire home/apt,377.0,219
712039275088970411,15 mins from Wanaka self contained - rural setting,Central Otago District,Cromwell Ward,Entire home/apt,229.0,219
780695267586499441,"Awesome Views, Walk To Town, 6 beds, 2 bath",Queenstown-Lakes District,Queenstown-Wakatipu Ward,Entire home/apt,925.0,219
1151900,"Aspen Heights Villa Queenstown 
New Zealand",Queenstown-Lakes District,Queenstown-Wakatipu Ward,Entire home/apt,746.0,219
18832667,Permaculture garden stay - 2 bedrooms,New Plymouth District,New Plymouth City Ward,Entire home/apt,177.0,219
33943581,Little Lodge,Waipa District,Maungatautari Ward,Entire home/apt,281.0,219
22066065,"Hidden Paradise, Beachfront Home",Westland District,Southern Ward,Entire home/apt,377.0,219
4969373,Cosy Retro Cottage,Queenstown-Lakes District,Queenstown-Wakatipu Ward,Entire home/apt,324.0,219
39680797,Tranquil rural paradise - city escape with Alpacas,Auckland,Franklin Ward,Entire home/apt,166.0,219
51221927,Firkins Retreat - Picton,Marlborough District,Marlborough Sounds Ward,Entire home/apt,204.0,219
47966067,Mount Street Retreat,Nelson City,Area Outside Ward,Entire home/apt,136.0,219
671180362567661664,"Prime Beachfront - Sunsets, Space & Serenity",Westland District,Hokitika Ward,Entire home/apt,401.0,219
985162418513189972,5 Minutes Walk to hospital ground and  River,Hamilton City,West Ward,Entire home/apt,206.0,219
9576816,Dusk Till Dawn Forrest 360 views!,Marlborough District,Wairau-Awatere Ward,Entire home/apt,194.0,219
745090597055607096,Clifftop Cabins Kaikoura - Ruby,Kaikoura District,Area Outside Ward,Entire home/apt,350.0,219
1037896615663394834,The Stumble Inn,Lower Hutt City,Harbour Ward,Entire home/apt,151.0,219
779963940811694997,Private guest suite 20 mins to airport(1-4 guests),Auckland,Manurewa-Papakura Ward,Entire home/apt,124.0,219
46039713,Relax with hot tub overlooking stunning views,Porirua City,Northern Ward/Pukerua ki te Raki,Private room,137.0,219
23925338,Handy Location - 3brd home!,Timaru District,Timaru Ward,Entire home/apt,217.0,219
874969145767949587,Light Breakfast & Super-King Comfortable Bed,Napier City,Taradale Ward,Entire home/apt,115.0,219
24105215,Private self contained flat in garden setting,Christchurch City,Heathcote Ward,Entire home/apt,103.0,219
763952094109923781,"Balcony with Sea Views, Cosy & Perfectly Located",Nelson City,Area Outside Ward,Entire home/apt,141.0,219
33249836,Hideaway in Hokowhitu,Palmerston North City,Area Outside Ward,Private room,85.0,219
29081408,PARUA BAY STUDIO,Whangarei District,Whangarei Heads Ward,Entire home/apt,122.0,219
1211775262203253523,Hightide River Escape - w/Outdoor Bath.,Westland District,Northern Ward,Entire home/apt,304.0,219
40664745,Morley Heights-a spacious funky apartment near CBD,New Plymouth District,New Plymouth City Ward,Entire home/apt,149.0,219
785148561250169372,Mihiwaka shed stay,Dunedin City,Area Outside Ward,Entire home/apt,161.0,218
16637547,The Shed/Studio @ Goodtaka Lodge,Far North District,Te Hiku Ward,Entire home/apt,126.0,218
47786484,Rose Cottage; Entire guesthouse. 1 Bedroom,Kapiti Coast District,Paraparaumu Ward,Entire home/apt,131.0,218
801006716418475214,JillO’S  B&B,Westland District,Southern Ward,Private room,206.0,218
54330129,De-Vine Cottage - Harbour Views -near Mt Maunganui,Tauranga City,Te Papa-Welcome Bay Ward,Entire home/apt,234.0,218
46975107,"Warm outdoor spa, Park views, wifi!",Auckland,Waitematā and Gulf Ward,Entire home/apt,214.0,218
981447816144794530,The Stay on Egmont,New Plymouth District,South-West Ward,Entire home/apt,180.0,218
16287391,Belfast Views,Queenstown-Lakes District,Queenstown-Wakatipu Ward,Entire home/apt,348.0,218
718502047226783252,"Seaview, big, 10 mins from airport",Wellington City,Paekawakawa/Southern Ward,Entire home/apt,557.0,218
10434860,"'Cool on Courtenay'
Close to CBD & Coastal Path",New Plymouth District,New Plymouth City Ward,Entire home/apt,132.0,218
48401662,Queenstown Alpine Retreat 8 Guests 4 Ensuite Spa,Queenstown-Lakes District,Queenstown-Wakatipu Ward,Entire home/apt,782.0,218
582671268771480042,Sweet on Citrus,Western Bay of Plenty District,Katikati-Waihi Beach Ward,Entire home/apt,160.0,218
48402903,Fresh oasis near the heart of Masterton,Masterton District,Area Outside Ward,Entire home/apt,163.0,218
1241359704320664791,Modern townhouse in amazing location + carpark,Christchurch City,Central Ward,Entire home/apt,249.0,218
939449462892607523,"""The Hylton"" at the Lakes!",Tauranga City,Otumoetai-Pyes Pa Ward,Entire home/apt,149.0,218
852765543904642212,Views + King Beds + Free Carpark by Britomart,Auckland,Waitematā and Gulf Ward,Entire home/apt,253.0,218
19101552,"Luxurious, Sunny,  Modern and Close to Town!",Queenstown-Lakes District,Queenstown-Wakatipu Ward,Entire home/apt,601.0,218
636286193465795583,Classic Palm Beach Bach,Auckland,Waitematā and Gulf Ward,Entire home/apt,448.0,218
26474130,Your own private place with views on Frankton Road,Queenstown-Lakes District,Queenstown-Wakatipu Ward,Entire home/apt,139.0,218
51453368,Near New Number 8,Mackenzie District,Pukaki Ward,Entire home/apt,289.0,218
589255991398516804,"Private tranquil studio with en-suit, near beach.",Auckland,Ōrākei Ward,Entire home/apt,110.0,218
42476643,Boat Harbour Lake View Retreat,Southland District,Mararoa Waimea Ward,Private room,273.0,218
18240301,SUBURBAN OASIS,Christchurch City,Heathcote Ward,Private room,109.0,218
43489505,Lakefront Marina Studio,Queenstown-Lakes District,Queenstown-Wakatipu Ward,Entire home/apt,338.0,218
568467171623725397,Okarito Cottage - Tigh Na Mara,Westland District,Southern Ward,Entire home/apt,206.0,218
46280303,"""Excellence on Eden"" designed for comfort",Waitaki District,Oamaru Ward,Entire home/apt,313.0,218
50429768,"Golf Retreat! Fairway Views, Log Fire",Waimakariri District,Kaiapoi-Woodend Ward,Entire home/apt,198.0,218
586615886729978243,Home sweet home in GlenEden,Auckland,Waitākere Ward,Entire home/apt,265.0,217
41139149,"Kingfisher cottage -outdoor bath, fire, sauna",Western Bay of Plenty District,Katikati-Waihi Beach Ward,Entire home/apt,202.0,217
13264583,Fully Equipped Modern Studio - King Bed+Sofa Bed,Queenstown-Lakes District,Queenstown-Wakatipu Ward,Entire home/apt,261.0,217
7588160,Beautiful Sea Views in Paihia,Far North District,Bay of Islands-Whangaroa Ward,Entire home/apt,240.0,217
16872265,Stoke Homestead Apartment - Bike Great Taste Trail,Nelson City,Area Outside Ward,Entire home/apt,112.0,217
52828734,Warm modern private room with own access + ensuite,Queenstown-Lakes District,Queenstown-Wakatipu Ward,Private room,139.0,217
6591587,"The Lookout Lodge, Ski and  Rural Farm Experience",Queenstown-Lakes District,Wanaka Ward,Entire home/apt,980.0,217
50214672,Uninterrupted ocean views - private beach access,Waitaki District,Corriedale Ward,Entire home/apt,260.0,217
693035874084676162,Guardian Apartments 105 Queen Street,Auckland,Waitematā and Gulf Ward,Entire home/apt,,217
5272351,Lake Ski Chalet with Sauna,Queenstown-Lakes District,Wanaka Ward,Entire home/apt,353.0,217
33644158,Neeve Retreat - Entire Guest Suite,Napier City,Taradale Ward,Private room,127.0,217
10341734,Surrounded by a bush reserve,Wellington City,Wharangi/Onslow-Western Ward,Private room,90.0,217
40515779,The Lavender Room  self contained  studio.,Taupo District,Taupō East Rural Ward,Entire home/apt,185.0,217
21717576,Peaceful hideaway in Havelock North.,Hastings District,Hastings-Havelock North Ward,Entire home/apt,446.0,217
813259682015692602,Deluxe Central Retreat with Super King Bed,Christchurch City,Central Ward,Entire home/apt,172.0,217
40846196,Rose Haven for a tranquil time away amongst trees,Horowhenua District,Kere Kere Ward,Entire home/apt,218.0,217
33166279,"The View, Onetangi | Coast & Country",Auckland,Waitematā and Gulf Ward,Entire home/apt,629.0,217
768563091365643472,Greenbank Farmstay - Private and Peaceful!,Dunedin City,Area Outside Ward,Entire home/apt,221.0,217
586394994499412368,"Bedroom, full ensuite, private patio, breakfast",Tauranga City,Otumoetai-Pyes Pa Ward,Private room,,217
31002610,warm house in south island,Christchurch City,Burwood Ward,Entire home/apt,345.0,217
13063084,Spacious Comfy Room on Dominion,Auckland,Albert-Eden-Puketāpapa Ward,Private room,80.0,217
26994583,Central Napier City Cottage,Napier City,Ahuriri Ward,Entire home/apt,327.0,217
865869,"THE PAD: Chic, Romantic and absolute beachfront",Far North District,Bay of Islands-Whangaroa Ward,Entire home/apt,300.0,217
22703466,Large Havelock North studio in pretty setting,Hastings District,Hastings-Havelock North Ward,Entire home/apt,183.0,217
944690029617873016,Unwind in an urban oasis w/sauna & garden views,Wellington City,Paekawakawa/Southern Ward,Entire home/apt,229.0,217
1180896742554540150,The Spa & Sauna Oasis,New Plymouth District,New Plymouth City Ward,Entire home/apt,183.0,217
780802526422755598,Apartment 5 - Haddin Court - Modern Loft Style,Marlborough District,Blenheim Ward,Entire home/apt,155.0,217
920563903079162681,Chic Private Suite in Khandallah,Wellington City,Wharangi/Onslow-Western Ward,Private room,95.0,217
48945863,Beatrice Street Urban Loft,Invercargill City,Area Outside Ward,Entire home/apt,166.0,217
12232669,"Fox's Retreat, Arrowtown",Queenstown-Lakes District,Arrowtown Ward,Entire home/apt,496.0,217
1161213044338512029,Bright & Airy on Tuam - 2 Beds Apartment,Christchurch City,Central Ward,Entire home/apt,230.0,217
755861961082800072,Perfect for your next staycation or city getaway,Wellington City,Pukehīnau/Lambton Ward,Entire home/apt,,216
746712410875553508,Lime-Fresh AC Studio Amazing Skytower & Park View,Auckland,Waitematā and Gulf Ward,Entire home/apt,242.0,216
38605037,The Beacon - 2 Bedroom Town Center Apartment 608,Queenstown-Lakes District,Queenstown-Wakatipu Ward,Entire home/apt,965.0,216
1333896575844833293,"Airport 7 min, Hyperfibre, Chef Kitchen, King Bed",Auckland,Manukau Ward,Entire home/apt,233.0,216
563085706673242890,Panoramic Oceanview Hideaway @ Island View Cottage,Thames-Coromandel District,Coromandel-Colville Ward,Entire home/apt,333.0,216
24701631,Our Sanctuary,Auckland,Waitematā and Gulf Ward,Private room,113.0,216
36857249,WHITEHAVEN Riverside,Far North District,Bay of Islands-Whangaroa Ward,Entire home/apt,247.0,216
790841657240630693,Hamurana Views | Great Lake & Farm Views with Spa,Rotorua District,Area Outside Ward,Entire home/apt,358.0,216
775611783178511067,"Near to City, King Bed, Clean & Tidy House",Christchurch City,Heathcote Ward,Private room,71.0,216
23217550,"Redwood Nook, charming apt, 5 min bike from forest",Rotorua District,Area Outside Ward,Entire home/apt,124.0,216
930446881205067277,Private Ensuite in Centre of a Cool Little Town,Westland District,Hokitika Ward,Private room,76.0,216
14859456,Studio on Bay View....,Nelson City,Area Outside Ward,Entire home/apt,183.0,216
21539765,Farm Cottage with Sea Views,Auckland,Franklin Ward,Entire home/apt,115.0,216
821874473458956998,Mountain View Studio,Waikato District,Raglan Ward,Entire home/apt,143.0,216
733635410401221485,Mathesons Escape,Westland District,Southern Ward,Entire home/apt,616.0,216
34041527,Relaxing Rural Riverside Retreat,Wairoa District,Wairoa General Ward,Entire home/apt,149.0,216
745077842172941527,'Whangamata 'Weekender ' Comfy cosy studio,Thames-Coromandel District,South Eastern Ward,Entire home/apt,149.0,216
21928229,"Spacious ,quiet, room  .",Auckland,North Shore Ward,Private room,63.0,216
978265909784214034,Stylish Sunny Matakana Townhouse | Steps to Shops,Auckland,Rodney Ward,Entire home/apt,235.0,216
22177131,Keiko's Cottages-Rose Cottage,Southland District,Mararoa Waimea Ward,Entire home/apt,137.0,216
16966434,Cosy Character Cottage in Greytown,South Wairarapa District,Greytown Ward,Entire home/apt,257.0,216
11887886,Formosa Garden House,Dunedin City,Area Outside Ward,Entire home/apt,238.0,215
36408532,Devonport Sunny and Modern 4 BedroomTown House!,Auckland,North Shore Ward,Entire home/apt,487.0,215
5797488,"Beautiful Private Oasis, Quiet street.",Auckland,Waitematā and Gulf Ward,Entire home/apt,148.0,215
726410214072920707,Contemporary 1 bed unit a skip from nature & river,Queenstown-Lakes District,Queenstown-Wakatipu Ward,Entire home/apt,244.0,215
30743678,Executive's Pad,Nelson City,Area Outside Ward,Entire home/apt,,215
22439625,Ahuru - Our slice of serenity in the bay,Taupo District,Taupō Ward,Entire home/apt,330.0,215
30290065,Fully equipped Crofters Cottage for up to 6 people,Marlborough District,Blenheim Ward,Entire home/apt,240.0,215
39283325,"Central, cosy Studio",Taupo District,Taupō Ward,Entire home/apt,132.0,215
17236349,Kereru Studio,Wellington City,Wharangi/Onslow-Western Ward,Entire home/apt,200.0,215
17850502,Fern Cottage Escape,Nelson City,Area Outside Ward,Entire home/apt,314.0,215
24456509,Charming Villa Opposite Botanical Gardens,Napier City,Ahuriri Ward,Entire home/apt,354.0,215
45928129,Oak Grove - Fantastic central avenue location.,Tauranga City,Te Papa-Welcome Bay Ward,Entire home/apt,194.0,215
901737791321461183,Central 60s refurbished cutie,Hamilton City,West Ward,Entire home/apt,253.0,215
39822390,"lake ferry bach@lake onoke
south wairarapa and spa",South Wairarapa District,Martinborough Ward,Entire home/apt,159.0,215
29572768,"Braemar Beauty, Twizel",Mackenzie District,Pukaki Ward,Entire home/apt,257.0,215
8037520,Ponsonby Cottage,Auckland,Waitematā and Gulf Ward,Entire home/apt,327.0,215
34294915,Kyeburn Stop Over and Farm Stay,Central Otago District,Maniototo Ward,Entire home/apt,166.0,215
13480543,Kawakawa Bay Cozy Retreat,Auckland,Franklin Ward,Entire home/apt,126.0,215
16544523,Kereru Cottage - private bach with sea view,Auckland,Albany Ward,Entire home/apt,210.0,215
619904926415051081,The tiny house on Thornton,Waipa District,Cambridge Ward,Entire home/apt,229.0,215
31565205,Old Mountain Road Retreat Raglan,Waikato District,Raglan Ward,Entire home/apt,326.0,215
51181483,Arapuni Countryside Calm & Comfort with Views,South Waikato District,Putāruru Ward,Entire home/apt,143.0,215
44117477,Cosy country living at our barn!,Waikato District,Eureka Ward,Entire home/apt,143.0,214
17176505,Muritai Waters - incredible waterfront location,Waikato District,Raglan Ward,Entire home/apt,388.0,214
19812732,Bush and birds,Christchurch City,Halswell Ward,Entire home/apt,172.0,214
16536614,Palm Beach Cottage,Auckland,Waitematā and Gulf Ward,Entire home/apt,214.0,214
31887656,Quaint on Queen Street,Wellington City,Pukehīnau/Lambton Ward,Private room,139.0,214
986382762912846546,Let the countryside recharge your soul,Carterton District,Area Outside Ward,Entire home/apt,109.0,214
43861502,Panoramic Haven with Lake views,Taupo District,Taupō Ward,Entire home/apt,194.0,214
53276474,Revell Street Cottage,Westland District,Hokitika Ward,Entire home/apt,293.0,214
37433353,Enchanted Escape B&B,Marlborough District,Marlborough Sounds Ward,Entire home/apt,144.0,214
16998068,Explore - Relax - Enjoy,Waipa District,Pirongia Ward,Entire home/apt,160.0,214
708924654483819147,Penguins Retreat price for first 4 guests,Westland District,Northern Ward,Entire home/apt,252.0,214
23436280,Kepler Vista Hillside-Manapouri Road,Southland District,Mararoa Waimea Ward,Private room,172.0,214
22092651,Central Hamilton Townhouse Private & Spacious,Hamilton City,East Ward,Entire home/apt,320.0,214
723248949385337855,"Tussock Fields, Twizel. EPIC mountain views!",Mackenzie District,Pukaki Ward,Entire home/apt,410.0,214
4951833,Middle Rock High Country Farmstay,Selwyn District,Malvern Ward,Entire home/apt,343.0,214
23921139,Ambury House - ideal for couples or families,Hastings District,Hastings-Havelock North Ward,Entire home/apt,343.0,214
38985245,Totara House,Far North District,Bay of Islands-Whangaroa Ward,Entire home/apt,400.0,214
904604744212115841,Czar’s Rest,Taupo District,Taupō East Rural Ward,Entire home/apt,194.0,214
733663541524146856,Brand New Home with Views,Nelson City,Area Outside Ward,Entire home/apt,257.0,214
635953025618420370,Modern CBD Studio -Pool Sauna & Gym Near SkyTower,Auckland,Waitematā and Gulf Ward,Entire home/apt,144.0,214
33530608,Starlight Retreat,Queenstown-Lakes District,Queenstown-Wakatipu Ward,Private room,180.0,214
759689073171268633,Hawk House on Dorset,New Plymouth District,New Plymouth City Ward,Entire home/apt,236.0,214
50948598,Your happy place & Quiet area,Rotorua District,Area Outside Ward,Entire home/apt,362.0,214
31055162,Stunning Hanmer Holiday Home,Hurunui District,West Ward,Entire home/apt,415.0,214
43478230,The Blackhouse Cottage,Westland District,Northern Ward,Entire home/apt,170.0,214
1137277106075420812,"VIDA; clean, comfy, pet friendly, no cleaning fee",Taupo District,Turangi-Tongariro Ward,Entire home/apt,183.0,214
9737670,The Old Slaughterhouse Lodge - Double room,Buller District,Seddon Ward,Private room,,214
40929564,The Refuge,Taupo District,Turangi-Tongariro Ward,Entire home/apt,194.0,214
893604123296131799,Studio Flat close to Bay Fair,Tauranga City,Mount Maunganui-Papamoa Ward,Entire home/apt,143.0,214
25085697,Studio9 - Modern studio,Whangarei District,Okara Ward,Entire home/apt,,214
49389638,Wonderful Family Retreat | 4BR Near Airport,Christchurch City,Hornby Ward,Entire home/apt,394.0,214
47375987,"Commanding Views, City lights and close to town.",Dunedin City,Area Outside Ward,Entire home/apt,257.0,214
3272543,The Chapel - Boutique Bach,Auckland,Rodney Ward,Entire home/apt,192.0,214
31125766,Quality Centrally Located Two Bedroom Apartment,Christchurch City,Central Ward,Entire home/apt,197.0,214
1251667301734967918,The Garden Retreat Waitawheta,Hauraki District,Waihi Ward,Entire home/apt,137.0,213
714704241562367821,"Stylish Apartment in CBD, Walk to Stadium",Christchurch City,Central Ward,Entire home/apt,206.0,213
47031029,Sequoias on Berkshire - Studio Apartment,Queenstown-Lakes District,Arrowtown Ward,Entire home/apt,272.0,213
32768760,Te Miri B&B,Rotorua District,Area Outside Ward,Private room,116.0,213
16705790,Spacious garden suite at Mount Maunganui,Tauranga City,Mount Maunganui-Papamoa Ward,Entire home/apt,194.0,213
40098644,Superb park side haven in Central Christchurch,Christchurch City,Central Ward,Entire home/apt,203.0,213
52094204,The House of ART,New Plymouth District,New Plymouth City Ward,Entire home/apt,126.0,213
31342232,"A cosy, comfortable stay in Whitianga",Thames-Coromandel District,Mercury Bay Ward,Entire home/apt,123.0,213
2352051,Luxury Cass Bay Retreat (A),Christchurch City,Banks Peninsula Ward,Entire home/apt,183.0,213
11082995,Wytchwood Lake House - Where Time Stands Still,Rotorua District,Area Outside Ward,Entire home/apt,217.0,213
47861354,Funky House near historic Russell,Far North District,Bay of Islands-Whangaroa Ward,Entire home/apt,342.0,213
34259255,Box on the Hill,Waikato District,Raglan Ward,Entire home/apt,165.0,213
31961032,"Holiday on Irishman - unlimited Wifi, Bikes, toys",Mackenzie District,Pukaki Ward,Entire home/apt,280.0,213
18898303,Gabrielle's Garden Studio.,Auckland,North Shore Ward,Entire home/apt,132.0,213
23378380,The Rock -Private single bedroom in Kiwi Bach,Queenstown-Lakes District,Queenstown-Wakatipu Ward,Private room,102.0,213
5354294,Te Moana,New Plymouth District,New Plymouth City Ward,Entire home/apt,206.0,213
967760129147377073,Walk to Riverside Market: 4 bed 4 bath w/ Car Park,Christchurch City,Central Ward,Entire home/apt,450.0,213
30676082,Wanaka Private Escape,Queenstown-Lakes District,Wanaka Ward,Entire home/apt,251.0,213
6214967,A convenient walk to ART DECO CBD,Napier City,Ahuriri Ward,Private room,137.0,213
22109251,Fantail (Piwakawaka) Studio near Lake Karapiro,Waipa District,Maungatautari Ward,Entire home/apt,137.0,213
892951476802644857,Pioneer Cabin,Marlborough District,Marlborough Sounds Ward,Entire home/apt,,213
784031897920254375,Lakeside Loft,Rotorua District,Area Outside Ward,Entire home/apt,366.0,213
9217271,Charming 100+ year old cottage right in  village,Tasman District,Moutere-Waimea Ward,Entire home/apt,286.0,213
889960602050212249,Charming Downtown Hideaway 1 bed 1 bath,Christchurch City,Central Ward,Entire home/apt,176.0,213
5903550,Country Bliss : Peaceful 1890s Cottage In Greytown,South Wairarapa District,Greytown Ward,Entire home/apt,274.0,213
19911409,No: 10 in Mt Vic,Wellington City,Pukehīnau/Lambton Ward,Private room,137.0,213
649641408017117481,Penthouse Apartment Scenic Views-Spacious 2br,Christchurch City,Central Ward,Entire home/apt,316.0,212
36501607,Classic Villa Retreat - Steps To Ponsonby Rd,Auckland,Waitematā and Gulf Ward,Entire home/apt,384.0,212
31364106,Private Room with breakfast,Rotorua District,Area Outside Ward,Private room,94.0,212
23342773,A Room on the Peninsula,Queenstown-Lakes District,Wanaka Ward,Private room,289.0,212
52620186,Kauri Lodge -Luxury waterfront,Kaipara District,West Coast-Central Ward,Entire home/apt,324.0,212
18722018,Self Contained Guest House.,Christchurch City,Papanui Ward,Entire home/apt,120.0,212
7972293,The Buzzy Garden B&B,Carterton District,Area Outside Ward,Entire home/apt,135.0,212
41289250,Helen's Villa,Gisborne District,Tawhiti-Uawa Ward,Private room,172.0,212
1001964,Ara Station- Bed & Breakfast,Auckland,Waitākere Ward,Entire home/apt,206.0,212
13397181,ELEVEN ALPINE *great views and location*,Queenstown-Lakes District,Queenstown-Wakatipu Ward,Entire home/apt,454.0,212
51417677,Modern little Apt in Heart of the AKL CBD !,Auckland,Waitematā and Gulf Ward,Entire home/apt,155.0,212
43962543,Pet friendly Studio unit walking distance to beach,Kapiti Coast District,Paekākāriki-Raumati Ward,Entire home/apt,115.0,212
54209811,Private getaway close to Lake,Taupo District,Taupō Ward,Entire home/apt,257.0,212
2757939,Reduced Rates!  The Wheelhouse,Queenstown-Lakes District,Queenstown-Wakatipu Ward,Entire home/apt,1065.0,212
582949312690097000,Riverside Bedford Bus with stunning valley views.,Tasman District,Lakes-Murchison Ward,Entire home/apt,220.0,212
13813902,Quiet unit close to Manfeild in Friendly Feilding!,Manawatu District,Feilding Ward,Entire home/apt,115.0,212
18299973,Warm Cosy Modern Country Woolshed Hurunui,Hurunui District,West Ward,Entire home/apt,144.0,212
12436809,"COME UP, ESCAPE, UNWIND",Queenstown-Lakes District,Queenstown-Wakatipu Ward,Entire home/apt,,212
5106273,"Autumn June $ discounts
Lux accom nr Hampton Dwns",Waikato District,Whangamarino Ward,Entire home/apt,177.0,212
709504248249306126,Remarkable mountains view,Queenstown-Lakes District,Queenstown-Wakatipu Ward,Private room,189.0,211
974071067573815062,Roomy waterfront city apartment,Tauranga City,Te Papa-Welcome Bay Ward,Entire home/apt,149.0,211
20017294,Private Self-Contained Unit Dog Friendly,Hamilton City,East Ward,Entire home/apt,126.0,211
19103160,"""The End of the Road""",Taupo District,Turangi-Tongariro Ward,Entire home/apt,137.0,211
11775801,Secluded Treehouse Hideaway,Far North District,Bay of Islands-Whangaroa Ward,Entire home/apt,,211
22252261,Christchurch 4bdrm close to Hagley Park -Riccarton,Christchurch City,Riccarton Ward,Entire home/apt,219.0,211
10751695,Warm and Friendly On Swindon,Hurunui District,South Ward,Private room,101.0,211
41625428,Ruruwai - Perfectly positioned in Piha,Auckland,Waitākere Ward,Entire home/apt,232.0,211
35666905,Beale Bed and Breakfast Studio,Palmerston North City,Area Outside Ward,Hotel room,113.0,211
27750719,Studio close to Pakuranga Plaza/Motorway in East,Auckland,Howick Ward,Entire home/apt,144.0,211
41239682,Simple and Easy in Greerton Village,Tauranga City,Te Papa-Welcome Bay Ward,Entire home/apt,169.0,211
46682519,Home Sweet Home,Timaru District,Timaru Ward,Entire home/apt,237.0,211
43481531,Masterpiece in Motuoapa,Taupo District,Turangi-Tongariro Ward,Entire home/apt,494.0,211
598901957988380425,The Princes Apartment,Dunedin City,Area Outside Ward,Entire home/apt,434.0,211
665376658321129986,Contemporary Living in the Central City,Christchurch City,Central Ward,Entire home/apt,172.0,211
38913255,Miro,Southland District,Waiau Aparima Ward,Entire home/apt,208.0,211
1008203587172656636,CBD Gem Walk to everything 3 bedroom 2 bath,Christchurch City,Central Ward,Entire home/apt,284.0,211
807495345582353445,B's B & B,Western Bay of Plenty District,Katikati-Waihi Beach Ward,Entire home/apt,137.0,211
40973221,Your Happy Pod,Queenstown-Lakes District,Queenstown-Wakatipu Ward,Entire home/apt,,211
35126729,Savannah Luxury room with stunning mountain views,Queenstown-Lakes District,Queenstown-Wakatipu Ward,Private room,197.0,211
31546749,"Entirely yours, close to CDB, Hospital.",Hamilton City,West Ward,Entire home/apt,253.0,211
47356235,City View In Central Chch with Free Valet Parking,Christchurch City,Central Ward,Entire home/apt,495.0,211
21819795,Mountain Getaway Studio Space,Queenstown-Lakes District,Queenstown-Wakatipu Ward,Entire home/apt,336.0,211
47225102,Stylish one bedroom entire apartment Speedy WiFi,Christchurch City,Central Ward,Entire home/apt,178.0,211
52117072,"""Forli"" Country Cottage - Whitford, Auckland",Auckland,Franklin Ward,Entire home/apt,167.0,211
22294266,"Quiet, sunny Grey Lynn Apartment with  parking",Auckland,Waitematā and Gulf Ward,Entire home/apt,229.0,211
654801371813579047,Stunning Panoramic Waterfront - Princes Wharf,Auckland,Waitematā and Gulf Ward,Entire home/apt,317.0,211
897348312335359677,Miss Eastons Whare,Buller District,Westport Ward,Entire home/apt,257.0,211
24412128,Havana Farms- Guesthouse  *Hamilton central 15 min,Waikato District,Newcastle Ward,Entire home/apt,155.0,211
53341758,Central 2-bedroom serenity in Masterton,Masterton District,Area Outside Ward,Entire home/apt,206.0,211
16603076,Leven St Cottage,Central Otago District,Maniototo Ward,Entire home/apt,239.0,211
22389978,"The Brew House, Kerikeri. So close to town!",Far North District,Bay of Islands-Whangaroa Ward,Entire home/apt,217.0,210
5991538,Vista dal porto A Great View of the Port of Picton,Marlborough District,Marlborough Sounds Ward,Entire home/apt,280.0,210
20001364,G & G's Place,Tauranga City,Otumoetai-Pyes Pa Ward,Entire home/apt,152.0,210
39705033,Harewood Grange - country escape,Waikato District,Raglan Ward,Entire home/apt,289.0,210
11379844,Private Comfort,Queenstown-Lakes District,Wanaka Ward,Entire home/apt,406.0,210
893209869531421891,"Cozy, arcade, games - School holiday retreat",Rotorua District,Area Outside Ward,Entire home/apt,398.0,210
18843373,Harakeke Cottage,Horowhenua District,Miranui Ward,Entire home/apt,196.0,210
44308218,Botany Downs Cosy Garden Unit Self Check-in,Auckland,Howick Ward,Entire home/apt,142.0,210
1009567081287575103,Alpine Abode,Mackenzie District,Pukaki Ward,Entire home/apt,388.0,210
54213924,"Campbell Unit
Modern private central Accommodation",Waipa District,Cambridge Ward,Entire home/apt,142.0,210
45184293,Quiet Peaceful Retreat,Rotorua District,Area Outside Ward,Entire home/apt,,210
910324959141282685,Marlo's Bach! Modern & Spacious - King Beds,Mackenzie District,Pukaki Ward,Entire home/apt,449.0,210
40897574,The Courtyard - in a beautiful rural location,Nelson City,Area Outside Ward,Entire home/apt,115.0,210
21255952,Tastefully renovated Edwardian villa.,Tasman District,Motueka Ward,Private room,194.0,210
16166701,Quiet King Suite • Self-Contained • Private Entry,Auckland,Whau Ward,Entire home/apt,237.0,210
34178245,Standard One Bedroom Unit @ The Claremont Motel,South Wairarapa District,Martinborough Ward,Entire home/apt,165.0,210
38245344,Omanu Retreat 2 Bedrooms,Tauranga City,Mount Maunganui-Papamoa Ward,Entire home/apt,264.0,210
45831594,House of Hope | Executive Home with Spa Pool,Rotorua District,Area Outside Ward,Entire home/apt,288.0,210
23272653,Takapō Escape | Lake Tekapo,Mackenzie District,Pukaki Ward,Entire home/apt,551.0,210
49058061,Retreat on Whitehills  Romantic  Cottage,Auckland,Rodney Ward,Entire home/apt,404.0,210
1217695187293023936,Skyline Studio by airport w/home theater &Netflix,Christchurch City,Waimairi Ward,Entire home/apt,114.0,210
33494064,Come & Stay at Blackbird House!,South Wairarapa District,Martinborough Ward,Entire home/apt,371.0,210
15411413,Sunny beautiful artistic guesthouse in paradise,Thames-Coromandel District,Coromandel-Colville Ward,Entire home/apt,131.0,210
21358336,"Large, Private, Convenient Self-Contained Studio",Hamilton City,East Ward,Entire home/apt,114.0,210
39323886,Quality Stay in Cockle Bay - Private guest room,Auckland,Howick Ward,Private room,143.0,210
29781677,Stoke's Cosy Cottage,Nelson City,Area Outside Ward,Entire home/apt,163.0,210
50087300,Ohakune 2Bd/Rm Hideaway - Hike Tongariro Crossing,Ruapehu District,Waimarino-Waiouru Ward,Entire home/apt,177.0,210
40350252,Weld Street Studio/Apartment,South Wairarapa District,Martinborough Ward,Entire home/apt,160.0,210
50089814,Beautiful Clean Studio in Ellerslie,Auckland,Maungakiekie-Tāmaki Ward,Entire home/apt,142.0,210
18846558,Arthur's Pass Cottage,Selwyn District,Malvern Ward,Entire home/apt,224.0,210
31062364,Cloud 9 on Tuscan,South Wairarapa District,Martinborough Ward,Entire home/apt,269.0,210
15747720,*SERIOUSLY * CENTRAL* Queenstown!,Queenstown-Lakes District,Queenstown-Wakatipu Ward,Entire home/apt,513.0,210
598556875810598106,The Games Room -Studio,Waikato District,Eureka Ward,Entire home/apt,113.0,210
18165363,Sandy Bay Sublime,Whangarei District,Hikurangi-Coastal Ward,Entire home/apt,174.0,210
23928378,Harbour View Cottage Bay of Islands,Far North District,Bay of Islands-Whangaroa Ward,Entire home/apt,212.0,210
1081876955162181282,Double room with its own ensuite,Kaipara District,Mangawhai-Kaiwaka Ward,Private room,87.0,210
10046471,The Garden Room at Summer House,Auckland,Waitematā and Gulf Ward,Entire home/apt,152.0,210
1050284488311551204,Kowhai Cottage | Peaceful Stargazing Retreat,Mackenzie District,Pukaki Ward,Entire home/apt,450.0,210
39816368,Seafarers Cottage & Car Available,Southland District,Stewart Island/Rakiura Ward,Entire home/apt,303.0,210
9188840,Cosy bush apartment in a quiet cul-de-sac,Auckland,Waitākere Ward,Entire home/apt,119.0,210
22338584,Oceanfront Penthouse Apartment  Bay of Islands NZ,Far North District,Bay of Islands-Whangaroa Ward,Entire home/apt,383.0,210
721863006321965124,Superb Mt Location,Tauranga City,Mount Maunganui-Papamoa Ward,Entire home/apt,423.0,209
29519365,"Ulster Street Studio, Mt Maunganui",Tauranga City,Mount Maunganui-Papamoa Ward,Entire home/apt,194.0,209
41618102,Idyllic and Peaceful Batch. Steps from Lake Taupo,Taupo District,Turangi-Tongariro Ward,Entire home/apt,244.0,209
47551298,3 bedroom 1910 Villa,Gisborne District,Gisborne Ward,Entire home/apt,190.0,209
4371787,Kia Ora Apartment Rotorua,Rotorua District,Area Outside Ward,Entire home/apt,214.0,209
17623190,Bungalow by the Sea,Dunedin City,Area Outside Ward,Entire home/apt,174.0,209
1429281,Self contained & fully equipped,Christchurch City,Halswell Ward,Private room,69.0,209
18679728,Raumati studio unit,Kapiti Coast District,Paekākāriki-Raumati Ward,Entire home/apt,143.0,209
943200712369706867,Urban historic bungalow,Marlborough District,Blenheim Ward,Private room,263.0,209
727653913531740425,"Waitui Rest, peaceful rural farm cabin",Waitomo District,Waitomo Rural Ward,Entire home/apt,,209
23814207,Susies Rural Getaway,Auckland,Rodney Ward,Entire home/apt,149.0,209
11745197,Hidden Gem at Quail Rise,Queenstown-Lakes District,Queenstown-Wakatipu Ward,Entire home/apt,326.0,209
1051748693183147330,Villa Del Lago Lakeview 1 Bedroom Suite,Queenstown-Lakes District,Queenstown-Wakatipu Ward,Entire home/apt,521.0,209
33856386,Marama Cottage @ Two Moons Farm,Selwyn District,Selwyn Central Ward,Entire home/apt,228.0,209
53119143,Easy Stay - Tasty holiday hideaway,Taupo District,Taupō Ward,Entire home/apt,143.0,209
1041027343584328149,Cornwall Park 2BR · Free Parking · Private Stay,Auckland,Maungakiekie-Tāmaki Ward,Entire home/apt,193.0,209
16587604,Relax and unwind,Queenstown-Lakes District,Wanaka Ward,Entire home/apt,468.0,209
1010302265635242969,Bach in the Bay *WIFI available*,Kaikoura District,Area Outside Ward,Entire home/apt,240.0,209
1084261917220187654,Makarora Valley Cottage,Queenstown-Lakes District,Wanaka Ward,Entire home/apt,127.0,209
40354647,The Beach Hut/Waterfront Studio at Harbour Lights,Whangarei District,Bream Bay Ward,Entire home/apt,160.0,209
20775583,Queenstown Cottage with fantastic views,Queenstown-Lakes District,Queenstown-Wakatipu Ward,Entire home/apt,542.0,209
49777874,Walking Distance CBD 2 Bdrms Secure Park,Christchurch City,Central Ward,Entire home/apt,242.0,209
29262347,Kapea B&B,Whangarei District,Whangarei Heads Ward,Private room,139.0,209
797983209698934544,Mount Welcome Shearers Cottage,Porirua City,Northern Ward/Pukerua ki te Raki,Entire home/apt,127.0,209
901184787563326499,Super central modern apartment,Queenstown-Lakes District,Queenstown-Wakatipu Ward,Entire home/apt,644.0,209
726213109324478581,BedEnd - Quaint One Bedroom Studio with Ensuite.,Hastings District,Hastings-Havelock North Ward,Entire home/apt,125.0,209
24716797,Luxury Twizel Apartment - B,Mackenzie District,Pukaki Ward,Entire home/apt,373.0,209
885647657014411449,Sunshine Acres - Lake Ohakuri,Rotorua District,Area Outside Ward,Entire home/apt,314.0,209
30068194,"The Studio Swanson - city views, perfect for two",Auckland,Waitākere Ward,Entire home/apt,168.0,209
53206741,Sunny 2BR City Pad Free Parking + Walk to CBD,Christchurch City,Central Ward,Entire home/apt,237.0,209
1162090012870126961,Brand New Central Park House,Auckland,Maungakiekie-Tāmaki Ward,Entire home/apt,255.0,209
774099945157508851,Otonga Cottage,Rotorua District,Area Outside Ward,Entire home/apt,169.0,209
21637498,Sixteen Jandals - your home away from home,Far North District,Bay of Islands-Whangaroa Ward,Entire home/apt,343.0,208
28764644,Affordable CBD Studio For 4!  - Free Parking,Christchurch City,Fendalton Ward,Entire home/apt,148.0,208
1124980988858121087,Art Deco number 4,Marlborough District,Marlborough Sounds Ward,Entire home/apt,206.0,208
48335585,Toka Ridge Lake View Lux Villa 1bd w/ Cedar Spa,Rotorua District,Area Outside Ward,Entire home/apt,518.0,208
27368376,The Silver House -Ligarbay,Tasman District,Golden Bay Ward,Entire home/apt,154.0,208
17081203,Mountain Chalet with Spa Access,Westland District,Southern Ward,Entire home/apt,204.0,208
37301750,Enclosure Bay Studio with Breakfast,Auckland,Waitematā and Gulf Ward,Entire home/apt,297.0,208
751579355490586247,"Brand new, luxury stand alone unit by the beach!",Auckland,Albany Ward,Entire home/apt,202.0,208
18414430,'Villa Casa Maria' Luxury Tuscan Villa,Western Bay of Plenty District,Katikati-Waihi Beach Ward,Entire home/apt,354.0,208
30300440,Private Room and bathroom in Auckland,Auckland,Albany Ward,Private room,87.0,208
29457660,HotVue for 2 At Hot Water Beach,Thames-Coromandel District,Mercury Bay Ward,Entire home/apt,349.0,208
32578583,Crow’s Nest Lakeview,Mackenzie District,Pukaki Ward,Entire home/apt,409.0,208
817727788783481191,Guest Suite in Brooklyn,Wellington City,Paekawakawa/Southern Ward,Entire home/apt,143.0,208
955152485785139005,B and B Basic,Auckland,Franklin Ward,Entire home/apt,79.0,208
44181791,Camborne Haven,Porirua City,Northern Ward/Pukerua ki te Raki,Entire home/apt,120.0,208
1256041898909663189,Highlander Haven,Westland District,Southern Ward,Entire home/apt,217.0,208
30272627,The reviews say it all! A blissful bach.,Taupo District,Mangakino-Pouakani Ward,Entire home/apt,303.0,208
781487884296894452,Apartment on Queen,Auckland,Waitematā and Gulf Ward,Entire home/apt,126.0,208
50814886,Cosy 1960's Kiwi Holiday House,Waitaki District,Ahuriri Ward,Entire home/apt,195.0,208
35903676,Charming Garden Retreat,Tauranga City,Otumoetai-Pyes Pa Ward,Entire home/apt,165.0,208
852009034414143962,"Comfy quite room, close to airport",Auckland,Manurewa-Papakura Ward,Private room,59.0,208
23828425,Karapiro Lake Views,Waipa District,Cambridge Ward,Entire home/apt,534.0,208
44422142,no clean fee from 158 for 2/3  bedrooms unit,Wellington City,Takapū/Northern Ward,Entire home/apt,249.0,208
30377909,"Northbase Apartment, 1 bedroom plus Murphy bed",Far North District,Bay of Islands-Whangaroa Ward,Entire home/apt,217.0,208
40489102,Private Living Like Your Own Home,Tauranga City,Te Papa-Welcome Bay Ward,Entire home/apt,123.0,208
29373069,"Luxury Suite in Papamoa
Private and self-contained",Tauranga City,Mount Maunganui-Papamoa Ward,Entire home/apt,149.0,208
35973428,Retro Eco-Farmstay escape just minutes from cities,Porirua City,Northern Ward/Pukerua ki te Raki,Entire home/apt,347.0,208
37952998,Garden Haven Whitianga unit 1/2,Thames-Coromandel District,Mercury Bay Ward,Entire home/apt,183.0,208
39249158,Sunset Beach House - gorgeous beachfront getaway!,Kapiti Coast District,Ōtaki Ward ,Entire home/apt,306.0,208
27369415,'House of Retro’ Spacious Townhouse,Wellington City,Paekawakawa/Southern Ward,Entire home/apt,244.0,208
23733674,Halswell lovely modern 4 Bedroom Home,Christchurch City,Halswell Ward,Entire home/apt,380.0,208
20096486,Hot Water Beach Cottage,Thames-Coromandel District,Mercury Bay Ward,Entire home/apt,193.0,208
48304306,Brilliant Central Location,Queenstown-Lakes District,Queenstown-Wakatipu Ward,Entire home/apt,1146.0,208
16099601,Central - Comfortable - Spacious - (By SkyTower),Auckland,Waitematā and Gulf Ward,Private room,137.0,208
20033862,"Beauchamp  Street  Karori,  Wellington",Wellington City,Wharangi/Onslow-Western Ward,Entire home/apt,140.0,208
10294835,Te Maunga Cottage Set on 30 acre Organic Farm,New Plymouth District,North Ward,Entire home/apt,190.0,207
43349372,Lake View Inn | Super Comfortable with Lake Views,Rotorua District,Area Outside Ward,Entire home/apt,390.0,207
663208613945038213,"Garden Hill Cottage, Maungatapere",Whangarei District,Mangakahia-Maungatapere Ward,Entire home/apt,132.0,207
29888848,Awatea,Southland District,Stewart Island/Rakiura Ward,Entire home/apt,290.0,207
33693698,Knights View Retreat - Tutukaka Coast,Whangarei District,Hikurangi-Coastal Ward,Entire home/apt,199.0,207
42566282,Romantic secluded shepherds hut lake views hot tub,Rotorua District,Area Outside Ward,Entire home/apt,400.0,207
22150999,Riverside Base,Taupo District,Taupō Ward,Entire home/apt,218.0,207
14804113,Lakeview Lodge Two with Stunning Views,Queenstown-Lakes District,Queenstown-Wakatipu Ward,Entire home/apt,1816.0,207
23359477,"Seaviews over Tauranga, sleeps 4, No cleaning fee",Western Bay of Plenty District,Kaimai Ward,Entire home/apt,206.0,207
693556274160746434,Ohakune Tiny Home,Ruapehu District,Waimarino-Waiouru Ward,Entire home/apt,285.0,207
23808693,Apartment 33 - Very Central & Lake Views!,Queenstown-Lakes District,Wanaka Ward,Entire home/apt,352.0,207
40845173,The Sleepout,Thames-Coromandel District,Mercury Bay Ward,Entire home/apt,132.0,207
50468857,Stunning Studio at Pinnacles on Victoria,Wellington City,Pukehīnau/Lambton Ward,Entire home/apt,163.0,207
31366586,Hill View,Mackenzie District,Opuha Ward,Entire home/apt,300.0,207
26235927,Lake views paradise and tranquility,Rotorua District,Area Outside Ward,Private room,216.0,207
16354351,"Quirky Barn Experience, Fully Insulated and warm",Queenstown-Lakes District,Queenstown-Wakatipu Ward,Entire home/apt,360.0,207
744386224414640349,Upstairs Mastr RM w/ Movie Theatre Nook & Balcony,Timaru District,Timaru Ward,Private room,77.0,207
43605286,"A Quiet, peaceful hideaway by the Waikato river",Taupo District,Taupō Ward,Entire home/apt,180.0,207
783423672964979072,Bluebird Apartment 3 Bedroom,Mackenzie District,Pukaki Ward,Entire home/apt,476.0,207
15486317,Super Lake Edge Villa,Rotorua District,Area Outside Ward,Private room,657.0,207
20353549,Cosy Scenic Lakeside Apartment,Queenstown-Lakes District,Queenstown-Wakatipu Ward,Entire home/apt,388.0,207
851606663066609667,City Villa based Studio,Napier City,Nelson Park Ward,Entire home/apt,177.0,207
16231758,Peaceful beach house in Waikanae Beach,Kapiti Coast District,Waikanae Ward,Entire home/apt,314.0,207
41350796,Little Bali @ Mangawhai Heads,Kaipara District,Mangawhai-Kaiwaka Ward,Entire home/apt,229.0,207
10285983,My Remarkable view,Queenstown-Lakes District,Queenstown-Wakatipu Ward,Entire home/apt,538.0,207
742404762059396246,Sunset Cabin,Westland District,Hokitika Ward,Entire home/apt,,207
46802872,Bright Eden Park two bed townhouse private parking,Auckland,Albert-Eden-Puketāpapa Ward,Entire home/apt,216.0,207
50269582,Home on Sth Arm Drive Te Anau. Wheelchair Friendly,Southland District,Mararoa Waimea Ward,Entire home/apt,679.0,207
40875231,"Wanderlust, 10 mins to beach and No Cleaning fees.",Kapiti Coast District,Paraparaumu Ward,Entire home/apt,121.0,207
43582798,2 bedroom stadium apartment with car park,Christchurch City,Central Ward,Entire home/apt,206.0,207
714162984210628455,Orchard cottage.,Hastings District,Heretaunga Ward,Entire home/apt,183.0,207
16676426,Retro Poolside Oasis,Auckland,North Shore Ward,Entire home/apt,197.0,207
49229485,Waiau Crib - A Cottage by the River,Southland District,Mararoa Waimea Ward,Entire home/apt,223.0,207
13479177,"Clean, Private and Peaceful Tangaroa Lodge",Far North District,Bay of Islands-Whangaroa Ward,Entire home/apt,160.0,207
48450382,Lovely Basic Cabin with communal facilities,Queenstown-Lakes District,Wanaka Ward,Private room,119.0,207
40452994,Tranquility Base - Large Self-Contained Guest Wing,Hamilton City,East Ward,Entire home/apt,144.0,207
43779426,Mountain Lake Lodge,Stratford District,Stratford Rural Ward,Entire home/apt,234.0,206
16381150,A place to stay in the central mount area,Tauranga City,Mount Maunganui-Papamoa Ward,Entire home/apt,206.0,206
46569037,Sunny family retreat with secure courtyard,Hurunui District,West Ward,Entire home/apt,446.0,206
995298827127221072,Soak up the Sunset Beach House,Whanganui District,Area Outside Ward,Entire home/apt,240.0,206
16664785,Luxurious Lakefront 2 Bedroom Apartment.,Queenstown-Lakes District,Queenstown-Wakatipu Ward,Entire home/apt,554.0,206
24266081,Adorable 1-bedroom place in Napier,Napier City,Ahuriri Ward,Entire home/apt,92.0,206
1010663748636372391,Downtown Bliss - 4-BR Retreat Amidst the Cityscape,Christchurch City,Central Ward,Entire home/apt,315.0,206
22130249,Self Contained Studio 10 min from City,Christchurch City,Linwood Ward,Entire home/apt,136.0,206
38852955,Modern Paradise In Wharewaka Family Friendly,Taupo District,Taupō Ward,Entire home/apt,411.0,206
958313026752690956,3BR/4BA Townhouse • Sleeps 7 • Parking • Games,Christchurch City,Central Ward,Entire home/apt,270.0,206
41817082,Riverfront Apartment 14 *No Service Fee*,Taupo District,Taupō Ward,Entire home/apt,502.0,206
45057205,Tranquil on Totara - Free Unlimited Wifi,Mackenzie District,Pukaki Ward,Entire home/apt,,206
1100518535899259167,Stylish 2BR in Merivale | Quiet Street near CBD,Christchurch City,Fendalton Ward,Entire home/apt,217.0,206
10497061,Rural Bach in the Capital,Wellington City,Takapū/Northern Ward,Entire home/apt,109.0,206
11283239,River Cottage - set in Native Garden,Hastings District,Heretaunga Ward,Entire home/apt,183.0,206
31294955,"Warm & cosy room for two, handy to central Napier",Napier City,Nelson Park Ward,Private room,102.0,206
8974798,Island Breeze - apartment 2 (of 2)nin Sandy Bay,Auckland,Waitematā and Gulf Ward,Entire home/apt,214.0,206
763380455647941920,Moana Haven,Southland District,Mararoa Waimea Ward,Entire home/apt,252.0,206
681327249544331373,"Spacious Home Close to City, With Free Parking",Christchurch City,Heathcote Ward,Entire home/apt,315.0,206
41717355,TEN 12 Your Home away from home!,Hastings District,Hastings-Havelock North Ward,Entire home/apt,335.0,206
31964070,Premier bnb!!  Trees and garden setting.  Pool.,Auckland,Albert-Eden-Puketāpapa Ward,Entire home/apt,147.0,206
31106896,"Hikers bikers, walkers - a great starting point",Southland District,Mararoa Waimea Ward,Private room,,206
14915074,Seascapes - Closest house to Pancake Rocks,Buller District,Westport Ward,Entire home/apt,476.0,206
22108467,Calaisbach,Auckland,Waitematā and Gulf Ward,Entire home/apt,244.0,206
1186205375741916298,Chic and Contemporary Living at Cambridge Terrace,Christchurch City,Central Ward,Entire home/apt,276.0,206
981416689896284082,Downstairs Room & Private Bathroom~7km frm Airport,Auckland,Manukau Ward,Private room,93.0,206
2723640,Tranquillity with city views at The Bothy,Christchurch City,Cashmere Ward,Entire home/apt,233.0,206
18365325,QT Apartment,Queenstown-Lakes District,Queenstown-Wakatipu Ward,Entire home/apt,,206
31623401,Belmont - Sunny Cottage with a View,Tasman District,Lakes-Murchison Ward,Entire home/apt,212.0,206
670553637756223244,The Arrowtown~Millbrook gateway,Queenstown-Lakes District,Arrowtown Ward,Entire home/apt,195.0,206
2324432,Longview Cottage - peace and quiet.,Ōpōtiki District,Waioeka-Waiotahi Ward,Entire home/apt,126.0,206
39298904,Pamela’s Studio Apartment,Gore District,Gore Ward,Entire home/apt,150.0,206
49890762,Railway Lane Guest House,Gisborne District,Gisborne Ward,Entire home/apt,207.0,206
46514822,Sun filled Kiwi Bach,Kaipara District,Mangawhai-Kaiwaka Ward,Entire home/apt,330.0,206
37637178,"Stunning Beach Views -  Pool, sauna & hot tub",Tauranga City,Mount Maunganui-Papamoa Ward,Entire home/apt,434.0,206
36049975,Self-contained rural hideaway,Lower Hutt City,Western Ward,Entire home/apt,87.0,206
893112309860078678,A Modern & Homely 2-bedroom Unit,New Plymouth District,New Plymouth City Ward,Entire home/apt,151.0,206
674341800872382278,Soak watching the sun set at Coastal Acres Escape.,Auckland,Franklin Ward,Entire home/apt,303.0,205
34755621,Silver Room Self Contained,Southland District,Waihopai Toetoe Ward,Private room,119.0,205
1023352494842001080,Studio in the heart of Ohakune,Ruapehu District,Waimarino-Waiouru Ward,Entire home/apt,110.0,205
17252648,The Sweet Spot,Rotorua District,Area Outside Ward,Entire home/apt,296.0,205
1234682466354845589,Mountain view/peaceful/warm/family friendly unitA,Mackenzie District,Pukaki Ward,Entire home/apt,595.0,205
564911298636808790,Lake Front 3-bedroom Apartment with Lake Access,Queenstown-Lakes District,Queenstown-Wakatipu Ward,Entire home/apt,673.0,205
950101202044267016,Central City Hideout with/Free Car parking,Christchurch City,Central Ward,Entire home/apt,191.0,205
8487492,Please do not book - no longer listed,Auckland,Waitākere Ward,Entire home/apt,1712.0,205
38222025,Waitawheta Cottage,Hauraki District,Waihi Ward,Entire home/apt,200.0,205
24742386,Garden Studio With Ensuite (Breakfast included),Christchurch City,Papanui Ward,Entire home/apt,172.0,205
46696574,"Cosy, Clean, Comfortable and Contemporary!",New Plymouth District,New Plymouth City Ward,Entire home/apt,159.0,205
1034511966578469316,Cosy guest sleep out with sauna on dairy farm,Whanganui District,Area Outside Ward,Entire home/apt,132.0,205
22773624,Ocean View B&B,Thames-Coromandel District,Mercury Bay Ward,Entire home/apt,183.0,205
24757755,*Central City Stylish Loft* Free Unlimited Wifi,Auckland,Waitematā and Gulf Ward,Entire home/apt,154.0,205
17754506,Sea and Mountain veiw.,New Plymouth District,New Plymouth City Ward,Entire home/apt,69.0,205
1098169,Wow mountain views above the wineries of Gibbston.,Queenstown-Lakes District,Queenstown-Wakatipu Ward,Entire home/apt,406.0,205
517743953716959337,Cosy & Cheerful Townhouse With Sunny Deck & Patio,Masterton District,Area Outside Ward,Entire home/apt,131.0,205
1081582413741662273,Holiday Home Close to Beach Private Parking,Dunedin City,Area Outside Ward,Entire home/apt,192.0,205
48825463,Sun kissed beach haven,Horowhenua District,Waiopehu Ward,Entire home/apt,270.0,205
627228951339721830,"Spacious 3BR Home+Study Near Sylvia Park, Sleeps 7",Auckland,Maungakiekie-Tāmaki Ward,Entire home/apt,310.0,205
11610943,"Sea Views, Stunning Sunsets, Comfy Apartment",Nelson City,Area Outside Ward,Entire home/apt,221.0,205
15044882,Manuka view Lodge>,Far North District,Bay of Islands-Whangaroa Ward,Private room,97.0,205
663865174329279524,Worcester Terraces - One Central Christchurch,Christchurch City,Central Ward,Entire home/apt,294.0,205
24528129,Prime Downtown Location with Carpark,Auckland,Waitematā and Gulf Ward,Entire home/apt,231.0,205
48287235,Rural views & modern amenities: Morepork Range,South Waikato District,Putāruru Ward,Entire home/apt,274.0,205
5020683,Brunnerton Lodge - Wallsend room,Grey District,Eastern Ward,Private room,74.0,205
899734089583793276,5 Bedrooms Lake View Cosy Place,Rotorua District,Area Outside Ward,Entire home/apt,332.0,205
20949600,Keiko's Cottages-Sakura Cottage,Southland District,Mararoa Waimea Ward,Entire home/apt,137.0,205
680770457490437879,"Hot tub, Pool, Redwoods, Biking, Golf course",Rotorua District,Area Outside Ward,Entire home/apt,255.0,205
25060391,Pirongia Mountain Getaway,Waipa District,Pirongia Ward,Entire home/apt,139.0,205
26617290,Aberfields Guest House- Farm Stay City Verge,Selwyn District,Springs Ward,Entire home/apt,244.0,205
22853668,Beachside Cabin Rings Beach Whitianga,Thames-Coromandel District,Mercury Bay Ward,Entire home/apt,,204
953125370605940385,Millers Lane Studio,Far North District,Bay of Islands-Whangaroa Ward,Entire home/apt,200.0,204
25063297,Welcome to our Heavenly Haven,Wellington City,Wharangi/Onslow-Western Ward,Entire home/apt,155.0,204
1260118433689948885,Enjoy Fitzroy - Hospital Haven,Hamilton City,West Ward,Entire home/apt,120.0,204
44003550,Stay on a cottage in a vineyard on Waiheke Island,Auckland,Waitematā and Gulf Ward,Entire home/apt,301.0,204
710318515139246702,Spacious room in Family Home,Christchurch City,Waimairi Ward,Private room,73.0,204
37265261,Chic Two-Bedroom Townhouse in Grafton,Auckland,Ōrākei Ward,Entire home/apt,339.0,204
12412488,Gorgeous beach house on Oneroa Bay,Auckland,Waitematā and Gulf Ward,Entire home/apt,371.0,204
23174261,Lakefront Rotorua in Town,Rotorua District,Area Outside Ward,Entire home/apt,519.0,204
40258856,Private pet friendly cottage with spa NorthWest,Auckland,Albany Ward,Private room,120.0,204
44523679,Lovely big room close to Hospital and town,Palmerston North City,Area Outside Ward,Private room,77.0,204
17242377,"Space, amazing sea views, 3 beds & great ambiance",Lower Hutt City,Harbour Ward,Entire home/apt,397.0,204
10317002,'Leighton's at Whangamata',Thames-Coromandel District,South Eastern Ward,Entire home/apt,,204
34178359,Two Bedroom Apartment @ The Claremont Motel,South Wairarapa District,Martinborough Ward,Entire home/apt,286.0,204
30531523,"Sea and rural surroundings, convenient position.",Kaipara District,Mangawhai-Kaiwaka Ward,Entire home/apt,166.0,204
1068229773868687435,"Pearse River Hobbit House   bike trail, hike, fish",Tasman District,Moutere-Waimea Ward,Entire home/apt,103.0,204
1098073076047469113,Number 38 near Waitomo Caves,Ōtorohanga District,Kawhia-Tihiroa Ward,Entire home/apt,156.0,204
710520157005658354,The Oasis,Westland District,Hokitika Ward,Private room,177.0,204
20507626,Self Contained Studio Close to Beach,Tauranga City,Mount Maunganui-Papamoa Ward,Entire home/apt,200.0,204
43055747,Minutes away from Auckland Airport & shopping Mall,Auckland,Manukau Ward,Private room,86.0,204
35725189,Lakefront Living - 4 Bedrm Apartmt Alpine Village,Queenstown-Lakes District,Queenstown-Wakatipu Ward,Entire home/apt,1378.0,204
42454481,Tahuna Lakefront Luxury,Queenstown-Lakes District,Queenstown-Wakatipu Ward,Entire home/apt,989.0,204
50229142,Tucked away in Trentham,Upper Hutt City,Area Outside Ward,Entire home/apt,121.0,204
590988593098034541,Peachy On Pembroke - Mountain Views - Mini Putt,Stratford District,Stratford Urban Ward,Entire home/apt,271.0,204
23472247,Holiday getaway,Thames-Coromandel District,South Eastern Ward,Entire home/apt,320.0,204
692320510196287682,Tui hideaway - Sleepout Studio in Mount Maunganui,Tauranga City,Mount Maunganui-Papamoa Ward,Entire home/apt,149.0,204
45594852,"Hedges Estate ""La Cottage” private self contained",Waikato District,Awaroa ki Tuakau Ward,Entire home/apt,163.0,204
49200873,Tauranga - The Salt Life Mount Maunganui 4bedrooms,Tauranga City,Mount Maunganui-Papamoa Ward,Entire home/apt,359.0,204
881099,Cabbage Tree Bungalow,Napier City,Nelson Park Ward,Entire home/apt,280.0,204
48329914,Toka Ridge Lake View Lux Villa 2bd2bth w/ CedarSpa,Rotorua District,Area Outside Ward,Entire home/apt,623.0,204
742380176349574499,Mountain Hideaway Cabin,Rotorua District,Area Outside Ward,Entire home/apt,320.0,204
849686201373934402,Stunning new home tranquil hill views,Christchurch City,Halswell Ward,Entire home/apt,366.0,204
552170024764779150,Executive City Pad Free Basement Park CBD 3 Mins,Christchurch City,Central Ward,Entire home/apt,221.0,204
40473538,The Little Sanctuary,Far North District,Bay of Islands-Whangaroa Ward,Entire home/apt,101.0,203
41882855,Birds Eye View,Hastings District,Hastings-Havelock North Ward,Entire home/apt,206.0,203
22210899,Bill's Townhouse,Palmerston North City,Area Outside Ward,Entire home/apt,291.0,203
23142349,Home away from home cosy and private,Whangarei District,Okara Ward,Entire home/apt,115.0,203
43471814,#BlueSeasVillaViews - 4 Kayaks - Wi-Fi - BBQ,Hauraki District,Plains Ward,Entire home/apt,151.0,203
45228928,Sanctuary on Hidden Hills,Queenstown-Lakes District,Wanaka Ward,Entire home/apt,,203
1066097202748049870,Modern Garden view Studio - onsite parking,Rotorua District,Area Outside Ward,Entire home/apt,150.0,203
9032532,Alpine Vista - Breath Taking Views,Queenstown-Lakes District,Queenstown-Wakatipu Ward,Entire home/apt,614.0,203
36319721,The Guest Suite | 650onMatakana,Auckland,Rodney Ward,Entire home/apt,,203
11124409,Wanaka Modern Apartment,Queenstown-Lakes District,Wanaka Ward,Entire home/apt,,203
33530916,Mangawhai views,Kaipara District,Mangawhai-Kaiwaka Ward,Entire home/apt,600.0,203
27512293,Spectacular Views,Queenstown-Lakes District,Queenstown-Wakatipu Ward,Entire home/apt,1139.0,203
777740994793512769,Chic City apartment. Free parking for 2 cars,Christchurch City,Fendalton Ward,Entire home/apt,136.0,203
15662380,"Nikau Cottage, Te Arai, Northland",Auckland,Rodney Ward,Entire home/apt,314.0,203
8635385,Perfect Little Getaway by the sea,Thames-Coromandel District,Mercury Bay Ward,Entire home/apt,223.0,203
39990498,Garden pavilion,New Plymouth District,New Plymouth City Ward,Entire home/apt,221.0,203
18168531,Comfort on the Grove,Palmerston North City,Area Outside Ward,Private room,82.0,203
863532352450390660,Queenstown Centre Modern Home,Queenstown-Lakes District,Queenstown-Wakatipu Ward,Entire home/apt,325.0,203
48445391,"Central, Peaceful and Private",New Plymouth District,New Plymouth City Ward,Entire home/apt,191.0,203
29216090,Cumberland Street 1 deluxe apartment,Dunedin City,Area Outside Ward,Entire home/apt,217.0,203
34841368,Beachfront Bach Wainui Gisborne,Gisborne District,Gisborne Ward,Entire home/apt,192.0,203
10888226,"Home from Home, great price for this superhost",Queenstown-Lakes District,Queenstown-Wakatipu Ward,Entire home/apt,598.0,203
29831518,Southwind Barn,Queenstown-Lakes District,Wanaka Ward,Entire home/apt,,203
28990700,HAMURANA HIDEAWAY,Rotorua District,Area Outside Ward,Entire home/apt,265.0,202
38851731,Cosy Modern,Rotorua District,Area Outside Ward,Entire home/apt,366.0,202
43728658,Central location of Auckland Central,Auckland,Waitematā and Gulf Ward,Entire home/apt,177.0,202
13281738,Stones throw from the beach.,Auckland,Albany Ward,Entire home/apt,129.0,202
880173979573913977,Lincoln road modern townhouse,Christchurch City,Spreydon Ward,Entire home/apt,229.0,202
953886680678175858,Guest Suite in Queenstown,Queenstown-Lakes District,Queenstown-Wakatipu Ward,Private room,159.0,202
21730307,Brookfield House,Tararua District,South Tararua Ward,Private room,,202
18657613,"Bo's Bach:   Warm, sunny,  town centre , mtn view.",Queenstown-Lakes District,Wanaka Ward,Entire home/apt,474.0,202
777955078657618673,Central studio location,Waikato District,Raglan Ward,Entire home/apt,161.0,202
47061114,"Beauty on the beach front
3 beds - 2 bedrooms",Western Bay of Plenty District,Maketu-Te Puke Ward,Entire home/apt,270.0,202
8257755,Lake Okareka Loft,Rotorua District,Area Outside Ward,Entire home/apt,200.0,202
27875088,The Cockle,Tasman District,Golden Bay Ward,Entire home/apt,,202
32477917,Beach Cottage - A Cosy Beach Cottage Charmer,Southland District,Waiau Aparima Ward,Entire home/apt,236.0,202
52600931,"Modern studio with spa, in great location",Wellington City,Paekawakawa/Southern Ward,Entire home/apt,,202
10177434,The Lookout: Waterfalls & Ancient Rainforest Walks,Timaru District,Geraldine Ward,Entire home/apt,377.0,202
32752962,RodmanStar Apartment 1Bedroom,Mackenzie District,Pukaki Ward,Entire home/apt,288.0,202
16832268,The White House- Ligarbay,Tasman District,Golden Bay Ward,Entire home/apt,194.0,202
50999470,Luxury Living Central College Estate Springvale,Whanganui District,Area Outside Ward,Entire home/apt,288.0,202
6186007,Guest Studio in Mt Eden,Auckland,Albert-Eden-Puketāpapa Ward,Entire home/apt,,202
763918580588261267,Beautiful Designed Apartment with Pool Gym Sauna,Auckland,Waitematā and Gulf Ward,Entire home/apt,195.0,202
18862397,Farm Stay Studio - Cottage,Porirua City,Northern Ward/Pukerua ki te Raki,Entire home/apt,,201
982844761958504081,Sunny Private Room With Ensuite & Private Entrance,Dunedin City,Area Outside Ward,Private room,,201
40841091,Organic Oasis.,Queenstown-Lakes District,Wanaka Ward,Entire home/apt,166.0,201
39514291,Octagon in the country,Western Bay of Plenty District,Kaimai Ward,Entire home/apt,172.0,201
2161373,Arrowtown Country Cottage - Walk to the Village!,Queenstown-Lakes District,Arrowtown Ward,Entire home/apt,441.0,201
26331940,Coromandel Sanctuary,Thames-Coromandel District,Coromandel-Colville Ward,Entire home/apt,394.0,201
936399826873530323,Sunny studio with hot tub and mountain views,Queenstown-Lakes District,Arrowtown Ward,Entire home/apt,257.0,201
29864211,Kiwi Batch. In the heart of Omarama,Waitaki District,Ahuriri Ward,Entire home/apt,262.0,201
29524658,Paraparaumu Beachside,Kapiti Coast District,Paraparaumu Ward,Entire home/apt,194.0,201
888568054086269685,Tekapo's Jewel,Mackenzie District,Pukaki Ward,Entire home/apt,1030.0,201
560375585290640801,Dormer Tiny House,Auckland,Rodney Ward,Entire home/apt,167.0,201
934745005942749550,Sweet home in the heart of CBD | Mid-Queen St,Auckland,Waitematā and Gulf Ward,Entire home/apt,224.0,201
1136640968908179480,"Stylish Lake Ōkāreka Retreat Views, Spa in Rotorua",Rotorua District,Area Outside Ward,Private room,142.0,201
987334385680658276,Wheatstone Studio,Gisborne District,Gisborne Ward,Entire home/apt,137.0,201
32676714,The Yurt Wai Rua,Whangarei District,Hikurangi-Coastal Ward,Entire home/apt,185.0,201
1266185072625199570,Traveller & Business Guest Suite,Christchurch City,Cashmere Ward,Entire home/apt,99.0,201
1408467299578818634,Guesthouse on Gardiners,Christchurch City,Harewood Ward,Entire home/apt,137.0,201
1152559556378891724,Central Town Holiday Home,Rotorua District,Area Outside Ward,Entire home/apt,234.0,201
35520875,WHAKATANE COASTAL,Whakatane District,Whakatāne-Ōhope Ward ,Private room,97.0,201
811659571393822748,"Riverstone Cottage, Dalefield, Queenstown",Queenstown-Lakes District,Queenstown-Wakatipu Ward,Entire home/apt,480.0,201
32241256,Relaxing Haven,Marlborough District,Marlborough Sounds Ward,Entire home/apt,82.0,201
42474354,Historic Pear Tree Unit,Waikato District,Raglan Ward,Entire home/apt,142.0,201
53033705,Tui Unit - So close to the lake +Pool,Taupo District,Taupō Ward,Entire home/apt,281.0,201
27838965,Bach28,Western Bay of Plenty District,Katikati-Waihi Beach Ward,Entire home/apt,275.0,201
20934547,"Private bedrm, ensuite+B'fast, lounge, views",Porirua City,Northern Ward/Pukerua ki te Raki,Private room,140.0,201
966357988562518793,Guest Suite in Strowan,Christchurch City,Fendalton Ward,Entire home/apt,112.0,201
998237486253681888,Fantastic Accommodation Awaits,Wellington City,Wharangi/Onslow-Western Ward,Private room,97.0,201
25592249,"Modern, bright and spacious studio",Wellington City,Wharangi/Onslow-Western Ward,Entire home/apt,143.0,201
30020244,Haven in Huntsbury: The genuine Bed and Breakfast,Christchurch City,Cashmere Ward,Private room,137.0,200
40155210,Private Bay with Amazing Sea Views,Thames-Coromandel District,Coromandel-Colville Ward,Entire home/apt,369.0,200
46758035,Modern Designed AC 1B Apt vs Pool Gym Sauna in CBD,Auckland,Waitematā and Gulf Ward,Entire home/apt,209.0,200
706597496288696761,Heart of the Central - Cute Modern QUEEN ST APT,Auckland,Waitematā and Gulf Ward,Entire home/apt,160.0,200
49673542,The Moonlight Dome Retreat,Queenstown-Lakes District,Queenstown-Wakatipu Ward,Entire home/apt,472.0,200
1287506864217605417,Luxury on Tawhai,Taupo District,Taupō Ward,Private room,74.0,200
17594427,Karitane Bed and Breakfast,Dunedin City,Area Outside Ward,Private room,97.0,200
47761558,Handy Riccarton Hagley Park CBD 10 Mins,Christchurch City,Riccarton Ward,Entire home/apt,360.0,200
12837790,Port Chalmers - Art of the State,Dunedin City,Area Outside Ward,Entire home/apt,126.0,200
566901149560558767,Broadmore Apartment New.,New Plymouth District,New Plymouth City Ward,Entire home/apt,112.0,200
28529986,Cycle Trail Retreat Kaniere,Westland District,Northern Ward,Entire home/apt,206.0,200
42845391,Boutique Greytown cottage,South Wairarapa District,Greytown Ward,Entire home/apt,238.0,200
953882635355923976,Perfect Room for Taupo Visitors,Taupo District,Taupō Ward,Private room,80.0,200
51762027,Modern Executive Living in Pounamu - 23,Queenstown-Lakes District,Queenstown-Wakatipu Ward,Entire home/apt,774.0,200
39400956,Rustic beachfront bach,Hastings District,Kahuranaki Ward,Entire home/apt,383.0,200
878498820927133684,Charming Cottage in Onehunga,Auckland,Maungakiekie-Tāmaki Ward,Entire home/apt,137.0,200
611783821314221020,Central 1 bedroom unit,Palmerston North City,Area Outside Ward,Entire home/apt,172.0,200
46196193,Lake Front Living in Taupo *No Service Fee*,Taupo District,Turangi-Tongariro Ward,Entire home/apt,434.0,200
28937178,Sunny Modern Home Close to Town,Marlborough District,Blenheim Ward,Entire home/apt,189.0,200
45106724,Executive accommodation in classic country setting,Western Bay of Plenty District,Kaimai Ward,Private room,97.0,200
33621133,Nice room in lovely home set amongst the trees,Palmerston North City,Area Outside Ward,Private room,77.0,200
10159767,Woodroyd Estate holiday sanctuary,Lower Hutt City,Western Ward,Entire home/apt,668.0,200
1022125,KIWIANA - 2 BEDROOM APARTMENT,Far North District,Bay of Islands-Whangaroa Ward,Entire home/apt,217.0,200
19928815,"King bed, small rm, private TV, homemade breakfast",Taupo District,Taupō Ward,Private room,,200
53613711,"Little House at Little Owl Farm, Gore Bay",Hurunui District,East Ward,Entire home/apt,183.0,200
53694184,Harbour Views on Hobson,Auckland,Waitematā and Gulf Ward,Entire home/apt,517.0,200
10618051,"The CWTCH, ""Hut"" in a Hall.",Southland District,Waiau Aparima Ward,Private room,40.0,200
5220782,Island Breeze - apartment 1 (of 2) in Sandy Bay,Auckland,Waitematā and Gulf Ward,Entire home/apt,186.0,200
1353908147053800678,Chisholm Lake Apartment,Hurunui District,West Ward,Entire home/apt,216.0,200
616865693563295472,Luxury Silverstream Suite: Refreshed for 2026,Upper Hutt City,Area Outside Ward,Private room,111.0,199
22161050,Cumbrae BnB - tranquility and spectacular views.,Southland District,Mararoa Waimea Ward,Private room,400.0,199
37536292,New Alpine Views Burkes Pass - Tekapo,Mackenzie District,Opuha Ward,Entire home/apt,484.0,199
16480028,Streamview Studio Apartments (Ground Floor),Christchurch City,Innes Ward,Entire home/apt,130.0,199
776267357457810012,R&R Guest Suite.,Southland District,Mararoa Waimea Ward,Private room,120.0,199
41646754,Southern Secret Unit 1 (Serviced daily),Clutha District,Catlins Ward,Entire home/apt,155.0,199
25705528,Franz Josef Gateway Townhouse,Westland District,Southern Ward,Entire home/apt,284.0,199
1090783766244697654,Kaitake Kabana - Unique Studio Retreat,New Plymouth District,South-West Ward,Entire home/apt,140.0,199
27239593,Princes Wharf's truly stunning North-West Loft,Auckland,Waitematā and Gulf Ward,Entire home/apt,968.0,199
581442697667067407,• Titirangi Retreat • Botanical Oasis,Auckland,Waitākere Ward,Entire home/apt,197.0,199
41892193,Studio Room with own entrance and en-suite,Queenstown-Lakes District,Queenstown-Wakatipu Ward,Entire home/apt,172.0,199
18243862,Lakeview Haven,Mackenzie District,Pukaki Ward,Entire home/apt,382.0,199
21459174,Private Studio with Stunning Lake & Mountain Views,Queenstown-Lakes District,Queenstown-Wakatipu Ward,Entire home/apt,354.0,199
5330529,"White shed, modern rustic",Carterton District,Area Outside Ward,Entire home/apt,309.0,199
706790374066312341,Unique Rural Mountain View Cabin with Outdoor Bath,Westland District,Southern Ward,Entire home/apt,318.0,199
33116435,Central City Haven,Wellington City,Pukehīnau/Lambton Ward,Entire home/apt,150.0,199
16477718,"Oden Estate -Self sufficient flat, minutes to town",Carterton District,Area Outside Ward,Entire home/apt,126.0,199
8136115,The Lovely Little 50's Raglan Bach with sea views,Waikato District,Raglan Ward,Entire home/apt,234.0,199
53282425,Self-Contained Flat,Kaikoura District,Area Outside Ward,Entire home/apt,252.0,199
23278654,"Lovely Historic School, Karitane",Dunedin City,Area Outside Ward,Entire home/apt,194.0,199
27238060,Kaitawa Farm,Kapiti Coast District,Ōtaki Ward ,Entire home/apt,143.0,199
52193831,FreeFall Hut: Rustic cabin with outdoor bath,Hastings District,Heretaunga Ward,Entire home/apt,234.0,199
855502585938146467,Entertainment Hub 2 bed 2 bath with Free Car park,Christchurch City,Central Ward,Entire home/apt,211.0,199
1042226963468358169,"Private, quiet and close to the city",Nelson City,Area Outside Ward,Entire home/apt,,199
14790316,Ladybird Landing - Cozy One Bedroom Apartment,Queenstown-Lakes District,Queenstown-Wakatipu Ward,Entire home/apt,150.0,199
17516762,Quiet tucked away holiday house,Marlborough District,Marlborough Sounds Ward,Entire home/apt,185.0,199
710316400663694850,Orchard Cottage,New Plymouth District,South-West Ward,Entire home/apt,200.0,199
21220924,"Millcreek Barn 
Coronet Peak View, Peaceful Escape",Queenstown-Lakes District,Queenstown-Wakatipu Ward,Entire home/apt,314.0,199
42906691,Elegant Villa Nestled In The Trees,Nelson City,Area Outside Ward,Entire home/apt,341.0,199
1210131,Four Seasons in one Day,Auckland,Waitematā and Gulf Ward,Entire home/apt,193.0,199
47877068,Am I in Heaven? Luxury holiday house experience,Grey District,Central Ward,Entire home/apt,528.0,198
45976175,Tilsley Inn | Thermal Heating & Relaxing Spa,Rotorua District,Area Outside Ward,Entire home/apt,249.0,198
23272895,The Red Nest | Lake Tekapo,Mackenzie District,Pukaki Ward,Entire home/apt,221.0,198
806704925049541683,Tranquil Stream Villa,Rotorua District,Area Outside Ward,Entire home/apt,380.0,198
9699350,"Surf Retreat near
Tauranga Bay.
No cleaning Fee!",Buller District,Westport Ward,Entire home/apt,174.0,198
805145111916670864,Redwood Rest,Rotorua District,Area Outside Ward,Entire home/apt,126.0,198
22909567,Private room. Private bathroom. Private courtyard,Wellington City,Paekawakawa/Southern Ward,Private room,,198
726475315688994230,Parkside Air-con Studio on Queen St - Pool & Gym,Auckland,Waitematā and Gulf Ward,Entire home/apt,200.0,198
779238466160733451,Cosy Private Cabin in Ahipara,Far North District,Te Hiku Ward,Entire home/apt,120.0,198
26471102,"The Woodsman's Den, St Arnaud, Nelson Lakes",Tasman District,Lakes-Murchison Ward,Entire home/apt,366.0,198
622586960380152394,Sunny little 2-bedroom beach pad,Tauranga City,Mount Maunganui-Papamoa Ward,Entire home/apt,263.0,198
26529079,"The Treehouse, Raetihi, in the Ruapehu region",Ruapehu District,Waimarino-Waiouru Ward,Entire home/apt,121.0,198
18279896,The Villa,Waitaki District,Oamaru Ward,Entire home/apt,217.0,198
627619725330641270,Rustic Cabin | Lake Manapouri,Southland District,Mararoa Waimea Ward,Private room,56.0,198
8865671,G Spot (upper level) with spa,Waikato District,Raglan Ward,Entire home/apt,374.0,198
42907668,Farmland Paradise A,Auckland,Franklin Ward,Entire home/apt,318.0,198
23884778,Your Private Lakeside Escape,Auckland,Rodney Ward,Entire home/apt,527.0,198
2079184,"Room Charming Villa, Nelson Central",Nelson City,Area Outside Ward,Private room,434.0,198
9477265,CView - Modern Self Contained Apt,Napier City,Ahuriri Ward,Entire home/apt,291.0,198
5172423,BLUE SPUR FARMSTAY Eco-home Meet the animals,Westland District,Northern Ward,Private room,136.0,198
23224283,Nature Lovers' Hillside Nest,Whangarei District,Hikurangi-Coastal Ward,Entire home/apt,206.0,198
717756293237432617,"Beach Front Oasis - Jacks Bay, Catlins",Clutha District,Catlins Ward,Entire home/apt,324.0,198
31500781,Ruakaka Beach House,Whangarei District,Bream Bay Ward,Entire home/apt,217.0,198
25136858,St Elmo's Farm Cottage,Mackenzie District,Opuha Ward,Entire home/apt,309.0,198
54358936,Grey Street Central,Waipa District,Cambridge Ward,Entire home/apt,189.0,198
35040682,"Noir Cottage, a peaceful Black Barn style retreat!",Napier City,Ahuriri Ward,Entire home/apt,216.0,198
43442795,Majestic View | Lake Tekapo,Mackenzie District,Pukaki Ward,Entire home/apt,441.0,198
4840907,"Hillhaven ( room 1) B&B in Napier, NZ",Napier City,Ahuriri Ward,Private room,137.0,198
1006152691713709590,Penthouse Perfection: 2BR Elegance on Worcester St,Christchurch City,Central Ward,Entire home/apt,298.0,198
902425626547105105,Crystal Waters- Suite 4,Queenstown-Lakes District,Queenstown-Wakatipu Ward,Entire home/apt,1375.0,198
29281828,Papamoa Beach - Holiday Cabin,Tauranga City,Mount Maunganui-Papamoa Ward,Entire home/apt,112.0,198
24135376,blueberryhills cabin under the mountain,New Plymouth District,South-West Ward,Entire home/apt,120.0,198
14109906,Arrowtown Gem,Queenstown-Lakes District,Arrowtown Ward,Entire home/apt,503.0,198
42470462,"Bedsit w kitchenette, private, nice garden",Rotorua District,Area Outside Ward,Private room,90.0,198
41505088,Spa Pool Mountain View Studio,Queenstown-Lakes District,Queenstown-Wakatipu Ward,Entire home/apt,265.0,198
929261081383834949,Amble to Town,Marlborough District,Marlborough Sounds Ward,Entire home/apt,137.0,197
31091670,Relax on Snowy Place.,Queenstown-Lakes District,Queenstown-Wakatipu Ward,Entire home/apt,485.0,197
27103076,Paihia Apartments near the beach,Far North District,Bay of Islands-Whangaroa Ward,Entire home/apt,270.0,197
1192646002050539125,Renovated Downtown Full Kitchen & EV Charger,Westland District,Southern Ward,Entire home/apt,255.0,197
592345121183967021,Te Maunga Rest Nest | Stratford,Stratford District,Stratford Rural Ward,Entire home/apt,226.0,197
1001728828518887897,hadlow 带花园的整套联排别墅,Auckland,Waitematā and Gulf Ward,Entire home/apt,257.0,197
767742406619662518,"Slice of paradise, off-grid",Queenstown-Lakes District,Wanaka Ward,Entire home/apt,252.0,197
31889866,Tree lined garden cottage - no cleaning fees,Waikato District,Tamahere Ward,Entire home/apt,132.0,197
21257016,"Central Cute Studio with Kitchenette, Pool and Gym",Auckland,Waitematā and Gulf Ward,Entire home/apt,267.0,197
46206048,A quiet place to stay with stunning mountain views,Kaikoura District,Area Outside Ward,Entire home/apt,206.0,197
51217533,Lynne's place in Coopers Beach- Breakfast Included,Far North District,Te Hiku Ward,Private room,137.0,197
49429502,"Airport in 20 minutes, Waiata Loft.",Auckland,Manurewa-Papakura Ward,Entire home/apt,127.0,197
933588058350478802,Rest at Rahu,Hauraki District,Paeroa Ward,Entire home/apt,240.0,197
41294762,Tranquil Hibiscus Sanctuary,Western Bay of Plenty District,Katikati-Waihi Beach Ward,Entire home/apt,229.0,197
35329519,2 Bedrooms | Carpark & Private Garden in Mt Eden,Auckland,Albert-Eden-Puketāpapa Ward,Entire home/apt,291.0,197
50381603,"New Luxury town house on Salisbury with 65""TV",Christchurch City,Central Ward,Entire home/apt,141.0,197
22131643,Dovedale country cottage,Tasman District,Moutere-Waimea Ward,Entire home/apt,136.0,197
53562695,Delightful Tiny Home with a whole lot of space,Dunedin City,Area Outside Ward,Entire home/apt,205.0,197
48660678,Secluded Spot on Valley,Tauranga City,Mount Maunganui-Papamoa Ward,Entire home/apt,149.0,197
39992225,Meanda Inn | Private BnB with spa + sea views,New Plymouth District,New Plymouth City Ward,Entire home/apt,232.0,197
47884247,Quiet garden cabin,Westland District,Hokitika Ward,Private room,137.0,197
6613068,Private & Self Contained Retreat - Havelock North,Hastings District,Hastings-Havelock North Ward,Private room,,197
24023317,Hamilton Haven - private home in Central Hamilton,Hamilton City,West Ward,Entire home/apt,359.0,197
1241368912811080729,Superb Location - 2bd + 2bth - Carpark Included,Christchurch City,Central Ward,Entire home/apt,306.0,197
50781676,Spacious Modern Townhouse with parking,Hamilton City,West Ward,Entire home/apt,331.0,197
52389392,Relax At The Bach - Resort Style Living,Rotorua District,Area Outside Ward,Entire home/apt,289.0,197
17253479,Premium location with it all!  Beach Shops & More,Tauranga City,Mount Maunganui-Papamoa Ward,Entire home/apt,217.0,197
1578236,First Light,Kaipara District,Mangawhai-Kaiwaka Ward,Entire home/apt,160.0,197
961008561138438877,Cozy Retreat on Serene Street,Hamilton City,East Ward,Entire home/apt,166.0,197
1307426878850596230,Modern Master Bedroom with Ensuite,Hamilton City,West Ward,Private room,69.0,197
31453150,Double Dutch 1,Waikato District,Eureka Ward,Private room,69.0,196
8801692,Beachfront Bliss ~ Upper Deck Apartment,Thames-Coromandel District,Coromandel-Colville Ward,Entire home/apt,200.0,196
54170037,Modern，Spacious 5 bedroom house in north Hamilton,Hamilton City,East Ward,Entire home/apt,518.0,196
712716158914769293,Rotorua Redwoods Family Holiday Home,Rotorua District,Area Outside Ward,Entire home/apt,402.0,196
627619637490901747,Kiwiana Cottage | Lake Manapouri,Southland District,Mararoa Waimea Ward,Private room,96.0,196
30852274,Wistful on Waianga,Far North District,Kaikohe-Hokianga Ward,Entire home/apt,342.0,196
38363413,"""Queen Palm Cabins""  on Shakespeare",Napier City,Ahuriri Ward,Entire home/apt,149.0,196
40594563,Homewood Cottage,Western Bay of Plenty District,Katikati-Waihi Beach Ward,Entire home/apt,323.0,196
42020710,Eden's Nest Apt near Westfield Newmarket,Auckland,Ōrākei Ward,Entire home/apt,374.0,196
43536860,The PERFECT Pad,Queenstown-Lakes District,Queenstown-Wakatipu Ward,Entire home/apt,654.0,196
873558479824308683,Relaxing CBD Parkside Aircon Studio vs Pool & Gym,Auckland,Waitematā and Gulf Ward,Entire home/apt,163.0,196
53173193,Scarborough House Kaikoura,Kaikoura District,Area Outside Ward,Private room,377.0,196
855100771301669027,The Cottage,Queenstown-Lakes District,Wanaka Ward,Entire home/apt,268.0,196
42197636,Secluded Waterfront Studio with View,Waikato District,Raglan Ward,Entire home/apt,223.0,196
47850750,"Best Location Park, Hospital, Supermarket, handy.",Christchurch City,Riccarton Ward,Entire home/apt,294.0,196
743956944312049806,Cosy stay near Christchurch airport,Christchurch City,Hornby Ward,Private room,71.0,196
45551218,Stunning studio with Remarkable backdrop!,Queenstown-Lakes District,Queenstown-Wakatipu Ward,Entire home/apt,236.0,196
43312690,"Sunrise, 2 Bed W/Outdoor Bath",Waitomo District,Waitomo Rural Ward,Entire home/apt,242.0,196
19337462,Kiwi cabin&geothermal pool by lake-no cleaning fee,Taupo District,Turangi-Tongariro Ward,Private room,103.0,196
675530664401137777,Tiny Hideaway with the most AMAZING view!!,Tasman District,Richmond Ward,Entire home/apt,172.0,196
1235865414738153278,The Fernery on Waikawa,Marlborough District,Marlborough Sounds Ward,Entire home/apt,172.0,196
6601451,"AK CBD harbour front, Prime NYC- style Apt",Auckland,Waitematā and Gulf Ward,Entire home/apt,297.0,196
49150913,"Spacious Family Home, 4 Ensuites | Views | Spa",Queenstown-Lakes District,Queenstown-Wakatipu Ward,Entire home/apt,1366.0,196
54281592,'Kotare' - Elegant Village Retreat & Wedding Stay,Auckland,Rodney Ward,Entire home/apt,225.0,196
962555353123555014,Central City Escape 1 Bed 1 Bath near Hagley Park,Christchurch City,Central Ward,Entire home/apt,186.0,196
30357340,Escape to the country- The Sows Ear @ Rahui,Masterton District,Area Outside Ward,Entire home/apt,263.0,196
26607644,Akaroa Retreat Gatekeepers Cottage,Christchurch City,Banks Peninsula Ward,Entire home/apt,223.0,196
1059027385119476403,Modern suite with river views,Queenstown-Lakes District,Queenstown-Wakatipu Ward,Entire home/apt,,196
6406844,Southfiord B&B Kowhai room  Fiordland NZ,Southland District,Mararoa Waimea Ward,Private room,315.0,196
17546954,"Quiet, self-contained studio with private entrance",Auckland,Ōrākei Ward,Entire home/apt,155.0,196
1211821643986951362,Merivale Separate Studio,Christchurch City,Fendalton Ward,Entire home/apt,126.0,195
28718988,Geraldine Retreat,Timaru District,Geraldine Ward,Entire home/apt,172.0,195
734425165492263110,Close and walkable on Salisbury Street-City Centre,Christchurch City,Central Ward,Entire home/apt,171.0,195
1154178469244088517,Private Luxury on Blue Dun,Taupo District,Taupō Ward,Private room,90.0,195
22017886,71 on Bligh,Southland District,Mararoa Waimea Ward,Entire home/apt,343.0,195
2356815,Tongariro Adventures bnb Taupo NZ,Taupo District,Turangi-Tongariro Ward,Private room,225.0,195
23378565,Oasis near city center,Christchurch City,Central Ward,Private room,77.0,195
44377537,A sunny studio with private deck and garden-Torbay,Auckland,Albany Ward,Entire home/apt,185.0,195
24543540,Queen Cabin,Tasman District,Motueka Ward,Private room,98.0,195
824327344779935560,Rockburn Retreat,Queenstown-Lakes District,Queenstown-Wakatipu Ward,Entire home/apt,234.0,195
32384574,Petone Foreshore Accommodation,Lower Hutt City,Harbour Ward,Entire home/apt,206.0,195
2764702,"Private studio at Judi's Place, very relaxing",Tasman District,Richmond Ward,Entire home/apt,209.0,195
28411790,"Black Bach, Ligar Bay",Tasman District,Golden Bay Ward,Entire home/apt,209.0,195
28615659,Musterers Quarters,Mackenzie District,Opuha Ward,Entire home/apt,336.0,195
40538830,Ocean View,Napier City,Ahuriri Ward,Entire home/apt,349.0,195
46074839,Welcome to Waikawa,Marlborough District,Marlborough Sounds Ward,Entire home/apt,172.0,195
27598543,*Hot Tub!* Treehouse Yurt Retreat,Tasman District,Motueka Ward,Entire home/apt,330.0,195
38390842,Incredible Views + Private Studio + Outdoor Living,Wellington City,Motukairangi/Eastern Ward,Entire home/apt,239.0,195
872171742562612146,Luxury Parkside Living on Queen St vs AC Pool Gym,Auckland,Waitematā and Gulf Ward,Entire home/apt,203.0,195
53909972,Poets Block Haven in Upper Hutt,Upper Hutt City,Area Outside Ward,Entire home/apt,104.0,195
30723504,Besties West Auckland,Auckland,Rodney Ward,Entire home/apt,306.0,195
47704881,Oceanfront- Stunning views!,Tasman District,Motueka Ward,Entire home/apt,173.0,195
27957270,Waitaki Lakes Apartment,Waitaki District,Ahuriri Ward,Entire home/apt,,195
47874668,Executive Mountain Retreat,Ruapehu District,Waimarino-Waiouru Ward,Entire home/apt,457.0,195
12870761,Private Well Appointed Cottage in Garden Setting,Waipa District,Cambridge Ward,Entire home/apt,160.0,195
41432567,Paradise Found @ Otama Beach - 2 mins to beach,Thames-Coromandel District,Mercury Bay Ward,Entire home/apt,289.0,195
1012024076768927234,Rata lodge apartment,Queenstown-Lakes District,Wanaka Ward,Entire home/apt,336.0,195
43319203,River View Apartment with amazing views.,Whangarei District,Okara Ward,Entire home/apt,155.0,195
1076524685895669039,Scenic Views Apartment,Timaru District,Timaru Ward,Entire home/apt,354.0,195
1145153545332267042,Kotahi Bach,Masterton District,Area Outside Ward,Entire home/apt,193.0,195
47141151,Tasman Studio with Lakeview and Balcony,Mackenzie District,Pukaki Ward,Entire home/apt,183.0,195
22960385,Beautiful accommodation at Wainui Beach BR/2,Gisborne District,Gisborne Ward,Private room,90.0,195
11260018,Shotover Ridge- Queenstown's Best Surprise AirBnB,Queenstown-Lakes District,Queenstown-Wakatipu Ward,Entire home/apt,,194
31228108,Home Sweet Home on Malcolm Street,South Wairarapa District,Martinborough Ward,Entire home/apt,320.0,194
1138055710246377826,River View Retreat! Luxury & Central! -By KOSH,Hamilton City,West Ward,Entire home/apt,342.0,194
42122717,"Private Sauna & Ice Bath | Spacious, Close To Town",Queenstown-Lakes District,Queenstown-Wakatipu Ward,Entire home/apt,1747.0,194
33451206,Beach House with the use of complimentary vehicle,Southland District,Stewart Island/Rakiura Ward,Entire home/apt,,194
781848312579166903,"Miss B's - Rest & Relax Taupo
 Guest suite",Taupo District,Taupō Ward,Private room,,194
22451929,Conifer Cottage - a quiet slice of paradise,Far North District,Bay of Islands-Whangaroa Ward,Entire home/apt,145.0,194
53239999,"SUITE 1, Waikawa Bay Picton, Best Views in the Bay",Marlborough District,Marlborough Sounds Ward,Entire home/apt,193.0,194
15709295,"Large 2 Bed 2 Bath Apartment, walk to town & lake",Queenstown-Lakes District,Wanaka Ward,Entire home/apt,446.0,194
8510314,Sunshine Retreat with Spa Pool,Queenstown-Lakes District,Queenstown-Wakatipu Ward,Entire home/apt,685.0,194
828296628131031758,Stylish Studio in prime location. King-size bed.,Queenstown-Lakes District,Wanaka Ward,Entire home/apt,,194
16228852,Quiet Getaway,Carterton District,Area Outside Ward,Entire home/apt,172.0,194
21580547,Spacious Holiday House with Ocean Views,New Plymouth District,New Plymouth City Ward,Entire home/apt,457.0,194
23107920,Kaltech House | Lake Tekapo,Mackenzie District,Pukaki Ward,Entire home/apt,301.0,194
42339564,Belt Road Suite,New Plymouth District,New Plymouth City Ward,Entire home/apt,121.0,194
47093536,Albert Drive Retreat - Central Otago Bliss,Central Otago District,Vincent Ward,Entire home/apt,365.0,194
40493357,"Tranquility, Self Contained Unit",Thames-Coromandel District,Mercury Bay Ward,Entire home/apt,297.0,194
47863511,Water View,Auckland,Waitematā and Gulf Ward,Entire home/apt,172.0,194
52846992,The White House. Stylish Art Deco.,Whanganui District,Area Outside Ward,Entire home/apt,,194
17125577,Marina Magic at Milford,Auckland,North Shore Ward,Entire home/apt,156.0,194
21000456,"Sunny poolside studio, 1 min to train",Auckland,Ōrākei Ward,Entire home/apt,194.0,194
757545978222194782,"Sunny studio with views, deck & parking",Nelson City,Area Outside Ward,Entire home/apt,133.0,194
46932774,Deerbrooke Kaikōura Chalets Unit 1,Kaikoura District,Area Outside Ward,Entire home/apt,385.0,194
1893596,"Luxury at its best, Quail's Nest",Christchurch City,Banks Peninsula Ward,Entire home/apt,223.0,194
34851404,Private room A with a double bed,Auckland,Ōrākei Ward,Private room,54.0,194
40623872,"The SunSet Cottage 5min from Oamaru, and Kakanui.",Waitaki District,Corriedale Ward,Entire home/apt,177.0,194
1196529210280692216,The Potter’s Pad,Ōtorohanga District,Kawhia-Tihiroa Ward,Entire home/apt,158.0,194
53403338,Luxe-Getaway Home,Rotorua District,Area Outside Ward,Entire home/apt,468.0,194
1003359909896642871,The Stillhouse,Tasman District,Motueka Ward,Entire home/apt,126.0,194
24270241,Alpine Village Views,Queenstown-Lakes District,Queenstown-Wakatipu Ward,Entire home/apt,304.0,194
33400973,Cass Crib | Lake Tekapo,Mackenzie District,Pukaki Ward,Entire home/apt,409.0,194
795264198933335889,"Sea views, close to town and ideal for ferries",Marlborough District,Marlborough Sounds Ward,Entire home/apt,163.0,194
1040156052687115632,Stylish~Central~Gated free car park-King Beds,Christchurch City,Innes Ward,Entire home/apt,204.0,194
20818252,"Useless Towers: Private room and bathroom,quiet.",Taupo District,Taupō Ward,Private room,172.0,194
723384368242990825,"Experience Heritage, Live Modern",Upper Hutt City,Area Outside Ward,Entire home/apt,157.0,194
46896962,Straw bale house  by the sea,Kaikoura District,Area Outside Ward,Entire home/apt,448.0,194
18376999,VVV Private Cozy rm w/ mini bar & ensuite bathroom,Auckland,Ōrākei Ward,Private room,182.0,194
49387228,Experience Whangamata!,Thames-Coromandel District,South Eastern Ward,Entire home/apt,172.0,194
556865661977784605,Te Aka Raukura - close to town & surf,Waikato District,Raglan Ward,Entire home/apt,255.0,194
9496332,Your Own Private Wing on Reserve includes brekkie,Auckland,Albany Ward,Private room,143.0,194
27374938,Paradise by the beach!,Christchurch City,Coastal Ward,Private room,101.0,194
14947575,Flaxhaven Lodge,Thames-Coromandel District,Mercury Bay Ward,Entire home/apt,229.0,193
21241920,"A tranquil semi-rural getaway, minutes from town!",Taupo District,Taupō Ward,Entire home/apt,232.0,193
17532729,Lazenby Lodge,Queenstown-Lakes District,Queenstown-Wakatipu Ward,Entire home/apt,579.0,193
1088774752680002629,Beautiful Haven Near Airport!,Christchurch City,Harewood Ward,Entire home/apt,309.0,193
13774481,Moeraki Harbourside Cottage,Waitaki District,Waihemo Ward,Entire home/apt,175.0,193
54198466,Mount Magic: by Beach and  Park,Tauranga City,Mount Maunganui-Papamoa Ward,Entire home/apt,,193
719044718521695830,Koko Studio Walk to the beach,Tauranga City,Mount Maunganui-Papamoa Ward,Entire home/apt,152.0,193
923646254341950483,Ohakune Ensuite Room - Hike Tongariro Crossing,Ruapehu District,Waimarino-Waiouru Ward,Private room,116.0,193
21928295,Kairanga Country Retreat Only 5 minutes from city,Manawatu District,Rural Ward,Entire home/apt,,193
19952170,"Endsleigh Cottages, The Little Cottage",Hastings District,Heretaunga Ward,Entire home/apt,172.0,193
39779006,Hokowhitu Hideaway,Palmerston North City,Area Outside Ward,Private room,115.0,193
46105868,Home away from Home,Tasman District,Lakes-Murchison Ward,Entire home/apt,226.0,193
32525089,Silky Oak Studio,Napier City,Taradale Ward,Entire home/apt,139.0,193
6857513,Romantic Piha's couple suite,Auckland,Waitākere Ward,Private room,361.0,193
47011842,'Te Rangimarie' Pet Friendly,Manawatu District,Rural Ward,Entire home/apt,233.0,193
49817434,May's Place | Lake Tekapo,Mackenzie District,Pukaki Ward,Entire home/apt,333.0,193
15957764,"Karaka Studio on Manuka Island


Nelson/Tasman",Tasman District,Moutere-Waimea Ward,Entire home/apt,206.0,193
5606277,Absolute Waterfront in downtown Queenstown,Queenstown-Lakes District,Queenstown-Wakatipu Ward,Entire home/apt,682.0,193
675571824847066088,Elegant 2-Level Penthouse with Panoramic Views,Christchurch City,Fendalton Ward,Entire home/apt,500.0,193
1309613973377565945,2 Bedroom & 2 Ensuite Apartment,Taupo District,Taupō Ward,Entire home/apt,175.0,193
44926806,Kereru Haven: Pigeon Bay home with a view,Christchurch City,Banks Peninsula Ward,Entire home/apt,328.0,193
32107150,Tropical Garden Retreat,Napier City,Onekawa-Tamatea Ward,Entire home/apt,165.0,193
50706253,The Sumner Loft,Christchurch City,Heathcote Ward,Entire home/apt,403.0,193
36425234,Room with a View Kaikoura - The Cottage,Kaikoura District,Area Outside Ward,Entire home/apt,472.0,193
11121538,The Barn @ Wood Pigeon Lodge with hot tub,Ruapehu District,National Park Ward,Entire home/apt,343.0,193
1074906726660742232,The Waihopai Suite,Invercargill City,Area Outside Ward,Entire home/apt,116.0,193
1160513,Crown Range Historic Stables,Queenstown-Lakes District,Queenstown-Wakatipu Ward,Entire home/apt,435.0,193
49937706,"Ironcliff - Sunny, Views and Spotless!",Queenstown-Lakes District,Wanaka Ward,Entire home/apt,285.0,193
739206613380408439,"Cozy Redwoods
2 Bedroom Kiwi Cottage",Rotorua District,Area Outside Ward,Entire home/apt,245.0,193
53546018,Stellar Apartment 4bedroom,Mackenzie District,Pukaki Ward,Entire home/apt,620.0,193
40456564,Harbour retreat,Thames-Coromandel District,South Eastern Ward,Entire home/apt,160.0,193
22496547,Oneroa - Close to Beach,Auckland,Waitematā and Gulf Ward,Entire home/apt,274.0,193
54379909,Hot Spot Cabin,Thames-Coromandel District,Mercury Bay Ward,Entire home/apt,160.0,193
38733712,Flat in Heritage Renovated Ponsonby Villa,Auckland,Waitematā and Gulf Ward,Entire home/apt,294.0,193
11015880,Relaxing seaside haven in Seatoun,Wellington City,Motukairangi/Eastern Ward,Entire home/apt,303.0,193
775542670305086692,"Wanaka Garden Retreat
Walk to town/lake,
Breakfast",Queenstown-Lakes District,Wanaka Ward,Entire home/apt,204.0,193
665369388097133127,Family/Group Stay w/ Views + Garage + EV Charging,Taupo District,Taupō Ward,Entire home/apt,363.0,193
38823682,Robbie's Beachside Studios (A),Southland District,Waiau Aparima Ward,Entire home/apt,172.0,193
31655106,Reserve on Kowhai - Esmeralda's Space,Far North District,Bay of Islands-Whangaroa Ward,Entire home/apt,217.0,193
42209819,Time Out on Te Mara,New Plymouth District,New Plymouth City Ward,Entire home/apt,85.0,192
860574855688222453,Cosy Flat Near AKL Airport,Auckland,Howick Ward,Entire home/apt,139.0,192
40140012,雅苑霖居 Amy 's forest city villa,Rotorua District,Area Outside Ward,Entire home/apt,291.0,192
21233927,DISTINCTIVE MOUNTAIN VIEW SPACIOUS HOME,Queenstown-Lakes District,Queenstown-Wakatipu Ward,Entire home/apt,621.0,192
601694357054530015,Braes Bed & Breakfast - Cozy Sleepout for 2,Horowhenua District,Waiopehu Ward,Entire home/apt,126.0,192
29215377,Wendz at Tussock Bend,Mackenzie District,Pukaki Ward,Entire home/apt,544.0,192
20556433,"Kakariki Cottage 
Eketahuna",Tararua District,South Tararua Ward,Entire home/apt,172.0,192
5549529,Beachfront home with own private facilities.,Auckland,Howick Ward,Private room,108.0,192
1041025722947611874,Last-Minute Deal | 3BR Family Stay | 3 Parking,Auckland,Howick Ward,Entire home/apt,234.0,192
22016317,Small bedroom with breakfast,Taupo District,Taupō Ward,Private room,57.0,192
34067297,It's a walk up to a special view of Wellington,Wellington City,Wharangi/Onslow-Western Ward,Entire home/apt,121.0,192
834167511834711114,Secret Garden Guest Suite (twin beds or superking),Tauranga City,Otumoetai-Pyes Pa Ward,Entire home/apt,117.0,192
18582630,Nestle in at Greenstone Retreat,Westland District,Northern Ward,Private room,115.0,192
1184605367413417863,New stylish warm 2bedroom studio/kingbed/UnitD,Mackenzie District,Pukaki Ward,Entire home/apt,285.0,192
30066711,Modern Studio Apartment in Riverhead,Auckland,Rodney Ward,Private room,139.0,192
1254154300770087870,Shore Break,Kaikoura District,Area Outside Ward,Entire home/apt,286.0,192
25490569,Piha Vista,Auckland,Waitākere Ward,Entire home/apt,331.0,192
860526085222360763,"Simply the best at
Totara Berry Lodge
 2 bdrms",Whangarei District,Okara Ward,Entire home/apt,202.0,192
37949595,Cosy Farmstay near the beach,Western Bay of Plenty District,Maketu-Te Puke Ward,Entire home/apt,317.0,192
804414802698518442,Cottage by the Park,Southland District,Mararoa Waimea Ward,Entire home/apt,399.0,192
32046478,"Wairarapa, Gladstone, Gobbler Country Cottage",Carterton District,Area Outside Ward,Entire home/apt,229.0,192
38499219,"Villa Retreat accommodation, Private gardens.",New Plymouth District,North Ward,Entire home/apt,160.0,192
33912219,Penthouse Apartment right in the heart of Nelson,Nelson City,Area Outside Ward,Entire home/apt,343.0,192
31147776,The Beach House - stunning sea views and sunsets,Whanganui District,Area Outside Ward,Entire home/apt,206.0,192
44367152,"Enjoy this magical place,  best views in the bay",Christchurch City,Banks Peninsula Ward,Entire home/apt,419.0,192
627194123954234188,Kiwiana Luxury Holiday Home. Free Parking,Dunedin City,Area Outside Ward,Entire home/apt,172.0,192
10107349,"""Elsie"" entire guest house",Tauranga City,Otumoetai-Pyes Pa Ward,Entire home/apt,149.0,192
1097350757274740343,Central Home with Stunning Ocean Views,Waitaki District,Oamaru Ward,Entire home/apt,252.0,192
23981411,Modern Beach Apartment,Thames-Coromandel District,Mercury Bay Ward,Entire home/apt,280.0,192
37365969,The Island Crib and Car,Southland District,Stewart Island/Rakiura Ward,Entire home/apt,282.0,192
552314481113383675,Off Grid Big Sky Views,Kaipara District,Mangawhai-Kaiwaka Ward,Entire home/apt,111.0,192
31171805,Aurora Lodge - 180  Views,Southland District,Stewart Island/Rakiura Ward,Entire home/apt,459.0,192
39895636,The Studio,Taupo District,Taupō Ward,Entire home/apt,,192
13548527,"""Home away from Home"" - warm, sunny, welcoming.",Christchurch City,Spreydon Ward,Entire home/apt,112.0,192
27905761,Classas Lakeside Air BnB,Queenstown-Lakes District,Wanaka Ward,Private room,286.0,192
28610268,Rollesby,Mackenzie District,Opuha Ward,Entire home/apt,336.0,192
22537096,Modern oceanview escape with Spa,Thames-Coromandel District,Mercury Bay Ward,Entire home/apt,584.0,191
16623012,Rural retreat. Ninia House by the lake,New Plymouth District,New Plymouth City Ward,Entire home/apt,139.0,191
6529098,"Central Wellington, amazing views!",Wellington City,Pukehīnau/Lambton Ward,Entire home/apt,229.0,191
8002908,Kahurangi Cottage Holiday Accommodation,Ōtorohanga District,Kawhia-Tihiroa Ward,Entire home/apt,172.0,191
4495485,"Lakeview 5BR Apartment, Walk to Town",Queenstown-Lakes District,Queenstown-Wakatipu Ward,Entire home/apt,1924.0,191
21670881,Lakefront Serenity – Unbeatable Views 1 BDRM,Queenstown-Lakes District,Queenstown-Wakatipu Ward,Entire home/apt,403.0,191
757359079910930999,Coastal Cutie - Self Contained Guest Suite.,Auckland,Franklin Ward,Entire home/apt,85.0,191
35688787,Top House Sanctuary,Rotorua District,Area Outside Ward,Entire home/apt,255.0,191
1281411573831034460,Urban Retreat: Modern Studio in Central City,Christchurch City,Central Ward,Entire home/apt,160.0,191
30745001,Amazing Views - Log Fire - Walk to lake & town,Queenstown-Lakes District,Queenstown-Wakatipu Ward,Entire home/apt,842.0,191
950177,The Penthouse on Evans Bay,Wellington City,Motukairangi/Eastern Ward,Entire home/apt,361.0,191
1098834267005608404,Kauri Forest Chalet,Auckland,Waitākere Ward,Entire home/apt,228.0,191
1038611755824373699,The Green Oasis,Thames-Coromandel District,Mercury Bay Ward,Entire home/apt,128.0,191
37436662,Penthouse apartment overlooking the park,Christchurch City,Spreydon Ward,Entire home/apt,252.0,191
32543189,Lovely Shared Apartment in Britomart,Auckland,Waitematā and Gulf Ward,Private room,159.0,191
636421177622586669,Miro Chalet,Ruapehu District,Waimarino-Waiouru Ward,Entire home/apt,229.0,191
20076908,Modern Open plan living with all the amenities,Lower Hutt City,Northern Ward,Private room,72.0,191
29782447,Misty Mountain Cabin Manapouri - Cosy Nature Views,Southland District,Mararoa Waimea Ward,Entire home/apt,202.0,191
50450420,EASY Flat: Heat Pump•WiFi•Netflix• Kitchenette,Tauranga City,Otumoetai-Pyes Pa Ward,Entire home/apt,107.0,191
53709352,3BR | Decks | Wi-Fi | Quiet | Modern,Kaikoura District,Area Outside Ward,Entire home/apt,204.0,191
10687746,Oamaru Holiday Cottage.,Waitaki District,Oamaru Ward,Entire home/apt,286.0,191
33297222,Modern Townhouse | Walk to River & City,Hamilton City,East Ward,Entire home/apt,265.0,191
717503395596486788,Character Harbour Retreat,Dunedin City,Area Outside Ward,Entire home/apt,399.0,191
13716985,Low-impact stay at private Mount Iron Studio,Queenstown-Lakes District,Wanaka Ward,Entire home/apt,155.0,191
20139393,Snowberry Cottage @ Loch Sloy Farm Little River,Christchurch City,Banks Peninsula Ward,Entire home/apt,160.0,191
40684918,At Bond Street. Private / Seperate Accommodation,Thames-Coromandel District,South Eastern Ward,Entire home/apt,286.0,191
624353954530565465,Hilltop Studio | Walk to Hospital | 5 min CBD,Hamilton City,West Ward,Entire home/apt,126.0,191
2182598,Lovely Devonport Bed & Breakfast with Water Views,Auckland,North Shore Ward,Private room,,191
10213542,Marine Parade Studio,Buller District,Westport Ward,Entire home/apt,,191
688061539804807067,Self-contained private ensuite by the river,Christchurch City,Cashmere Ward,Private room,75.0,191
39706038,Rustic Bush Retreat,Far North District,Bay of Islands-Whangaroa Ward,Entire home/apt,569.0,191
10655133,Papamoa Country Cottage,Western Bay of Plenty District,Maketu-Te Puke Ward,Entire home/apt,172.0,191
1135591600140949811,A secluded little ‘micro-break’,Palmerston North City,Area Outside Ward,Entire home/apt,177.0,191
48870986,Right on the Lake Front!,Queenstown-Lakes District,Queenstown-Wakatipu Ward,Entire home/apt,1060.0,191
1046031626691134514,Tranquil Retreat: 5 Min to Queenstown,Queenstown-Lakes District,Queenstown-Wakatipu Ward,Private room,215.0,191
769716633628052078,Cosy and Convenient,Central Otago District,Vincent Ward,Entire home/apt,148.0,191
1195911152446560720,Stonebridge Guesthouse,Timaru District,Geraldine Ward,Entire home/apt,161.0,191
1093057130747199326,Charming Garden Cottage,Timaru District,Timaru Ward,Entire home/apt,85.0,191
9315641,"Tui On Tui - Rua, Waiheke, B&B",Auckland,Waitematā and Gulf Ward,Private room,155.0,191
43510593,Twin Camellias | Modern Lynmore Getaway,Rotorua District,Area Outside Ward,Entire home/apt,244.0,191
1114075708337248786,Samadhi Hypedome,Tasman District,Golden Bay Ward,Entire home/apt,171.0,191
578310596864380769,Tui House | 4 Bedroom | Lake Manapouri,Southland District,Mararoa Waimea Ward,Private room,375.0,191
921438634340771346,Arcade Machine | Sleeps 7 | Central -By KOSH,Hamilton City,West Ward,Entire home/apt,322.0,191
7809799,DoLittle Cottage on organic citrus orchard,Far North District,Bay of Islands-Whangaroa Ward,Entire home/apt,137.0,191
786983182098776484,Cosy hideaway,Queenstown-Lakes District,Queenstown-Wakatipu Ward,Entire home/apt,242.0,190
1341153207636589109,"Reconnect, Recharge, Rediscover",Wellington City,Pukehīnau/Lambton Ward,Entire home/apt,154.0,190
41289589,Family & Pet friendly fully fenced,Thames-Coromandel District,Mercury Bay Ward,Entire home/apt,212.0,190
2046470,Coromandel Bach @ Otama Beach,Thames-Coromandel District,Mercury Bay Ward,Entire home/apt,200.0,190
585719698776774508,Papamoa Beach Studio | Coastal & Modern Retreat,Tauranga City,Mount Maunganui-Papamoa Ward,Entire home/apt,162.0,190
22466941,J&N Private Guestroom,Auckland,Albany Ward,Entire home/apt,109.0,190
13962354,Cashmere Hills with Stunning Mountain Views,Christchurch City,Cashmere Ward,Entire home/apt,229.0,190
17895944,Cosy and Comfortable   New Plymouth,New Plymouth District,New Plymouth City Ward,Private room,126.0,190
17797972,Countryside setting next to the river!,Hastings District,Mohaka Ward,Entire home/apt,190.0,190
16125037,"Nestled in  Ngaio, harbour views over bush",Wellington City,Wharangi/Onslow-Western Ward,Entire home/apt,103.0,190
41459317,Hawea Mountain Gem,Queenstown-Lakes District,Wanaka Ward,Entire home/apt,337.0,190
1057494426658475676,Casebrook Guest Suite - 5 min drive to airport,Christchurch City,Harewood Ward,Entire home/apt,127.0,190
1008908987109400598,Garden View 2-Bedroom Getaway in Christchurch,Christchurch City,Central Ward,Entire home/apt,182.0,190
12742011,Studio Apartment,Wellington City,Motukairangi/Eastern Ward,Entire home/apt,229.0,190
903120205410434871,Beachside Bliss!,Thames-Coromandel District,Mercury Bay Ward,Entire home/apt,326.0,190
7132260,Omaha Bach with Sleep-Out & Hot Tub,Auckland,Rodney Ward,Entire home/apt,361.0,190
46121537,Tranquil Country Retreat near Cambridge-sleeps 15,Waipa District,Maungatautari Ward,Entire home/apt,245.0,190
30743479,Tidy and private 1-bedroom unit 2 km from Ahipara,Far North District,Te Hiku Ward,Entire home/apt,92.0,190
19231020,APARTMENT 4A - ALMOST BEACH FRONT,Kapiti Coast District,Paraparaumu Ward,Entire home/apt,177.0,190
604760225204543370,Exclusive Harbour Living Studio Waterfront Views,Auckland,Waitematā and Gulf Ward,Entire home/apt,246.0,190
17212522,"Private, spacious, quiet modern home",Taupo District,Taupō Ward,Private room,248.0,190
742941654268520994,Waihau Bay Traquility - G B's Barn,Ōpōtiki District,Coast Ward,Entire home/apt,252.0,190
894616676023926886,Stylish Chic Stunning 1BR Gem in Central Queen St,Auckland,Waitematā and Gulf Ward,Entire home/apt,264.0,190
7041573,Nelson Beachfront Luxury Apartment,Nelson City,Area Outside Ward,Entire home/apt,297.0,190
48260574,Very handy to beach town bars and food,Marlborough District,Marlborough Sounds Ward,Private room,101.0,190
887218982616365848,3 Bedroom 2 Bathroom Hagley Parkside Perch,Christchurch City,Central Ward,Entire home/apt,319.0,190
49405314,Beautiful views of the stunning Te Anau,Southland District,Mararoa Waimea Ward,Entire home/apt,446.0,190
51215241,New Townhouse in private complex with EV charger,Christchurch City,Spreydon Ward,Entire home/apt,205.0,190
49838993,Family Room w/ city view/parking,Taupo District,Taupō Ward,Entire home/apt,116.0,190
21178486,Garden apartment with panoramic coastal views.,Christchurch City,Heathcote Ward,Entire home/apt,189.0,190
47761549,Modern home in sunny Papamoa,Tauranga City,Mount Maunganui-Papamoa Ward,Entire home/apt,200.0,190
14841325,"Glendale River View, Manapouri",Southland District,Mararoa Waimea Ward,Entire home/apt,274.0,190
18142961,Nelson Hills - Modern Apartment,Nelson City,Area Outside Ward,Entire home/apt,,190
722719325817142046,Private guest suite close to Airport/Hospital,Palmerston North City,Area Outside Ward,Entire home/apt,,190
24742081,Country cabin escape perfect star gazing + biking!,Matamata-Piako District,Matamata Ward,Entire home/apt,109.0,190
22177689,Keiko's Cottages-Wisteria Room hosted by Keiko,Southland District,Mararoa Waimea Ward,Private room,11412.0,190
54306761,Studio 294.  Inner City Oasis,Christchurch City,Central Ward,Private room,571.0,190
34518675,Absolute Waterfront + SPA - Whale Bay Surf  Bach,Waikato District,Raglan Ward,Entire home/apt,405.0,190
49721137,Central Spacious House With Backyard And Patio,Palmerston North City,Area Outside Ward,Entire home/apt,371.0,190
758329599880629113,Modern  well-equipped  2-bedroom home near Nelson,Tasman District,Moutere-Waimea Ward,Entire home/apt,,190
1119120678780564913,"Modern Townhouse, Stunning Views",Taupo District,Taupō Ward,Entire home/apt,389.0,189
31572645,A Little Piece of Paradise,Queenstown-Lakes District,Wanaka Ward,Entire home/apt,406.0,189
10495781,"Cute Studio in Catlins, elevated harbour views.",Southland District,Waihopai Toetoe Ward,Entire home/apt,212.0,189
49777099,Tosh | Lake Tekapo,Mackenzie District,Pukaki Ward,Entire home/apt,323.0,189
901956179534408809,Addictive View,Rotorua District,Area Outside Ward,Entire home/apt,169.0,189
10293065,The Suite - Watersedge,Waikato District,Raglan Ward,Entire home/apt,226.0,189
831433739294695425,Studio with Remarkables view.,Queenstown-Lakes District,Queenstown-Wakatipu Ward,Entire home/apt,320.0,189
21731219,The Brambles Cottage,South Wairarapa District,Greytown Ward,Entire home/apt,172.0,189
28253871,Executive Style Apartment,Wellington City,Pukehīnau/Lambton Ward,Entire home/apt,241.0,189
24476404,Luxury Lake Lookout offers a jaw-dropping panorama,Queenstown-Lakes District,Queenstown-Wakatipu Ward,Entire home/apt,,189
722594211289870778,The Pink House,South Waikato District,Tokoroa Ward,Entire home/apt,176.0,189
21400527,Home away from home - two beds,Nelson City,Area Outside Ward,Private room,92.0,189
10569035,West Side Story...,Waikato District,Raglan Ward,Entire home/apt,206.0,189
42930333,Contemporary Retreat,Invercargill City,Area Outside Ward,Private room,149.0,189
22569117,Raglan Getaway,Waikato District,Raglan Ward,Private room,126.0,189
17869636,Beachfront bliss,Kapiti Coast District,Paekākāriki-Raumati Ward,Entire home/apt,387.0,189
16678414,Rare find: 3bed house so close to town you'll walk,Queenstown-Lakes District,Queenstown-Wakatipu Ward,Entire home/apt,628.0,189
1178109029421764712,"Lolas Cottage Bruntwood,  Tamahere",Waikato District,Tamahere Ward,Entire home/apt,202.0,189
45038338,Tawhitinui: Peaceful Retreat with Stunning Views,Marlborough District,Marlborough Sounds Ward,Entire home/apt,242.0,189
15890737,"Close to beach, city, cafes and airport",Wellington City,Paekawakawa/Southern Ward,Entire home/apt,116.0,189
40257973,Paparoa Beach Hideaway One Bedroom House,Grey District,Northern Ward,Entire home/apt,204.0,189
602575927181023985,One bedroom with en-suite bathroom in Tawa,Wellington City,Takapū/Northern Ward,Private room,55.0,189
675834416754616897,"Yellow Pots A, Luxury Apartment with Outdoor Bath",Queenstown-Lakes District,Wanaka Ward,Entire home/apt,468.0,189
41777302,Quiet retreat on an organic property,Waikato District,Raglan Ward,Entire home/apt,130.0,189
632093804030750067,Modern guest suite in central location.,Queenstown-Lakes District,Wanaka Ward,Private room,,189
43655806,Escape to The Mai Mai,Auckland,Waitematā and Gulf Ward,Entire home/apt,514.0,189
40828658,Hidden Lakes Haven,Southland District,Mararoa Waimea Ward,Entire home/apt,468.0,189
17449028,Family Nature Retreat Close to the City,Auckland,North Shore Ward,Entire home/apt,382.0,189
45616086,A modern stylish retreat for you to enjoy,Manawatu District,Feilding Ward,Private room,99.0,189
34023434,Selah Retreat: Peaceful with a stunning view!,Nelson City,Area Outside Ward,Entire home/apt,460.0,189
1022675142832305595,Dusky Retreat,Mackenzie District,Pukaki Ward,Entire home/apt,196.0,189
23049134,"Studio Verde - Tranquil setting, Great location",New Plymouth District,New Plymouth City Ward,Entire home/apt,,189
709713417270752356,Small Cabin close to the Airport,Auckland,Manukau Ward,Entire home/apt,91.0,189
13046644,Shaftesbury Glade Cottages near Manawaru Village,Matamata-Piako District,Te Aroha Ward,Entire home/apt,173.0,189
16206113,Ben Ohau View Accommodation,Mackenzie District,Pukaki Ward,Entire home/apt,354.0,189
9616502,Beach Cottage Blue Bach,Waimakariri District,Kaiapoi-Woodend Ward,Entire home/apt,172.0,189
42076919,Kaiteriteri Abel Tasman Inlet Views,Tasman District,Motueka Ward,Entire home/apt,120.0,189
1082121700093969809,Katie’s Cottage,Waitaki District,Oamaru Ward,Entire home/apt,159.0,189
45004128,"Affordable, self-contained, private & comfy",Taupo District,Taupō Ward,Entire home/apt,117.0,189
20330991,Hunter Bay Wellington South Coast Bach,Wellington City,Paekawakawa/Southern Ward,Entire home/apt,320.0,189
1241345151160679870,"Iconic Views, Large Open-Plan Living + Carpark",Auckland,Waitematā and Gulf Ward,Entire home/apt,422.0,189
27407440,Millwater Beauty,Auckland,Albany Ward,Private room,137.0,188
48770211,"LEAFY, PEACEFUL AND SPACIOUS TWO BED TWO  BATH",Waipa District,Cambridge Ward,Entire home/apt,343.0,188
1172800916041923089,"WARM, Modern Couples pad with Dazzling Water View",Dunedin City,Area Outside Ward,Entire home/apt,,188
1005096860203652826,The Box Car (Outdoor Private Bath),Queenstown-Lakes District,Queenstown-Wakatipu Ward,Entire home/apt,294.0,188
21901114,"Luxury Ocean Views - Heated Pool, Main Beach & Gym",Tauranga City,Mount Maunganui-Papamoa Ward,Entire home/apt,478.0,188
1029879920358259997,"A Gem near Auckland Airport
 Breakfast optional",Auckland,Howick Ward,Entire home/apt,92.0,188
51927574,"Aroha Cottage - bright, cozy in central location.",Ruapehu District,Waimarino-Waiouru Ward,Entire home/apt,371.0,188
1140862899697152736,Stylish & Upmarket in Berhampore,Wellington City,Paekawakawa/Southern Ward,Entire home/apt,770.0,188
13640441,HILL TOP - Palm Beach,Auckland,Waitematā and Gulf Ward,Entire home/apt,314.0,188
14081902,Central location in a vegetarian/vegan home.,Auckland,Maungakiekie-Tāmaki Ward,Private room,80.0,188
22728489,Ahu,Auckland,Waitākere Ward,Entire home/apt,234.0,188
802932696233020708,Mangawhai rural guesthouse,Kaipara District,Mangawhai-Kaiwaka Ward,Entire home/apt,149.0,188
1211297536645766124,"ParkHaven! Views, Central & Luxury -By KOSH",Hamilton City,West Ward,Entire home/apt,313.0,188
13241619,Māhina Cottage - Little slice of paradise - 1 Bed,Mackenzie District,Pukaki Ward,Entire home/apt,263.0,188
17217995,Horizon Surf Lodge plus private spa,Waikato District,Raglan Ward,Entire home/apt,367.0,188
1136634151113125967,Home Away - earlier check in and FREE Netflix,Christchurch City,Central Ward,Entire home/apt,125.0,188
29662434,Blockhouse Bay  Home away from Home Studio apt .,Auckland,Whau Ward,Entire home/apt,151.0,188
1039296027639105983,Ideal home away from home,Southland District,Mararoa Waimea Ward,Entire home/apt,309.0,188
703217582305232763,Christchurch Westfield holiday home,Christchurch City,Riccarton Ward,Entire home/apt,282.0,188
1043603276907387733,Sefton View,Mackenzie District,Pukaki Ward,Entire home/apt,356.0,188
44524210,RIBBONWOOD - In the heart of Tekapo,Mackenzie District,Pukaki Ward,Entire home/apt,341.0,188
13238593,"Raspberry Hut, Huge Spaces & Panoramic Views",Mackenzie District,Pukaki Ward,Entire home/apt,304.0,188
826336207662258960,Aspen Vistas-Spectacular Lake and Mountain Views,Queenstown-Lakes District,Queenstown-Wakatipu Ward,Entire home/apt,735.0,188
48524548,Willow Bay | Lake Tekapo,Mackenzie District,Pukaki Ward,Entire home/apt,463.0,188
10062951,Dog-friendly Stopover,Central Otago District,Cromwell Ward,Private room,132.0,188
42137930,Snug on Waitui. King bed,Tauranga City,Mount Maunganui-Papamoa Ward,Private room,136.0,188
53595325,Comfy Beds - Stylish rooms in heart of Wanaka (3),Queenstown-Lakes District,Wanaka Ward,Entire home/apt,189.0,188
46264432,Chill out and recharge - Fantail Corner,Queenstown-Lakes District,Wanaka Ward,Entire home/apt,530.0,188
789342390301273709,Heart of CBD House | Walk to One NZ Stadium,Christchurch City,Central Ward,Entire home/apt,221.0,188
39341059,"""Tuscany Cottage"" Cosy Restful country lifestyle",Far North District,Te Hiku Ward,Entire home/apt,202.0,188
1014904656476258259,"Sunny, Queen Suite Breakfast Included Room 1.",Christchurch City,Halswell Ward,Private room,99.0,188
33231560,My little cozy beach retreat with central location,Tauranga City,Mount Maunganui-Papamoa Ward,Entire home/apt,291.0,188
14168521,Rangataua Cottage/Smash Palace (as in the movie),Ruapehu District,Waimarino-Waiouru Ward,Private room,113.0,188
8036511,Kerikeri Cottage and Pool,Far North District,Bay of Islands-Whangaroa Ward,Entire home/apt,90.0,188
29620140,Luxury Gatehouse On 26 Rows Vineyard,South Wairarapa District,Martinborough Ward,Entire home/apt,470.0,188
26393537,Quintessential Onetangi Bach,Auckland,Waitematā and Gulf Ward,Entire home/apt,317.0,188
868271887736487742,Loved Guest Space,Rotorua District,Area Outside Ward,Entire home/apt,134.0,188
759127695812254836,Cheerful 3 bedroom with free parking,Auckland,Manukau Ward,Entire home/apt,217.0,188
11762844,"Private Rm+Ensuite, Own Entrance, Walk to Town",Taupo District,Taupō Ward,Entire home/apt,,187
1010636229809557046,Madhouse Comfort - 2-BR Haven on Tuam Street,Christchurch City,Central Ward,Entire home/apt,178.0,187
46052749,Poppy's Apartment,Queenstown-Lakes District,Wanaka Ward,Entire home/apt,326.0,187
46630649,Queenstown escape,Queenstown-Lakes District,Queenstown-Wakatipu Ward,Private room,137.0,187
18572360,Terrace Apartment 17,Queenstown-Lakes District,Queenstown-Wakatipu Ward,Entire home/apt,515.0,187
41822853,Taurikura Peninsula Seaview Private Cabin and Camp,Whangarei District,Whangarei Heads Ward,Entire home/apt,159.0,187
1064140870274746390,"Location, location, location! Bach in Whitianga",Thames-Coromandel District,Mercury Bay Ward,Entire home/apt,228.0,187
12797823,Anaka,Queenstown-Lakes District,Wanaka Ward,Entire home/apt,960.0,187
49969501,Luxury heritage home in the heart of the village,Hastings District,Hastings-Havelock North Ward,Entire home/apt,499.0,187
33371643,Modern  Private Stand Alone  Studio Top Location,Central Otago District,Vincent Ward,Entire home/apt,159.0,187
14475662,Entire Studio - Amuri @ Cooks Beach,Thames-Coromandel District,Mercury Bay Ward,Entire home/apt,187.0,187
26424000,"Studio in garden, cosy, close to CBD, and Airport",Wellington City,Motukairangi/Eastern Ward,Entire home/apt,126.0,187
898770697569795513,Remarkable Guest Suite,Queenstown-Lakes District,Queenstown-Wakatipu Ward,Entire home/apt,133.0,187
43919127,Beachfront Marine Parade,Tauranga City,Mount Maunganui-Papamoa Ward,Entire home/apt,485.0,187
41320451,Nest and Rest in our cosy studio unit.,Queenstown-Lakes District,Queenstown-Wakatipu Ward,Entire home/apt,170.0,187
670471629279564704,Private self-contained unit with private entrance.,Waipa District,Cambridge Ward,Entire home/apt,166.0,187
18491619,Spacious Loft Apartment - Walk to Lake & Town,Queenstown-Lakes District,Wanaka Ward,Entire home/apt,329.0,187
38501979,"Waikawa Bay Beach, Picton",Marlborough District,Marlborough Sounds Ward,Private room,,187
3720705,Tranquil rural retreat,Timaru District,Pleasant Point-Temuka Ward,Private room,166.0,187
46756616,Harris Hideaway,Gisborne District,Gisborne Ward,Entire home/apt,248.0,187
29335495,C Wise Cottage - Glenorchy,Queenstown-Lakes District,Queenstown-Wakatipu Ward,Entire home/apt,200.0,187
40895352,"Private bathroom, delicious optional breakfast",Whanganui District,Area Outside Ward,Private room,109.0,187
5815299,Nikau's on Palmer,Horowhenua District,Kere Kere Ward,Entire home/apt,230.0,187
520343,The Treehouse Bush Retreat,Thames-Coromandel District,Mercury Bay Ward,Entire home/apt,234.0,187
36086596,Lake Hayes: sunny 2-bedroom apartment,Queenstown-Lakes District,Queenstown-Wakatipu Ward,Entire home/apt,523.0,187
1033500136844392506,Queenstown RnR - with fireplace,Queenstown-Lakes District,Queenstown-Wakatipu Ward,Entire home/apt,297.0,187
42477467,Kinloch Lake House,Taupo District,Taupō Ward,Entire home/apt,100.0,187
24875038,Country Paradise,Auckland,Howick Ward,Entire home/apt,266.0,187
44123941,Alpine Village - Lakefront Studio Apartment,Queenstown-Lakes District,Queenstown-Wakatipu Ward,Entire home/apt,367.0,187
706758565202343665,Walk To Ponsonby Road • Spacious • Private Balcony,Auckland,Waitematā and Gulf Ward,Entire home/apt,251.0,186
28730322,Country Paradise 2,Auckland,Howick Ward,Entire home/apt,318.0,186
24413108,"Beautiful, quiet, city centre, waterfront, views",Auckland,Waitematā and Gulf Ward,Entire home/apt,734.0,186
44123677,Modern City Escape | Prime Location | Parking,Hamilton City,West Ward,Entire home/apt,325.0,186
5406361,The Tuai Suite Waikaremoana,Wairoa District,Wairoa General Ward,Entire home/apt,173.0,186
49425644,"Self-contained and warm, 15 min from Dunedin",Dunedin City,Area Outside Ward,Entire home/apt,212.0,186
29782293,"Stylish, Light-filled Studio with Outdoor Tub",Hamilton City,East Ward,Entire home/apt,235.0,186
647471125725215999,Bennetto House in the heart of Arrowtown,Queenstown-Lakes District,Arrowtown Ward,Entire home/apt,657.0,186
45291974,- Tatahi  - Piha Hideaway,Auckland,Waitākere Ward,Entire home/apt,306.0,186
31965751,Absolute Lakefront Two Mile Bay,Taupo District,Taupō Ward,Entire home/apt,321.0,186
28745648,Kōpuha,Mackenzie District,Pukaki Ward,Entire home/apt,264.0,186
1040223024023437508,Near Airport & Lake Queenstown. Free Parking,Queenstown-Lakes District,Queenstown-Wakatipu Ward,Entire home/apt,360.0,186
16337788,Beachside Bliss Castor Bay - Holiday by the Beach,Auckland,North Shore Ward,Entire home/apt,393.0,186
1269719545050217334,Black Cottage Twizel,Mackenzie District,Pukaki Ward,Entire home/apt,270.0,186
23859540,Edge Hill Cottage,South Wairarapa District,Greytown Ward,Entire home/apt,171.0,186
719805881093670576,Beach Front  Mount Maunganui,Tauranga City,Mount Maunganui-Papamoa Ward,Entire home/apt,198.0,186
1148248503776849185,Haast Hideaway; peaceful 2 bdr,Westland District,Southern Ward,Entire home/apt,270.0,186
689298567051212556,Charming 1-bedroom guesthouse with indoor gas fire,Central Otago District,Cromwell Ward,Entire home/apt,189.0,186
735605077733991777,King-sized studio room in beautiful Havelock,Marlborough District,Marlborough Sounds Ward,Private room,155.0,186
12685749,"Large guest wing , fully private two bedroom",Dunedin City,Area Outside Ward,Entire home/apt,183.0,186
695945525929285906,Country views - hot tub - deck - private - Albany,Auckland,Albany Ward,Entire home/apt,221.0,186
39033655,'Hotel Suse',Napier City,Ahuriri Ward,Entire home/apt,243.0,186
43704180,The Bach,Western Bay of Plenty District,Kaimai Ward,Entire home/apt,229.0,186
45531839,Erins Bay,Whangarei District,Whangarei Heads Ward,Entire home/apt,302.0,186
849538084375372493,Skycity View Apartment beside Millennium,Auckland,Waitematā and Gulf Ward,Entire home/apt,178.0,186
556765066168838917,Gorgeous country cottage - 1 bedroom,South Wairarapa District,Greytown Ward,Entire home/apt,194.0,186
25683049,The gold room,Christchurch City,Central Ward,Private room,94.0,186
18381578,The Hidden treasure,Auckland,Whau Ward,Entire home/apt,92.0,185
47181006,Lake front house with mountain views,Southland District,Mararoa Waimea Ward,Entire home/apt,485.0,185
41090719,Kings Retreat Cottage,Rotorua District,Area Outside Ward,Entire home/apt,138.0,185
21297503,Country Retreat,Hastings District,Mohaka Ward,Entire home/apt,272.0,185
41220123,Premium King Studio - Archway Motels; Walk to town,Queenstown-Lakes District,Wanaka Ward,Entire home/apt,209.0,185
42176879,The Onion Shed - comfortable and convenient.,Waikato District,Awaroa ki Tuakau Ward,Entire home/apt,157.0,185
45771941,"Private, modern 3 BR Apartment in Central Hamilton",Hamilton City,West Ward,Entire home/apt,280.0,185
756783404620706782,Our Happy Place Cottage,Taupo District,Taupō Ward,Entire home/apt,183.0,185
34128593,Mt Talbot Cottage,Gore District,Gore Ward,Entire home/apt,206.0,185
33099981,Kanuka Cabin nestled in beautiful native bush.,Thames-Coromandel District,Coromandel-Colville Ward,Entire home/apt,217.0,185
6185983,Rustic Romance,Queenstown-Lakes District,Wanaka Ward,Private room,120.0,185
844972569887118973,Tamaki Lakehouse,Rotorua District,Area Outside Ward,Entire home/apt,657.0,185
53909193,Cosy 1 brm cottage on a quiet private rear section,Whakatane District,Whakatāne-Ōhope Ward ,Entire home/apt,137.0,185
29782875,Fiordland Carriage,Southland District,Mararoa Waimea Ward,Entire home/apt,288.0,185
19985035,"Luxury Beds, Games Room, Spa Pool, Bikes",Taupo District,Taupō Ward,Entire home/apt,543.0,185
42609025,Cosy apartment with a lake view & close to town,Queenstown-Lakes District,Wanaka Ward,Entire home/apt,281.0,185
30770230,Ruakaka River and Beach Apartment,Whangarei District,Bream Bay Ward,Entire home/apt,200.0,185
770509644757668574,Designer Dream Home,Auckland,Ōrākei Ward,Entire home/apt,665.0,185
916946962405048377,Nikau studio Whale bay Raglan - Forest Retreat,Waikato District,Raglan Ward,Entire home/apt,463.0,185
854510283014249307,Stylish 2 Bedroom Located In The Central City!.,Christchurch City,Central Ward,Entire home/apt,239.0,185
973620940504077704,Walk to River & Stadium | Indoor-Outdoor Flow,Hamilton City,West Ward,Entire home/apt,348.0,185
1125632063930667929,"Sun-filled, mountain views",Queenstown-Lakes District,Queenstown-Wakatipu Ward,Entire home/apt,330.0,185
870682103957883542,Incredible City & Skytower View Near Queen St-Pool,Auckland,Waitematā and Gulf Ward,Entire home/apt,272.0,185
45342723,Woodturner's Homestead,Wellington City,Pukehīnau/Lambton Ward,Private room,101.0,185
18688167,G Spot lower level with spa,Waikato District,Raglan Ward,Entire home/apt,324.0,185
703016574511465309,Modern 1 room studio with off-street parking,Hastings District,Hastings-Havelock North Ward,Entire home/apt,155.0,185
34758124,Cozy Single Bed Room (no window),Auckland,Waitematā and Gulf Ward,Private room,50.0,185
601560327785882316,Magnolia Retreat on Paeroa,Horowhenua District,Waiopehu Ward,Entire home/apt,189.0,185
26902359,3 Jefferson Street  Guesthouse. Brooklyn. Wgtn,Wellington City,Paekawakawa/Southern Ward,Entire home/apt,207.0,185
50197411,Stone throw from Waikato Hospital and the Lake,Hamilton City,West Ward,Entire home/apt,400.0,185
15103623,"Central, stylish, pvte roof tce, gym, pool & spa",Auckland,Waitematā and Gulf Ward,Entire home/apt,240.0,185
54344107,Cosy Penthouse Apartment,Wellington City,Pukehīnau/Lambton Ward,Entire home/apt,206.0,185
52908127,Spacious Lake Retreat | Lake Access + Free Kayaks,Rotorua District,Area Outside Ward,Entire home/apt,604.0,185
17894854,"Sea views , peace and birdsong at The Studio",Dunedin City,Area Outside Ward,Entire home/apt,229.0,185
1088747651026425976,Blomfield 3 bedrooms house,Rotorua District,Area Outside Ward,Entire home/apt,228.0,185
982804413474549733,Little Yellow Bach,Westland District,Southern Ward,Entire home/apt,132.0,185
33316146,G & G's Birds Eye View,Waikato District,Raglan Ward,Entire home/apt,189.0,185
15401948,The Workshop at Brodie Cottage,Queenstown-Lakes District,Arrowtown Ward,Entire home/apt,194.0,185
38685247,It's a WHALE of a time in Southbay!,Kaikoura District,Area Outside Ward,Entire home/apt,227.0,185
