id,name,host_id,host_name,neighbourhood_group,neighbourhood,latitude,longitude,room_type,price,minimum_nights,number_of_reviews,last_review,reviews_per_month,calculated_host_listings_count,availability_365,number_of_reviews_ltm,license,month/year
319770,Gateway to the South Island,1639584,Jennifer,Christchurch City,Innes Ward,-43.50961,172.65552,Private room,198.0,1.0,3,2015-01-09,0.02,1,363,0,,2015-01
737452,Mumfords Akaroa,3851282,Nicky,Christchurch City,Banks Peninsula Ward,-43.82343,172.94643,Entire home/apt,394.0,2.0,100,2025-12-21,0.67,1,299,2,,2025-12
1004252,Governors Bay Waterfront Retreat,5523780,Rosie,Christchurch City,Banks Peninsula Ward,-43.61889,172.65314,Entire home/apt,183.0,2.0,224,2026-02-28,1.43,1,169,9,,2026-02
1007247,Clarence Cottage,4765250,John,Christchurch City,Riccarton Ward,-43.53955,172.60697,Entire home/apt,334.0,2.0,119,2026-02-21,0.8,1,298,5,,2026-02
1097487,Heritage Magic in Merivale,4993285,Paulette,Christchurch City,Fendalton Ward,-43.51149,172.6254,Private room,189.0,1.0,230,2025-03-03,2.07,1,321,0,,2025-03
1429281,Self contained & fully equipped,7619275,Liz & Gordon,Christchurch City,Halswell Ward,-43.56982,172.55229,Private room,69.0,5.0,201,2026-03-03,1.31,1,328,22,,2026-03
1461771,Mt Pleasant - Retro Living apartment,6353005,Suzanne,Christchurch City,Heathcote Ward,-43.55813,172.72025,Entire home/apt,360.0,1.0,16,2024-06-03,0.12,1,45,0,,2024-06
1798383,"3 private rooms up to 6 guests, spacious modern.",9431529,Shirley,Christchurch City,Burwood Ward,-43.46900177001953,172.66433715820312,Private room,166.0,2.0,181,2026-02-21,1.2,2,327,11,,2026-02
1837611,"Close to University, 10 mins from Airport and City",9542449,Shona,Christchurch City,Fendalton Ward,-43.51332,172.5784,Private room,86.0,2.0,98,2026-02-17,0.66,1,207,17,,2026-02
1893596,"Luxury at its best, Quail's Nest",5225682,Shelley,Christchurch City,Banks Peninsula Ward,-43.62728,172.71872,Entire home/apt,217.0,2.0,196,2026-02-27,1.3,1,193,6,,2026-02
2009003,Luxury Cass Bay Retreat (B),10339399,Vivienne,Christchurch City,Banks Peninsula Ward,-43.60411,172.69502,Entire home/apt,206.0,1.0,448,2026-03-16,3.03,3,304,53,,2026-03
2238148,"Private, Cosy Self Contained. Long Stay's Welcome",6155840,Robyn,Christchurch City,Papanui Ward,-43.47967543598596,172.61712715029716,Entire home/apt,102.0,2.0,436,2026-03-19,2.97,1,135,83,,2026-03
2249963,Charming family cottage in Somerfield,962315,Gemma,Christchurch City,Cashmere Ward,-43.5554722,172.6283052,Entire home/apt,366.0,2.0,25,2026-03-01,0.92,1,54,10,,2026-03
2285496,Hidden Paradise in Christchurch,11588389,Ting,Christchurch City,Banks Peninsula Ward,-43.60587407545263,172.6942335116394,Entire home/apt,756.0,2.0,98,2026-03-03,3.27,1,206,30,,2026-03
2352051,Luxury Cass Bay Retreat (A),10339399,Vivienne,Christchurch City,Banks Peninsula Ward,-43.60364,172.6954,Entire home/apt,229.0,1.0,202,2026-03-04,1.38,3,310,37,,2026-03
2723640,Tranquillity with city views at The Bothy,13938410,Jen,Christchurch City,Cashmere Ward,-43.5716,172.63094,Entire home/apt,264.0,1.0,205,2026-03-16,1.43,15,357,4,,2026-03
3115193,Beautiful Entire Home Overlooking Harbour,729315,Linda Jean,Christchurch City,Banks Peninsula Ward,-43.59760284423828,172.7147979736328,Entire home/apt,40.0,3.0,6,2025-01-06,0.06,1,130,0,,2025-01
3363429,A Perfect Stay - Last Minute Specials: 3br+Garage,16967897,Joan,Christchurch City,Riccarton Ward,-43.52992630004883,172.60997009277344,Entire home/apt,229.0,2.0,384,2026-03-19,2.71,2,22,59,,2026-03
3498611,"Sunny Bayview Studio - Charteris Bay, Canterbury",17615479,Felicia,Christchurch City,Banks Peninsula Ward,-43.63553,172.7195,Entire home/apt,200.0,1.0,45,2026-02-06,0.33,1,223,3,,2026-02
3533315,Rose Cottage at The Elms,17788647,Louise,Christchurch City,Harewood Ward,-43.48401,172.56094,Entire home/apt,297.0,2.0,7,2025-02-01,0.05,1,324,0,,2025-02
3852863,Tipi in the Garden,12996972,Jane,Christchurch City,Banks Peninsula Ward,-43.7876,172.81902,Private room,89.0,2.0,49,2025-12-29,0.44,6,160,1,,2025-12
3852872,Yurt in the Garden,12996972,Jane,Christchurch City,Banks Peninsula Ward,-43.78759,172.81975,Private room,89.0,1.0,135,2026-02-25,0.98,6,160,5,,2026-02
3853118,Yurt in the Woods -FREE craft workshops*,12996972,Jane,Christchurch City,Banks Peninsula Ward,-43.78643,172.81997,Private room,92.0,2.0,60,2026-02-24,0.54,6,154,5,,2026-02
3900685,"Views Hills + Beach, warm double rooms available",20198799,Michael,Christchurch City,Banks Peninsula Ward,-43.60344,172.6901,Private room,168.0,1.0,100,2026-03-07,0.74,2,324,23,,2026-03
4063028,The Pool Studio,21073822,Sue And Greg,Christchurch City,Harewood Ward,-43.47764,172.5668,Entire home/apt,300.0,1.0,33,2025-11-15,0.24,2,230,1,,2025-11
4121687,Contemporary living by the sea.,21308288,Sandy,Christchurch City,Heathcote Ward,-43.5664,172.73825,Private room,120.0,1.0,170,2026-02-14,1.22,1,358,5,,2026-02
4144718,Lovely breakfast best views. 2 double rooms +,20198799,Michael,Christchurch City,Banks Peninsula Ward,-43.60281,172.68887,Private room,200.0,2.0,78,2026-02-06,0.56,2,359,2,,2026-02
4210947,Sunnybrae Bed & Breakfast,18848246,Jenny & Tony,Christchurch City,Banks Peninsula Ward,-43.784,172.90277,Private room,,2.0,115,2026-01-10,0.85,1,0,6,,2026-01
4394839,Lovely Sunny En-Suite Home,22664885,Spark & Angela,Christchurch City,Spreydon Ward,-43.55145,172.60179,Private room,77.0,1.0,1139,2026-03-16,8.21,1,39,44,,2026-03
4596246,Harbour View Highlights,18542986,Megan,Christchurch City,Banks Peninsula Ward,-43.607941489520215,172.70360517763766,Entire home/apt,225.0,3.0,32,2026-02-21,0.32,2,306,22,,2026-02
4680718,Apartment near Hagley Park with Secure Entry,24205506,"Mayie, Judi And Karen At Bookahome",Christchurch City,Fendalton Ward,-43.52105,172.62268,Entire home/apt,198.0,2.0,71,2025-11-05,0.52,83,284,5,,2025-11
4711783,Takamatua Lavender Loft,24350479,Rebecca,Christchurch City,Banks Peninsula Ward,-43.7841,172.97777,Entire home/apt,194.0,2.0,78,2026-03-08,1.61,2,365,16,,2026-03
4776863,Beach Break,5156035,Phyllis,Christchurch City,Coastal Ward,-43.52628,172.73449,Entire home/apt,,2.0,22,2024-03-27,0.18,3,0,0,,2024-03
5040124,3 Bedroom Home - Central Location,26021220,Rosanna,Christchurch City,Cashmere Ward,-43.55625,172.62941,Entire home/apt,177.0,5.0,160,2025-04-21,1.18,1,200,1,,2025-04
5161047,"Best Views, Brilliant Coffee, no cleaning fee.",10627780,Veronica Mary,Christchurch City,Cashmere Ward,-43.57472,172.63431,Private room,126.0,2.0,29,2026-03-02,0.23,1,241,6,,2026-03
5270312,"Double room in Mt Pleasant, Christchurch",21560467,Ellen,Christchurch City,Heathcote Ward,-43.56124,172.71569,Private room,101.0,1.0,65,2026-02-21,0.57,1,358,11,,2026-02
5336437,Modern Accommodation with sea views,27654727,Jill,Christchurch City,Heathcote Ward,-43.56553,172.7297,Private room,135.0,2.0,81,2024-03-26,0.6,1,273,0,,2024-03
5385328,Tranquil and relaxing Lavender Studio,24350479,Rebecca,Christchurch City,Banks Peninsula Ward,-43.78376,172.97608,Entire home/apt,240.0,2.0,164,2026-03-08,1.22,2,357,13,,2026-03
5459948,Beautiful historic cottage,28321790,Janette,Christchurch City,Banks Peninsula Ward,-43.60187,172.71958,Private room,145.0,1.0,0,,,1,280,0,,
5738538,Akaroa Coastal Studio,26183903,Jenny & John,Christchurch City,Banks Peninsula Ward,-43.82883,172.94328,Private room,210.0,1.0,706,2026-03-08,5.39,1,303,83,,2026-03
5739354,Modern self contained unit,29133056,Nadia,Christchurch City,Banks Peninsula Ward,-43.59799,172.71911,Private room,309.0,1.0,8,2026-02-28,0.32,1,269,6,,2026-02
5752166,Chic Private Studio 6mins from Airport & shops/bus,28774099,Liz,Christchurch City,Harewood Ward,-43.48641586303711,172.58523559570312,Entire home/apt,139.0,1.0,529,2026-03-15,10.24,3,243,48,,2026-03
5787709,The Velvet Suite,21073822,Sue And Greg,Christchurch City,Harewood Ward,-43.47665,172.56715,Entire home/apt,325.0,1.0,28,2026-02-06,0.21,2,243,4,,2026-02
5936861,Your own Eco friendly bedroom + lounge unit,30825105,Shaun And Vanessa,Christchurch City,Banks Peninsula Ward,-43.76285,172.80538,Entire home/apt,172.0,1.0,400,2026-03-14,3.16,2,337,35,,2026-03
6111519,"Close to airport, quiet double bedroom upstairs",13171208,Ellis,Christchurch City,Harewood Ward,-43.48177,172.58516,Private room,75.0,2.0,21,2026-02-27,0.16,2,153,11,,2026-02
6363082,Clean modern house in Riccarton,33152465,Ian,Christchurch City,Riccarton Ward,-43.53668,172.58282,Private room,108.0,2.0,82,2026-03-08,0.62,1,323,13,,2026-03
6467168,lazy porch studio,33781654,Lou,Christchurch City,Linwood Ward,-43.54546,172.67745,Entire home/apt,131.0,1.0,1542,2026-03-17,11.8,1,302,143,,2026-03
6695894,Beach Front Apartment,15913354,Chris,Christchurch City,Heathcote Ward,-43.56989,172.75997,Entire home/apt,364.0,4.0,20,2026-03-02,0.55,1,175,7,,2026-03
6824533,Papanui Paris Inspired Apartment,35747651,Heather,Christchurch City,Fendalton Ward,-43.50956,172.60341,Entire home/apt,153.0,2.0,286,2025-12-12,2.5,1,342,6,,2025-12
6903489,"Character villa, fully furnished",29970846,Nick,Christchurch City,Linwood Ward,-43.54077,172.66434,Entire home/apt,91.0,60.0,8,2026-03-09,0.06,3,1,1,,2026-03
7715869,Spacious stylish home - 7 Night special deals,24205506,"Mayie, Judi And Karen At Bookahome",Christchurch City,Riccarton Ward,-43.5309,172.60518,Entire home/apt,607.0,2.0,143,2026-02-26,1.13,83,34,9,,2026-02
7748377,Manor Cottage and Kowhai Room,39214866,Leah,Christchurch City,Papanui Ward,-43.50015,172.58851,Entire home/apt,204.0,2.0,92,2026-03-17,0.71,2,282,4,,2026-03
7878124,Entwhistle Cottage  - central city,41527093,Karen,Christchurch City,Central Ward,-43.5275,172.64771,Entire home/apt,212.0,2.0,355,2025-04-27,2.77,5,73,7,,2025-04
8020834,"Sunny bedroom in warm, quiet home",42353024,Danielle,Christchurch City,Cashmere Ward,-43.56867,172.64398,Private room,62.0,2.0,95,2026-03-17,0.74,3,219,21,,2026-03
8034246,Serene garden studio with spa near beach and city,42420923,Kim,Christchurch City,Coastal Ward,-43.51225,172.73015,Entire home/apt,155.0,1.0,260,2026-03-14,8.31,1,56,70,,2026-03
8144885,Cass Bay House,10339399,Vivienne,Christchurch City,Banks Peninsula Ward,-43.60461,172.6948,Entire home/apt,514.0,5.0,16,2025-10-23,0.22,3,107,1,,2025-10
8463513,City Centre 5 Bedroom Group Accommodation,43226526,Janine,Christchurch City,Linwood Ward,-43.53587,172.66089,Entire home/apt,300.0,2.0,59,2026-02-28,0.46,5,360,1,,2026-02
8472935,Rooms with a view in Christchurch,44620039,Carol,Christchurch City,Cashmere Ward,-43.58063,172.63356,Entire home/apt,131.0,2.0,165,2026-02-28,1.29,1,53,6,,2026-02
8476352,cozycozy guest house,22181030,Flora,Christchurch City,Hornby Ward,-43.53458,172.5513,Private room,94.0,1.0,28,2026-01-26,0.23,2,358,4,,2026-01
8476612,Kereru holiday home - Le Bons Bay,1868108,Anna,Christchurch City,Banks Peninsula Ward,-43.74045,173.09303,Entire home/apt,328.0,1.0,38,2025-12-30,1.24,1,340,8,,2025-12
8493225,Studio Unit,44728588,Anita Marie,Christchurch City,Papanui Ward,-43.48535,172.61728,Hotel room,195.0,1.0,5,2024-11-08,0.04,6,334,0,,2024-11
8554890,Potters Croft Garden and B&B,45031191,Jocelyn,Christchurch City,Banks Peninsula Ward,-43.7999,172.97557,Entire home/apt,229.0,2.0,274,2026-03-13,2.16,1,346,30,,2026-03
8815440,Manor Cottage,39214866,Leah,Christchurch City,Fendalton Ward,-43.50156,172.58867,Entire home/apt,173.0,2.0,86,2026-03-08,0.68,2,282,11,,2026-03
8846958,Central Christchurch Cottage,11083016,James,Christchurch City,Central Ward,-43.53261,172.649,Entire home/apt,161.0,2.0,174,2026-03-07,1.39,6,328,16,,2026-03
8969670,é½å¸åºå­--æé¹å­,46874226,Jielian,Christchurch City,Harewood Ward,-43.46835,172.59309,Private room,255.0,2.0,1,2026-02-21,1.0,1,363,1,,2026-02
9189593,"Modern, 3bdrm Apartment - Close to City Centre",47808157,Wayne,Christchurch City,Fendalton Ward,-43.5158,172.6248,Entire home/apt,662.0,1.0,89,2025-07-16,0.7,3,307,1,,2025-07
9235519,"Lovely, sunny 2 bedrooms, 1 block to Sumner beach.",37373022,Sharon,Christchurch City,Heathcote Ward,-43.57386,172.76726,Private room,206.0,1.0,78,2026-03-08,0.88,1,144,8,,2026-03
9392387,Birdsong Lodge,47575189,Tanya,Christchurch City,Banks Peninsula Ward,-43.7263,172.78377,Entire home/apt,394.0,2.0,294,2026-03-14,2.36,1,314,12,,2026-03
9638026,"Amazing Sea views, self-contained. Christchurch",21226430,Siobhan,Christchurch City,Heathcote Ward,-43.56566,172.72121,Entire home/apt,270.0,14.0,123,2026-01-01,1.13,1,89,6,,2026-01
9682036,Koromiko Farm Stay @ Loch Sloy Farm Little River,42799059,Rob,Christchurch City,Banks Peninsula Ward,-43.781,172.78958,Entire home/apt,325.0,1.0,234,2026-03-06,1.92,2,2,24,,2026-03
9700667,Karl Popper Retreat,20309792,Michael,Christchurch City,Cashmere Ward,-43.57696,172.6309,Entire home/apt,194.0,1.0,159,2026-03-09,1.3,1,324,5,,2026-03
9734677,"Spacious bedroom, en suit and patio",50228570,Mark,Christchurch City,Banks Peninsula Ward,-43.67916,172.65324,Private room,105.0,2.0,5,2017-02-15,0.04,1,361,0,,2017-02
9845550,New Lease of Life for Unit 8,50694865,Hotel,Christchurch City,Fendalton Ward,-43.520267,172.626251,Entire home/apt,224.0,1.0,168,2026-02-27,1.36,11,351,2,,2026-02
10176247,Stylish 2 Bed Guest Wing near Airport inc Netflix,25471419,Cheryl,Christchurch City,Fendalton Ward,-43.51817,172.59099,Private room,126.0,1.0,314,2026-03-09,2.54,2,241,25,,2026-03
10235867,Moncks bay retreat,8558995,Judith,Christchurch City,Heathcote Ward,-43.56726,172.74426,Private room,100.0,2.0,40,2026-03-03,0.53,3,143,5,,2026-03
10282667,Brickledown Cottage in Central location......,52886843,Jo,Christchurch City,Central Ward,-43.53154,172.65214,Entire home/apt,263.0,2.0,450,2026-03-15,3.65,1,243,53,,2026-03
10283682,Akaroa Cottage,52894210,Annette,Christchurch City,Banks Peninsula Ward,-43.79935,172.97332,Entire home/apt,200.0,1.0,310,2026-03-14,2.51,1,275,25,,2026-03
10339095,"Magnolia Cottage Boutique BnB
- Private Suite -",53205819,Julie,Christchurch City,Banks Peninsula Ward,-43.62882,172.7397,Private room,194.0,1.0,56,2026-02-17,0.49,1,27,3,,2026-02
10342831,"Self-Contained Studio 
| 10 min to City + Parking",53230965,Ailsa,Christchurch City,Cashmere Ward,-43.56417,172.65503,Entire home/apt,95.0,1.0,610,2026-03-10,4.94,1,171,61,,2026-03
10528665,Rose Cottage. Central City.,54292480,Rose,Christchurch City,Central Ward,-43.52647,172.64719,Entire home/apt,263.0,1.0,411,2026-03-04,3.35,1,274,53,,2026-03
10792884,Vintage charm - 1930s Home with Luxe Bedding,52334730,Sutza,Christchurch City,Cashmere Ward,-43.56710052490234,172.6211395263672,Entire home/apt,171.0,2.0,297,2026-03-14,2.44,1,252,27,,2026-03
10910045,Room with a View to the Mountains,32636421,Karyn,Christchurch City,Cashmere Ward,-43.56814,172.64783,Private room,149.0,2.0,15,2026-03-02,0.13,3,364,2,,2026-03
10973248,Rivendell Cottage in Christchurch CBD,56932783,Pam,Christchurch City,Central Ward,-43.5271,172.64739,Private room,143.0,2.0,126,2026-03-15,1.44,1,149,20,,2026-03
11104969,Pool House - Peaceful Sun Trap,57677232,Richard,Christchurch City,Heathcote Ward,-43.5597,172.66637,Entire home/apt,169.0,2.0,65,2026-03-01,0.53,1,179,4,,2026-03
11325254,Great Views on Cashmere hills.,44327253,Benjamin,Christchurch City,Cashmere Ward,-43.57474,172.63415,Entire home/apt,,7.0,7,2026-01-14,0.06,1,3,1,,2026-01
11326368,Recently Renovated Two Bedroom Unit near the Park,50694865,Hotel,Christchurch City,Fendalton Ward,-43.520267,172.626251,Entire home/apt,403.0,1.0,120,2023-02-04,0.98,11,340,0,,2023-02
11419685,Cave Rock Guest House - studio apartment,59970552,Gayle,Christchurch City,Heathcote Ward,-43.56648,172.75864,Entire home/apt,194.0,1.0,70,2026-03-13,0.59,2,197,16,,2026-03
11529335,Merivale Self-contained Studio,21295271,Margaret,Christchurch City,Fendalton Ward,-43.51583,172.62082,Entire home/apt,115.0,1.0,637,2026-03-03,5.41,1,257,74,,2026-03
11535067,Delightful Sleep-out in Bryndwr,60851743,Marianne & John,Christchurch City,Fendalton Ward,-43.50298,172.5856,Entire home/apt,137.0,1.0,473,2026-03-16,3.87,1,337,55,,2026-03
11576486,Family friendly Eco Stay,30825105,Shaun And Vanessa,Christchurch City,Banks Peninsula Ward,-43.76331,172.80575,Entire home/apt,286.0,1.0,149,2026-02-13,1.46,2,337,22,,2026-02
11623658,Comfortable Sunny unit,60973927,Alice,Christchurch City,Heathcote Ward,-43.55609,172.64138,Entire home/apt,183.0,1.0,2,2025-10-12,0.05,1,233,1,,2025-10
11698497,Westmorland 3 bedroom Apartment,62170065,Maree,Christchurch City,Halswell Ward,-43.58115,172.59828,Entire home/apt,100.0,28.0,54,2025-04-14,0.44,1,111,1,,2025-04
11704236,Modern house close to city and parks,62214991,Zhen,Christchurch City,Fendalton Ward,-43.52177,172.60927,Private room,171.0,2.0,12,2025-02-22,0.1,1,88,0,,2025-02
11852621,"Spa pool with great views,  Lyttelton/Christchurch",55159216,Gregor,Christchurch City,Banks Peninsula Ward,-43.60254,172.72462,Entire home/apt,265.0,1.0,888,2026-03-05,7.49,1,321,76,,2026-03
11927990,Fabulous Reviews : Host of The Year Finalist 2022,16967897,Joan,Christchurch City,Riccarton Ward,-43.529441833496094,172.60879516601562,Entire home/apt,,2.0,223,2024-03-05,1.84,2,0,0,,2024-03
11976730,2 bed house near Beach + Cycleway 15min to CBD,64000316,Sue,Christchurch City,Heathcote Ward,-43.55985,172.73823,Private room,799.0,4.0,54,2026-02-27,0.45,1,270,3,,2026-02
12073907,Grassmere Estate  With Beautiful Tranquil Gardens,64702979,Kim And Mandy,Christchurch City,Papanui Ward,-43.49461,172.61691,Entire home/apt,262.0,1.0,250,2026-02-28,2.1,1,204,18,,2026-02
12156954,Spacious Guest Unit in Central City,19256013,Robyn,Christchurch City,Fendalton Ward,-43.51502,172.6111,Entire home/apt,190.0,3.0,41,2024-11-29,0.47,2,67,0,,2024-11
12231418,Cosy stand-alone studio - breakfast included,65811094,Anna,Christchurch City,Heathcote Ward,-43.55375,172.64607,Entire home/apt,108.0,1.0,497,2026-03-05,4.46,1,52,56,,2026-03
12363747,Cozy Self-Contained Studio with Beachside Charm,66691457,Tracy,Christchurch City,Coastal Ward,-43.48418,172.72136,Entire home/apt,177.0,1.0,57,2026-02-27,0.75,1,35,4,,2026-02
12527841,"Close to City, Shops and Transport",54012179,Bob,Christchurch City,Innes Ward,-43.50933,172.63953,Entire home/apt,186.0,2.0,99,2026-03-01,0.84,6,90,4,,2026-03
12613591,"Airport Studio, King bed. NO CLEANING  FEE.",67545571,Sharon,Christchurch City,Papanui Ward,-43.49814,172.59603,Entire home/apt,149.0,1.0,1518,2026-03-20,12.65,3,260,90,,2026-03
12907550,cozycozy guest house,22181030,Flora,Christchurch City,Hornby Ward,-43.53618,172.55261,Private room,97.0,1.0,10,2026-02-27,0.26,2,364,4,,2026-02
12957037,Freshly Renovated Studio Unit #3,50694865,Hotel,Christchurch City,Central Ward,-43.5214,172.62527,Entire home/apt,224.0,1.0,177,2025-12-06,1.5,11,344,1,,2025-12
13018855,Inner City Comfort,2836786,Karen,Christchurch City,Central Ward,-43.52794,172.64569,Private room,217.0,1.0,288,2026-03-11,2.42,1,353,22,,2026-03
13086620,Finca Flora Cottage,72625380,Kath,Christchurch City,Halswell Ward,-43.5928,172.5476,Entire home/apt,143.0,2.0,146,2026-03-15,1.23,1,339,13,,2026-03
13434509,"Coombe Farm, B&B, Akaroa, Banks Peninsula",33238586,Kathrine,Christchurch City,Banks Peninsula Ward,-43.78468,172.98529,Private room,286.0,1.0,163,2026-02-19,1.45,2,169,36,,2026-02
13548527,"""Home away from Home"" - warm, sunny, welcoming.",73257997,Keryn,Christchurch City,Spreydon Ward,-43.55942,172.61579,Entire home/apt,,1.0,189,2026-03-08,1.59,1,0,16,,2026-03
13589008,City-Fringe Oasis with Carpark in Christchurch,69693674,Ben,Christchurch City,Central Ward,-43.51453,172.65018,Entire home/apt,,3.0,40,2026-03-01,1.31,2,2,12,,2026-03
13632399,Private Queen Room Near City Centre,4606077,Tawny,Christchurch City,Innes Ward,-43.51567,172.64604,Private room,109.0,2.0,109,2026-02-28,0.92,2,233,7,,2026-02
13687446,Haven in Hillmorton,28035432,Cathie,Christchurch City,Spreydon Ward,-43.55469,172.59022,Entire home/apt,117.0,1.0,155,2026-03-16,1.72,1,158,34,,2026-03
13815512,3min walk to shops &10min drive to city +FreePark,81355264,Carolyn And Alan,Christchurch City,Cashmere Ward,-43.55765,172.65673,Entire home/apt,183.0,1.0,57,2026-03-04,2.92,1,247,29,,2026-03
13817933,The Black Hut,81390838,Perfect Stays,Christchurch City,Fendalton Ward,-43.51330185,172.6190033,Entire home/apt,100.0,28.0,125,2024-02-17,1.06,47,245,0,,2024-02
13847996,Christchurch Base,15484405,Clare,Christchurch City,Cashmere Ward,-43.57261,172.63826,Entire home/apt,292.0,3.0,95,2026-02-15,0.82,2,291,9,,2026-02
13926671,Cute apartment in great location,38806771,Martin,Christchurch City,Spreydon Ward,-43.54343,172.6181,Entire home/apt,158.0,6.0,89,2026-03-17,0.77,1,136,7,,2026-03
13927470,"Rossall BnB-Self cont. unit, bkfast, 2k city, keys",82731402,Rossall BnB,Christchurch City,Fendalton Ward,-43.51819,172.61528,Entire home/apt,183.0,1.0,358,2026-03-11,3.06,1,294,65,,2026-03
13961454,"Modern Home in Beautiful Bay,",82363146,Wendy,Christchurch City,Banks Peninsula Ward,-43.60556,172.69062,Private room,,1.0,8,2026-01-28,0.07,4,0,1,,2026-01
13962354,Cashmere Hills with Stunning Mountain Views,28378709,Angela,Christchurch City,Cashmere Ward,-43.57454,172.6285,Entire home/apt,183.0,2.0,178,2026-02-28,1.62,1,307,25,,2026-02
13979317,"Home, Land and Sea Adventure",83381954,Anji,Christchurch City,Banks Peninsula Ward,-43.60444,172.69045,Private room,143.0,1.0,143,2026-03-07,1.26,2,155,10,,2026-03
14044090,Double room near the beach in North New Brighton,52522304,Michael,Christchurch City,Coastal Ward,-43.50208,172.71265,Private room,47.0,7.0,20,2026-02-16,0.18,2,290,2,,2026-02
14185366,"Saxon Cottage, original 1880's Chch farm cottage",65165410,Helen,Christchurch City,Heathcote Ward,-43.55406,172.69765,Entire home/apt,,1.0,70,2026-02-22,0.94,2,60,1,,2026-02
14358140,"Five Star luxury for one, in the City Centre",88024294,Constantin,Christchurch City,Central Ward,-43.53095,172.62868,Private room,358.0,1.0,134,2025-02-15,1.15,2,333,0,,2025-02
14406415,Two bdrm house. Double/twin room. Garage parking,10986405,Punam,Christchurch City,Riccarton Ward,-43.531864,172.605331,Entire home/apt,156.0,3.0,83,2026-03-07,0.74,1,6,15,,2026-03
14491096,Newly Renovated Studio Unit #2,50694865,Hotel,Christchurch City,Fendalton Ward,-43.520267,172.626251,Entire home/apt,224.0,1.0,177,2026-02-08,1.52,11,359,1,,2026-02
14518648,"Large double bdroom, near Hagley Pk",37461451,Phil & Jo,Christchurch City,Fendalton Ward,-43.52303,172.60494,Private room,611.0,1.0,4,2019-12-22,0.04,1,364,0,,2019-12
14560927,Guests favourite. Close to Airport & University,85049190,Gail,Christchurch City,Waimairi Ward,-43.5166,172.55643,Entire home/apt,140.0,1.0,263,2026-03-20,3.41,1,308,102,,2026-03
14564035,"Sunny, Private Queen Room Near City Centre",4606077,Tawny,Christchurch City,Innes Ward,-43.51464,172.64726,Private room,97.0,2.0,73,2026-03-15,0.83,2,233,9,,2026-03
14635112,"Stand alone, ensuite - The Pool House",90859739,Lynn,Christchurch City,Linwood Ward,-43.54321,172.68812,Private room,183.0,1.0,446,2026-03-16,3.95,1,319,37,,2026-03
14702230,SiloStay - one of it's kind in the world,91435809,Rob,Christchurch City,Banks Peninsula Ward,-43.76857,172.79229,Entire home/apt,275.0,1.0,392,2026-03-14,3.44,1,363,41,,2026-03
14885987,Halfmoon Cottage at the head of Akaroa harbour.,93365561,Cor & Margo,Christchurch City,Banks Peninsula Ward,-43.75784,172.91221,Private room,153.0,1.0,244,2025-02-12,2.12,4,5,0,,2025-02
14937801,Back House of Papanui,50163342,Susie,Christchurch City,Papanui Ward,-43.49113,172.59717,Entire home/apt,252.0,2.0,270,2026-02-28,2.33,2,76,12,,2026-02
14981360,Hidden Gem - Homestay,94400943,Sharon,Christchurch City,Innes Ward,-43.4962,172.65997,Private room,194.0,1.0,4,2025-02-23,0.05,1,363,0,,2025-02
15100620,The Red Bus,95619739,Arielle,Christchurch City,Banks Peninsula Ward,-43.76101,172.79675,Entire home/apt,,1.0,538,2026-02-15,4.69,1,0,13,,2026-02
15113463,"NEW,stylish, contemporary New Zealand architecture",95753227,David Campbell,Christchurch City,Fendalton Ward,-43.51437377929688,172.62033081054688,Private room,212.0,1.0,101,2026-03-01,0.91,1,156,9,,2026-03
15186868,Private Garden Cabin - on airport bus route,20397105,Lesley,Christchurch City,Linwood Ward,-43.54337,172.66765,Entire home/apt,100.0,2.0,139,2026-03-12,1.22,1,166,12,,2026-03
15207542,"Breathtaking Ocean Views in Modern Comfort, Room 1",24026499,Lynne,Christchurch City,Heathcote Ward,-43.57053,172.72278,Private room,137.0,3.0,24,2026-03-08,0.25,2,246,7,,2026-03
15207638,"Breathtaking Ocean Views in Modern Comfort, Room 2",24026499,Lynne,Christchurch City,Heathcote Ward,-43.57138,172.72156,Private room,137.0,3.0,63,2026-03-02,0.58,2,156,5,,2026-03
15238281,Central City Bungalow,96878073,Deborah,Christchurch City,Central Ward,-43.520057678222656,172.64767456054688,Entire home/apt,150.0,1.0,122,2026-03-16,1.09,1,331,72,,2026-03
15240118,St James Mews- townhouse central to everything.,96897151,Sue,Christchurch City,Riccarton Ward,-43.53098,172.60669,Private room,112.0,1.0,260,2026-03-15,2.37,1,88,29,,2026-03
15315107,Luxury Moncks Bay B&B over looking the sea.,5778688,Catherine,Christchurch City,Heathcote Ward,-43.56741,172.74499,Private room,272.0,2.0,108,2026-03-10,1.07,1,261,5,,2026-03
15397099,"Kia OraãFormosa
ååãç¦ç¾æ©æ²",28327900,Andrei & June,Christchurch City,Cashmere Ward,-43.56204,172.61723,Private room,101.0,2.0,26,2026-03-07,0.27,1,226,8,,2026-03
15423628,A Slice of Paradise in the City,98854449,Marisa,Christchurch City,Cashmere Ward,-43.5623,172.63601,Entire home/apt,286.0,1.0,288,2026-03-21,2.52,1,12,39,,2026-03
15424952,Garden suite,81876955,Jerry,Christchurch City,Cashmere Ward,-43.56923,172.63571,Entire home/apt,149.0,1.0,257,2026-03-11,2.26,1,285,44,,2026-03
15449789,City Townhouse,70878697,Joanna,Christchurch City,Central Ward,-43.51865,172.63628,Entire home/apt,177.0,28.0,92,2026-01-18,0.81,2,140,3,,2026-01
15454568,Sunny and private townhouse close to city centre,60663898,Ange,Christchurch City,Innes Ward,-43.50932,172.63326,Entire home/apt,380.0,2.0,41,2026-03-09,0.36,1,316,4,,2026-03
15472945,Central & Stylish - Bedroom & Private Bathroom,37744826,Kevin,Christchurch City,Riccarton Ward,-43.52648,172.60572,Private room,137.0,1.0,221,2026-03-19,1.99,1,72,28,,2026-03
15487609,Luxury & Quiet stay @ Entire House in Christchurch,99451014,David,Christchurch City,Halswell Ward,-43.58421767066455,172.58212228465575,Entire home/apt,525.0,1.0,36,2026-02-28,0.9,1,120,12,,2026-02
15509745,House Truck in the Garden - FREE craft workshops*,12996972,Jane,Christchurch City,Banks Peninsula Ward,-43.78824,172.81892,Entire home/apt,98.0,2.0,57,2026-02-07,0.5,6,160,3,,2026-02
15619194,Country House - Super King Space,100696941,Tara-Jayne,Christchurch City,Waimairi Ward,-43.50506,172.56618,Private room,457.0,1.0,2,2021-07-18,0.02,3,89,0,,2021-07
15620471,Hartford House - Christchurch,100696941,Tara-Jayne,Christchurch City,Riccarton Ward,-43.52628,172.60875,Private room,276.0,7.0,12,2026-03-02,0.11,3,364,1,,2026-03
15649991,Streamview Studio Apartments (First Floor),100992313,Tony And Monique,Christchurch City,Innes Ward,-43.50909,172.65481,Entire home/apt,135.0,2.0,120,2023-09-03,1.06,2,295,0,,2023-09
15756388,"Spacious, Comfortable Clocktower Lane Apartment",2185000,Jo,Christchurch City,Central Ward,-43.52408,172.63208,Entire home/apt,353.0,1.0,741,2026-03-14,6.54,5,156,63,,2026-03
15791761,Amazing private space to rest and relax,102162700,Elena,Christchurch City,Banks Peninsula Ward,-43.62637,172.72101,Entire home/apt,160.0,1.0,116,2026-03-07,1.02,1,120,3,,2026-03
15872954,Christchurch Private  Studio Room on Port Hills,15657377,Gerda,Christchurch City,Cashmere Ward,-43.57538,172.6525,Entire home/apt,73.0,24.0,50,2026-03-11,0.46,1,65,12,,2026-03
16017448,Cave Rock Guest House - Sumner beach apartment,59970552,Gayle,Christchurch City,Heathcote Ward,-43.56828,172.75776,Entire home/apt,240.0,1.0,27,2024-11-28,0.24,2,305,0,,2024-11
16030936,The historic Bedouin Hut by the River,56150980,Lynnie,Christchurch City,Banks Peninsula Ward,-43.80556,172.99072,Entire home/apt,129.0,2.0,221,2025-03-02,1.95,2,89,0,,2025-03
16072103,"Chic, modern, 3 bdrm apartment - Merivale",47808157,Wayne,Christchurch City,Fendalton Ward,-43.5146,172.62347,Entire home/apt,662.0,1.0,60,2023-01-28,0.54,3,307,0,,2023-01
16123605,Lyttelton Boatique House - Marina/Harbour Views,76024169,Frances,Christchurch City,Banks Peninsula Ward,-43.6026,172.71657,Entire home/apt,685.0,1.0,23,2025-09-20,0.21,2,331,1,,2025-09
16135359,By the beach and restaurants / Quiet & comfortable,8739275,Beth,Christchurch City,Heathcote Ward,-43.57687,172.76256,Private room,116.0,1.0,10,2025-03-28,0.09,3,129,1,,2025-03
16262345,Garden Cottage near airport,6811155,Nelson And Therese,Christchurch City,Waimairi Ward,-43.51004,172.57445,Entire home/apt,151.0,2.0,782,2026-03-16,6.93,1,161,82,,2026-03
16470077,"B & B,2-bed,value, garden spa, nr city/uni/airport",108085108,Barbara,Christchurch City,Fendalton Ward,-43.51354,172.5774,Private room,97.0,2.0,85,2026-02-28,0.77,3,115,10,,2026-02
16480028,Streamview Studio Apartments (Ground Floor),100992313,Tony And Monique,Christchurch City,Innes Ward,-43.50971,172.65454,Entire home/apt,129.0,2.0,199,2025-11-08,1.77,2,296,1,,2025-11
16517954,"Garden,quiet,queen bed ,b'fast,nr Uni/city/airport",108085108,Barbara,Christchurch City,Fendalton Ward,-43.51354,172.57738,Private room,92.0,2.0,125,2026-03-15,1.13,3,14,27,,2026-03
16578589,Garden Studio with ocean views,12516114,Kaye,Christchurch City,Heathcote Ward,-43.57302,172.7554,Entire home/apt,163.0,2.0,247,2026-03-14,2.2,1,102,23,,2026-03
16591061,Long term double in colourful central city house,41527093,Karen,Christchurch City,Central Ward,-43.52779,172.64685,Private room,61.0,7.0,44,2025-03-15,0.39,5,25,0,,2025-03
16654861,"Longterm double, twin or triple in central city",41527093,Karen,Christchurch City,Central Ward,-43.52779,172.64685,Private room,,7.0,41,2024-05-21,0.37,5,86,0,,2024-05
16665527,"Stylish, charming, stay in our most chic suburb",110222955,Bev,Christchurch City,Fendalton Ward,-43.51142883300781,172.62551879882812,Private room,137.0,1.0,237,2026-03-18,2.13,1,335,60,,2026-03
16798852,Yani Home,111675989,Yani,Christchurch City,Waimairi Ward,-43.51944,172.56245,Private room,92.0,1.0,107,2026-02-27,0.96,1,269,9,,2026-02
16932670,Romantic Shepherds Hut at Coombe Farm B&B,33238586,Kathrine,Christchurch City,Banks Peninsula Ward,-43.78659,172.9838,Entire home/apt,217.0,1.0,398,2026-03-15,3.71,2,204,40,,2026-03
17101050,Relax in Comfort - The Stables- Heart of Lyttelton,59986216,Robin,Christchurch City,Banks Peninsula Ward,-43.60284,172.72009,Entire home/apt,353.0,2.0,147,2026-02-21,1.4,1,355,20,,2026-02
17129214,Cosy Townhouse in the heart of Christchurch,15480413,Jackie,Christchurch City,Central Ward,-43.52857,172.63187,Entire home/apt,205.0,1.0,540,2026-03-19,4.88,2,132,43,,2026-03
17144388,"Diamond Harbour farm cottage, Banks Peninsula.",115272177,Sarah,Christchurch City,Banks Peninsula Ward,-43.64286,172.74139,Entire home/apt,229.0,2.0,28,2025-01-25,0.26,1,359,0,,2025-01
17190653,Single accommodation with own bathroom/ breakfast,96710780,Peter,Christchurch City,Innes Ward,-43.51536,172.6528,Private room,80.0,1.0,662,2026-03-18,6.45,3,146,47,,2026-03
17212549,Riverwood Hut Little River,115864996,Ben And Rachel,Christchurch City,Banks Peninsula Ward,-43.73498,172.82845,Entire home/apt,149.0,2.0,77,2026-02-07,0.7,1,17,2,,2026-02
17223933,Fresh Look Unit One on Carlton Corner,50694865,Hotel,Christchurch City,Fendalton Ward,-43.520267,172.626251,Entire home/apt,224.0,1.0,130,2026-02-21,1.17,11,357,5,,2026-02
17224719,Freshly Renovated Downstairs Studio Unit #6,50694865,Hotel,Christchurch City,Fendalton Ward,-43.520267,172.626251,Entire home/apt,224.0,1.0,90,2023-03-31,0.81,11,336,0,,2023-03
17331633,"""Different, better; place to be to make the scene",116642481,Rowan,Christchurch City,Innes Ward,-43.50854,172.63388,Private room,52.0,2.0,548,2026-03-11,4.99,1,342,35,,2026-03
17389174,Sunny modern room w/ door to garden & own bathroom,117558341,Alison,Christchurch City,Central Ward,-43.5158,172.66294,Private room,63.0,1.0,281,2026-03-18,2.56,1,150,23,,2026-03
17415321,"Stylish, Comfortable Clock Tower View Apartment",2185000,Jo,Christchurch City,Central Ward,-43.52403,172.63203,Entire home/apt,319.0,1.0,643,2026-03-13,5.86,5,276,74,,2026-03
17450806,Amazing sea view in new self contained Apartment,78882771,Noeleen,Christchurch City,Heathcote Ward,-43.56535,172.71674,Entire home/apt,137.0,2.0,81,2026-02-28,0.74,1,55,14,,2026-02
17479227,"Lovely, sunny ensuite home with most facilities",118404180,Dave & Anne,Christchurch City,Burwood Ward,-43.50051,172.68127,Entire home/apt,156.0,2.0,73,2026-01-30,0.67,2,264,4,,2026-01
17516925,Sea View,118765196,David,Christchurch City,Heathcote Ward,-43.57946,172.76543,Private room,97.0,1.0,150,2026-03-07,1.45,1,259,24,,2026-03
17560120,The Gatehouse at Greystones,119195642,Millie,Christchurch City,Hornby Ward,-43.5023,172.43362,Entire home/apt,149.0,1.0,563,2026-03-04,6.06,2,234,79,,2026-03
17612186,Tree House - Across the river with hot tub,56150980,Lynnie,Christchurch City,Banks Peninsula Ward,-43.80356,172.99224,Entire home/apt,212.0,2.0,83,2026-02-28,0.81,2,356,5,,2026-02
17624439,Character Home - Modern Comfort | Close to Airport,24205506,"Mayie, Judi And Karen At Bookahome",Christchurch City,Hornby Ward,-43.52676,172.55393,Entire home/apt,428.0,2.0,135,2026-01-31,1.24,83,304,6,,2026-01
17628262,Double room with en suite and breakfast,96710780,Peter,Christchurch City,Innes Ward,-43.51461,172.65253,Private room,143.0,1.0,576,2026-03-16,5.35,3,122,74,,2026-03
17644287,Recently Renovated Single Room in Quiet Location,42353024,Danielle,Christchurch City,Cashmere Ward,-43.56852,172.64308,Private room,50.0,2.0,125,2026-03-17,1.14,3,171,21,,2026-03
17666972,QUEEN BEDR00M & ENSUITE-BREAKFAST INCLUD,44203564,Pat,Christchurch City,Halswell Ward,-43.57141,172.54318,Private room,97.0,1.0,800,2026-03-14,7.33,1,189,86,,2026-03
17781919,Clocktower Lane Group,2185000,Jo,Christchurch City,Central Ward,-43.52285,172.63149,Entire home/apt,827.0,1.0,52,2024-09-25,0.48,5,254,0,,2024-09
17817425,Rocky Peak Farmstay,121804689,Charlotte,Christchurch City,Banks Peninsula Ward,-43.74381,172.85396,Entire home/apt,337.0,1.0,306,2026-03-18,2.82,1,281,79,,2026-03
17905806,"Airport apartment spacious, warm, families welcome",52737733,Helen,Christchurch City,Harewood Ward,-43.47903,172.58386,Entire home/apt,134.0,3.0,628,2025-11-24,5.83,1,298,34,,2025-11
18076578,Relaxing and Friendly in Fendalton,82621971,Joy And Brendon,Christchurch City,Fendalton Ward,-43.51233,172.59935,Private room,137.0,1.0,147,2026-03-01,1.49,1,264,30,,2026-03
18240301,SUBURBAN OASIS,57214122,Jo,Christchurch City,Heathcote Ward,-43.55464,172.64506,Private room,109.0,1.0,216,2026-03-08,2.02,1,335,24,,2026-03
18293759,"City Paradise  
CabbageTree Retreat",126515549,Vicky,Christchurch City,Central Ward,-43.52263,172.65459,Entire home/apt,163.0,2.0,355,2026-03-17,3.35,1,344,33,,2026-03
18383873,Super king,127329302,Jay,Christchurch City,Riccarton Ward,-43.52988,172.58196,Private room,198.0,1.0,4,2025-11-27,0.04,6,327,1,,2025-11
18394427,One bedroom suite with space,127329302,Jay,Christchurch City,Riccarton Ward,-43.53148,172.58209,Private room,227.0,1.0,1,2017-05-29,0.01,6,341,0,,2017-05
18466951,"HOME AWAY FROM HOME
ARENA#STADIUM#TRANZALPINE#CITY",125315385,Leeanne And David,Christchurch City,Spreydon Ward,-43.54962,172.60355,Entire home/apt,139.0,1.0,678,2026-03-16,6.27,1,279,74,,2026-03
18510612,French Vintage Style Cottage Close To Central City,14836489,Tiffany,Christchurch City,Heathcote Ward,-43.54991,172.65205,Private room,189.0,1.0,0,,,1,364,0,,
18549752,The East Penthouse,90996140,Meedoo,Christchurch City,Central Ward,-43.53055,172.63852,Private room,6277.0,1.0,0,,,1,179,0,,
18584458,"Beautiful Bush Setting, 5 mins from Airport.",129035891,Paula,Christchurch City,Harewood Ward,-43.46262,172.59438,Private room,132.0,1.0,130,2026-03-10,1.29,1,353,17,,2026-03
18598438,"Secure & Private, Cosy Fun Design, Airport 4 min",129155259,Andrea,Christchurch City,Waimairi Ward,-43.50107,172.56246,Entire home/apt,207.0,1.0,936,2026-03-16,8.83,1,103,97,,2026-03
18639805,Newly Renovated Downstairs Studio Unit #5,50694865,Hotel,Christchurch City,Fendalton Ward,-43.520267,172.626251,Entire home/apt,224.0,1.0,89,2021-02-27,0.83,11,329,0,,2021-02
18659644,Banks Peninsula Cottage-Paradise near Christchurch,129676037,Rowan,Christchurch City,Banks Peninsula Ward,-43.72316,172.71741,Entire home/apt,133.0,2.0,569,2026-03-15,5.28,1,255,21,,2026-03
18722018,Self Contained Guest House.,130194847,Jennifer,Christchurch City,Papanui Ward,-43.50092,172.6215,Entire home/apt,183.0,2.0,208,2026-03-04,1.95,1,250,10,,2026-03
18725148,Happy house with cat/ dog housemate,115396571,Stuart,Christchurch City,Papanui Ward,-43.4713,172.62645,Private room,52.0,3.0,4,2026-03-07,0.05,1,173,1,,2026-03
18759969,Hillside studio in sea side suburb of Sumner,108574985,Don,Christchurch City,Heathcote Ward,-43.57359,172.75569,Entire home/apt,155.0,2.0,142,2026-03-17,1.42,1,214,28,,2026-03
18815287,Banks Peninsula Heritage Farmhouse | Sleeps 17,131004794,Annabel,Christchurch City,Banks Peninsula Ward,-43.67506,173.01616,Entire home/apt,638.0,2.0,93,2026-02-17,0.87,2,246,17,,2026-02
18899315,CBD Loft Style Apartment with Free Valet Parking,98868319,Nicole & Shane,Christchurch City,Central Ward,-43.52952,172.63951,Entire home/apt,520.0,1.0,450,2026-03-10,4.25,2,219,38,,2026-03
19000230,LOCATION .. central to everything! Sunny + modern!,905079,Fiona And Steven,Christchurch City,Fendalton Ward,-43.51804,172.58487,Private room,126.0,2.0,236,2026-03-01,2.21,1,261,22,,2026-03
19062729,Spacious Family Home in Top Location,133071277,Nicole,Christchurch City,Fendalton Ward,-43.51984,172.62534,Entire home/apt,662.0,5.0,13,2026-01-03,0.13,1,15,1,,2026-01
19234121,Serviced Guest suite in City Centre,87223355,Karen,Christchurch City,Central Ward,-43.53199,172.64397,Private room,125.0,1.0,811,2026-03-18,7.66,3,164,81,,2026-03
19317417,Enchanting Garden House,128288659,Nicola,Christchurch City,Innes Ward,-43.50574,172.64142,Private room,121.0,1.0,162,2026-03-12,4.22,1,342,45,,2026-03
19610023,The Hut,400942547,Krista,Christchurch City,Heathcote Ward,-43.57225,172.7726,Entire home/apt,155.0,1.0,840,2026-03-13,8.06,2,336,73,,2026-03
19704351,Attached studio by the beach (plus breakfast),5155590,Emma,Christchurch City,Coastal Ward,-43.53905,172.74399,Private room,194.0,1.0,184,2026-03-11,1.76,1,22,19,,2026-03
19811335,Central City Apt. 2 bed with Private car park,87223355,Karen,Christchurch City,Central Ward,-43.53118,172.64377,Entire home/apt,166.0,1.0,793,2026-03-19,7.73,3,117,98,,2026-03
19812732,Prestigious Country stay  10ks from CBD,139965217,Sharyn,Christchurch City,Halswell Ward,-43.60153,172.57083,Entire home/apt,172.0,2.0,214,2025-01-12,2.06,1,48,0,,2025-01
19895931,10 Min to Christchurch Airport | Private Sleepout,140868766,Michelle,Christchurch City,Hornby Ward,-43.53266,172.53843,Entire home/apt,182.0,1.0,277,2026-03-19,2.62,2,323,26,,2026-03
20057526,Maison Rouge,63850245,Danielle,Christchurch City,Central Ward,-43.51784,172.65733,Entire home/apt,206.0,2.0,347,2026-02-28,3.32,2,329,24,,2026-02
20092239,Great Townhouse in Superb location,47808157,Wayne,Christchurch City,Fendalton Ward,-43.51605,172.62365,Entire home/apt,662.0,1.0,44,2024-10-03,0.43,3,337,0,,2024-10
20139393,Snowberry Cottage @ Loch Sloy Farm Little River,42799059,Rob,Christchurch City,Banks Peninsula Ward,-43.7817,172.79195,Entire home/apt,160.0,1.0,188,2026-03-06,1.82,2,335,10,,2026-03
20159264,Hawthornden Studio - Rural Retreat In ChCh City,143455926,Sarah,Christchurch City,Waimairi Ward,-43.50211,172.55357,Entire home/apt,177.0,1.0,826,2026-03-15,7.92,1,96,88,,2026-03
20175384,Luxury caravan for hire,132350084,Nz4u2u,Christchurch City,Harewood Ward,-43.46646,172.58437,Entire home/apt,238.0,3.0,0,,,1,178,0,,
20284776,Huntsbury Hill - private entrance Studio room,135707633,Ursula,Christchurch City,Cashmere Ward,-43.57083,172.65511,Entire home/apt,152.0,1.0,14,2025-11-27,0.14,1,175,5,,2025-11
20833847,Queen Room+Private Bath! Walk to CBD/Stadium/ARA,148639945,Coco,Christchurch City,Heathcote Ward,-43.54802,172.64331,Private room,69.0,3.0,93,2026-02-12,0.92,1,37,24,,2026-02
20851461,Sweet Nemo's home,48293367,Alina,Christchurch City,Spreydon Ward,-43.54439,172.61301,Private room,2169.0,1.0,28,2019-02-04,0.27,1,89,0,,2019-02
20961000,Waterfront holiday Home - Vizcaya,97577560,Howard And Sarah,Christchurch City,Banks Peninsula Ward,-43.64529,172.70996,Entire home/apt,309.0,2.0,169,2026-03-15,1.64,1,153,13,,2026-03
21097347,What you are Really Looking for!,148604490,Leigh,Christchurch City,Spreydon Ward,-43.55663,172.58995,Entire home/apt,252.0,2.0,454,2026-02-08,4.47,3,347,23,,2026-02
21111023,City View - Affordable Luxury 5kms From The City,152241212,Jo,Christchurch City,Cashmere Ward,-43.57383,172.63483,Private room,141.0,2.0,234,2026-01-07,2.28,2,248,39,,2026-01
21125919,Garden Rm: Book Two Bdrms When 3-4 Travel 2gether.,152241212,Jo,Christchurch City,Cashmere Ward,-43.57257,172.63441,Private room,135.0,2.0,103,2026-01-05,1.0,2,185,2,,2026-01
21178486,Garden apartment with panoramic coastal views.,53657941,Steve,Christchurch City,Heathcote Ward,-43.56405,172.72342,Entire home/apt,189.0,2.0,188,2026-02-25,1.84,1,138,13,,2026-02
21194575,Cozy Tidy  Close to town and Amenities  .,153075592,Behrooz,Christchurch City,Innes Ward,-43.51167,172.6359,Private room,74.0,2.0,13,2023-11-17,0.2,1,6,0,,2023-11
21255028,Waipapa -The Heart of the Harbour (& breakfast),37434003,Antje,Christchurch City,Banks Peninsula Ward,-43.6254997253418,172.7392120361328,Private room,206.0,1.0,15,2026-01-09,0.57,2,46,3,,2026-01
21270822,Central City 2 Bed Townhouse With Free Parking,49642171,Lily-SimplyHost,Christchurch City,Central Ward,-43.53299406902957,172.65004228941075,Entire home/apt,262.0,1.0,25,2026-01-30,1.16,95,327,11,,2026-01
21315101,"Comfortable, Contemporary City Space",2185000,Jo,Christchurch City,Central Ward,-43.52336,172.63215,Entire home/apt,296.0,1.0,481,2026-03-12,4.75,5,245,38,,2026-03
21451015,"Merivale -  Location, Location",135791498,Rochelle,Christchurch City,Fendalton Ward,-43.51312,172.61856,Entire home/apt,355.0,1.0,288,2026-03-07,2.82,3,170,32,,2026-03
21476778,Beach Life Getaway!,64000277,Janice,Christchurch City,Coastal Ward,-43.48134231567383,172.72076416015625,Private room,132.0,1.0,148,2026-03-20,1.47,1,119,14,,2026-03
21631465,Discover Port Hills with this Beauty + Breakfast!,114115162,Ollie,Christchurch City,Heathcote Ward,-43.56367,172.66984,Private room,100.0,1.0,550,2026-03-12,5.47,1,307,55,,2026-03
21669515,Deluxe Private Studio close to Airport,90897150,Machi & Roger,Christchurch City,Harewood Ward,-43.47928,172.58117,Entire home/apt,148.0,1.0,937,2026-03-18,9.21,1,259,139,,2026-03
21680282,Beach House - South Brighton 2 bedroom unit,135886387,Peter,Christchurch City,Coastal Ward,-43.5339,172.74123,Entire home/apt,149.0,2.0,121,2026-02-28,1.62,1,19,19,,2026-02
21702984,Beckenham retreat-no cleaning fee,143593937,Gill,Christchurch City,Cashmere Ward,-43.56474,172.64401,Private room,92.0,1.0,741,2026-03-18,7.3,1,40,105,,2026-03
21714617,Cosy on College Rd,158102210,Megan And Ra,Christchurch City,Banks Peninsula Ward,-43.59786,172.72718,Entire home/apt,126.0,2.0,100,2026-02-17,0.98,1,6,14,,2026-02
21717082,Addington-10min/Rail/Wolfbrook Arena/Races/Room A,157981094,Carla,Christchurch City,Spreydon Ward,-43.54193,172.60707,Private room,120.0,1.0,252,2026-03-13,2.51,2,267,20,,2026-03
21731055,Rustic Cabin,158251762,Fiona Grace,Christchurch City,Banks Peninsula Ward,-43.71518,172.8968,Entire home/apt,126.0,1.0,436,2026-02-28,4.38,2,258,34,,2026-02
21756241,Elevated home with hill views,157580521,Mary Ann,Christchurch City,Heathcote Ward,-43.55957,172.6702,Private room,80.0,1.0,169,2026-03-12,1.72,1,293,25,,2026-03
21770759,Addington-5min Tranz-Rail /Event Centre/Races-Rm B,157981094,Carla,Christchurch City,Spreydon Ward,-43.54193,172.60707,Private room,120.0,1.0,145,2026-03-14,1.46,2,258,28,,2026-03
21848694,Akaroa Coastal Cabin,47422452,Oliver,Christchurch City,Banks Peninsula Ward,-43.83113,172.94567,Entire home/apt,280.0,1.0,245,2026-03-02,2.42,2,205,62,,2026-03
21848740,The Black House - Akaroa Harbour,28321324,Catherine,Christchurch City,Banks Peninsula Ward,-43.83186,172.90221,Entire home/apt,434.0,3.0,79,2026-02-16,0.8,1,165,10,,2026-02
21885178,Airport Haven  with Netflix. NO CLEANING FEE.,67545571,Sharon,Christchurch City,Harewood Ward,-43.48136,172.56753,Entire home/apt,160.0,1.0,1380,2026-03-14,13.62,3,234,118,,2026-03
21913607,Apartment in tranquil surroundings,159886085,Clare,Christchurch City,Cashmere Ward,-43.569,172.63509,Entire home/apt,229.0,2.0,87,2026-03-08,0.86,1,259,7,,2026-03
21950707,Okereru - Relax & Recharge,160238893,Kimberley,Christchurch City,Banks Peninsula Ward,-43.81208,172.89129,Entire home/apt,,1.0,341,2025-04-19,3.42,1,0,9,,2025-04
22130249,Self Contained Studio 10 min from City,45165874,Tania,Christchurch City,Linwood Ward,-43.5420367,172.6694475,Entire home/apt,140.0,2.0,200,2026-03-14,1.99,1,89,35,,2026-03
22148690,"Near from airport, quiet and cozy!",160962130,JosÃ© Alexandre,Christchurch City,Waimairi Ward,-43.5015,172.58418,Private room,84.0,1.0,0,,,1,364,0,,
22181841,Cashmere Hideaway - with mountain views,31696883,Victoria,Christchurch City,Cashmere Ward,-43.56824,172.62874,Entire home/apt,136.0,2.0,116,2026-02-19,1.2,1,197,1,,2026-02
22193925,One Bedroom Spa Bath Apartment,44728588,Anita Marie,Christchurch City,Papanui Ward,-43.485,172.61692,Hotel room,215.0,1.0,4,2025-03-12,0.04,6,353,0,,2025-03
22252261,Christchurch 4bdrm close to Hagley Park Riccarton,76237120,Deb,Christchurch City,Riccarton Ward,-43.53122251169707,172.6098010316491,Entire home/apt,257.0,2.0,201,2026-02-14,2.06,2,55,38,,2026-02
22321748,Merivale/city modern & private 15 mins walk to CBD,64344206,Amie,Christchurch City,Fendalton Ward,-43.51234,172.6256,Entire home/apt,217.0,2.0,125,2025-07-17,1.25,4,306,2,,2025-07
22388288,Classic Kiwi Style Accommodation,163728866,Karl,Christchurch City,Spreydon Ward,-43.5615,172.60208,Entire home/apt,,14.0,169,2020-03-03,1.69,1,0,0,,2020-03
22413337,6min to city centre | Cosy & Quiet Vintage Retreat,133886406,Nicole,Christchurch City,Heathcote Ward,-43.5526632,172.642893,Entire home/apt,179.0,1.0,365,2026-03-19,3.64,1,1,36,,2026-03
22422999,Cass Bay Home with a View,150238968,Michele And Andrew,Christchurch City,Banks Peninsula Ward,-43.60442,172.68787,Private room,160.0,1.0,164,2026-03-09,1.65,1,180,16,,2026-03
22509016,Comfortable stay with comforting view,42103536,Tia,Christchurch City,Hornby Ward,-43.52673,172.52733,Entire home/apt,383.0,1.0,41,2026-03-11,0.45,1,63,21,,2026-03
22555308,Peaceful Pocket,12678171,Jo,Christchurch City,Innes Ward,-43.50357,172.63884,Entire home/apt,343.0,2.0,20,2026-02-20,0.54,2,8,3,,2026-02
22556692,Studio Access,44728588,Anita Marie,Christchurch City,Papanui Ward,-43.48675,172.61604,Hotel room,193.0,1.0,3,2020-01-04,0.03,6,348,0,,2020-01
22570965,One Bedroom Apartment,44728588,Anita Marie,Christchurch City,Papanui Ward,-43.48606,172.61688,Hotel room,208.0,1.0,3,2022-04-27,0.03,6,334,0,,2022-04
22571185,Spa Bath Studio,44728588,Anita Marie,Christchurch City,Papanui Ward,-43.48509,172.61774,Hotel room,202.0,1.0,4,2024-07-26,0.04,6,345,0,,2024-07
22571313,Two Bedroom Spa Bath Apartment,44728588,Anita Marie,Christchurch City,Papanui Ward,-43.48523,172.61557,Hotel room,221.0,1.0,8,2025-02-07,0.08,6,344,0,,2025-02
22636676,"Bryndwr beauty with free breakfast, Wifi & Netflix",166671081,Wendy,Christchurch City,Waimairi Ward,-43.50081,172.58361,Entire home/apt,132.0,1.0,781,2026-03-13,7.83,1,158,70,,2026-03
22636858,Airport Express Cosy Studio 3 min drive to Airport,166675010,Gordon And Wendy,Christchurch City,Waimairi Ward,-43.49745,172.5632,Entire home/apt,160.0,1.0,380,2020-04-03,3.82,1,263,0,,2020-04
22656416,RELAX IN THE POOL - STAYING IN CBD BY CATHEDRAL,166878022,Michelle,Christchurch City,Central Ward,-43.53162,172.63783,Entire home/apt,298.0,1.0,565,2026-03-08,5.71,2,200,36,,2026-03
22675910,Major Vista,10355302,Dene,Christchurch City,Heathcote Ward,-43.5671872,172.7162891,Entire home/apt,283.0,2.0,10,2026-02-28,3.45,1,59,10,,2026-02
22691445,Latimer Square City Apartment,105411232,Emma,Christchurch City,Central Ward,-43.53248,172.64463,Entire home/apt,217.0,1.0,460,2026-03-02,4.62,3,240,15,,2026-03
22756405,Clocktower Lane Contemporary Group,2185000,Jo,Christchurch City,Central Ward,-43.52339,172.63,Entire home/apt,764.0,1.0,9,2025-08-16,0.1,5,288,1,,2025-08
22792957,Airport Apartment,167999187,Lauris,Christchurch City,Harewood Ward,-43.4771,172.5824,Entire home/apt,166.0,1.0,169,2026-03-16,1.71,1,170,14,,2026-03
22846350,English Manor,166257994,Leanne,Christchurch City,Harewood Ward,-43.46004,172.58813,Entire home/apt,200.0,2.0,37,2025-02-22,0.38,1,355,0,,2025-02
22973894,Quiet unit by the hill & the bay. (Sorry no Shops),110400359,Cathy,Christchurch City,Banks Peninsula Ward,-43.61911,172.64747,Entire home/apt,171.0,1.0,376,2026-03-08,3.83,1,115,21,,2026-03
23025099,Akaroa Sunshine Views and Spa Pool !!,161209435,Annie,Christchurch City,Banks Peninsula Ward,-43.80869,172.97298,Entire home/apt,326.0,2.0,167,2026-02-10,1.69,1,129,6,,2026-02
23065093,Twin or single room,41527093,Karen,Christchurch City,Central Ward,-43.52779,172.64685,Private room,65.0,7.0,37,2026-01-11,0.38,5,35,4,,2026-01
23149005,Bottle Lake En-suite. Great wifi 12pm checkout!!,88769311,Steve,Christchurch City,Coastal Ward,-43.47105,172.69943,Entire home/apt,103.0,1.0,540,2026-03-16,6.32,1,156,67,,2026-03
23166665,Central City Comfort and Style off street parking,82911111,Jo,Christchurch City,Innes Ward,-43.5056,172.64269,Private room,149.0,2.0,67,2025-02-16,0.68,1,151,0,,2025-02
23204560,Retro Hut,158251762,Fiona Grace,Christchurch City,Banks Peninsula Ward,-43.71427,172.89668,Entire home/apt,103.0,1.0,292,2026-03-07,2.96,2,253,22,,2026-03
23258663,Much more than a hotel!  Central city location.,137200167,Emma,Christchurch City,Central Ward,-43.52916,172.64957,Entire home/apt,252.0,1.0,118,2026-03-01,1.42,2,335,5,,2026-03
23279192,Queen Bed - bedroom 2,173308474,Dawn,Christchurch City,Waimairi Ward,-43.4995527,172.5654651,Private room,64.0,1.0,126,2026-03-05,8.94,3,237,104,,2026-03
23313394,Sunny studio with estuary and mountain views,17665598,Cecile,Christchurch City,Heathcote Ward,-43.56068,172.72159,Entire home/apt,164.0,1.0,51,2026-03-14,0.52,1,57,9,,2026-03
23340874,Airport / rental car companies very close.,173866719,Katy,Christchurch City,Harewood Ward,-43.46435,172.59099,Private room,103.0,1.0,55,2026-03-06,0.63,1,26,13,,2026-03
23376834,Modern 5-Bedroom Gem,174230299,Lynden,Christchurch City,Burwood Ward,-43.50787,172.67362,Entire home/apt,514.0,1.0,72,2026-03-10,3.8,1,224,36,,2026-03
23378565,Oasis near city center,173433365,Kerry,Christchurch City,Central Ward,-43.52778,172.66296,Private room,100.0,2.0,191,2026-03-18,1.94,2,261,14,,2026-03
23468503,Akaroa Vista,15742007,Pete & Tricia,Christchurch City,Banks Peninsula Ward,-43.80930709838867,172.9618377685547,Entire home/apt,257.0,1.0,132,2026-03-06,1.36,3,152,15,,2026-03
23504695,PÅhue PurePod - luxurious glass eco-cabin,22739927,PurePods,Christchurch City,Banks Peninsula Ward,-43.67181,172.78756,Entire home/apt,1024.0,1.0,33,2025-11-23,0.37,16,357,4,,2025-11
23599830,Entire  four bedroom family home in Papanui,161169221,Nichola,Christchurch City,Papanui Ward,-43.49479,172.61027,Entire home/apt,485.0,6.0,20,2025-12-28,0.23,1,177,1,,2025-12
23632488,Redwood Rest,26334225,Raylene,Christchurch City,Papanui Ward,-43.47749,172.62156,Private room,92.0,1.0,21,2026-02-28,0.28,2,339,3,,2026-02
23636135,Redcliffs on Park by Sea,168658812,Alison,Christchurch City,Heathcote Ward,-43.56973,172.73972,Entire home/apt,194.0,2.0,171,2026-02-09,1.83,1,134,6,,2026-02
23644994,Close to Canterbury Adventure Park,107178900,Shelley,Christchurch City,Cashmere Ward,-43.57798,172.62071,Private room,137.0,4.0,3,2026-02-28,0.08,1,268,1,,2026-02
23733674,Halswell lovely modern 4 Bedroom Home,135791498,Rochelle,Christchurch City,Halswell Ward,-43.58216,172.57284,Entire home/apt,448.0,1.0,204,2026-03-07,2.1,3,39,22,,2026-03
23923992,"B&B, great value, garden, spa, nr uni/airport/city",108085108,Barbara,Christchurch City,Fendalton Ward,-43.51191,172.577,Private room,86.0,2.0,110,2026-03-11,1.13,3,23,14,,2026-03
24018800,"Quiet Cul-de-Sac, Airport 3km, Transfers Avail.",44972250,Warren,Christchurch City,Waimairi Ward,-43.50162,172.57375,Private room,102.0,1.0,491,2026-03-18,6.73,1,42,128,,2026-03
24026180,"Chic, homely with view, on park.7 mins to airport",251305,Joanne,Christchurch City,Waimairi Ward,-43.50683,172.56675,Entire home/apt,140.0,2.0,97,2024-05-10,1.01,1,109,0,,2024-05
24105215,Private self contained flat in garden setting,147861891,Andrew And Sue,Christchurch City,Heathcote Ward,-43.55866,172.67018,Entire home/apt,103.0,2.0,210,2026-03-14,2.19,1,320,43,,2026-03
24182612,Cityscape apartment with carpark,182147873,Amy,Christchurch City,Central Ward,-43.5358197,172.6354849,Entire home/apt,290.0,1.0,132,2026-02-18,3.59,1,259,11,,2026-02
24192833,Location Comfort Location!,4154366,Mary,Christchurch City,Central Ward,-43.52217,172.6269,Entire home/apt,330.0,1.0,95,2026-02-28,0.99,2,241,3,,2026-02
24233643,French Bay House - Mt Bossu Room,130642642,Tim And Jacqui,Christchurch City,Banks Peninsula Ward,-43.80844,172.96245,Hotel room,340.0,1.0,44,2026-03-12,0.51,4,174,10,,2026-03
24233719,French Bay House - Onuku King Suite,130642642,Tim And Jacqui,Christchurch City,Banks Peninsula Ward,-43.80903,172.96288,Hotel room,340.0,1.0,23,2025-10-20,0.25,4,188,2,,2025-10
24233834,French Bay House - Ånawe King Suite,130642642,Tim And Jacqui,Christchurch City,Banks Peninsula Ward,-43.80896,172.96283,Hotel room,340.0,1.0,13,2026-01-23,0.26,4,209,5,,2026-01
24286375,Otaranui Farm Flat,42180188,Jozefa,Christchurch City,Banks Peninsula Ward,-43.60685,172.70377,Entire home/apt,166.0,2.0,107,2026-03-09,1.12,1,46,16,,2026-03
24289615,"Peaceful Garden Studio: separate, no cleaning fee",183232246,Tracey,Christchurch City,Fendalton Ward,-43.5062,172.6222,Entire home/apt,143.0,1.0,290,2026-03-14,3.04,1,9,43,,2026-03
24412641,â â Gorgeous Hideout | Close to Everything â â,184309020,Jason,Christchurch City,Papanui Ward,-43.50031,172.60903,Entire home/apt,152.0,10.0,21,2019-12-25,0.23,1,152,0,,2019-12
24413321,Kakariki Ecostay,135725510,Kim,Christchurch City,Heathcote Ward,-43.57023,172.746,Entire home/apt,601.0,1.0,169,2026-03-16,1.76,1,9,23,,2026-03
24561883,Home on Hoani,50163342,Susie,Christchurch City,Papanui Ward,-43.49364,172.60034,Entire home/apt,217.0,2.0,88,2026-02-17,0.92,2,73,15,,2026-02
24561890,Fabulous Views of city and alps,50867124,Chryssie,Christchurch City,Heathcote Ward,-43.57355,172.71798,Private room,137.0,1.0,177,2026-03-02,1.99,1,93,31,,2026-03
24587488,Luxury 4 bedroom house in central city 5 star,206745319,Ros,Christchurch City,Central Ward,-43.52637,172.62975,Entire home/apt,935.0,1.0,337,2026-01-04,3.55,1,27,11,,2026-01
24653598,The Woodshed,71203988,David And Claire,Christchurch City,Heathcote Ward,-43.57778,172.76355,Entire home/apt,223.0,2.0,41,2026-03-12,0.43,1,305,11,,2026-03
24742386,Garden Studio With Ensuite (Breakfast included),43654083,Kathy,Christchurch City,Papanui Ward,-43.50407,172.59607,Entire home/apt,172.0,1.0,198,2026-03-16,2.31,1,242,35,,2026-03
24757121,Brockworth Cottage,186391483,John,Christchurch City,Riccarton Ward,-43.535,172.60973,Entire home/apt,290.0,2.0,33,2025-12-31,0.37,1,290,1,,2025-12
25036583,Hagley Park Townhouse,173106384,Tom,Christchurch City,Riccarton Ward,-43.52835774077717,172.61179970185245,Entire home/apt,317.0,2.0,71,2026-03-08,2.16,1,14,32,,2026-03
25161855,Beachside Paradise,135150399,Toni,Christchurch City,Coastal Ward,-43.47716,172.71811,Private room,107.0,2.0,61,2026-02-27,0.66,2,147,7,,2026-02
25211023,Nikau Villa - Akaroa Luxury. Own ensuites!,25208716,Ingrid,Christchurch City,Banks Peninsula Ward,-43.80798,172.97337,Entire home/apt,653.0,2.0,11,2026-02-27,0.13,1,359,3,,2026-02
25267981,CBD Fringe Hidden Gem,190903503,Nan,Christchurch City,Heathcote Ward,-43.5516803,172.638343,Entire home/apt,228.0,1.0,6,2026-02-16,2.54,2,144,6,,2026-02
25300250,Comfort & Convenience,4154366,Mary,Christchurch City,Central Ward,-43.52277,172.62693,Private room,115.0,1.0,67,2026-03-09,0.87,2,181,22,,2026-03
25455712,Relaxed 3BR Hideaway â¢ Outdoor Living & Pets,24205506,"Mayie, Judi And Karen At Bookahome",Christchurch City,Fendalton Ward,-43.51062,172.61792,Entire home/apt,290.0,2.0,63,2025-11-22,0.69,83,301,7,,2025-11
25464282,Peaceful paradise,22963739,Jacqui,Christchurch City,Banks Peninsula Ward,-43.81195,172.96162,Entire home/apt,274.0,1.0,125,2026-02-14,1.34,1,328,5,,2026-02
25683049,The gold room,173433365,Kerry,Christchurch City,Central Ward,-43.52903,172.66293,Private room,94.0,2.0,185,2026-01-17,1.95,2,181,6,,2026-01
25737967,Central City Escape â in the Heart of Christchurch,24205506,"Mayie, Judi And Karen At Bookahome",Christchurch City,Central Ward,-43.52353,172.63615,Entire home/apt,413.0,2.0,30,2026-02-28,0.34,83,199,2,,2026-02
25783183,"Spacious, sunny, harbour views and close to town.",193768941,John,Christchurch City,Banks Peninsula Ward,-43.8061,172.97092,Entire home/apt,372.0,2.0,121,2025-08-01,1.3,1,79,1,,2025-08
25789624,Warm room in modern home,86632390,Trish,Christchurch City,Burwood Ward,-43.47943,172.67865,Private room,86.0,1.0,478,2026-03-17,5.06,1,340,37,,2026-03
26233936,Panoramic Views & Total Privacy. Romantic getaway.,109918531,Gabby,Christchurch City,Heathcote Ward,-43.56871,172.74903,Entire home/apt,212.0,1.0,372,2026-03-14,3.99,1,263,31,,2026-03
26496389,Coastal Cosy Sun-drenched on Beachville,180222253,Tracy,Christchurch City,Heathcote Ward,-43.56201,172.73815,Entire home/apt,360.0,2.0,155,2026-02-09,1.71,1,167,2,,2026-02
26573686,Stylish studio close to the hills,94047469,Helen,Christchurch City,Heathcote Ward,-43.5567,172.6686,Entire home/apt,133.0,2.0,48,2026-02-21,0.87,1,241,7,,2026-02
26607644,Akaroa Retreat Gatekeepers Cottage,10953991,Peter,Christchurch City,Banks Peninsula Ward,-43.80371,172.98709,Entire home/apt,223.0,2.0,194,2026-03-07,2.21,3,296,11,,2026-03
26822189,Central City Apartment,114687337,Garry,Christchurch City,Central Ward,-43.52452,172.63319,Entire home/apt,190.0,1.0,1050,2026-03-09,11.21,1,201,103,,2026-03
26848494,Land Sea Adventure,83381954,Anji,Christchurch City,Banks Peninsula Ward,-43.60421,172.69076,Entire home/apt,543.0,5.0,7,2026-01-17,0.09,2,353,3,,2026-01
26958096,Spacious stylish home - 7 Night special deals,24205506,"Mayie, Judi And Karen At Bookahome",Christchurch City,Riccarton Ward,-43.53136,172.60573,Entire home/apt,504.0,2.0,135,2026-02-07,1.49,83,332,17,,2026-02
26958933,Two townhouses together - large group,24205506,"Mayie, Judi And Karen At Bookahome",Christchurch City,Riccarton Ward,-43.532,172.60596,Entire home/apt,1166.0,2.0,42,2025-08-27,0.47,83,29,1,,2025-08
27111058,Kiwi as Bro! Little Sweety!,148604490,Leigh,Christchurch City,Spreydon Ward,-43.55603,172.59006,Entire home/apt,252.0,1.0,391,2026-03-14,4.35,3,333,24,,2026-03
27201423,AMAZING HISTORIC CBD APT - CATHEDRAL & TRAM VIEWS,166878022,Michelle,Christchurch City,Central Ward,-43.53112,172.63803,Entire home/apt,250.0,1.0,396,2026-03-20,4.25,2,285,49,,2026-03
27229318,"Rest nest, ensuite bedroom",77141232,Robert,Christchurch City,Central Ward,-43.51619,172.63945,Private room,214.0,1.0,78,2025-04-19,0.84,2,48,3,,2025-04
27267634,Restful in Riccarton - Christchurch,145244100,Bachcare,Christchurch City,Riccarton Ward,-43.53357,172.60372,Entire home/apt,,2.0,71,2026-01-19,0.78,1417,353,4,,2026-01
27318691,Daisy Hill Cottage - Enjoy the outdoor Hot Tub!!,7947371,Victoria,Christchurch City,Banks Peninsula Ward,-43.80009,172.9721,Entire home/apt,286.0,2.0,451,2026-03-16,4.99,1,212,47,,2026-03
27374938,Paradise by the beach!,135150399,Toni,Christchurch City,Coastal Ward,-43.4788,172.71784,Private room,114.0,2.0,193,2025-03-01,2.08,2,217,0,,2025-03
27526890,"Golden Sun-Spacious, Modern 2&3 bedrooms home",119597817,Angela,Christchurch City,Halswell Ward,-43.55161,172.55743,Entire home/apt,440.0,2.0,32,2025-10-26,0.36,3,357,2,,2025-10
27532768,"A cosy, rustic family holiday home  in the city",133135248,Wayne,Christchurch City,Central Ward,-43.52414,172.66494,Entire home/apt,200.0,1.0,110,2026-02-28,1.21,1,18,10,,2026-02
27614723,"Big View from a Tiny House, Cashmere",114439283,Paris,Christchurch City,Halswell Ward,-43.57967,172.61018,Entire home/apt,169.0,2.0,121,2026-03-16,1.33,1,1,3,,2026-03
27638717,Stadium Heights with views of the Stadium,84042214,Karen & Paul,Christchurch City,Central Ward,-43.5360637,172.6485723,Entire home/apt,319.0,1.0,3,2025-07-06,0.2,1,285,1,,2025-07
27680096,Self contained flat in the heart of Christchurch,257452840,Malcolm,Christchurch City,Central Ward,-43.52895,172.63076,Entire home/apt,235.0,6.0,112,2026-02-17,1.21,1,65,8,,2026-02
27686531,Fabulous Guest Wing near CBD & Airport inc Netflix,25471419,Cheryl,Christchurch City,Fendalton Ward,-43.51655,172.59063,Private room,137.0,1.0,315,2026-03-16,3.41,2,242,46,,2026-03
27786771,Spacious centrally located - 7 Night special deals,24205506,"Mayie, Judi And Karen At Bookahome",Christchurch City,Central Ward,-43.52795,172.6289,Entire home/apt,281.0,2.0,97,2026-03-06,1.21,83,308,12,,2026-03
27821323,Walk along the Beach from a Cosy Studio in Sumner,144414938,Rachel,Christchurch City,Heathcote Ward,-43.57627,172.76412,Entire home/apt,200.0,1.0,481,2026-03-14,5.27,1,249,49,,2026-03
27822466,7 Min CHC Airport â¢ Private Room â¢ Late Check-in,210097469,Rachelle,Christchurch City,Harewood Ward,-43.4818,172.58161,Private room,169.0,1.0,180,2026-03-03,1.96,1,241,7,,2026-03
27859940,Strowan House 1 - Stylish Comfort,200539374,Rose,Christchurch City,Fendalton Ward,-43.50974,172.60462,Entire home/apt,234.0,2.0,131,2026-02-18,1.46,1,232,17,,2026-02
27936778,Overton Cottage - Akaroa Holiday Home,145244100,Bachcare,Christchurch City,Banks Peninsula Ward,-43.79323,172.97018,Entire home/apt,,2.0,15,2025-12-28,0.17,1417,363,2,,2025-12
27945362,"Golden Sun Apartment -Two bedrooms, Three bedrooms",119597817,Angela,Christchurch City,Halswell Ward,-43.55147,172.55779,Entire home/apt,446.0,2.0,46,2026-01-02,0.52,3,269,2,,2026-01
28107628,Classic Villa with Parking & Modern Comforts,24205506,"Mayie, Judi And Karen At Bookahome",Christchurch City,Heathcote Ward,-43.54844,172.63988,Entire home/apt,374.0,2.0,83,2026-02-14,0.91,83,333,4,,2026-02
28162459,"Garden View Apartment, private and sunny.",102175588,Ann-Marie,Christchurch City,Harewood Ward,-43.45472,172.6245,Entire home/apt,113.0,1.0,535,2026-03-18,5.91,1,244,90,,2026-03
28210667,Stylish private townhouse. Free parking for 2 cars,201714794,Steve,Christchurch City,Central Ward,-43.51598,172.63206,Entire home/apt,147.0,2.0,410,2026-03-18,4.49,2,253,78,,2026-03
28255196,Halfmoon Cottage at the end of  Akaroa harbour.,93365561,Cor & Margo,Christchurch City,Banks Peninsula Ward,-43.75832,172.91413,Private room,,1.0,47,2026-02-28,0.52,4,0,8,,2026-02
28255608,Halfmoon Cottage,93365561,Cor & Margo,Christchurch City,Banks Peninsula Ward,-43.75799,172.91219,Private room,,1.0,26,2024-01-22,0.29,4,0,0,,2024-01
28316463,Good as New Studio #7,50694865,Hotel,Christchurch City,Fendalton Ward,-43.520267,172.626251,Entire home/apt,224.0,1.0,78,2026-02-08,0.86,11,337,1,,2026-02
28445109,Sunny &cozy room waitting for you,114475989,Vince,Christchurch City,Hornby Ward,-43.52178,172.53565,Private room,90.0,1.0,71,2026-03-09,0.78,4,252,21,,2026-03
28445615,Lovely cozy beautifull double bedroom,114475989,Vince,Christchurch City,Hornby Ward,-43.52174,172.53386,Private room,79.0,1.0,63,2026-03-01,0.69,4,253,2,,2026-03
28474210,The BEST view at special summer rates,214946854,Julia,Christchurch City,Banks Peninsula Ward,-43.81559,172.95986,Private room,514.0,1.0,516,2026-03-20,5.67,1,321,5,,2026-03
28517864,Three beautiful rooms give you a comfortable feel.,114475989,Vince,Christchurch City,Hornby Ward,-43.52044,172.53391,Private room,296.0,1.0,154,2026-03-07,1.69,4,247,22,,2026-03
28597079,è¿æºåºçç¬ç«å¥é´,162335636,Yingzi,Christchurch City,Waimairi Ward,-43.49304,172.56933,Private room,115.0,1.0,11,2026-03-14,5.79,1,111,11,,2026-03
28764644,Affordable CBD Studio For 4!  - Free Parking,180772694,Andrew,Christchurch City,Fendalton Ward,-43.52201,172.62124,Entire home/apt,154.0,1.0,198,2026-03-18,2.26,2,339,67,,2026-03
28923326,Brand New 2BR Home - Close to Everything,147777927,Venu,Christchurch City,Linwood Ward,-43.53239,172.67073,Entire home/apt,194.0,1.0,85,2026-02-20,3.52,4,291,20,,2026-02
28937002,One Bedroom at Aotea Motel,218117204,Manav,Christchurch City,Central Ward,-43.521137,172.647675,Hotel room,154.0,1.0,11,2023-03-23,0.14,2,363,0,,2023-03
28937601,Two Bedroom at Aotea Motel,218117204,Manav,Christchurch City,Central Ward,-43.521137,172.647675,Hotel room,176.0,1.0,32,2025-12-31,0.37,2,357,1,,2025-12
28996839,Feel the serenity **Perfect for families**,97342975,Jody,Christchurch City,Banks Peninsula Ward,-43.81305,172.96555,Entire home/apt,302.0,1.0,257,2026-03-02,2.85,1,157,37,,2026-03
29014525,Roker Street Retreat,148337472,Lucy And Callum,Christchurch City,Cashmere Ward,-43.55471,172.62898,Entire home/apt,179.0,1.0,418,2026-03-16,5.3,1,311,103,,2026-03
29091159,Townhouse on Armagh,7810682,Ngaire And Paul,Christchurch City,Central Ward,-43.52822,172.65269,Entire home/apt,168.0,2.0,170,2026-03-04,1.89,4,16,20,,2026-03
29100341,Private quiet location & quaint accommodation,219317374,Rebecca,Christchurch City,Harewood Ward,-43.45138,172.62817,Private room,200.0,1.0,13,2026-02-19,0.15,1,364,4,,2026-02
29266100,"Luxurious House, Sunny & Inviting, 3 king beds",74398185,Rob,Christchurch City,Innes Ward,-43.51096,172.6328,Entire home/apt,400.0,1.0,177,2025-12-31,1.98,3,292,14,,2025-12
29391038,"Sunny Somerfield Flat: quiet, cosy, great area",12114685,Karen,Christchurch City,Cashmere Ward,-43.5599,172.63238,Entire home/apt,53.0,28.0,29,2025-10-21,0.33,1,339,3,,2025-10
29427036,Quiet Cottage on the Hill,244184708,Tania,Christchurch City,Cashmere Ward,-43.56291,172.65158,Entire home/apt,106.0,2.0,277,2026-03-10,3.1,1,152,35,,2026-03
29518161,"Room in brand new home with private shower,toilet",70051314,Naicy George,Christchurch City,Burwood Ward,-43.47995,172.67498,Private room,85.0,1.0,136,2026-03-15,5.05,1,27,57,,2026-03
29555265,Allandale Bush Retreat,222519520,Denise,Christchurch City,Banks Peninsula Ward,-43.64191,172.63812,Entire home/apt,196.0,2.0,171,2026-03-17,1.95,1,111,17,,2026-03
29655117,Central Riccarton. Warm and modern,223206379,Janya,Christchurch City,Riccarton Ward,-43.53606,172.60521,Private room,229.0,1.0,0,,,2,179,0,,
29660940,Teeming House/Warm/Cosy/CloseAirport/Cafeteria/Gym,56790664,Candy,Christchurch City,Waimairi Ward,-43.49583,172.56887,Entire home/apt,226.0,1.0,467,2026-03-14,5.7,5,247,53,,2026-03
29661406,Secret Garden/ Warm/Cozy/Airport/Private,56790664,Candy,Christchurch City,Waimairi Ward,-43.52034,172.54638,Entire home/apt,306.0,1.0,401,2026-03-14,4.49,5,331,35,,2026-03
29661763,Luxury/BrandyNew 2 bedroom heart CDB/Free Parking,56790664,Candy,Christchurch City,Central Ward,-43.5361789,172.6353027,Entire home/apt,295.0,1.0,140,2026-03-13,5.2,5,231,50,,2026-03
29661781,Fendalton Villa/Warm/Quilt/School/Airport,56790664,Candy,Christchurch City,Fendalton Ward,-43.51245,172.59908,Entire home/apt,365.0,1.0,156,2026-02-26,3.52,5,182,31,,2026-02
29661813,Nestle Studio/CDB/Brand New/ChCh CDB,56790664,Candy,Christchurch City,Central Ward,-43.5361789,172.6353027,Entire home/apt,180.0,1.0,69,2026-03-02,2.6,5,239,18,,2026-03
29684560,4B on Rearsby,149667474,Phil,Christchurch City,Halswell Ward,-43.58103,172.56186,Private room,134.0,1.0,32,2025-11-30,0.36,1,31,2,,2025-11
29858372,Hampstead Cottage,147339087,Liz,Christchurch City,Innes Ward,-43.5121355,172.6341847,Entire home/apt,320.0,1.0,139,2026-03-13,5.41,3,101,56,,2026-03
29864989,Central Luxurious House           Free Breakfast,74398185,Rob,Christchurch City,Innes Ward,-43.51265,172.63297,Entire home/apt,570.0,1.0,23,2025-09-27,0.26,3,138,4,,2025-09
29989360,Cockle Lane Beach Studio Two,225439420,Despina,Christchurch City,Coastal Ward,-43.48384,172.72264,Entire home/apt,289.0,1.0,65,2026-03-14,0.75,2,361,4,,2026-03
30020244,Haven in Huntsbury: The genuine Bed and Breakfast,24563785,Carol,Christchurch City,Cashmere Ward,-43.5709,172.64482,Private room,137.0,1.0,195,2026-03-01,2.19,1,335,19,,2026-03
30026461,Cockle Lane Beach Studio One,225439420,Despina,Christchurch City,Coastal Ward,-43.48222,172.72223,Entire home/apt,289.0,1.0,41,2026-03-01,0.46,2,361,6,,2026-03
30124708,Cosy Beach Retreat,226356684,Denise,Christchurch City,Coastal Ward,-43.48788,172.72119,Entire home/apt,240.0,4.0,96,2026-03-19,1.09,1,203,9,,2026-03
30237251,A Room With A View Bed and Breakfast,6360236,Jill,Christchurch City,Halswell Ward,-43.57952,172.57556,Private room,,1.0,1,2020-03-07,0.01,1,0,0,,2020-03
30237340,Bond Estate Luxury Accommodation Christchurch,227081436,Garry,Christchurch City,Hornby Ward,-43.52169,172.50432,Entire home/apt,2090.0,1.0,49,2025-10-18,0.56,1,142,2,,2025-10
30253415,Luxury in Christchurch!,13455772,Ravi,Christchurch City,Halswell Ward,-43.56052,172.54602,Private room,120.0,2.0,10,2024-03-02,0.29,1,169,0,,2024-03
30253435,A Small Sunny Cottage,26451756,Brittany,Christchurch City,Linwood Ward,-43.5534,172.6747,Entire home/apt,146.0,2.0,9,2023-11-01,0.1,1,359,0,,2023-11
30268508,Luxury Diamond Harbour Retreat with Ocean Views,118622105,Rachel,Christchurch City,Banks Peninsula Ward,-43.63065,172.72596,Entire home/apt,217.0,1.0,278,2026-03-08,3.13,1,187,18,,2026-03
30277275,The Potterâs Cottage Annex,227394577,Chikako,Christchurch City,Fendalton Ward,-43.50883,172.5769,Entire home/apt,129.0,2.0,135,2026-03-14,1.56,1,2,15,,2026-03
30298873,Hoon Hay Haven,226141533,Rachel,Christchurch City,Spreydon Ward,-43.5669,172.6108,Entire home/apt,236.0,2.0,12,2026-02-28,3.91,1,8,12,,2026-02
30420515,Te Ara Cottage Tranquil Retreat,55630368,Akiko,Christchurch City,Banks Peninsula Ward,-43.62753,172.73202,Entire home/apt,166.0,2.0,326,2026-03-17,3.68,1,64,29,,2026-03
30450536,Beach Guest House with pool & private beach access,213149937,Robert,Christchurch City,Coastal Ward,-43.55578,172.7518,Entire home/apt,143.0,5.0,53,2024-06-04,0.61,1,199,0,,2024-06
30503489,Brockworth by Hagley Park,228923808,Cheryl,Christchurch City,Riccarton Ward,-43.53386,172.61037,Entire home/apt,515.0,1.0,119,2026-02-10,1.35,1,290,1,,2026-02
30595949,Large Double Room North New Brighton Christchurch,52522304,Michael,Christchurch City,Coastal Ward,-43.50095,172.71318,Private room,51.0,7.0,16,2026-03-03,0.18,2,340,3,,2026-03
30998948,Weston Family Escape Spacious & Central,24205506,"Mayie, Judi And Karen At Bookahome",Christchurch City,Papanui Ward,-43.50148,172.62932,Entire home/apt,466.0,2.0,109,2026-02-13,1.26,83,318,4,,2026-02
31002610,warm house in south island,231538523,Mia,Christchurch City,Burwood Ward,-43.5045,172.69422,Entire home/apt,342.0,1.0,215,2026-03-07,2.45,1,144,23,,2026-03
31006890,Fendalton holiday house the most convenient place,231573454,æç,Christchurch City,Fendalton Ward,-43.51929,172.59158,Entire home/apt,489.0,1.0,307,2026-02-27,3.55,1,322,11,,2026-02
31040916,Spacious Family Home in Central Christchurch,19256013,Robyn,Christchurch City,Fendalton Ward,-43.51423,172.60978,Entire home/apt,393.0,7.0,9,2024-12-30,0.14,2,77,0,,2024-12
31125766,Quality Centrally Located Two Bedroom Apartment,232627620,Geoff,Christchurch City,Central Ward,-43.54658,172.64623,Entire home/apt,197.0,2.0,211,2026-02-28,2.41,2,122,25,,2026-02
31129567,Relax and Enjoy in Sumner,232664907,Hilary,Christchurch City,Heathcote Ward,-43.57584,172.75861,Private room,143.0,1.0,158,2026-01-31,1.83,1,220,28,,2026-01
31150918,"Quality, modern,  sunny one bedroom apartment",232627620,Geoff,Christchurch City,Central Ward,-43.546379,172.646439,Entire home/apt,140.0,2.0,293,2026-02-26,3.36,2,186,42,,2026-02
31196567,Coniston Cabin,97678070,Bizz,Christchurch City,Banks Peninsula Ward,-43.76781,172.79302,Entire home/apt,126.0,1.0,179,2026-03-16,2.04,1,79,35,,2026-03
31414667,Sumner beachfront townhouse,95803725,Ann,Christchurch City,Heathcote Ward,-43.57434,172.76768,Entire home/apt,361.0,1.0,135,2025-12-31,1.55,2,264,11,,2025-12
31419933,Surf & Ski in one Day!,113158845,Kim,Christchurch City,Heathcote Ward,-43.57565,172.76431,Entire home/apt,434.0,3.0,9,2025-12-28,0.11,1,248,1,,2025-12
31496830,"Central location, walk to the shops",235986153,Kellie,Christchurch City,Riccarton Ward,-43.52802,172.60085,Private room,142.0,1.0,246,2026-03-07,2.85,1,227,43,,2026-03
31523797,ROOM TO RENT,234664735,Kelera T,Christchurch City,Hornby Ward,-43.53459,172.53118,Private room,144.0,30.0,0,,,1,364,0,,
31659082,"Te Onepoto lodge Sumner, 151a TM road",237369570,Julie,Christchurch City,Heathcote Ward,-43.5797582,172.7752207,Entire home/apt,355.0,1.0,328,2026-02-28,4.01,1,180,34,,2026-02
31676281,The house is the back section,223206379,Janya,Christchurch City,Riccarton Ward,-43.53134,172.58614,Private room,137.0,1.0,0,,,2,364,0,,
31712205,Cozy claw foot bath hideaway 5 min from CBD,31308471,Hannah,Christchurch City,Linwood Ward,-43.53828,172.67245,Entire home/apt,135.0,1.0,421,2026-03-21,4.86,1,204,68,,2026-03
31903653,Protea Cottage.  A place to connect with nature.,239163263,Tom,Christchurch City,Banks Peninsula Ward,-43.79172,172.82681,Entire home/apt,143.0,2.0,178,2026-01-24,2.06,1,199,13,,2026-01
32016540,A Little Bit Beachy: Modern Room/Private Toilet,177595361,Vanessa And Alex,Christchurch City,Coastal Ward,-43.50004,172.71521,Private room,103.0,2.0,24,2024-03-23,0.28,1,347,0,,2024-03
32091110,"Twin studio self contained, serviced, Warm, quite",127329302,Jay,Christchurch City,Riccarton Ward,-43.52978,172.58231,Private room,209.0,1.0,17,2024-12-11,0.21,6,341,0,,2024-12
32166764,Luxury new 3 bedroom house in central city 5 star,124807546,Simone,Christchurch City,Central Ward,-43.52678,172.64735,Entire home/apt,617.0,2.0,36,2026-03-15,0.47,1,117,9,,2026-03
32197237,Spacious 5BDR 2BA plus sleepout Family Home,119067882,Yvonne,Christchurch City,Spreydon Ward,-43.5587,172.58159,Entire home/apt,435.0,2.0,76,2026-03-13,0.88,2,286,39,,2026-03
32257650,2 bedroom unit,113576029,Colleen,Christchurch City,Coastal Ward,-43.49432,172.72457,Entire home/apt,175.0,2.0,147,2026-03-16,1.71,1,327,21,,2026-03
32504694,Private Apartment Close to Christchurch Airport,244242301,Hazel And Trevor,Christchurch City,Waimairi Ward,-43.51147,172.54075,Entire home/apt,171.0,2.0,432,2026-03-19,5.03,1,252,82,,2026-03
32506146,Belle Rose Cottage,209848843,Kim,Christchurch City,Cashmere Ward,-43.55635,172.63504,Entire home/apt,215.0,1.0,116,2026-03-09,1.35,2,356,7,,2026-03
32795092,Spectacular views at Wainui Waterfront Haven,13965413,Sarah,Christchurch City,Banks Peninsula Ward,-43.81904,172.90317,Entire home/apt,271.0,1.0,169,2026-02-27,2.02,1,83,28,,2026-02
33232168,Eclectic Cottage 2 minutes to airport,62684840,Sharon,Christchurch City,Waimairi Ward,-43.50461,172.56226,Entire home/apt,219.0,1.0,325,2026-03-14,3.82,1,285,75,,2026-03
33316094,Lovely guess cottage close to Airport,145686302,Anali,Christchurch City,Waimairi Ward,-43.49157,172.5692,Entire home/apt,97.0,4.0,91,2026-02-16,1.33,1,92,13,,2026-02
33340980,'Little Two' - Cosy Studio close to Airport,251156752,Emma,Christchurch City,Harewood Ward,-43.47603,172.6092,Entire home/apt,131.0,1.0,735,2026-03-20,8.67,1,335,129,,2026-03
33344121,Quiet haven near airport.,251181579,Joy,Christchurch City,Waimairi Ward,-43.51108,172.55383,Private room,126.0,1.0,109,2026-03-14,1.29,1,245,20,,2026-03
33344341,City Centre Executive living 2 Br/2Ba Free carpark,251184563,Tania,Christchurch City,Central Ward,-43.52897,172.6426,Entire home/apt,330.0,1.0,50,2026-03-16,0.59,2,168,4,,2026-03
33368496,G-House /Christchurch City Central /åºç£åå¸ä¸­å¿ç¬æ å±/,248111275,Winnie,Christchurch City,Central Ward,-43.52997,172.64598,Entire home/apt,337.0,1.0,91,2026-03-01,1.07,2,102,3,,2026-03
33493805,Christchurch Getaway,133985647,Kate,Christchurch City,Riccarton Ward,-43.53163,172.60952,Private room,97.0,1.0,96,2026-03-20,1.14,2,29,26,,2026-03
33583488,Peaceful retreat with city and mountain views,215253672,Sally,Christchurch City,Cashmere Ward,-43.56702,172.66383,Entire home/apt,171.0,1.0,52,2026-02-21,0.62,1,226,10,,2026-02
33781076,Inner-City Apartment - Halgey Ave,254665863,Sophie,Christchurch City,Central Ward,-43.53972,172.61871,Entire home/apt,246.0,1.0,168,2026-03-09,2.13,1,355,19,,2026-03
33973411,Garden view king studio,97876830,La Rochelle,Christchurch City,Banks Peninsula Ward,-43.80233,172.97131,Private room,215.0,1.0,96,2026-03-12,1.21,2,291,15,,2026-03
33983403,Yurt on the sunny side,12996972,Jane,Christchurch City,Banks Peninsula Ward,-43.78688,172.82108,Private room,87.0,2.0,72,2026-02-06,0.93,6,153,4,,2026-02
34001168,Welcome to our Charming 1927 Villa- Minutes to CBD,125448109,Maddy,Christchurch City,Innes Ward,-43.51576908491404,172.6549992339138,Private room,68.0,1.0,36,2026-03-08,3.94,1,176,36,,2026-03
34004247,Charming Seaside Villa in the Heart of Wainui,175419492,Caroline,Christchurch City,Banks Peninsula Ward,-43.81222,172.90329,Entire home/apt,240.0,1.0,500,2026-03-12,6.1,1,211,85,,2026-03
34062192,Cashmere apartment with amazing views.,257214205,Barry,Christchurch City,Cashmere Ward,-43.57971,172.6377,Entire home/apt,130.0,1.0,269,2026-02-25,3.22,2,108,35,,2026-02
34067826,2 bedroom self contained unit,118258506,Michelle,Christchurch City,Banks Peninsula Ward,-43.80128,172.97057,Entire home/apt,208.0,2.0,347,2026-03-09,4.17,1,159,30,,2026-03
34092924,"Seaclusion - Water Views, Great for Big Families",257443958,Annette,Christchurch City,Banks Peninsula Ward,-43.80634,172.97249,Entire home/apt,400.0,2.0,149,2026-03-08,1.8,1,276,14,,2026-03
34318008,Tahi House â 2 Bedroom Retreat with Private Garden,259085786,Helen,Christchurch City,Waimairi Ward,-43.50422,172.56064,Entire home/apt,257.0,1.0,227,2026-03-14,2.93,1,281,45,,2026-03
34342858,"Art, Espresso & Events â Live Like a Local in Chch",67401884,Angela,Christchurch City,Central Ward,-43.52681350708008,172.63978576660156,Entire home/apt,235.0,1.0,373,2026-03-20,4.63,2,305,57,,2026-03
34371625,Modern and Convenient Townhouse,60308619,Diana,Christchurch City,Central Ward,-43.52472,172.63918,Entire home/apt,259.0,2.0,276,2026-03-07,3.3,1,23,25,,2026-03
34397036,Christchurch Character Home in Heart of Strowan,76237120,Deb,Christchurch City,Fendalton Ward,-43.510505083014834,172.60724790394306,Entire home/apt,212.0,2.0,178,2026-03-11,2.18,2,190,32,,2026-03
34631544,"Hidden Gem â Christchurch City, Breakfast â",74398185,Rob,Christchurch City,Innes Ward,-43.51218,172.6325,Entire home/apt,627.0,1.0,62,2026-01-05,0.81,3,292,9,,2026-01
34798440,Christchurch Central Apartment,245042934,Colleen,Christchurch City,Central Ward,-43.52759,172.63683,Entire home/apt,200.0,1.0,313,2026-03-03,3.84,1,218,39,,2026-03
35266301,Private Rm+Bathrm in Christchurch City + Breakfast,162134717,Karen,Christchurch City,Central Ward,-43.5255,172.64435,Private room,130.0,1.0,140,2026-03-01,1.76,1,195,19,,2026-03
35432336,Orari - Room 1,258827985,Ashton,Christchurch City,Central Ward,-43.53059,172.63005,Hotel room,299.0,1.0,1,2024-08-03,0.05,10,205,0,,2024-08
35468552,Orari Bed and Breakfast - Room 2,258827985,Ashton,Christchurch City,Central Ward,-43.52999,172.63034,Hotel room,299.0,1.0,23,2025-01-24,0.38,10,252,0,,2025-01
35468559,Orari - Room 3,258827985,Ashton,Christchurch City,Central Ward,-43.53,172.63007,Hotel room,290.0,1.0,9,2024-12-28,0.12,10,253,0,,2024-12
35468895,Orari - Room 5,258827985,Ashton,Christchurch City,Central Ward,-43.53001,172.63001,Hotel room,350.0,1.0,1,2022-07-14,0.02,10,278,0,,2022-07
35468896,Orari - Room 06,258827985,Ashton,Christchurch City,Central Ward,-43.52999,172.63034,Hotel room,350.0,1.0,2,2022-05-20,0.04,10,237,0,,2022-05
35468898,Orari - Room 07,258827985,Ashton,Christchurch City,Central Ward,-43.53007,172.6302,Hotel room,290.0,1.0,1,2022-12-21,0.03,10,204,0,,2022-12
35468900,Orari - Room 08,258827985,Ashton,Christchurch City,Central Ward,-43.53,172.63025,Hotel room,310.0,1.0,6,2025-09-18,0.13,10,252,1,,2025-09
35468902,Orari - Room 9,258827985,Ashton,Christchurch City,Central Ward,-43.53005,172.63042,Hotel room,380.0,1.0,0,,,10,253,0,,
35468903,Orari Bed & Breakfast - Room 10,258827985,Ashton,Christchurch City,Central Ward,-43.531,172.62977,Hotel room,380.0,1.0,4,2024-02-26,0.09,10,264,0,,2024-02
35468917,Orari - Room  4,258827985,Ashton,Christchurch City,Central Ward,-43.53009,172.63005,Hotel room,290.0,1.0,2,2022-09-10,0.03,10,208,0,,2022-09
35525197,West Wing in Burnside - 5 minutes from the airport,267278457,Rosemarie And Ramon,Christchurch City,Waimairi Ward,-43.49749,172.57014,Entire home/apt,163.0,2.0,140,2026-03-14,1.71,1,32,14,,2026-03
35614450,Cozy private place for peace of mind,129005683,Rakesh,Christchurch City,Burwood Ward,-43.4951461,172.6878224,Private room,53.0,1.0,1,2026-03-07,1.0,2,249,1,,2026-03
35770403,2 Bedroom fully self-contained Apartment,127329302,Jay,Christchurch City,Riccarton Ward,-43.5319,172.58115,Private room,250.0,1.0,3,2022-09-18,0.04,6,320,0,,2022-09
35842951,#69 Romantic Waterfront Apt  4-Poster Bed & Spa,70726871,Darren,Christchurch City,Banks Peninsula Ward,-43.80863,172.96231,Hotel room,339.0,1.0,121,2026-02-22,1.61,22,284,23,,2026-02
35844335,#25 The Bruce Waterfront Apartments by AVI,70726871,Darren,Christchurch City,Banks Peninsula Ward,-43.81013,172.96066,Hotel room,359.0,1.0,43,2026-02-28,0.79,22,267,30,,2026-02
35845142,#6 Jacques Garden Apartments by AVI,70726871,Darren,Christchurch City,Banks Peninsula Ward,-43.81028,172.96134,Hotel room,359.0,1.0,17,2024-10-07,0.21,22,4,0,,2024-10
36000205,Family 3BR House 10min Airport | Sleeps 6,140868766,Michelle,Christchurch City,Hornby Ward,-43.53151,172.53955,Entire home/apt,212.0,1.0,79,2026-03-19,0.96,2,325,24,,2026-03
36002264,Access Apartment wheel chair friendly,127329302,Jay,Christchurch City,Riccarton Ward,-43.5298,172.58123,Private room,171.0,1.0,4,2022-12-26,0.05,6,331,0,,2022-12
36159874,West lake holiday home,166260467,Jenny,Christchurch City,Halswell Ward,-43.56683,172.5591,Private room,100.0,1.0,13,2025-11-01,0.16,2,314,1,,2025-11
36246836,Self-contained 2 bedroom apartment,272633559,Elise,Christchurch City,Banks Peninsula Ward,-43.80519,172.96649,Entire home/apt,260.0,1.0,43,2025-10-01,0.55,1,82,4,,2025-10
36609045,Parisian Chic,275183598,Gemma,Christchurch City,Central Ward,-43.52399,172.63091,Entire home/apt,160.0,1.0,395,2026-03-14,4.87,1,253,26,,2026-03
36618496,Queen Studio Unit,266905655,Hari,Christchurch City,Central Ward,-43.5205078125,172.641845703125,Entire home/apt,169.0,1.0,36,2026-03-02,0.44,5,352,6,,2026-03
36618523,Deluxe Studio Unit,266905655,Hari,Christchurch City,Central Ward,-43.5205078125,172.641845703125,Entire home/apt,168.0,1.0,19,2025-11-29,0.45,5,357,6,,2025-11
36618561,Twin Studio Unit,266905655,Hari,Christchurch City,Central Ward,-43.52061,172.64188,Entire home/apt,181.0,1.0,49,2026-01-26,0.65,5,351,12,,2026-01
36619350,One Bedroom Family Unit,266905655,Hari,Christchurch City,Central Ward,-43.52051,172.64185,Entire home/apt,208.0,1.0,55,2026-02-10,0.74,5,342,7,,2026-02
36645528,Stunning views and a pleasant private stay,275446422,Kanyakorn,Christchurch City,Cashmere Ward,-43.57989,172.63734,Entire home/apt,102.0,1.0,220,2026-03-17,2.84,1,61,36,,2026-03
36723809,Penthouse with Park View,92155537,Rachel,Christchurch City,Central Ward,-43.53822,172.61871,Entire home/apt,261.0,1.0,132,2026-01-19,1.64,2,3,9,,2026-01
36770920,Treetops Cottage,106088822,Barbara,Christchurch City,Banks Peninsula Ward,-43.79345,172.83375,Entire home/apt,223.0,2.0,277,2026-03-07,3.41,1,158,55,,2026-03
36774423,#55 The Captains Cottage Waterview Apt by AVI,70726871,Darren,Christchurch City,Banks Peninsula Ward,-43.80857,172.96068,Hotel room,299.0,1.0,57,2025-12-19,0.71,22,309,2,,2025-12
36811613,Tranquil Family Retreat in Akaroa,191332341,Simone,Christchurch City,Banks Peninsula Ward,-43.79316,172.96854,Entire home/apt,480.0,2.0,36,2025-12-23,0.45,1,314,1,,2025-12
37122552,The Grandstand - French Farm Holiday Home,145244100,Bachcare,Christchurch City,Banks Peninsula Ward,-43.78801,172.9065,Entire home/apt,,2.0,16,2025-05-25,0.21,1417,363,1,,2025-05
37333087,City Centre 2 Bedroom Apartment,281110869,City Centre,Christchurch City,Central Ward,-43.52172,172.63711,Entire home/apt,263.0,1.0,67,2026-01-01,0.88,5,324,6,,2026-01
37338251,The Stables at Blythcliffe,16025828,Lesley And John,Christchurch City,Banks Peninsula Ward,-43.8071,172.9702,Entire home/apt,385.0,1.0,23,2026-01-04,0.43,4,7,5,,2026-01
37338400,The Rose Room at Blythcliffe,16025828,Lesley And John,Christchurch City,Banks Peninsula Ward,-43.80517,172.97061,Hotel room,235.0,1.0,21,2026-01-28,0.32,4,5,8,,2026-01
37377857,The Willow Room at Blythcliffe,16025828,Lesley And John,Christchurch City,Banks Peninsula Ward,-43.80664,172.9707,Hotel room,285.0,1.0,76,2026-03-08,1.09,4,7,20,,2026-03
37436662,Brand new penthouse apartment overlooking the park,137200167,Emma,Christchurch City,Spreydon Ward,-43.54071,172.61797,Entire home/apt,236.0,1.0,180,2026-02-28,2.24,2,313,19,,2026-02
37497062,#8 Jacques Garden Apartments by AVI,70726871,Darren,Christchurch City,Banks Peninsula Ward,-43.81015,172.96075,Hotel room,359.0,1.0,21,2025-03-01,0.36,22,294,0,,2025-03
37888028,Sunny Art Deco home in St Martins by the hills,3820595,David,Christchurch City,Cashmere Ward,-43.55875,172.6571,Entire home/apt,200.0,2.0,83,2026-03-06,1.04,1,37,16,,2026-03
37942941,"Orchard Cottage, Diamond Harbour",251871632,Paula,Christchurch City,Banks Peninsula Ward,-43.62664,172.7414,Entire home/apt,183.0,2.0,122,2026-02-04,1.57,1,243,7,,2026-02
38079335,"Bright, cosy Central Location",289033518,Tania Lisa,Christchurch City,Central Ward,-43.52665,172.64123,Entire home/apt,177.0,1.0,332,2026-03-19,4.23,1,175,88,,2026-03
38131508,Once in a Blue Room,12222757,Kelsey,Christchurch City,Spreydon Ward,-43.55475,172.60642,Entire home/apt,161.0,2.0,115,2026-03-14,1.46,3,241,20,,2026-03
38131568,Riccarton the best Location in Christchurch,205850908,Edgar,Christchurch City,Riccarton Ward,-43.53644,172.58957,Private room,99.0,1.0,0,,,1,179,0,,
38165279,Spacious family home.,285446275,Anna,Christchurch City,Fendalton Ward,-43.51843,172.5823,Entire home/apt,574.0,7.0,1,2020-01-05,0.01,1,192,0,,2020-01
38186323,Avonview Cottage,174595370,Liesbeth,Christchurch City,Central Ward,-43.52242,172.65902,Entire home/apt,166.0,1.0,174,2026-03-12,2.18,1,232,47,,2026-03
38361527,Come stay with locals!,6068226,Joshua,Christchurch City,Linwood Ward,-43.52712,172.67834,Private room,80.0,1.0,106,2026-03-14,1.34,1,341,38,,2026-03
38498546,Avonhead Studio Just 5 minutes from the airport.,166058915,Maurice,Christchurch City,Waimairi Ward,-43.51043,172.55376,Entire home/apt,121.0,1.0,799,2026-03-18,10.09,1,249,122,,2026-03
38607319,Self Contained Studio,294784495,Grant & Ana,Christchurch City,Heathcote Ward,-43.55847,172.67101,Entire home/apt,123.0,2.0,143,2026-03-21,1.81,1,266,21,,2026-03
38712160,"Close to airport,quite, safe and friendly street.",13171208,Ellis,Christchurch City,Harewood Ward,-43.48234,172.58511,Private room,69.0,3.0,53,2026-01-22,0.67,2,349,9,,2026-01
38758998,Fully Accessible Private room in town centre (Rm3),296405135,Gary,Christchurch City,Banks Peninsula Ward,-43.60299,172.72141,Private room,137.0,1.0,1,2021-06-12,0.02,5,245,0,,2021-06
38787850,"3 bedroom brand new townhouse comes, don't miss!",74811135,Maggie,Christchurch City,Halswell Ward,-43.5639,172.54946,Entire home/apt,321.0,1.0,287,2026-02-28,3.64,41,77,22,,2026-02
38808558,Modern Two-Bedroom Home in Merivale,35651055,Jack,Christchurch City,Fendalton Ward,-43.51265,172.62676,Entire home/apt,336.0,1.0,77,2026-03-09,0.98,1,170,20,,2026-03
38878251,Modern Central  City 4 Bedroom Townhouse,239600018,Nathalie Eugenie,Christchurch City,Central Ward,-43.52509,172.64206,Entire home/apt,488.0,1.0,104,2026-02-28,1.37,2,302,14,,2026-02
38912136,Home away from home,236632691,Philip,Christchurch City,Fendalton Ward,-43.518,172.59404,Private room,85.0,1.0,243,2026-02-28,3.1,1,164,26,,2026-02
38964908,Near city centre!,298456605,Tony,Christchurch City,Burwood Ward,-43.51721,172.68845,Private room,68.0,1.0,11,2026-02-25,0.22,5,18,3,,2026-02
38984697,Modern guestsuite close to University,134311492,Liz,Christchurch City,Riccarton Ward,-43.53078,172.57813,Entire home/apt,113.0,2.0,219,2026-03-15,2.81,1,56,36,,2026-03
39030207,French Farm Winery,299094262,Caroline,Christchurch City,Banks Peninsula Ward,-43.77746,172.89742,Private room,225.0,1.0,22,2024-02-16,0.56,1,186,0,,2024-02
39067623,Family holiday house,97967020,Vincent,Christchurch City,Halswell Ward,-43.55932,172.56327,Entire home/apt,255.0,2.0,114,2026-03-01,1.46,1,171,14,,2026-03
39068068,Park View Estate,167977028,Chun,Christchurch City,Spreydon Ward,-43.564,172.59403,Entire home/apt,274.0,2.0,77,2026-03-01,1.0,1,270,11,,2026-03
39117117,French Farm Whare,131092358,Mark,Christchurch City,Banks Peninsula Ward,-43.78393,172.90976,Entire home/apt,206.0,2.0,109,2026-03-21,1.41,1,345,17,,2026-03
39154740,Hagley Park View Apartment | CBD Christchurch,49642171,Lily-SimplyHost,Christchurch City,Central Ward,-43.53885,172.61747,Entire home/apt,217.0,1.0,136,2026-02-23,1.75,95,320,22,,2026-02
39278292,Tumblestone Cottage,188463724,Malcolm & Linda,Christchurch City,Banks Peninsula Ward,-43.73922,172.79493,Private room,137.0,1.0,35,2026-03-08,1.01,1,353,2,,2026-03
39326411,4 beds family retreat near mall,125298261,Steven,Christchurch City,Riccarton Ward,-43.53267,172.59539,Entire home/apt,443.0,1.0,29,2026-03-07,2.21,1,156,27,,2026-03
39337939,Villa Heights . Native Bush and birdsong,210006890,Stuart,Christchurch City,Banks Peninsula Ward,-43.81054,172.97323,Entire home/apt,408.0,2.0,97,2026-02-19,1.28,1,264,10,,2026-02
39348729,"Okuti Country Cabin.  Sunny, private, peaceful.",9023904,Elizabeth,Christchurch City,Banks Peninsula Ward,-43.78626,172.80831,Entire home/apt,160.0,2.0,88,2026-03-16,1.15,2,183,20,,2026-03
39373822,Centrally Located Apartment in Christchurch,87176738,Fiona,Christchurch City,Central Ward,-43.52402,172.63867,Entire home/apt,123.0,2.0,81,2026-03-05,1.04,1,58,13,,2026-03
39398307,Executive Spa Studio A - Kauri Motel,302631641,Kauri,Christchurch City,Riccarton Ward,-43.529762,172.597122,Private room,232.0,1.0,7,2026-01-31,0.09,4,352,1,,2026-01
39424162,Vegan Vegetarian Inquiries only Please,302823704,Yugal,Christchurch City,Halswell Ward,-43.56069,172.54278,Private room,1153.0,1.0,0,,,1,364,0,,
39425759,No. 9 New townhouse on Armagh|city centre,86216394,Min,Christchurch City,Central Ward,-43.52957,172.64322,Entire home/apt,190.0,1.0,304,2026-03-08,3.99,37,155,37,,2026-03
39515850,Family saving room. Near city center.,298456605,Tony,Christchurch City,Linwood Ward,-43.5183,172.68871,Private room,110.0,1.0,19,2026-01-24,0.43,5,24,9,,2026-01
39559002,Backpacker,98758734,North South Holiday Park,Christchurch City,Harewood Ward,-43.47125,172.56996,Entire home/apt,90.0,1.0,16,2025-07-22,0.21,19,323,2,,2025-07
39559004,Deluxe Standard Cabin,98758734,North South Holiday Park,Christchurch City,Harewood Ward,-43.47004,172.57088,Private room,104.0,1.0,31,2026-01-12,0.4,19,364,2,,2026-01
39559009,Tourist Cabin,98758734,North South Holiday Park,Christchurch City,Harewood Ward,-43.47124,172.56978,Private room,150.0,1.0,16,2025-08-02,0.21,19,353,2,,2025-08
39559010,Ensuite Cabin (Sleeps 4),98758734,North South Holiday Park,Christchurch City,Harewood Ward,-43.47127,172.56978,Private room,174.0,1.0,2,2021-06-20,0.03,19,322,0,,2021-06
39559011,Cottage,98758734,North South Holiday Park,Christchurch City,Harewood Ward,-43.47165,172.57018,Private room,195.0,1.0,2,2023-06-18,0.03,19,292,0,,2023-06
39559012,Self Contained Unit 25,98758734,North South Holiday Park,Christchurch City,Harewood Ward,-43.47104,172.56987,Private room,184.0,1.0,1,2020-10-06,0.02,19,299,0,,2020-10
39559013,Park Motel 3,98758734,North South Holiday Park,Christchurch City,Harewood Ward,-43.47138,172.57044,Private room,210.0,1.0,2,2020-03-07,0.03,19,299,0,,2020-03
39559014,Backpacker Twin,98758734,North South Holiday Park,Christchurch City,Harewood Ward,-43.4694,172.57005,Private room,95.0,1.0,7,2023-02-15,0.11,19,308,0,,2023-02
39559017,Self Contained Unit 18,98758734,North South Holiday Park,Christchurch City,Harewood Ward,-43.47092,172.56966,Private room,208.0,1.0,1,2020-12-30,0.02,19,311,0,,2020-12
39669013,Birdsong retreat,216305400,Christine Joy,Christchurch City,Cashmere Ward,-43.56436,172.63044,Private room,126.0,2.0,13,2025-02-21,0.17,1,88,0,,2025-02
39697895,Akaroa harbourview studio: SEE NOTE/landscape work,305109323,Charlotte,Christchurch City,Banks Peninsula Ward,-43.81713,172.95164,Entire home/apt,206.0,2.0,550,2026-03-17,7.12,1,110,89,,2026-03
39732444,Standard Cottage @ Cranford Cottages and Motel,305389317,Cranford Cottages And Motel,Christchurch City,Innes Ward,-43.51147,172.63827,Entire home/apt,189.0,1.0,30,2026-03-02,0.45,5,364,10,,2026-03
39736856,Secluded garden getaway,116149005,Leonie,Christchurch City,Hornby Ward,-43.52348,172.53364,Private room,97.0,1.0,111,2026-03-17,1.46,1,327,25,,2026-03
39840259,Easy Christchurch Central Townhouse,221014561,William,Christchurch City,Spreydon Ward,-43.54111,172.61587,Entire home/apt,234.0,1.0,441,2026-03-04,5.7,1,134,84,,2026-03
39841868,Fully Accessible Private room in town centre (Rm4),296405135,Gary,Christchurch City,Banks Peninsula Ward,-43.60255,172.72169,Private room,137.0,1.0,22,2026-02-21,0.53,5,253,4,,2026-02
39842359,Private en-suite Room with own entrance (Suite 1),296405135,Gary,Christchurch City,Banks Peninsula Ward,-43.60421,172.72299,Private room,137.0,1.0,42,2026-02-24,0.57,5,252,11,,2026-02
39843183,Private en-suite room with own entrance (Suite 2),296405135,Gary,Christchurch City,Banks Peninsula Ward,-43.6043,172.7228,Private room,137.0,1.0,20,2026-02-18,0.26,5,252,6,,2026-02
39846658,Chester Street West Apartment,81390838,Perfect Stays,Christchurch City,Central Ward,-43.52886,172.63339,Entire home/apt,,2.0,56,2026-02-12,0.73,47,0,2,,2026-02
39974635,Pacific Bayview Apartment,15652602,Amanda,Christchurch City,Heathcote Ward,-43.577,172.76889,Entire home/apt,286.0,2.0,17,2026-03-05,0.22,1,355,7,,2026-03
39992507,Modern Beach Unit,20450116,Chris,Christchurch City,Coastal Ward,-43.52746,172.73739,Entire home/apt,232.0,1.0,70,2026-03-18,0.91,1,133,28,,2026-03
39993113,Near New Charming Central Apartment,308350984,Elijah,Christchurch City,Central Ward,-43.52841,172.64482,Entire home/apt,188.0,1.0,375,2026-02-10,4.91,1,206,64,,2026-02
39994752,"4 Private Rooms & Private Communal Space, Ensuites",43398377,Graham,Christchurch City,Central Ward,-43.53028,172.62874,Entire home/apt,1775.0,1.0,96,2026-01-17,1.28,4,61,14,,2026-01
40012440,Nikau Nest in Cass Bay / Lyttelton,73707835,Elfi,Christchurch City,Banks Peninsula Ward,-43.60366,172.6936,Entire home/apt,157.0,2.0,60,2026-03-16,0.78,1,138,11,,2026-03
40014649,"Number One Archdalls,
Robinsons Bay",86033053,Amy,Christchurch City,Banks Peninsula Ward,-43.76103,172.95207,Entire home/apt,262.0,1.0,628,2026-03-09,8.22,1,256,88,,2026-03
40016407,Designer Styled Three Bedroom Apartment,50694865,Hotel,Christchurch City,Fendalton Ward,-43.520267,172.626251,Entire home/apt,518.0,1.0,14,2024-02-04,0.23,11,334,0,,2024-02
40039494,Home on Hagley,133825107,Yvette,Christchurch City,Riccarton Ward,-43.52922,172.61152,Entire home/apt,343.0,2.0,64,2026-03-07,0.84,2,70,30,,2026-03
40041040,Hidden Gem of Christchurch - Sleeps 13,202585247,Ohana,Christchurch City,Halswell Ward,-43.5761604309082,172.57949829101562,Entire home/apt,494.0,1.0,537,2026-03-17,7.0,137,133,52,,2026-03
40094069,Prime Location Handy CBD& Restaurants,45768555,Hasslefree Accommodation,Christchurch City,Central Ward,-43.52232,172.6295,Entire home/apt,249.0,1.0,146,2026-02-01,1.91,65,310,10,,2026-02
40098644,Superb park side haven in Central Christchurch,115613326,Martin And Myra,Christchurch City,Central Ward,-43.53915,172.62152,Entire home/apt,227.0,2.0,207,2026-02-28,2.99,1,144,27,,2026-02
40162727,"2 Private bedrooms sleeps4, Queen, King/or 2single",103405045,Kaaren,Christchurch City,Halswell Ward,-43.55499,172.53837,Private room,210.0,1.0,37,2026-02-21,0.5,1,252,3,,2026-02
40163863,Penthouse apartment in the heart of the city,308855327,Alison,Christchurch City,Central Ward,-43.52975,172.63986,Entire home/apt,446.0,2.0,164,2026-02-13,2.16,1,246,16,,2026-02
40181973,Spacious 4BR Family Home â¢ Parking â¢ Near Airport,145918006,Stephanie,Christchurch City,Waimairi Ward,-43.50331759588552,172.58236443877755,Entire home/apt,399.0,1.0,214,2026-03-19,2.82,2,261,46,,2026-03
40183209,Ensuite Double,98758734,North South Holiday Park,Christchurch City,Harewood Ward,-43.47103,172.57169,Private room,176.0,1.0,0,,,19,309,0,,
40183765,Ensuite Cabin (Sleeps 6),98758734,North South Holiday Park,Christchurch City,Harewood Ward,-43.47002,172.57088,Private room,180.0,1.0,0,,,19,314,0,,
40202935,Apartment on Hagley Park,15177022,Hollie,Christchurch City,Central Ward,-43.53932189941406,172.6201171875,Entire home/apt,497.0,2.0,4,2026-02-22,0.05,1,81,2,,2026-02
40206974,The School House,98758734,North South Holiday Park,Christchurch City,Harewood Ward,-43.47029,172.57093,Entire home/apt,340.0,1.0,1,2022-06-26,0.02,19,312,0,,2022-06
40238717,Group Accommodation *Special discounts Apply*,43226526,Janine,Christchurch City,Linwood Ward,-43.53636,172.66097,Entire home/apt,300.0,2.0,24,2023-11-19,0.32,5,358,0,,2023-11
40262134,"Modern, spacious 2 bedroom apartment in CBD",102034919,Rudy And Bernie,Christchurch City,Central Ward,-43.52109,172.64059,Entire home/apt,201.0,2.0,338,2026-03-17,6.57,2,223,48,,2026-03
40265231,Stunning sea views in Akaroa township,311028057,John,Christchurch City,Banks Peninsula Ward,-43.79912,172.97038,Entire home/apt,297.0,2.0,83,2026-03-01,1.08,1,173,11,,2026-03
40267252,"Kowhai Cabin, Little River: Be Nurtured by Nature",9023904,Elizabeth,Christchurch City,Banks Peninsula Ward,-43.78569,172.80933,Entire home/apt,160.0,2.0,68,2026-02-08,0.89,2,183,4,,2026-02
40285042,Sunhaven,119677273,Randal And Heather,Christchurch City,Cashmere Ward,-43.56838,172.64721,Entire home/apt,137.0,1.0,171,2026-03-21,2.22,1,25,32,,2026-03
40327816,Stylish apartment in historic Edwardian building.,117503447,Liliana,Christchurch City,Central Ward,-43.53749,172.63725,Entire home/apt,309.0,2.0,215,2026-03-10,2.86,2,337,35,,2026-03
40355440,Fabulous townhouse  in Christchurch centre,86216394,Min,Christchurch City,Central Ward,-43.52753,172.64305,Entire home/apt,196.0,1.0,374,2026-03-13,4.88,37,154,28,,2026-03
40374757,Clyde 106 - 7 Night special deals,24205506,"Mayie, Judi And Karen At Bookahome",Christchurch City,Fendalton Ward,-43.52007,172.58993,Entire home/apt,275.0,2.0,65,2026-02-13,0.87,83,24,6,,2026-02
40422556,"Family Home, Ideal for Relocations, Pets Welcome!",53394004,Sharon,Christchurch City,Linwood Ward,-43.552921,172.669952,Entire home/apt,,3.0,64,2026-03-07,1.26,1,3,9,,2026-03
40449246,Harbour Escape - tiny home in Lyttelton,16447205,Rachel & Brian,Christchurch City,Banks Peninsula Ward,-43.60236,172.70845,Entire home/apt,194.0,1.0,695,2026-03-15,9.1,1,193,135,,2026-03
40493902,Luxury Style Free Street Parking CBD Location,45768555,Hasslefree Accommodation,Christchurch City,Central Ward,-43.53641,172.64227,Entire home/apt,175.0,1.0,281,2025-12-30,3.69,65,284,7,,2025-12
40707974,Luxe Living in Christchurch CBD ** Free Parking!,174442263,Meg,Christchurch City,Central Ward,-43.53476,172.64225,Entire home/apt,180.0,1.0,512,2026-03-07,6.81,3,16,68,,2026-03
40758530,Next to Hagley Park - 7 Night special deals,24205506,"Mayie, Judi And Karen At Bookahome",Christchurch City,Riccarton Ward,-43.54023,172.61128,Entire home/apt,416.0,2.0,75,2026-03-06,0.98,83,21,18,,2026-03
40783715,Peace on Birdwood,316632883,Theadora,Christchurch City,Cashmere Ward,-43.56947,172.64111,Entire home/apt,135.0,3.0,120,2026-03-07,1.59,1,221,10,,2026-03
40864065,Secure City Center Apartment close to attractions,318078169,Matthew,Christchurch City,Central Ward,-43.53413,172.6304,Entire home/apt,364.0,2.0,28,2026-03-08,0.37,1,61,9,,2026-03
41113877,Tranquil hideaway,24561336,Maree,Christchurch City,Banks Peninsula Ward,-43.81493,172.96426,Entire home/apt,383.0,1.0,412,2026-03-11,5.45,1,299,59,,2026-03
41158752,Kanuka Retreat,10953991,Peter,Christchurch City,Banks Peninsula Ward,-43.8029,172.9882,Entire home/apt,183.0,2.0,235,2026-02-11,3.48,3,318,13,,2026-02
41383298,New!  Kingfisher Apartment a treat you deserve,186134617,Michael,Christchurch City,Cashmere Ward,-43.57988,172.62808,Entire home/apt,336.0,2.0,66,2026-01-11,0.9,1,204,7,,2026-01
41388482,Luxury Cottage @ Cranford Cottages and Motel,305389317,Cranford Cottages And Motel,Christchurch City,Innes Ward,-43.51076,172.63743,Entire home/apt,204.0,1.0,20,2026-01-16,0.27,5,361,4,,2026-01
41435344,Executive Studio @ Cranford Cottages and Motel,305389317,Cranford Cottages And Motel,Christchurch City,Innes Ward,-43.51085,172.63853,Entire home/apt,162.0,1.0,10,2026-02-08,0.14,5,357,3,,2026-02
41436343,One Bedroom Apartment @Cranford Cottages and Motel,305389317,Cranford Cottages And Motel,Christchurch City,Innes Ward,-43.5114,172.63837,Entire home/apt,194.0,1.0,7,2026-02-28,0.1,5,360,3,,2026-02
41482287,Peaceful Retreat within City Limits,12557746,Donald,Christchurch City,Burwood Ward,-43.46084,172.66631,Entire home/apt,,3.0,61,2025-02-22,0.81,1,0,0,,2025-02
41534043,4BR City Escape | Family-Friendly + Parking,24205506,"Mayie, Judi And Karen At Bookahome",Christchurch City,Central Ward,-43.52178,172.64264,Entire home/apt,416.0,2.0,160,2026-02-28,2.15,83,287,6,,2026-02
41539901,The Little House,149919672,Gareth & Jamie,Christchurch City,Papanui Ward,-43.4756136,172.6115366,Entire home/apt,149.0,1.0,49,2026-03-17,4.87,1,219,49,,2026-03
41775310,Lyttel West B & B with spa pool,99496641,Helen,Christchurch City,Banks Peninsula Ward,-43.60044,172.70703,Entire home/apt,126.0,2.0,85,2026-03-01,1.14,1,230,12,,2026-03
41841780,Spacious Executive Apartment close to the city,167595746,Paul & Denise,Christchurch City,Fendalton Ward,-43.51998,172.62263,Entire home/apt,306.0,1.0,94,2026-03-15,1.26,1,264,5,,2026-03
41844588,"Spacious Guest Suite, Cass Bay Beach, Christchurch",127308444,Sonja,Christchurch City,Banks Peninsula Ward,-43.60412,172.69131,Entire home/apt,,2.0,49,2025-09-22,0.66,1,0,3,,2025-09
41858980,The Boathouse - Akaroa Holiday Home,145244100,Bachcare,Christchurch City,Banks Peninsula Ward,-43.8072,172.96675,Entire home/apt,,2.0,21,2025-10-21,0.28,1417,363,1,,2025-10
41895107,â Beautiful New Home | Close to Airport & City â,331287587,Jason,Christchurch City,Hornby Ward,-43.52201,172.5277,Entire home/apt,250.0,10.0,3,2020-03-19,0.04,1,170,0,,2020-03
41960124,Fyffe Two Bedroom Family Unit,58116308,Rod,Christchurch City,Riccarton Ward,-43.5292,172.58831,Entire home/apt,305.0,1.0,11,2026-02-28,0.17,4,307,2,,2026-02
41963661,Fyffe Studio Unit,58116308,Rod,Christchurch City,Riccarton Ward,-43.52999,172.58969,Entire home/apt,217.0,1.0,4,2025-01-15,0.08,4,337,0,,2025-01
42049669,Luxury 2 bdrm Downstairs Apt w Private Pool,73243003,Jules,Christchurch City,Heathcote Ward,-43.57295,172.77326,Entire home/apt,388.0,2.0,18,2026-02-14,0.63,1,267,3,,2026-02
42075120,Comfortable 2BR w/ Hot Tub | Close to Airport,202585247,Ohana,Christchurch City,Waimairi Ward,-43.50413131713867,172.56784057617188,Entire home/apt,,1.0,597,2025-11-09,8.02,137,0,55,,2025-11
42181408,Redcliffs-Sumner Award Winning Contemporary Studio,26336269,Marion,Christchurch City,Heathcote Ward,-43.56294,172.73986,Entire home/apt,209.0,2.0,60,2026-03-13,0.82,2,20,8,,2026-03
42185666,City Centre 1 Bedroom Apartment,281110869,City Centre,Christchurch City,Central Ward,-43.5216,172.63786,Entire home/apt,173.0,1.0,10,2023-07-29,0.16,5,340,0,,2023-07
42203640,City Centre Studio Apartment,281110869,City Centre,Christchurch City,Central Ward,-43.52148,172.63849,Entire home/apt,168.0,1.0,170,2026-03-01,2.4,5,342,12,,2026-03
42203678,City Centre Studio,281110869,City Centre,Christchurch City,Central Ward,-43.52298,172.6368,Entire home/apt,137.0,1.0,6,2024-02-24,0.08,5,269,0,,2024-02
42203700,City Centre Large 1 bedroom,281110869,City Centre,Christchurch City,Central Ward,-43.52317,172.63862,Entire home/apt,179.0,1.0,12,2025-12-23,0.16,5,333,1,,2025-12
42236422,Modern townhouse. Own ensuite!,39497723,Jaime,Christchurch City,Central Ward,-43.51589,172.64376,Private room,102.0,3.0,33,2026-02-27,0.45,1,68,14,,2026-02
42295186,Quality Apartment; Million Dollar View  Courtyard.,7666271,Clive Anthony,Christchurch City,Heathcote Ward,-43.56828,172.71835,Entire home/apt,257.0,1.0,61,2026-02-27,0.83,1,230,3,,2026-02
42337018,Quiet spacious family home.,104576721,Janine,Christchurch City,Waimairi Ward,-43.51932,172.54181,Entire home/apt,320.0,1.0,121,2026-02-28,1.65,1,302,7,,2026-02
42592141,"Airport, motorway, shopping, peaceful.",145889392,Allen,Christchurch City,Harewood Ward,-43.46165,172.61642,Entire home/apt,331.0,1.0,57,2025-12-27,0.78,1,244,10,,2025-12
42626767,"The A-frame rural retreat, Port Levy",54578065,Courtney,Christchurch City,Banks Peninsula Ward,-43.66836,172.82038,Entire home/apt,263.0,1.0,141,2025-06-21,1.92,1,120,9,,2025-06
42628956,Central Location New Luxury Secure Park 3 Mins CBD,45768555,Hasslefree Accommodation,Christchurch City,Central Ward,-43.53006,172.64348,Entire home/apt,221.0,1.0,166,2026-02-21,2.27,65,315,2,,2026-02
42690376,Cozy 1BR Apartment with Hagley Park View,331763232,Managed By Williams,Christchurch City,Central Ward,-43.53835,172.62151,Entire home/apt,197.0,1.0,380,2026-03-03,5.53,132,233,71,,2026-03
42908593,Two Bedroom Townhouse at Airways Motel,341679977,Jeff,Christchurch City,Waimairi Ward,-43.519215,172.535065,Entire home/apt,348.0,1.0,11,2024-07-22,0.15,2,350,0,,2024-07
42926171,Redcliffs Loft (self-contained),95211040,Jo,Christchurch City,Heathcote Ward,-43.56057,172.73905,Entire home/apt,166.0,2.0,62,2026-02-26,2.47,2,342,25,,2026-02
42984288,Home from home City Apartment,342238822,Zoe,Christchurch City,Central Ward,-43.51987,172.64032,Entire home/apt,204.0,2.0,295,2026-03-14,4.1,2,333,26,,2026-03
42991751,City Centre Apartment 5 mins walk to ChCh Hospital,5353886,Trish And Mark,Christchurch City,Central Ward,-43.53742,172.62051,Entire home/apt,220.0,2.0,144,2025-03-16,2.01,3,213,0,,2025-03
43004427,Superior Studio (Upper Floor) - Kauri Motel,302631641,Kauri,Christchurch City,Riccarton Ward,-43.529789,172.597031,Private room,232.0,1.0,0,,,4,327,0,,
43012810,"Suite As, Hotel Carlton Mill",50694865,Hotel,Christchurch City,Fendalton Ward,-43.520267,172.626251,Entire home/apt,316.0,1.0,10,2024-02-15,0.15,11,353,0,,2024-02
43061771,City Centre Superior Villa 3 large Double bedrooms,182871907,Mei & Steven,Christchurch City,Central Ward,-43.53087,172.64523,Entire home/apt,480.0,1.0,44,2025-12-27,0.64,2,194,1,,2025-12
43095948,Two Bedroom Spa Apartment at Bella Vista Motel,90849795,Emma & Fidel,Christchurch City,Central Ward,-43.52027,172.63838,Entire home/apt,287.0,1.0,10,2022-10-05,0.14,2,339,0,,2022-10
43178606,Three Bedroom Apartment at Bella Vista Motel,90849795,Emma & Fidel,Christchurch City,Central Ward,-43.51946,172.63947,Entire home/apt,309.0,1.0,27,2023-12-25,0.4,2,344,0,,2023-12
43281284,Central City Brand New 3 bed room,181322080,Isabella,Christchurch City,Central Ward,-43.52351,172.64143,Entire home/apt,644.0,1.0,21,2025-10-25,0.3,1,339,1,,2025-10
43406592,Halfmoon Cottage Akaroa,93365561,Cor & Margo,Christchurch City,Banks Peninsula Ward,-43.76006,172.9145,Private room,153.0,1.0,3,2026-03-07,1.58,4,5,3,,2026-03
43423250,Stunning Views Await! Renovated Retreat in Akaroa,24205506,"Mayie, Judi And Karen At Bookahome",Christchurch City,Banks Peninsula Ward,-43.81033,172.97036,Entire home/apt,552.0,2.0,65,2026-03-02,0.95,83,265,8,,2026-03
43499389,Beachside Apartment,9427994,Mary,Christchurch City,Banks Peninsula Ward,-43.81497,172.95135,Private room,260.0,2.0,4,2023-03-02,0.07,2,283,0,,2023-03
43499396,Penthouse Studio,9427994,Mary,Christchurch City,Banks Peninsula Ward,-43.8163,172.95242,Private room,240.0,2.0,1,2025-03-29,0.08,2,275,1,,2025-03
43548333,"Modern One-bedroom Apartment close to Uni, Airport",347615794,Sarbjit,Christchurch City,Riccarton Ward,-43.53241,172.57079,Private room,299.0,1.0,21,2025-12-31,0.3,3,363,1,,2025-12
43569810,"Executive Private Studio, close to Uni and Airport",347615794,Sarbjit,Christchurch City,Riccarton Ward,-43.53259,172.57203,Private room,185.0,1.0,74,2026-02-23,1.06,3,361,10,,2026-02
43569979,"Modern Twin Studio, close to Uni and Airport",347615794,Sarbjit,Christchurch City,Riccarton Ward,-43.53166,172.57176,Private room,190.0,1.0,14,2022-06-27,0.22,3,353,0,,2022-06
43581101,Sheridan and Nespresso - Rest and Rev!,347830957,Kelly,Christchurch City,Spreydon Ward,-43.54863,172.58696,Private room,142.0,1.0,261,2025-03-31,3.75,1,356,1,,2025-03
43582068,LyLo  Ensuite Queen Room,368461906,Alexandria,Christchurch City,Harewood Ward,-43.48966,172.54814,Private room,194.0,1.0,29,2025-09-24,0.42,15,364,7,,2025-09
43582164,Beautiful sunny apartment with off street carpark,123463466,Tracey,Christchurch City,Central Ward,-43.52799,172.64227,Entire home/apt,194.0,2.0,235,2026-02-25,3.34,3,82,39,,2026-02
43582497,LyLo Ensuite Family Room,368461906,Alexandria,Christchurch City,Harewood Ward,-43.48946,172.54867,Private room,314.0,1.0,9,2025-11-11,0.23,15,357,4,,2025-11
43582508,Architectural Oasis | Serenity & Spectacular Views,340463660,Nikki And Chris,Christchurch City,Cashmere Ward,-43.57199,172.62887,Entire home/apt,358.0,2.0,64,2026-02-28,0.95,3,321,38,,2026-02
43582798,Like new 2 bed fast broadband and car space,123463466,Tracey,Christchurch City,Central Ward,-43.5348,172.64281,Entire home/apt,231.0,2.0,202,2026-03-14,3.49,3,66,43,,2026-03
43630949,Manaaki Mai Hut Retreat - Purau Lyttelton Harbour,29935802,Paul,Christchurch City,Banks Peninsula Ward,-43.66171,172.76892,Private room,144.0,1.0,95,2024-06-22,1.37,1,1,0,,2024-06
43654392,2 Bdrm - Sleep 5 in Central City - Secure Parking,40726446,Sarah,Christchurch City,Central Ward,-43.5308,172.638748,Entire home/apt,368.0,1.0,409,2026-03-21,5.88,4,272,55,,2026-03
43669699,LyLo Queen Ensuite Accessible,368461906,Alexandria,Christchurch City,Harewood Ward,-43.49107,172.55009,Private room,254.0,1.0,0,,,15,320,0,,
43669749,LyLo Twin Ensuite Accessible,368461906,Alexandria,Christchurch City,Harewood Ward,-43.48955,172.54792,Private room,219.0,1.0,0,,,15,344,0,,
43671139,"LUX inner city, apartment with park views",70424460,Erin,Christchurch City,Central Ward,-43.53952,172.62204,Entire home/apt,188.0,2.0,141,2026-02-24,2.01,1,75,39,,2026-02
43690597,New stylish apartment in the heart of CBD,99704310,Coco,Christchurch City,Central Ward,-43.53336,172.64232,Entire home/apt,183.0,1.0,478,2026-03-07,6.8,1,36,48,,2026-03
43717426,Purau Luxury Retreat with Spa,182141026,Denissa,Christchurch City,Banks Peninsula Ward,-43.63958,172.75167,Entire home/apt,269.0,2.0,174,2026-03-08,2.58,1,82,43,,2026-03
43743813,Rapaki  Rendezvous by the Sea on Lyttelton Harbour,324058622,Christine,Christchurch City,Banks Peninsula Ward,-43.6064247,172.6811556,Entire home/apt,388.0,1.0,41,2026-03-06,1.12,1,357,11,,2026-03
43759375,Fantail Cottage with Sea Views - Akaroa Home,145244100,Bachcare,Christchurch City,Banks Peninsula Ward,-43.79384,172.96914,Entire home/apt,,2.0,10,2025-12-27,0.16,1417,363,1,,2025-12
43857059,LyLo Family Pod Room,368461906,Alexandria,Christchurch City,Harewood Ward,-43.48889,172.54921,Private room,392.0,1.0,9,2022-07-16,0.13,15,362,0,,2022-07
43898362,Relax with the Bellbirds in Akaroa,26142610,Aaron,Christchurch City,Banks Peninsula Ward,-43.81554,172.96408,Entire home/apt,689.0,1.0,84,2026-03-04,1.21,1,55,13,,2026-03
43914625,"One Bedroom Apartment, Hotel Carlton Mill",50694865,Hotel,Christchurch City,Fendalton Ward,-43.52079,172.62698,Entire home/apt,345.0,1.0,6,2023-04-08,0.1,11,339,0,,2023-04
43971005,One central apartments city centre,128163295,Rachael,Christchurch City,Central Ward,-43.5339,172.64374,Entire home/apt,282.0,2.0,113,2026-03-01,1.63,3,331,8,,2026-03
44339855,Central Lyttelton accommodation sleeps 10,296405135,Gary,Christchurch City,Banks Peninsula Ward,-43.60331,172.722229,Private room,798.0,1.0,10,2023-03-19,0.17,5,339,0,,2023-03
44360235,Modern & Cosy Timber Guesthouse,107328831,Carol & Ken,Christchurch City,Halswell Ward,-43.59833,172.61693,Entire home/apt,217.0,1.0,146,2026-03-18,2.13,1,261,20,,2026-03
44367152,"Enjoy this magical place,  best views in the bay",302229457,Kimberley,Christchurch City,Banks Peninsula Ward,-43.81169,172.90853,Entire home/apt,412.0,2.0,189,2026-01-24,2.78,1,164,13,,2026-01
44417907,A Taste of Kiwi close to Event Centres,164323766,Joel,Christchurch City,Spreydon Ward,-43.54884,172.59496,Entire home/apt,222.0,2.0,100,2026-02-28,1.5,3,208,17,,2026-02
44417961,Modern 2BR City Townhouse w/ Spa & Parking,202585247,Ohana,Christchurch City,Innes Ward,-43.5140413,172.6431534,Entire home/apt,289.0,1.0,561,2026-03-17,8.17,137,109,102,,2026-03
44450397,Love Akaroa Retreat,69251025,Claire,Christchurch City,Banks Peninsula Ward,-43.80822,172.9752,Entire home/apt,405.0,2.0,63,2026-02-14,0.94,3,334,3,,2026-02
44523242,Pointers - Akaroa Holiday Home,145244100,Bachcare,Christchurch City,Banks Peninsula Ward,-43.8073,172.97327,Entire home/apt,,2.0,12,2026-01-08,0.18,1417,361,2,,2026-01
44573643,Hidden Gem at the backyard of Christchurch,191831593,William,Christchurch City,Banks Peninsula Ward,-43.6305,172.72373,Entire home/apt,385.0,1.0,120,2026-02-23,1.77,2,246,10,,2026-02
44926806,Kereru Haven: Pigeon Bay home with a view,362879771,Natasha,Christchurch City,Banks Peninsula Ward,-43.67692,172.8806,Entire home/apt,328.0,2.0,184,2026-03-07,2.77,1,227,29,,2026-03
45081468,Modern Central City Sunny Apartment,363885946,Rebecca,Christchurch City,Central Ward,-43.53336,172.64166,Entire home/apt,216.0,1.0,239,2026-03-13,3.53,1,100,41,,2026-03
45090375,"Single accommodation, en suite and breakfast.",96710780,Peter,Christchurch City,Innes Ward,-43.51391,172.65364,Private room,115.0,1.0,97,2026-03-09,1.45,3,131,2,,2026-03
45091749,Modern & Quiet | Central Christchurch Stay,24205506,"Mayie, Judi And Karen At Bookahome",Christchurch City,Central Ward,-43.52365,172.62835,Entire home/apt,294.0,2.0,49,2026-02-26,0.74,83,320,7,,2026-02
45092196,Blenheim Road Motorlodge,119597817,Angela,Christchurch City,Riccarton Ward,-43.53846,172.58483,Private room,143.0,1.0,17,2026-03-03,0.28,3,364,3,,2026-03
45226251,Perfect getaway CHCH CBD tidy cozy townhouse,365360819,Chao,Christchurch City,Central Ward,-43.52822,172.64532,Entire home/apt,186.0,1.0,309,2026-03-21,4.59,11,143,46,,2026-03
45264895,5 Large Bedroom Villas Suitable for 10People (CBD),182871907,Mei & Steven,Christchurch City,Central Ward,-43.52995,172.64517,Entire home/apt,855.0,1.0,64,2026-03-12,1.04,2,260,17,,2026-03
45414170,"Five Star luxury for two, in Christchurch Central",88024294,Constantin,Christchurch City,Central Ward,-43.53071,172.62882,Private room,478.0,1.0,12,2025-03-01,0.18,2,329,0,,2025-03
45414665,Family Bach on Woodills,367284717,Victoria,Christchurch City,Banks Peninsula Ward,-43.80033,172.97273,Entire home/apt,252.0,2.0,52,2026-02-28,0.79,2,40,10,,2026-02
45470958,Beautiful 2 bedroom apartment in the CDB,89191145,Jackson,Christchurch City,Central Ward,-43.53407,172.64206,Entire home/apt,,2.0,31,2026-02-07,0.5,1,0,1,,2026-02
45549098,3 Bedroom House,98758734,North South Holiday Park,Christchurch City,Harewood Ward,-43.4716,172.56983,Entire home/apt,358.0,1.0,4,2022-10-31,0.08,19,298,0,,2022-10
45588035,City Center Entire Townhouse Netflix & 1000M Fibre,86216394,Min,Christchurch City,Central Ward,-43.52799,172.64852,Entire home/apt,190.0,1.0,167,2026-03-12,2.51,37,161,13,,2026-03
45639036,#72 3 Bedroom Apt with partial Water Views,70726871,Darren,Christchurch City,Banks Peninsula Ward,-43.80867,172.9612,Entire home/apt,299.0,1.0,61,2026-02-22,0.93,22,263,15,,2026-02
45758539,City centre apartment unlimited WIFI,86216394,Min,Christchurch City,Central Ward,-43.52889,172.64506,Entire home/apt,196.0,1.0,223,2026-03-13,3.36,37,159,32,,2026-03
45775755,The Herb Farm Cottage - An Idyllic Rustic Retreat,132262350,Alethea,Christchurch City,Banks Peninsula Ward,-43.80191,172.97999,Entire home/apt,206.0,1.0,147,2026-03-14,2.26,1,80,19,,2026-03
45899184,Park Motel,98758734,North South Holiday Park,Christchurch City,Harewood Ward,-43.46982,172.57101,Private room,208.0,1.0,2,2022-07-15,0.03,19,324,0,,2022-07
45915103,Te Whare Rimu -  a mix of character and comfort,112208935,Gareth Sven,Christchurch City,Spreydon Ward,-43.55195,172.61422,Entire home/apt,240.0,3.0,4,2025-01-10,0.06,1,355,0,,2025-01
45930898,Luxury Sunny Warm CBD At Doorstep.,45768555,Hasslefree Accommodation,Christchurch City,Central Ward,-43.53105,172.6442,Entire home/apt,189.0,1.0,236,2026-03-15,3.6,65,307,30,,2026-03
45944592,Spacious bedroom with private bathroom,15218301,Kate,Christchurch City,Central Ward,-43.52586,172.66755,Private room,86.0,1.0,297,2026-03-16,6.14,2,40,49,,2026-03
46014929,Modern Stylish Townhouse in the Heart of Chch CBD,41985497,Ben,Christchurch City,Central Ward,-43.52845,172.64639,Entire home/apt,203.0,1.0,326,2026-03-07,4.98,1,223,59,,2026-03
46199744,Modern Diamond Harbour Hideaway,94675598,Rebecca,Christchurch City,Banks Peninsula Ward,-43.63181,172.74083,Entire home/apt,217.0,2.0,131,2026-02-15,2.07,1,200,24,,2026-02
46264996,One-Bed-Room Studio Close City Central,370484539,Colombo Lodge,Christchurch City,Central Ward,-43.54373,172.63638,Private room,192.0,1.0,12,2025-01-12,0.18,5,341,0,,2025-01
46265578,"Sky Window Studio, City Center NO CLEANING FEE !!",370484539,Colombo Lodge,Christchurch City,Central Ward,-43.54259,172.63797,Entire home/apt,143.0,1.0,359,2026-02-12,5.56,5,353,14,,2026-02
46265660,"Large Superior Studio, City Center NO CLEANING FEE",370484539,Colombo Lodge,Christchurch City,Central Ward,-43.544,172.63626,Private room,156.0,1.0,44,2026-03-04,0.69,5,354,4,,2026-03
46270093,Kitchenette Studio City Center NO CLEANING FEE !!!,370484539,Colombo Lodge,Christchurch City,Central Ward,-43.54301,172.6382,Entire home/apt,307.0,1.0,55,2025-09-30,0.85,5,343,1,,2025-09
46300458,City Centre*3Bdr*4Beds*2.5 Bath*Carpark*Wkly Disc.,45768555,Hasslefree Accommodation,Christchurch City,Central Ward,-43.53412,172.64153,Entire home/apt,307.0,2.0,273,2026-03-16,4.22,65,272,46,,2026-03
46301262,Brand-new Inner-city Apartment!,374813070,J,Christchurch City,Central Ward,-43.52973,172.64511,Entire home/apt,231.0,1.0,555,2026-03-06,8.65,1,141,75,,2026-03
46316531,Akaroa Townhouse Steps to Wharf,24205506,"Mayie, Judi And Karen At Bookahome",Christchurch City,Banks Peninsula Ward,-43.80961990356445,172.96246337890625,Entire home/apt,385.0,2.0,40,2026-03-06,0.63,83,304,10,,2026-03
46328701,Le Bons Bay Beach House,288043923,Sophie,Christchurch City,Banks Peninsula Ward,-43.74227,173.09222,Entire home/apt,229.0,2.0,68,2026-03-07,1.07,1,333,9,,2026-03
46418560,"Inner City House, Sunny Backyard - Great Location!",40661647,Danny,Christchurch City,Central Ward,-43.52921,172.64912,Entire home/apt,1028.0,2.0,83,2026-02-28,1.33,1,333,16,,2026-02
46421695,Private oasis with stunning views to native bush,6298490,Victoria,Christchurch City,Banks Peninsula Ward,-43.76174,172.8075,Entire home/apt,194.0,2.0,144,2026-02-21,2.26,1,225,32,,2026-02
46548988,Outstanding Townhouse on Salisbury 1000M/S Fibre,86216394,Min,Christchurch City,Central Ward,-43.52346,172.64251,Entire home/apt,189.0,1.0,222,2026-02-28,3.46,37,155,30,,2026-02
46555255,Architectural Urban Diamond,81390838,Perfect Stays,Christchurch City,Central Ward,-43.52588,172.63086,Entire home/apt,916.0,2.0,121,2026-02-06,1.9,47,344,12,,2026-02
46567098,Modern Self-Contained Unit with Panoramic Views,279277097,Jens,Christchurch City,Heathcote Ward,-43.5702,172.75039,Private room,206.0,1.0,137,2026-03-15,2.15,1,163,27,,2026-03
46627912,Stylish Seaview Villa perched above Akaroa,156839737,Zane,Christchurch City,Banks Peninsula Ward,-43.79892,172.96755,Entire home/apt,600.0,1.0,304,2026-02-27,4.83,5,241,44,,2026-02
46628244,Beautiful house and very near to CBD,293931140,Mani,Christchurch City,Heathcote Ward,-43.55307,172.64637,Private room,46.0,1.0,1,2020-12-03,0.02,1,357,0,,2020-12
46665510,Pocket of Paradise,170491934,Karyn,Christchurch City,Banks Peninsula Ward,-43.62822,172.74174,Entire home/apt,217.0,1.0,138,2026-03-12,2.17,1,64,20,,2026-03
46713002,One Bedroom Family Apartment,127329302,Jay,Christchurch City,Riccarton Ward,-43.53137,172.58117,Entire home/apt,209.0,1.0,3,2023-09-08,0.05,6,344,0,,2023-09
46751754,Monck's Bay Retreat,8558995,Judith,Christchurch City,Heathcote Ward,-43.56847,172.74462,Private room,57.0,3.0,38,2026-03-01,0.81,3,163,5,,2026-03
46775597,Standard Studio - Kauri Motel,302631641,Kauri,Christchurch City,Riccarton Ward,-43.529858,172.596909,Private room,181.0,1.0,0,,,4,335,0,,
46775834,Superior Studio (Accessible) - Kauri Motel,302631641,Kauri,Christchurch City,Riccarton Ward,-43.529858,172.596909,Private room,232.0,1.0,1,2021-04-30,0.02,4,342,0,,2021-04
46786855,Park view on Hagley Park,321562392,J&H House,Christchurch City,Central Ward,-43.52953,172.61297,Entire home/apt,215.0,1.0,454,2026-03-10,7.05,3,132,62,,2026-03
46800217,Settlers Retreat (quiet oasis) with own entrance.,13349472,John Warwick,Christchurch City,Banks Peninsula Ward,-43.62929,172.65009,Entire home/apt,137.0,2.0,67,2026-02-25,1.1,1,76,8,,2026-02
46842223,Location Location Location 2 Mins CBD Free Parking,45768555,Hasslefree Accommodation,Christchurch City,Central Ward,-43.5325,172.6432,Entire home/apt,268.0,1.0,219,2026-02-15,3.56,65,9,26,,2026-02
46852276,Akaroa apartment with sea views,178901714,Kathryn,Christchurch City,Banks Peninsula Ward,-43.80781,172.96323,Entire home/apt,274.0,2.0,295,2026-03-15,4.66,1,228,47,,2026-03
46926200,"Homey Townhouse in Central City, CBD Place",379113054,Dan,Christchurch City,Central Ward,-43.52428,172.64159,Entire home/apt,181.0,1.0,578,2026-03-18,9.06,1,236,87,,2026-03
47031648,Five Acre Farm - The Cabin,96866236,Brie,Christchurch City,Heathcote Ward,-43.5677,172.71034,Entire home/apt,629.0,2.0,84,2026-03-13,1.34,1,327,10,,2026-03
47056288,Duvauchelle Dream,16025828,Lesley And John,Christchurch City,Banks Peninsula Ward,-43.74744,172.9325,Entire home/apt,340.0,2.0,62,2026-03-13,0.97,4,29,14,,2026-03
47096594,Otahuahua - Akaroa Holiday Home,145244100,Bachcare,Christchurch City,Banks Peninsula Ward,-43.79687,172.96294,Entire home/apt,,2.0,34,2025-09-13,0.54,1417,353,3,,2025-09
47164182,One bedroom townhouse on Salisbury 1000m/s fibre,86216394,Min,Christchurch City,Central Ward,-43.52536,172.64226,Entire home/apt,,1.0,138,2026-01-18,2.17,37,0,24,,2026-01
47180923,Heavenly Hillside Haven,329341602,Andrew,Christchurch City,Heathcote Ward,-43.56207,172.73328,Entire home/apt,,2.0,45,2026-02-22,0.8,4,0,33,,2026-02
47225102,Stylish one bedroom entire apartment Speedy WiFi,86216394,Min,Christchurch City,Central Ward,-43.52533,172.64131,Entire home/apt,195.0,1.0,195,2026-03-13,3.07,37,159,40,,2026-03
47225488,Comfy entire townhouse with enhanced cleaning,86216394,Min,Christchurch City,Central Ward,-43.52359,172.64247,Entire home/apt,190.0,1.0,211,2026-03-13,3.32,37,148,20,,2026-03
47289733,Bevington - handy and private close to airport,24205506,"Mayie, Judi And Karen At Bookahome",Christchurch City,Waimairi Ward,-43.52096,172.55327,Entire home/apt,140.0,2.0,60,2026-03-04,0.95,83,141,20,,2026-03
47356235,City View In Central Chch with Free Valet Parking,98868319,Nicole & Shane,Christchurch City,Central Ward,-43.52896,172.63959,Entire home/apt,495.0,1.0,211,2026-01-02,3.36,2,15,11,,2026-01
47516789,Little Port Cooper School House and Farm Hike,383503203,Wendy,Christchurch City,Banks Peninsula Ward,-43.61521,172.81537,Entire home/apt,155.0,1.0,82,2026-03-07,1.33,1,4,5,,2026-03
47523459,Bambina Luxe New Townhouse with upgraded supplies,86216394,Min,Christchurch City,Central Ward,-43.52826,172.61255,Entire home/apt,196.0,1.0,301,2026-03-13,4.79,37,158,40,,2026-03
47583890,ChchCentral-kitchenette-NewRegent 800m-TeKaha1.1km,16718467,Stephen,Christchurch City,Central Ward,-43.52387,172.64298,Private room,86.0,1.0,118,2026-03-17,1.96,2,57,48,,2026-03
47701137,The Little Red Hut,72591426,Fiona,Christchurch City,Linwood Ward,-43.53424,172.66915,Entire home/apt,122.0,4.0,29,2026-03-02,1.25,1,57,7,,2026-03
47761558,Handy Riccarton Hagley Park CBD 10 Mins,45768555,Hasslefree Accommodation,Christchurch City,Riccarton Ward,-43.5357,172.60242,Entire home/apt,457.0,1.0,197,2026-02-28,3.16,65,333,17,,2026-02
47769213,1 Bedroom Apartment,270614463,Samuel William,Christchurch City,Central Ward,-43.53335,172.62874,Private room,291.0,1.0,1,2023-03-14,0.03,14,126,0,,2023-03
47802378,Classic Single Room,270614463,Samuel William,Christchurch City,Central Ward,-43.53266,172.62805,Private room,217.0,1.0,66,2025-09-04,1.15,14,352,5,,2025-09
47802645,Classic Queen Room,270614463,Samuel William,Christchurch City,Central Ward,-43.5315,172.62765,Private room,217.0,1.0,10,2025-12-04,0.24,14,333,1,,2025-12
47802823,Deluxe Queen Room,270614463,Samuel William,Christchurch City,Central Ward,-43.53281,172.62722,Private room,151.0,1.0,35,2025-12-06,0.82,14,324,13,,2025-12
47803049,Classic Twin Room,270614463,Samuel William,Christchurch City,Central Ward,-43.53137,172.62907,Private room,212.0,1.0,14,2024-12-26,0.28,14,313,0,,2024-12
47803160,Deluxe Twin Room,270614463,Samuel William,Christchurch City,Central Ward,-43.53282,172.62732,Private room,151.0,1.0,6,2025-10-19,0.13,14,270,2,,2025-10
47803217,Male Dormitory,270614463,Samuel William,Christchurch City,Central Ward,-43.53325,172.62746,Shared room,65.0,1.0,2,2025-02-14,0.07,14,339,0,,2025-02
47803282,Female Dormitory,270614463,Samuel William,Christchurch City,Central Ward,-43.53307,172.62848,Private room,65.0,1.0,34,2026-02-23,0.6,14,314,8,,2026-02
47803329,Classic Quad Room,270614463,Samuel William,Christchurch City,Central Ward,-43.53251,172.62714,Private room,252.0,1.0,26,2025-12-07,0.5,14,288,6,,2025-12
47803376,Classic Triple Room,270614463,Samuel William,Christchurch City,Central Ward,-43.53155,172.62862,Private room,237.0,1.0,87,2026-01-02,1.62,14,339,19,,2026-01
47803467,Deluxe Triple Room,270614463,Samuel William,Christchurch City,Central Ward,-43.53141,172.62773,Private room,165.0,1.0,10,2026-02-07,0.21,14,274,3,,2026-02
47813922,2 Bedroom Apartment,270614463,Samuel William,Christchurch City,Central Ward,-43.5334,172.62905,Private room,311.0,1.0,20,2025-04-22,0.41,14,249,1,,2025-04
47813987,Deluxe Family Room,270614463,Samuel William,Christchurch City,Central Ward,-43.53145,172.62802,Private room,297.0,1.0,54,2025-12-30,1.17,14,225,12,,2025-12
47814086,Studio Apartment,270614463,Samuel William,Christchurch City,Central Ward,-43.53146,172.62849,Private room,191.0,1.0,2,2024-02-11,0.05,14,312,0,,2024-02
47816522,King Studio at Airways Motel,341679977,Jeff,Christchurch City,Waimairi Ward,-43.5192,172.53539,Private room,189.0,1.0,6,2023-07-29,0.12,2,363,0,,2023-07
47850750,"Best Location Park, Hospital, Supermarket, handy.",45768555,Hasslefree Accommodation,Christchurch City,Riccarton Ward,-43.52854,172.61055,Entire home/apt,239.0,1.0,193,2026-02-08,3.08,65,277,23,,2026-02
47918620,Cute City Fringe Villa,95874601,Annabel,Christchurch City,Fendalton Ward,-43.50663,172.62798,Entire home/apt,274.0,2.0,43,2026-02-21,1.99,1,156,34,,2026-02
47980156,Garden Cottage,2352013,Natalie-Rose,Christchurch City,Harewood Ward,-43.510724,172.4977578,Entire home/apt,234.0,2.0,102,2026-02-28,1.63,1,321,20,,2026-02
48081652,Kaihope Cottage,246642111,Annabel And Clare & Richard,Christchurch City,Banks Peninsula Ward,-43.6492,172.81929,Entire home/apt,229.0,2.0,56,2026-03-15,0.93,1,353,13,,2026-03
48149313,"Modern, self-contained unit in a restful setting.",36107689,Alison,Christchurch City,Banks Peninsula Ward,-43.7475,172.82748,Entire home/apt,160.0,2.0,44,2026-03-09,0.73,1,78,10,,2026-03
48188105,Simply The Best CBD 3 Mins Plus Garage,45768555,Hasslefree Accommodation,Christchurch City,Central Ward,-43.53248,172.64157,Entire home/apt,275.0,1.0,379,2026-02-20,6.13,65,244,24,,2026-02
48212843,Central City Retreat - with secure carpark,24205506,"Mayie, Judi And Karen At Bookahome",Christchurch City,Central Ward,-43.5258,172.64024,Entire home/apt,238.0,2.0,42,2026-01-24,0.8,83,24,11,,2026-01
48247285,Central City 2 Bedroom Apartment with easy carpark,389301058,Rod,Christchurch City,Central Ward,-43.52755,172.63247,Entire home/apt,196.0,2.0,98,2026-02-28,1.59,1,161,20,,2026-02
48262251,Safe bushy area clean budget æ¥æ¬äººæ­è¿,37646848,Dave,Christchurch City,Papanui Ward,-43.49945,172.60139,Private room,38.0,1.0,0,,,1,355,0,,
48596199,Private modern residence in central location,151829651,Heidi,Christchurch City,Riccarton Ward,-43.53662054444871,172.6039099394667,Entire home/apt,326.0,1.0,566,2026-03-06,9.36,2,199,123,,2026-03
48787508,Tree house in a penguin colony (in season),193551136,Kevin,Christchurch City,Banks Peninsula Ward,-43.86746,173.00501,Private room,,1.0,10,2026-01-17,0.16,2,0,1,,2026-01
48818394,New one bed Apartment with Park,203127835,Chloe,Christchurch City,Innes Ward,-43.50552,172.63663,Entire home/apt,149.0,2.0,18,2026-03-13,1.84,1,84,18,,2026-03
48945214,Stylish oasis in central city,128163295,Rachael,Christchurch City,Central Ward,-43.52401,172.64234,Entire home/apt,225.0,2.0,108,2026-02-28,1.8,3,337,10,,2026-02
48945694,Experience all the entertainment Christchurch has,377176109,Paula,Christchurch City,Central Ward,-43.52963,172.6451,Entire home/apt,200.0,1.0,311,2026-02-26,6.03,2,177,67,,2026-02
49019590,Gem of a Kiwi Bach!,57015466,Laura,Christchurch City,Heathcote Ward,-43.58137,172.77607,Entire home/apt,149.0,2.0,154,2025-12-26,2.62,1,58,23,,2025-12
49116548,Handy CBD Covered Free Parking Gym 2 Bdrm,45768555,Hasslefree Accommodation,Christchurch City,Central Ward,-43.52014,172.64573,Entire home/apt,202.0,1.0,176,2026-02-28,2.93,65,338,13,,2026-02
49160622,Merivale Village Apartment,81390838,Perfect Stays,Christchurch City,Fendalton Ward,-43.5116,172.61784,Entire home/apt,365.0,2.0,29,2025-12-25,0.49,47,256,4,,2025-12
49215811,"Serene Studio(No Window), No Cleaning Fee",370484539,Colombo Lodge,Christchurch City,Central Ward,-43.54258,172.63575,Private room,119.0,1.0,315,2026-02-28,5.36,5,354,47,,2026-02
49278182,Gipsy cabin on the Wildside of Banks Peninsula,193551136,Kevin,Christchurch City,Banks Peninsula Ward,-43.86751,173.00637,Private room,331.0,1.0,7,2025-02-22,0.12,2,51,0,,2025-02
49345155,Boutique BNB free breakfast near stadium sleeps 6,126394991,Hamish,Christchurch City,Central Ward,-43.5306,172.64324,Private room,377.0,1.0,295,2026-03-08,4.95,1,242,36,,2026-03
49389638,Wonderful Family Retreat | 4BR Near Airport,49642171,Lily-SimplyHost,Christchurch City,Hornby Ward,-43.52128,172.52786,Entire home/apt,439.0,1.0,199,2026-03-10,3.36,95,230,60,,2026-03
49642646,CBD Bright&Warm Home Free Parking in quiet complex,86216394,Min,Christchurch City,Central Ward,-43.53368,172.64213,Entire home/apt,240.0,1.0,220,2026-03-14,3.78,37,149,25,,2026-03
49777874,Walking Distance CBD 2 Bdrms Secure Park,45768555,Hasslefree Accommodation,Christchurch City,Central Ward,-43.5233,172.63623,Entire home/apt,316.0,1.0,201,2026-02-05,3.44,65,315,7,,2026-02
49865906,Family Perfect! Long Term Bliss.,148604490,Leigh,Christchurch City,Spreydon Ward,-43.55613,172.5882,Entire home/apt,249.0,2.0,174,2026-02-28,3.01,3,333,36,,2026-02
49911750,"*NEW in Central CBD*
  2 bed/2 bath
*Free Parking*",91370988,Rianne,Christchurch City,Central Ward,-43.533924,172.641937,Entire home/apt,245.0,5.0,76,2026-03-14,1.31,1,18,13,,2026-03
49930417,"LOCATION, LOCATION! SUNNY TOWNHOUSE IN MERIVALE",386394417,Kimberly,Christchurch City,Fendalton Ward,-43.51329,172.62607,Entire home/apt,399.0,2.0,145,2026-03-17,2.5,1,192,33,,2026-03
50032736,"New, private room with en-suite in CBD",142734461,Megan,Christchurch City,Central Ward,-43.528469,172.649338,Private room,98.0,1.0,160,2026-03-15,2.73,1,7,31,,2026-03
50045889,#70 The Penthouse Suite,70726871,Darren,Christchurch City,Banks Peninsula Ward,-43.80892,172.96117,Entire home/apt,419.0,1.0,49,2026-02-21,0.86,22,319,16,,2026-02
50093400,Modern Grandeur,57554873,Qing Yu,Christchurch City,Papanui Ward,-43.49858,172.62701,Entire home/apt,,2.0,21,2026-03-17,0.86,1,0,12,,2026-03
50381603,"New Luxury town house on Salisbury with 65""TV",86216394,Min,Christchurch City,Central Ward,-43.52537,172.64181,Entire home/apt,202.0,1.0,191,2026-03-13,3.37,37,156,32,,2026-03
50508377,Stellar Central City Apartment -  Hagley Park,5353886,Trish And Mark,Christchurch City,Spreydon Ward,-43.54037,172.61873,Entire home/apt,212.0,2.0,110,2026-03-09,2.05,3,328,1,,2026-03
50509271,"Charming 100yr old home, near the Avon River",12777897,Lisa,Christchurch City,Central Ward,-43.52342,172.67345,Private room,63.0,1.0,42,2025-06-09,2.61,1,74,12,,2025-06
50596811,"Guest Suite, Central City, Christchurch",177248780,Grant,Christchurch City,Central Ward,-43.52682,172.62979,Private room,203.0,2.0,299,2026-03-14,5.21,1,83,46,,2026-03
50625936,Awesome new townhouse with KING Bed on Armagh,86216394,Min,Christchurch City,Central Ward,-43.52768,172.64505,Entire home/apt,198.0,1.0,311,2026-03-05,5.43,37,117,47,,2026-03
50706253,The Sumner Loft,84622864,Matt And Caroline,Christchurch City,Heathcote Ward,-43.56859,172.75874,Entire home/apt,386.0,2.0,183,2026-03-18,3.38,1,325,36,,2026-03
50731023,Chic City Living 1 bdrm Sunny Warm Close CBD,45768555,Hasslefree Accommodation,Christchurch City,Central Ward,-43.52533,172.64,Entire home/apt,221.0,1.0,139,2026-01-24,2.44,65,285,11,,2026-01
50829464,Lavandula 3,24205506,"Mayie, Judi And Karen At Bookahome",Christchurch City,Waimairi Ward,-43.50109,172.55823,Entire home/apt,334.0,2.0,31,2025-11-27,0.55,83,335,5,,2025-11
50829465,Lavandula 4 Bedroom,24205506,"Mayie, Judi And Karen At Bookahome",Christchurch City,Waimairi Ward,-43.49878,172.55842,Entire home/apt,370.0,2.0,25,2025-12-04,0.44,83,335,3,,2025-12
50835794,5 bedroom Mediterranean home with pool & spa!,84195811,Heather,Christchurch City,Innes Ward,-43.4515,172.66354,Entire home/apt,1446.0,2.0,16,2026-02-28,0.29,1,193,2,,2026-02
50982243,Parkside Relax townhouse Free Parking EV charger,86216394,Min,Christchurch City,Riccarton Ward,-43.528942,172.610428,Entire home/apt,217.0,1.0,249,2026-03-03,4.37,37,138,39,,2026-03
50984040,Close to Arena 1km to Railwaystation with car park,365360819,Chao,Christchurch City,Spreydon Ward,-43.544708,172.60907,Entire home/apt,319.0,1.0,157,2026-02-22,2.75,11,169,22,,2026-02
51004537,Spacious City Apartment: Heart of Christchurch,407750015,Megan,Christchurch City,Central Ward,-43.5329,172.6303,Entire home/apt,434.0,3.0,57,2026-03-08,1.13,1,321,4,,2026-03
51004982,Lovely 1 bedroom service apartment -best view,412607402,Natalie,Christchurch City,Central Ward,-43.53037,172.64431,Entire home/apt,260.0,1.0,456,2026-03-15,8.37,2,86,58,,2026-03
51015911,Cosy home in Arena stadium with secure car park,321562392,J&H House,Christchurch City,Spreydon Ward,-43.54585,172.60841,Entire home/apt,202.0,1.0,491,2026-03-18,8.63,3,131,97,,2026-03
51094543,Prime Location Cosy Warm Free Off Street Park,45768555,Hasslefree Accommodation,Christchurch City,Spreydon Ward,-43.54406,172.60803,Entire home/apt,214.0,1.0,168,2026-03-09,2.97,65,295,25,,2026-03
51125428,Stones Throw From the Stadium & Hot Tub,202585247,Ohana,Christchurch City,Spreydon Ward,-43.54471,172.60907,Entire home/apt,304.0,1.0,482,2026-03-14,8.47,137,110,80,,2026-03
51175766,Charming Sunny Warm 10 Mins CBD Book Now,45768555,Hasslefree Accommodation,Christchurch City,Central Ward,-43.52527,172.63978,Entire home/apt,180.0,1.0,133,2026-02-21,2.36,65,336,22,,2026-02
51215241,New Townhouse in private complex with EV charger,86216394,Min,Christchurch City,Spreydon Ward,-43.5449,172.60915,Entire home/apt,251.0,1.0,183,2026-02-24,3.25,37,163,23,,2026-02
51253058,Light & Spacious 2Bdrm Townhouse Off Street Park,45768555,Hasslefree Accommodation,Christchurch City,Central Ward,-43.52047,172.65235,Entire home/apt,255.0,1.0,106,2025-06-08,1.98,65,337,2,,2025-06
51266802,Bed & Fly Sleep-out,24960939,Syamimi,Christchurch City,Hornby Ward,-43.53372,172.54864,Private room,,1.0,79,2025-02-28,1.98,1,0,0,,2025-02
51272456,Exceptional Value For Money Sunny Warm 5 Mins CBD,45768555,Hasslefree Accommodation,Christchurch City,Central Ward,-43.52602,172.63889,Entire home/apt,200.0,1.0,151,2026-02-26,2.76,65,313,10,,2026-02
51272681,Central Apartment Stone Throw From Hospital,45768555,Hasslefree Accommodation,Christchurch City,Central Ward,-43.53888,172.62046,Entire home/apt,230.0,1.0,160,2026-03-10,2.91,65,335,17,,2026-03
51295159,Modern Stylish New 3 Mins CBD,45768555,Hasslefree Accommodation,Christchurch City,Central Ward,-43.53293,172.64265,Entire home/apt,238.0,1.0,135,2026-02-13,2.48,65,313,14,,2026-02
51313091,Relax Unwind Super Fast Internet,45768555,Hasslefree Accommodation,Christchurch City,Central Ward,-43.52152,172.64353,Entire home/apt,198.0,1.0,107,2026-03-05,1.96,65,294,16,,2026-03
51313482,Affordable Apartment Hagley Park Super Fast Wifi,45768555,Hasslefree Accommodation,Christchurch City,Spreydon Ward,-43.54026,172.61786,Entire home/apt,208.0,1.0,152,2026-02-26,2.76,65,341,12,,2026-02
51328709,An idyllic 2 bedroom A-frame,415705836,Jessica,Christchurch City,Banks Peninsula Ward,-43.62026,172.64912,Entire home/apt,242.0,2.0,30,2025-02-11,0.54,1,49,0,,2025-02
51336176,Modern Central Outdoor Living Bonus Handy CBD,45768555,Hasslefree Accommodation,Christchurch City,Central Ward,-43.52304,172.6425,Entire home/apt,188.0,1.0,117,2026-02-26,2.07,65,274,12,,2026-02
51393507,Little paradise in City Centre,321562392,J&H House,Christchurch City,Central Ward,-43.53066,172.64341,Entire home/apt,203.0,1.0,410,2026-03-17,7.3,3,157,67,,2026-03
51480433,"20min walk to city, large room with ensuite",76714495,Damein,Christchurch City,Central Ward,-43.51924,172.64817,Private room,97.0,2.0,96,2026-02-24,2.15,1,299,24,,2026-02
51522809,Beautiful Kereru Cottage..... everything on offer,417375305,Cam,Christchurch City,Banks Peninsula Ward,-43.77256,172.78811,Entire home/apt,297.0,1.0,275,2026-02-06,5.11,1,329,32,,2026-02
51541253,ETHOS Studio Unit,209848843,Kim,Christchurch City,Cashmere Ward,-43.55722,172.63489,Entire home/apt,196.0,1.0,32,2026-03-13,0.58,2,355,10,,2026-03
51564989,Bedroom in Cheerful 3-bedroom home (1 x Queen Bed),8171146,Alison,Christchurch City,Riccarton Ward,-43.52764,172.60326,Private room,,1.0,55,2026-03-14,1.01,3,0,44,,2026-03
51825560,Three Bedroom Unit at Northwood Motor Lodge,155296784,Peter,Christchurch City,Harewood Ward,-43.46805,172.57649,Private room,374.0,1.0,37,2026-02-28,0.72,2,257,17,,2026-02
51825750,Studio Unit at Northwood Motor Lodge,155296784,Peter,Christchurch City,Harewood Ward,-43.46947,172.57783,Private room,209.0,1.0,6,2025-02-23,0.22,2,348,0,,2025-02
51892118,Tui Triple - sole use for your group,1743811,Kelly,Christchurch City,Spreydon Ward,-43.55041,172.60932,Private room,60.0,5.0,42,2026-03-12,0.9,5,146,11,,2026-03
51967635,Garden View Studio,97876830,La Rochelle,Christchurch City,Banks Peninsula Ward,-43.80187,172.97091,Private room,220.0,1.0,32,2026-01-22,0.61,2,304,10,,2026-01
52209891,Historic Shipping Office - Akaroa,599729683,Grand Hotel Akaroa,Christchurch City,Banks Peninsula Ward,-43.80881,172.96264,Entire home/apt,457.0,1.0,51,2026-02-16,0.95,6,360,5,,2026-02
52371093,Akaroa Coastal Cottage,47422452,Oliver,Christchurch City,Banks Peninsula Ward,-43.82937,172.94591,Entire home/apt,206.0,1.0,574,2026-03-06,10.58,2,194,92,,2026-03
52394243,Stylish 1BR Apartment Opposite Hagley Park,49642171,Lily-SimplyHost,Christchurch City,Spreydon Ward,-43.54003,172.6181,Entire home/apt,206.0,1.0,279,2026-02-17,5.52,95,311,12,,2026-02
52426964,Beautiful self contained unit in Governors Bay.,424346932,Annette,Christchurch City,Banks Peninsula Ward,-43.6205440976814,172.64596611387046,Entire home/apt,172.0,1.0,44,2026-03-16,3.3,1,11,35,,2026-03
52537281,#71 The Penthouse Suite,70726871,Darren,Christchurch City,Banks Peninsula Ward,-43.81016,172.96106,Private room,419.0,1.0,34,2026-01-16,0.64,22,298,5,,2026-01
52623958,Studio Quad Room at Samhil Motor Lodge,425993439,Raj,Christchurch City,Riccarton Ward,-43.52948,172.60972,Private room,195.0,1.0,0,,,4,351,0,,
52624191,Studio Queen Room at Samhil Motor Lodge,425993439,Raj,Christchurch City,Riccarton Ward,-43.52717,172.61091,Private room,149.0,1.0,11,2026-03-08,0.29,4,354,8,,2026-03
52660229,Studio Twin Room at Samhil Motor Lodge,425993439,Raj,Christchurch City,Riccarton Ward,-43.52902,172.61073,Private room,159.0,1.0,7,2025-10-21,0.24,4,346,1,,2025-10
52660277,Family Room@Samhil Motor Lodge,425993439,Raj,Christchurch City,Riccarton Ward,-43.52776,172.61058,Private room,185.0,1.0,3,2024-11-23,0.11,4,357,0,,2024-11
52779984,Lovely room in character home,4638888,Jessica,Christchurch City,Innes Ward,-43.50798,172.64693,Private room,132.0,1.0,3,2026-02-22,0.23,1,360,2,,2026-02
52795827,Stylish Comfort in Fendalton  - Sunny 2 Bedroom,83006490,Aleisha,Christchurch City,Fendalton Ward,-43.51678,172.60084,Entire home/apt,259.0,3.0,136,2026-03-16,3.0,1,307,27,,2026-03
52830397,Close to airport getaway,23389870,Hennie,Christchurch City,Harewood Ward,-43.48845,172.57352,Entire home/apt,149.0,1.0,542,2026-03-10,10.22,5,156,69,,2026-03
52861676,#2 The Wharf Seaview Apartments by AVI,70726871,Darren,Christchurch City,Banks Peninsula Ward,-43.80831,172.96179,Entire home/apt,359.0,1.0,3,2025-08-14,0.06,22,194,1,,2025-08
52864114,Stylish Ensuite Loft in Prime City Location,38050706,Harry,Christchurch City,Central Ward,-43.52632,172.63052,Private room,160.0,1.0,112,2026-03-20,3.02,1,10,12,,2026-03
52873542,#3 - The Wharf Seaview Apartments by AVI,70726871,Darren,Christchurch City,Banks Peninsula Ward,-43.80836,172.96205,Entire home/apt,349.0,1.0,4,2024-10-09,0.08,22,196,0,,2024-10
52874880,#4 The Wharf Seaview  Apartments by AVI,70726871,Darren,Christchurch City,Banks Peninsula Ward,-43.80856,172.96179,Entire home/apt,299.0,1.0,7,2025-12-01,0.14,22,178,2,,2025-12
52875078,#1 The Wharf Seaview Apartments by AVI,70726871,Darren,Christchurch City,Banks Peninsula Ward,-43.80961,172.96153,Entire home/apt,299.0,1.0,3,2024-02-04,0.08,22,188,0,,2024-02
52885793,Fendalton Villa - Christchurch Holiday Home,145244100,Bachcare,Christchurch City,Fendalton Ward,-43.51943,172.60747,Entire home/apt,,2.0,12,2026-02-14,0.26,1417,360,3,,2026-02
53066844,Cosy 1 bedroom +ensuite with own entrance in the Christchurch hills.,101588626,Sylvia,Christchurch City,Cashmere Ward,-43.57629,172.62832,Private room,97.0,2.0,131,2026-03-15,2.49,1,352,24,,2026-03
53084920,Double bedroom in Character Villa,29970846,Nick,Christchurch City,Linwood Ward,-43.54127,172.66309,Private room,58.0,2.0,25,2025-07-04,0.68,3,163,2,,2025-07
53153984,Woodside - Akaroa Holiday Cottage,145244100,Bachcare,Christchurch City,Banks Peninsula Ward,-43.79488,172.96868,Entire home/apt,,2.0,27,2026-01-01,0.51,1417,363,6,,2026-01
53172996,Matagouri Cottage - Port Levy Holiday Home,145244100,Bachcare,Christchurch City,Banks Peninsula Ward,-43.67456,172.81526,Entire home/apt,329.0,2.0,19,2026-02-28,0.41,1417,362,6,,2026-02
53190702,"Stylish close to city, 2 bedroom house, 1 carpark",97694138,Stacey,Christchurch City,Spreydon Ward,-43.54561,172.61926,Entire home/apt,168.0,2.0,148,2026-03-14,2.86,1,295,48,,2026-03
53202341,Jasmine Country Cottages  Cosy Retreat,243537175,Caroline And Mike,Christchurch City,Banks Peninsula Ward,-43.75464,172.81694,Private room,166.0,1.0,116,2026-03-14,2.19,1,109,26,,2026-03
53206741,"Sun Drenched City Pad, Free Parking",189822451,Shaun,Christchurch City,Central Ward,-43.52579,172.64802,Entire home/apt,247.0,1.0,207,2026-03-19,4.02,3,174,58,,2026-03
53224706,Quiet New Townhouse with Office Space easy park,86216394,Min,Christchurch City,Central Ward,-43.52702,172.64745,Entire home/apt,198.0,1.0,125,2026-03-07,2.38,37,141,17,,2026-03
53245815,Contemporary Central City Apartment,121279602,Alaine,Christchurch City,Central Ward,-43.52672,172.64826,Entire home/apt,269.0,1.0,354,2026-03-14,7.31,1,191,56,,2026-03
53265752,New State Of The Art Sunny Warm free Park,45768555,Hasslefree Accommodation,Christchurch City,Central Ward,-43.51813,172.64443,Entire home/apt,267.0,1.0,149,2026-03-14,2.87,65,320,8,,2026-03
53275033,Harbour Haven Retreat,431294402,Jennifer,Christchurch City,Banks Peninsula Ward,-43.599133,172.724884,Entire home/apt,314.0,1.0,75,2026-03-15,1.44,1,81,17,,2026-03
53299205,Luxury Apartment Christchurch Central,189822451,Shaun,Christchurch City,Central Ward,-43.5276975,172.631221,Entire home/apt,267.0,1.0,302,2026-03-16,5.85,3,139,63,,2026-03
53376793,Lovely townhouse with city convenience,257214205,Barry,Christchurch City,Heathcote Ward,-43.54965,172.63025,Entire home/apt,149.0,2.0,213,2026-02-25,4.11,2,317,53,,2026-02
53448614,super king size bed give you comfortable enjoyment,114475989,Vince,Christchurch City,Hornby Ward,-43.52093,172.53431,Private room,97.0,1.0,65,2026-03-09,1.56,4,251,23,,2026-03
53451677,City Garden Retreat: Private Room in Urban Oasis,12222757,Kelsey,Christchurch City,Spreydon Ward,-43.555,172.60435,Private room,102.0,2.0,33,2026-03-07,0.73,3,364,11,,2026-03
53482809,Le Solterre - Akaroa Holiday Home,145244100,Bachcare,Christchurch City,Banks Peninsula Ward,-43.81252,172.96107,Entire home/apt,,2.0,10,2026-01-10,0.27,1417,363,3,,2026-01
53560787,Purau Bay - Slice of Paradise!,63116373,James,Christchurch City,Banks Peninsula Ward,-43.63831,172.75225,Entire home/apt,129.0,2.0,86,2026-03-16,1.93,1,214,19,,2026-03
53564132,Your own spacious studio near the Airport,238665849,Hiroshi,Christchurch City,Waimairi Ward,-43.51778,172.56057,Entire home/apt,113.0,2.0,118,2026-02-18,2.26,1,237,24,,2026-02
53616042,"Ocean views, 2 bdrm Bach, beautiful interior decor",434163133,Matthew,Christchurch City,Banks Peninsula Ward,-43.80907,172.96978,Entire home/apt,330.0,1.0,236,2026-02-27,4.58,1,242,43,,2026-02
53641693,"Lovely,convenient location gateway Westfield mall",53121858,Kate And Simon,Christchurch City,Riccarton Ward,-43.5305,172.59351,Entire home/apt,,1.0,31,2023-12-09,0.6,1,0,0,,2023-12
53665943,ð« Sleep Amongst the Clouds - Panoramic Views âï¸ð¤,202585247,Ohana,Christchurch City,Central Ward,-43.53071,172.63806,Entire home/apt,455.0,1.0,391,2026-03-14,7.5,137,18,51,,2026-03
53742751,Christchurch - Heathcote Valley,183269743,Lizzie,Christchurch City,Heathcote Ward,-43.5825,172.70492,Entire home/apt,,37.0,2,2025-12-28,0.04,1,28,1,,2025-12
53756719,Holiday Home Close By Christchurch Airport,48550774,Happy-Home,Christchurch City,Waimairi Ward,-43.50551,172.57202,Entire home/apt,286.0,1.0,0,,,1,365,0,,
53847282,"Victoria Street Precinct
2 Bedroom Townhouse",101763097,Andrew,Christchurch City,Central Ward,-43.523804,172.630768,Entire home/apt,263.0,1.0,108,2026-03-21,2.23,1,75,18,,2026-03
53881712,"Modern Suite near Te Pae,CBD,Town Hall,Hagley Park",122142397,Lyle,Christchurch City,Central Ward,-43.52756118774414,172.6314697265625,Entire home/apt,156.0,3.0,219,2026-03-16,4.44,1,126,54,,2026-03
53976929,"Self contained Tiny House, an urban retreat",170246455,Monique,Christchurch City,Spreydon Ward,-43.55439,172.60052,Entire home/apt,84.0,2.0,76,2026-03-08,1.48,1,55,18,,2026-03
53985875,New 3 Storey luxe townhouse on quiet street,86216394,Min,Christchurch City,Central Ward,-43.52835,172.63261,Entire home/apt,243.0,1.0,241,2026-03-14,4.68,37,148,39,,2026-03
54023662,"Sun, Sea & Stunning Views: Modern Cass Bay Escape",340463660,Nikki And Chris,Christchurch City,Banks Peninsula Ward,-43.60476,172.68934,Entire home/apt,307.0,2.0,97,2026-03-04,1.92,3,317,31,,2026-03
54268343,NEW Home Away from Home on Salisbury,86216394,Min,Christchurch City,Central Ward,-43.52477,172.64196,Entire home/apt,199.0,1.0,129,2026-03-09,2.55,37,154,18,,2026-03
54306761,Studio 294.  Inner City Oasis,111997739,Gabrielle,Christchurch City,Central Ward,-43.53066,172.64841,Private room,,1.0,188,2026-03-14,3.94,2,0,31,,2026-03
506769949624485303,Peaceful 2 bedroom house located in Christchurch,148837089,Michelle,Christchurch City,Spreydon Ward,-43.56443,172.60985,Entire home/apt,183.0,2.0,12,2026-01-24,0.3,1,2,1,,2026-01
544272321884946997,Cozy Rattan Escape | Winter Warmth in Central CHC,86216394,Min,Christchurch City,Central Ward,-43.53148,172.64991,Entire home/apt,225.0,1.0,157,2026-03-10,3.15,37,159,37,,2026-03
546598934484145226,Central Christchurch villa 3 bedrooms 2 bathrooms,4955295,Catherine,Christchurch City,Central Ward,-43.51954,172.63792,Entire home/apt,291.0,1.0,80,2026-03-20,2.05,1,102,25,,2026-03
547923718619174506,Riverside Retreat | Central City + Parking,442122929,Faye,Christchurch City,Central Ward,-43.53472,172.63009,Entire home/apt,275.0,1.0,168,2026-03-17,3.34,1,15,29,,2026-03
551548833328799347,"Sunny, modern apartment with sea views",140812367,Melissa,Christchurch City,Banks Peninsula Ward,-43.813106536865234,172.9611053466797,Entire home/apt,400.0,2.0,134,2026-03-01,3.13,1,261,15,,2026-03
552170024764779150,Executive City Pad Free Basement Park CBD 3 Mins,45768555,Hasslefree Accommodation,Christchurch City,Central Ward,-43.53391,172.62885,Entire home/apt,196.0,1.0,194,2026-03-03,3.9,65,316,53,,2026-03
553056370657590460,Copper Beech Cottage,219787553,Hayley,Christchurch City,Heathcote Ward,-43.56019,172.66271,Entire home/apt,185.0,1.0,430,2026-03-09,8.98,1,231,116,,2026-03
556017309497677453,Welcome to a private room in a shared cosy home.,13549874,Birga,Christchurch City,Heathcote Ward,-43.57766,172.77481,Private room,87.0,1.0,16,2026-02-19,0.35,1,340,1,,2026-02
558101365834713785,A Million City Views - Sleeps 10,202585247,Ohana,Christchurch City,Cashmere Ward,-43.58259,172.63994,Entire home/apt,508.0,1.0,337,2026-03-18,6.74,137,110,62,,2026-03
565978238943634674,Light and Bright on Lyttelton Street,158648993,Emily,Christchurch City,Spreydon Ward,-43.561508,172.6138,Entire home/apt,206.0,2.0,92,2026-03-14,1.89,1,81,30,,2026-03
566284365296787585,Deluxe Entire Townhouse on Hereford with King bed,86216394,Min,Christchurch City,Central Ward,-43.53239,172.64928,Entire home/apt,192.0,1.0,125,2026-03-07,2.53,37,158,16,,2026-03
568949570277268481,Character and charm in a perfect location,45172785,The MAC Property Team,Christchurch City,Papanui Ward,-43.50333786010742,172.6168975830078,Entire home/apt,,1.0,173,2026-01-22,3.63,47,0,16,,2026-01
572548641800067195,City Life on Your Doorstep with cosy double bed,221100338,Muk,Christchurch City,Central Ward,-43.5289073,172.6461528,Private room,97.0,1.0,137,2026-03-18,2.97,1,245,29,,2026-03
574265726236174386,Waterfront 2-bedroom apartment with car park,447669268,Carolyn,Christchurch City,Banks Peninsula Ward,-43.81003,172.9623,Entire home/apt,249.0,1.0,393,2026-03-14,8.11,1,235,49,,2026-03
577824727038168288,Cheerful 2 bedroom townhouse in Addington!,192355275,Casey,Christchurch City,Spreydon Ward,-43.5455,172.60661,Entire home/apt,229.0,1.0,248,2026-03-15,5.79,1,32,62,,2026-03
578524004248188387,Luxury hill retreat - private spa and epic views,38888165,Colleen,Christchurch City,Heathcote Ward,-43.57344927071493,172.74799834970196,Entire home/apt,616.0,7.0,1,2026-01-02,0.37,1,80,1,,2026-01
582043278286283357,Fully Renovated Hillside Apartment Close To City,155408984,Nick,Christchurch City,Cashmere Ward,-43.57435,172.63341,Entire home/apt,161.0,2.0,68,2026-01-31,1.42,1,177,7,,2026-01
583685284216062835,King Room - Accessible,449624343,Lucy,Christchurch City,Riccarton Ward,-43.53136,172.58828,Private room,194.0,1.0,55,2024-07-01,1.21,5,355,0,,2024-07
584223821303287902,Deluxe King Room,449624343,Lucy,Christchurch City,Riccarton Ward,-43.53171,172.58766,Private room,223.0,1.0,27,2024-01-20,0.57,5,352,0,,2024-01
584227314969757928,Deluxe King Room,449624343,Lucy,Christchurch City,Riccarton Ward,-43.53197,172.58719,Private room,223.0,1.0,17,2023-10-14,0.36,5,355,0,,2023-10
588792595589642283,"Convenient, spacious 3 B/R Oasis",102656424,Dave And Wendy,Christchurch City,Innes Ward,-43.51386,172.65297,Entire home/apt,234.0,1.0,225,2026-03-11,4.71,1,87,50,,2026-03
589915796391327773,"Heritage Cottage, Retro Touch, walk to CBD",24205506,"Mayie, Judi And Karen At Bookahome",Christchurch City,Central Ward,-43.52249,172.6441,Entire home/apt,245.0,2.0,91,2026-03-03,1.9,83,62,26,,2026-03
591562785762996997,Modern Beach Getaway,4692629,Anna,Christchurch City,Heathcote Ward,-43.572243,172.75946,Entire home/apt,286.0,2.0,95,2026-03-14,1.96,1,26,13,,2026-03
593743172640289395,Hector's Tiny House - Akaroa Holiday Home,145244100,Bachcare,Christchurch City,Banks Peninsula Ward,-43.76267,172.94449,Entire home/apt,,2.0,22,2026-02-07,0.28,1417,359,9,,2026-02
593743323294587097,Kotare Point Paradise - Akaroa Holiday Home,145244100,Bachcare,Christchurch City,Banks Peninsula Ward,-43.78454,172.94965,Entire home/apt,,2.0,9,2024-02-10,0.12,1417,363,0,,2024-02
593743686991541402,Rue Noyer Lookout - Akaroa Holiday Home,145244100,Bachcare,Christchurch City,Banks Peninsula Ward,-43.80918,172.96382,Entire home/apt,,2.0,12,2025-09-14,0.16,1417,359,1,,2025-09
593745446809390005,Coastal City Retreat - New Brighton Accommodation,145244100,Bachcare,Christchurch City,Coastal Ward,-43.50779,172.73028,Entire home/apt,,2.0,1,2022-06-05,0.02,1417,362,0,,2022-06
598076573659387775,"Dog friendly, self contained Clifton living",56080061,Harriet,Christchurch City,Heathcote Ward,-43.57262,172.74677,Entire home/apt,103.0,2.0,128,2026-02-21,3.36,1,164,26,,2026-02
599452653212788682,"âThe Summer Houseâ - Huntsbury, Christchurch",93019047,Geoff And Jan,Christchurch City,Cashmere Ward,-43.56629,172.65093,Entire home/apt,194.0,2.0,57,2026-03-17,1.25,1,25,25,,2026-03
599674690812017336,Best location # Wigram # walk to amenities & food,121720633,Stephanie,Christchurch City,Halswell Ward,-43.55188,172.55531,Private room,100.0,1.0,36,2026-02-27,0.8,2,64,4,,2026-02
600151871958662797,Little Garden Home,81390838,Perfect Stays,Christchurch City,Fendalton Ward,-43.51806,172.60983,Entire home/apt,470.0,2.0,11,2025-09-12,0.25,47,3,1,,2025-09
600960748449101325,Central Christchurch - double room. Free parking.,97189307,Jo,Christchurch City,Fendalton Ward,-43.511684,172.619247,Private room,126.0,2.0,66,2026-03-19,1.42,1,310,8,,2026-03
601764322116880594,Luxe Eco friendly one bedroom cottage,453561286,Richard,Christchurch City,Banks Peninsula Ward,-43.76576,172.79105,Entire home/apt,251.0,2.0,29,2025-12-29,0.63,1,352,5,,2025-12
609503996966601810,Cozy Central City Getaway,202585247,Ohana,Christchurch City,Central Ward,-43.52322,172.64187,Entire home/apt,266.0,1.0,367,2026-03-11,7.73,137,121,83,,2026-03
609775669864194661,Sunny Central Sumner Beach -Garage -Private Garden,48647018,Debbie,Christchurch City,Heathcote Ward,-43.5679089,172.7595485,Entire home/apt,320.0,2.0,104,2026-03-17,2.28,1,236,27,,2026-03
610902801787723040,"Private Room, bathroom & kitchen - Cass Bay",82363146,Wendy,Christchurch City,Banks Peninsula Ward,-43.604427,172.691528,Entire home/apt,149.0,1.0,108,2026-03-09,2.31,4,355,15,,2026-03
612412168196334272,Design Conscious Gem - Centre City |Secure Parking,40726446,Sarah,Christchurch City,Central Ward,-43.530663,172.63855,Entire home/apt,180.0,1.0,238,2026-03-10,5.01,4,263,20,,2026-03
612700216261116966,Peaceful City Cottage & Hot Tub,202585247,Ohana,Christchurch City,Central Ward,-43.52005386352539,172.65318298339844,Entire home/apt,287.0,1.0,378,2026-03-13,7.96,137,141,77,,2026-03
613999490335901252,Carnmore Hotel Christchurch,456230960,Yuri,Christchurch City,Central Ward,-43.52517,172.6357,Private room,397.0,1.0,5,2024-12-27,0.11,1,357,0,,2024-12
615313985007063347,The Perfect City Nook.,202585247,Ohana,Christchurch City,Central Ward,-43.5337122,172.6490796,Entire home/apt,300.0,1.0,288,2026-03-16,6.11,137,119,51,,2026-03
618234455671580077,Two Bedrooms townhouse with free Park near Hagley,86216394,Min,Christchurch City,Riccarton Ward,-43.52807,172.61113,Entire home/apt,,1.0,111,2025-03-24,2.38,37,0,1,,2025-03
622628452869454032,"Big House - Great for families/groups, nearby CBD",15218301,Kate,Christchurch City,Central Ward,-43.52626,172.6673,Entire home/apt,240.0,1.0,45,2026-01-31,0.97,2,146,6,,2026-01
623397096468753938,"LOCATION - City Living, New, Modern, Chic",45172785,The MAC Property Team,Christchurch City,Central Ward,-43.53335189819336,172.64117431640625,Entire home/apt,248.0,1.0,231,2026-03-16,4.92,47,133,65,,2026-03
626271546787038507,The Ki House in Fendalton,81390838,Perfect Stays,Christchurch City,Fendalton Ward,-43.51892,172.60488,Entire home/apt,119.0,2.0,29,2026-02-28,0.67,47,253,4,,2026-02
630015093442051567,"Free carpark! Walk to TePae, Townhall, Casino,Cafe",43367626,Sharon,Christchurch City,Central Ward,-43.52723,172.63301,Entire home/apt,239.0,1.0,159,2026-02-21,3.78,16,103,13,,2026-02
631447305841657944,Central Secure Double Garage 5 Bedroom Apartment,43226526,Janine,Christchurch City,Linwood Ward,-43.53722,172.66202,Entire home/apt,300.0,2.0,23,2026-02-28,0.5,5,359,4,,2026-02
632676662518375173,Delightful Dolphin 'Lodge',61298318,Hollie,Christchurch City,Banks Peninsula Ward,-43.804573,172.988098,Entire home/apt,155.0,1.0,46,2025-11-08,0.99,1,237,25,,2025-11
634098944161725542,Central Stay â Sleeps 5 | Walk to Te Pae & Casino,202585247,Ohana,Christchurch City,Central Ward,-43.5261141,172.6337774,Entire home/apt,291.0,1.0,375,2026-03-11,8.12,137,201,81,,2026-03
634110355656239813,High Roller Luxury Casino Suite,202585247,Ohana,Christchurch City,Central Ward,-43.52611541748047,172.63377380371094,Entire home/apt,293.0,1.0,399,2026-03-15,8.59,137,113,84,,2026-03
634415939483950840,The Coolest Townhouse in Christchurch,202585247,Ohana,Christchurch City,Central Ward,-43.5310785,172.647063,Entire home/apt,248.0,1.0,253,2026-02-10,5.57,137,152,46,,2026-02
637001139039213011,City on your doorstep. Super location 1 bed apt.,443205598,Andy,Christchurch City,Central Ward,-43.5289,172.63022,Entire home/apt,274.0,2.0,225,2026-03-20,4.86,1,136,62,,2026-03
637328794519765588,"Walk to Casino, Te pae & Town Hall â¢ Free Parking",461462003,Aimee,Christchurch City,Central Ward,-43.52644,172.63474,Entire home/apt,192.0,2.0,219,2026-03-17,4.75,2,110,51,,2026-03
639255833300581987,Spacious Central Townhouse â Perfect for All,510730797,Kate,Christchurch City,Central Ward,-43.53101,172.65198,Entire home/apt,415.0,1.0,107,2026-01-11,2.42,14,75,8,,2026-01
645790308467666490,Bristol Street,24205506,"Mayie, Judi And Karen At Bookahome",Christchurch City,Central Ward,-43.51715009999999,172.6289292,Entire home/apt,216.0,2.0,14,2026-03-07,0.34,83,314,7,,2026-03
645862508946385530,Central City Loft - Sleeps 10,202585247,Ohana,Christchurch City,Central Ward,-43.53315,172.63811,Entire home/apt,,1.0,312,2025-07-27,6.93,137,0,29,,2025-07
645960933953773515,Welcoming & spacious hillside retreat.,4776822,Garth,Christchurch City,Cashmere Ward,-43.56387,172.65489,Entire home/apt,89.0,1.0,142,2026-03-06,3.89,1,283,40,,2026-03
645998666546052452,Funk in the City - Luxury Apartment with Garage,92155537,Rachel,Christchurch City,Central Ward,-43.5298319,172.641253,Entire home/apt,446.0,1.0,27,2026-03-13,0.62,2,284,9,,2026-03
646397833210465337,Cozy studio in Little River,101400542,Marine,Christchurch City,Banks Peninsula Ward,-43.76385,172.79345,Entire home/apt,117.0,2.0,17,2026-02-16,0.38,1,39,5,,2026-02
647450066988561662,CBD Location Sunny Warm Free off Street Parking,45768555,Hasslefree Accommodation,Christchurch City,Central Ward,-43.529964,172.6411401,Entire home/apt,271.0,1.0,231,2026-03-20,5.1,65,312,29,,2026-03
648933754631980641,Harmony 5 bedroom City Centre Apartments,43226526,Janine,Christchurch City,Linwood Ward,-43.53557,172.66025,Entire home/apt,300.0,2.0,18,2025-11-24,0.4,5,359,1,,2025-11
649641408017117481,Penthouse Apartment Scenic Views-Spacious 2br,45768555,Hasslefree Accommodation,Christchurch City,Central Ward,-43.5383492,172.6210566,Entire home/apt,245.0,1.0,205,2026-03-17,4.48,65,323,46,,2026-03
655274653812851381,Premium Location 2beds2bath on Madras,86216394,Min,Christchurch City,Central Ward,-43.52409,172.64274,Entire home/apt,243.0,1.0,126,2026-03-14,2.79,37,160,32,,2026-03
656224633907320128,Delightful Double Room,1743811,Kelly,Christchurch City,Spreydon Ward,-43.54853,172.61063,Private room,47.0,5.0,39,2026-03-13,0.88,5,242,14,,2026-03
656228133419711952,Triple Room with Private Living Area and Balcony,1743811,Kelly,Christchurch City,Spreydon Ward,-43.55059,172.60995,Private room,55.0,7.0,10,2026-02-27,0.23,5,179,6,,2026-02
658047813536699129,Luxury 2BR Townhouse in CBD | Free Parking,49642171,Lily-SimplyHost,Christchurch City,Central Ward,-43.52573,172.63491,Entire home/apt,262.0,1.0,41,2026-03-06,1.47,95,276,3,,2026-03
658372698395586164,"Charming Rose Cottage, Akaroa",233725674,Lucy,Christchurch City,Banks Peninsula Ward,-43.80044,172.97626,Entire home/apt,263.0,2.0,167,2026-03-13,3.72,2,313,35,,2026-03
658787552655287341,Bay Bliss - Akaroa Holiday Home,145244100,Bachcare,Christchurch City,Banks Peninsula Ward,-43.75503,172.94441,Entire home/apt,,2.0,0,,,1417,365,0,,
658804161022012120,Anchor in Akaroa - Akaroa Holiday Home,145244100,Bachcare,Christchurch City,Banks Peninsula Ward,-43.81078,172.96166,Entire home/apt,,2.0,12,2026-02-28,0.3,1417,360,4,,2026-02
660283187015259907,Big Bedroom with a Queens bed,466458668,Bonya,Christchurch City,Burwood Ward,-43.5031167,172.6963294,Private room,121.0,1.0,98,2025-11-18,2.16,2,48,10,,2025-11
660368475035637240,City Escape - Christchurch Central Apartment,145244100,Bachcare,Christchurch City,Central Ward,-43.52388,172.64476,Entire home/apt,,2.0,7,2025-07-26,0.16,1417,364,1,,2025-07
660383068278004548,Divine on Derby - Christchurch Holiday Home,145244100,Bachcare,Christchurch City,Central Ward,-43.51767,172.63129,Entire home/apt,,3.0,26,2026-02-22,0.64,1417,362,6,,2026-02
662348894986313303,Cottage on the corner,188414652,Sya,Christchurch City,Banks Peninsula Ward,-43.600707,172.70919,Entire home/apt,166.0,2.0,47,2026-03-09,1.28,1,360,2,,2026-03
663123779828972140,Double bedroom with a Queens bed,466458668,Bonya,Christchurch City,Burwood Ward,-43.50359,172.69663,Private room,69.0,1.0,63,2026-02-07,1.4,2,141,12,,2026-02
663865174329279524,Worcester Terraces - One Central Christchurch,128163295,Rachael,Christchurch City,Central Ward,-43.53107,172.64087,Entire home/apt,322.0,1.0,200,2026-03-08,4.44,3,332,32,,2026-03
665376658321129986,Contemporary Living in the Central City,468061198,Susan,Christchurch City,Central Ward,-43.52903,172.64107,Entire home/apt,194.0,1.0,199,2026-03-22,5.06,1,284,82,,2026-03
665399461281757519,Romantic Riverside Stay Â· Walk to City & Dining,24205506,"Mayie, Judi And Karen At Bookahome",Christchurch City,Central Ward,-43.52648,172.65215,Entire home/apt,196.0,2.0,50,2026-03-02,1.14,83,350,8,,2026-03
665517904619564738,Woodills Wonderland â Akaroa Holiday Home,145244100,Bachcare,Christchurch City,Banks Peninsula Ward,-43.80123,172.97079,Entire home/apt,,2.0,13,2025-11-15,0.38,1417,365,2,,2025-11
666076898460296632,"Superb 4 Bedroom with free parking, cafe next door",449624343,Lucy,Christchurch City,Riccarton Ward,-43.5308988,172.5882676,Entire home/apt,468.0,1.0,174,2026-03-15,3.88,5,288,32,,2026-03
666287394198353130,Huntsbury Views - stunning certified Passive House,140465421,Justine,Christchurch City,Cashmere Ward,-43.56867698414701,172.64958187937737,Entire home/apt,148.0,60.0,3,2024-06-17,0.08,1,339,0,,2024-06
667758223208977117,"WakeUp in CHCH Urban Oasis, Close to Arena&Railway",25913857,Ads,Christchurch City,Spreydon Ward,-43.54508,172.61071,Entire home/apt,166.0,1.0,250,2026-03-17,5.56,1,325,71,,2026-03
670957260205909363,Tranquil Oasis in the Central City,94703282,Jojo,Christchurch City,Innes Ward,-43.51423,172.6392,Private room,149.0,1.0,58,2026-02-28,2.21,1,269,18,,2026-02
674260150226299749,Bealey Avenue 3 Bedroom Villa-Central Christchurch,1368723,Natalia,Christchurch City,Central Ward,-43.5203862308847,172.65018604695797,Entire home/apt,423.0,1.0,67,2026-02-28,1.59,1,92,11,,2026-02
675113531579372721,2 Bedroom House,98758734,North South Holiday Park,Christchurch City,Harewood Ward,-43.4710081,172.5700892,Entire home/apt,415.0,1.0,4,2026-03-01,0.09,19,317,1,,2026-03
675571824847066088,Elegant 2-Level Penthouse with Panoramic Views,682808597,Devon,Christchurch City,Fendalton Ward,-43.52106,172.62068,Entire home/apt,673.0,1.0,185,2026-03-08,4.29,22,248,62,,2026-03
677995385635417877,Stunning Park side house in Wigram Skies,183026181,Anne,Christchurch City,Halswell Ward,-43.5542186081301,172.5479881837964,Entire home/apt,415.0,3.0,13,2026-02-28,0.31,4,157,2,,2026-02
681327249544331373,"Spacious Home close to City, With Free Parking",682808597,Devon,Christchurch City,Heathcote Ward,-43.5530913,172.6491671,Entire home/apt,635.0,1.0,206,2026-02-26,4.77,22,161,61,,2026-02
683531903409584472,Stylish Top-Floor Apartment in Merivale,682808597,Devon,Christchurch City,Fendalton Ward,-43.5217896,172.6215023,Entire home/apt,410.0,1.0,154,2026-03-11,3.52,22,248,38,,2026-03
683593643102198794,Executive Living Space on Avon River,682808597,Devon,Christchurch City,Fendalton Ward,-43.5219856,172.6217321,Entire home/apt,480.0,1.0,136,2026-03-07,3.11,22,231,88,,2026-03
684181385138500939,Incredible luxury 3 floors Townhouse High Ceiling,86216394,Min,Christchurch City,Central Ward,-43.53307,172.64968,Entire home/apt,281.0,1.0,175,2026-02-21,3.99,37,121,36,,2026-02
684191078166171596,"Million dollar views, 4 bed, 2 bath and spa",431781991,Alistair Natalie,Christchurch City,Banks Peninsula Ward,-43.6290789,172.7204884,Entire home/apt,365.0,2.0,75,2026-03-02,1.79,2,233,25,,2026-03
687088072539794981,1 Bedroom Apartment Pool Car Park Cathedral Square,452062247,Cushla,Christchurch City,Central Ward,-43.53115,172.63809,Entire home/apt,262.0,1.0,253,2026-03-07,5.75,1,243,34,,2026-03
688043635610386226,Architectural Award winning - Worcester Terraces,115598472,Rachel,Christchurch City,Central Ward,-43.53017999029019,172.64141125033188,Entire home/apt,394.0,1.0,69,2026-02-19,1.59,3,145,7,,2026-02
688061539804807067,Self-contained private ensuite by the river,60453585,Rachel,Christchurch City,Cashmere Ward,-43.56563,172.64582,Private room,75.0,1.0,183,2026-03-07,4.28,1,51,44,,2026-03
688822012514899028,West peak Cottage- Okains Bay,430010262,Phoebe,Christchurch City,Banks Peninsula Ward,-43.7207,173.03453,Entire home/apt,200.0,2.0,63,2026-02-07,1.52,1,348,7,,2026-02
691526336030065917,Beautiful Balmoral Hill Apartment,81390838,Perfect Stays,Christchurch City,Heathcote Ward,-43.55834,172.72957,Entire home/apt,494.0,2.0,14,2026-02-21,0.39,47,17,5,,2026-02
691560291828319358,sunny house ( near airport),413070785,Sharon,Christchurch City,Waimairi Ward,-43.49627,172.57458,Entire home/apt,297.0,1.0,162,2026-03-15,3.79,1,263,38,,2026-03
693588539843713850,Glenwood Akaroa Bush Retreat,159130015,Jenny,Christchurch City,Banks Peninsula Ward,-43.8085,172.99923,Entire home/apt,232.0,1.0,40,2026-03-06,1.02,2,345,13,,2026-03
693854377786547331,Amazing ever changing views,6006654,Steven & Amanda,Christchurch City,Heathcote Ward,-43.56133,172.72988,Entire home/apt,609.0,3.0,40,2025-04-12,0.93,1,41,1,,2025-04
697057213295577132,City Top Floor  Studio Apartment with lift access,75857776,Michael,Christchurch City,Central Ward,-43.528431,172.6429257,Entire home/apt,127.0,1.0,160,2026-03-15,7.06,2,25,77,,2026-03
698679672986567099,Church Bay Hideaway - Beach Access & Sea Views,26320955,Laura,Christchurch City,Banks Peninsula Ward,-43.633959914136426,172.71888077259064,Entire home/apt,337.0,2.0,219,2026-03-14,5.59,1,235,50,,2026-03
698741100852525125,"Character, quiet, new (CNZhouse)",55183024,Clark,Christchurch City,Innes Ward,-43.51565,172.63527,Entire home/apt,181.0,1.0,305,2026-02-10,7.02,3,11,83,,2026-02
700866717931173791,Thomas Townhouse,24205506,"Mayie, Judi And Karen At Bookahome",Christchurch City,Spreydon Ward,-43.54901,172.60672,Entire home/apt,253.0,2.0,22,2026-02-08,0.53,83,164,10,,2026-02
701558601171668980,Central Convenience on Armagh,374915856,Simon,Christchurch City,Central Ward,-43.528506,172.6492093,Entire home/apt,292.0,1.0,10,2024-03-10,0.24,111,100,0,,2024-03
703104519599711015,Relax with amazing ocean views,94414839,Alison,Christchurch City,Heathcote Ward,-43.56759,172.75303,Entire home/apt,155.0,1.0,132,2026-03-19,5.12,1,165,59,,2026-03
703217582305232763,Christchurch Westfield holiday home,211195948,Jenny,Christchurch City,Riccarton Ward,-43.53713,172.59225,Entire home/apt,300.0,1.0,184,2026-03-07,4.3,20,238,41,,2026-03
703338521673544563,Modern 3BR Townhouse Central City Walk to Stadium,86216394,Min,Christchurch City,Central Ward,-43.53422,172.65004,Entire home/apt,258.0,1.0,98,2026-03-14,2.28,37,154,40,,2026-03
704556549743355312,The Dream Townhouse,202585247,Ohana,Christchurch City,Central Ward,-43.51838,172.64728,Entire home/apt,262.0,1.0,213,2026-03-15,4.97,137,148,49,,2026-03
704627124544150486,Family-Friendly 3BR | Games Room & Patio,202585247,Ohana,Christchurch City,Riccarton Ward,-43.5362827,172.5920477,Entire home/apt,423.0,1.0,329,2026-03-12,7.62,137,138,94,,2026-03
706625090086030996,Calm Swan Villa,229488806,Corbon,Christchurch City,Harewood Ward,-43.4671365,172.6064059,Entire home/apt,1180.0,1.0,70,2026-02-22,1.64,5,327,14,,2026-02
707982807208900618,Sumner Retreat,266641969,Elisa,Christchurch City,Heathcote Ward,-43.57614,172.76551,Entire home/apt,782.0,4.0,5,2026-03-01,0.13,1,173,2,,2026-03
708847870394291589,The Nest on Whitburn Ave | RM1,51779316,Leah,Christchurch City,Halswell Ward,-43.57211016723865,172.57815338975894,Private room,110.0,1.0,0,,,1,62,0,,
708896459416149338,"The Terraces, 1 Bedroom Apartment in Huntsbury",110401860,Adam,Christchurch City,Cashmere Ward,-43.56299,172.65049,Entire home/apt,,1.0,53,2026-02-28,1.26,1,0,16,,2026-02
710318515139246702,Spacious room in Family Home,251219305,Sarah,Christchurch City,Waimairi Ward,-43.52024,172.53817,Private room,82.0,1.0,188,2026-03-01,4.39,1,255,49,,2026-03
710948262069320811,Sunny 3 bedroom home with stunning harbour views,77175072,Rachael,Christchurch City,Banks Peninsula Ward,-43.806072,172.971893,Entire home/apt,365.0,1.0,94,2026-02-25,2.24,1,331,23,,2026-02
713148516723368363,Family friendly - 10 min drive to Chch city centre,482671075,Care Property Stays,Christchurch City,Innes Ward,-43.50228,172.64507,Entire home/apt,227.0,1.0,106,2026-01-05,2.56,147,240,11,,2026-01
713337408265816459,3 bedroom townhouse Opposite Hagley Park,74811135,Maggie,Christchurch City,Riccarton Ward,-43.53382,172.60985,Entire home/apt,330.0,1.0,254,2026-03-17,5.93,41,149,37,,2026-03
714704241562367821,"Stylish Apartment in City Centre, walk to stadium",27424928,Josie,Christchurch City,Central Ward,-43.5369355,172.6380263,Entire home/apt,217.0,2.0,200,2026-03-21,4.73,1,159,62,,2026-03
714770206988723448,"Modern home with parking, spa pool & courtyard",19990313,Jeff & Rosana,Christchurch City,Riccarton Ward,-43.53545,172.60476,Entire home/apt,354.0,1.0,265,2026-03-09,6.6,1,163,114,,2026-03
717065966071440477,Lovely relaxing warm and quiet 2 bedroom house,479728303,Russell,Christchurch City,Heathcote Ward,-43.56385,172.66416,Entire home/apt,,1.0,125,2026-02-28,2.94,1,0,20,,2026-02
719728596972165329,Ensuite Room With Own Entry Close to Airport,212197931,Summer,Christchurch City,Fendalton Ward,-43.5052031,172.583727,Entire home/apt,83.0,1.0,31,2026-03-13,5.96,1,156,31,,2026-03
719766372866700075,Outstanding on Aikmans!,72194360,Breidi,Christchurch City,Fendalton Ward,-43.51253,172.61963,Entire home/apt,388.0,2.0,170,2026-03-14,4.0,9,233,50,,2026-03
720370863710253924,Corsair Bay Beach House,212992803,Antoinette,Christchurch City,Banks Peninsula Ward,-43.60801,172.70048,Entire home/apt,381.0,1.0,2,2025-07-13,0.05,1,104,1,,2025-07
721292427895248402,Camellia Cottage by the sea.,424362646,Zelda,Christchurch City,Banks Peninsula Ward,-43.81056,172.96073,Entire home/apt,,2.0,106,2026-02-14,2.6,1,0,20,,2026-02
721415565066664451,'The Tug Watch' private home with beautiful views.,26127543,Amelia,Christchurch City,Banks Peninsula Ward,-43.60723,172.70688,Entire home/apt,385.0,1.0,36,2025-07-29,0.85,1,184,5,,2025-07
721726652434989801,"Private space, close to airport",464806707,Debbie,Christchurch City,Riccarton Ward,-43.52591,172.56176,Private room,126.0,1.0,18,2026-03-01,0.47,1,37,3,,2026-03
725681410668957532,Hidden gem - 3 bedroom house in Christchurch,14392677,Susanne,Christchurch City,Cashmere Ward,-43.56066,172.63147,Entire home/apt,62.0,90.0,14,2026-01-31,0.36,1,353,4,,2026-01
728323584107523809,Perfectly Located en-suite bedroom,77201581,Polly,Christchurch City,Cashmere Ward,-43.56186717445292,172.61806196137695,Private room,120.0,1.0,26,2026-03-07,1.01,1,154,11,,2026-03
729072384375709069,Home away from home.,85947440,Zoe,Christchurch City,Harewood Ward,-43.47839,172.58391,Entire home/apt,365.0,3.0,57,2026-02-27,1.44,1,207,7,,2026-02
730082790152708983,"Huntsbury Hideaway, Cottage with amazing views",42254919,Anna,Christchurch City,Cashmere Ward,-43.5706101,172.6543996,Entire home/apt,310.0,1.0,28,2026-03-07,0.67,2,295,8,,2026-03
730633722211758117,5BR Home Near City & Stadiums,24205506,"Mayie, Judi And Karen At Bookahome",Christchurch City,Riccarton Ward,-43.52975,172.60529,Entire home/apt,515.0,2.0,62,2026-01-25,1.48,83,336,17,,2026-01
730781891707202562,What A Cutie CBD 3 Mins to Handy Secure Park.,45768555,Hasslefree Accommodation,Christchurch City,Central Ward,-43.5351,172.64209,Entire home/apt,238.0,1.0,109,2026-02-17,2.59,65,322,5,,2026-02
734425165492263110,Close and walkable on Salisbury Street-City Centre,482671075,Care Property Stays,Christchurch City,Central Ward,-43.52421469999999,172.6417818,Entire home/apt,163.0,1.0,185,2026-02-25,4.49,147,243,51,,2026-02
734995752873045157,"Quirky, Original and Unique - 1980s Dome House",24205506,"Mayie, Judi And Karen At Bookahome",Christchurch City,Waimairi Ward,-43.50411,172.56882,Entire home/apt,193.0,2.0,48,2026-02-27,1.21,83,273,19,,2026-02
735192520611509658,Relax & Escape | Incredible Views & Outdoor Bath,20429507,Megan,Christchurch City,Banks Peninsula Ward,-43.60377,172.68891,Entire home/apt,194.0,1.0,512,2026-03-11,12.59,1,276,131,,2026-03
735615577129132475,1910 Shepherd's cottage,78041874,Lisa,Christchurch City,Banks Peninsula Ward,-43.78827,172.80742,Entire home/apt,197.0,2.0,56,2026-02-14,1.43,1,201,10,,2026-02
737020944177114267,Sumner /Redcliffs/ Moncks Bay 2br unit.,70284722,Clare,Christchurch City,Heathcote Ward,-43.5646893,172.7403333,Entire home/apt,206.0,2.0,15,2024-12-29,0.39,1,210,0,,2024-12
740243619957183061,Parkside Retreat-Modern Comfort Near the Hospital,264130845,Kim And Tj,Christchurch City,Central Ward,-43.5386381,172.6214788,Entire home/apt,306.0,1.0,61,2026-02-13,1.52,2,157,14,,2026-02
740983881101877498,1 Bedroom Gem with Hagley Park at your Doorstep,482671075,Care Property Stays,Christchurch City,Riccarton Ward,-43.5284992,172.6120639,Entire home/apt,223.0,1.0,178,2026-02-13,4.41,147,168,37,,2026-02
744275435865568190,Manor Apartment with Wifi and Sky TV,43226526,Janine,Christchurch City,Central Ward,-43.51686,172.63179,Entire home/apt,181.0,2.0,17,2026-03-16,0.41,5,365,8,,2026-03
744320032123049205,Freshly Renovated House in Fendalton,17433821,Samantha,Christchurch City,Fendalton Ward,-43.5152,172.60174,Entire home/apt,342.0,2.0,39,2026-03-03,0.95,1,21,11,,2026-03
746771667732305581,Hagley Park Escape â Stylish City Retreat,49642171,Lily-SimplyHost,Christchurch City,Riccarton Ward,-43.52852182323718,172.6113217111145,Entire home/apt,276.0,1.0,216,2026-03-03,5.3,95,280,26,,2026-03
747294145448835604,Central City Latimer,81390838,Perfect Stays,Christchurch City,Central Ward,-43.52931,172.64278,Entire home/apt,446.0,2.0,72,2026-02-20,1.75,47,317,17,,2026-02
747299313315958022,Latimer View Apartment,81390838,Perfect Stays,Christchurch City,Central Ward,-43.5304985,172.64199829,Entire home/apt,521.0,2.0,48,2026-02-09,1.17,47,285,9,,2026-02
748057762947660466,"Funky 2 bedroom pad, close to the City Centre",7966312,Fionnghaile,Christchurch City,Central Ward,-43.5349736,172.6579439,Entire home/apt,166.0,1.0,43,2026-03-16,1.1,1,66,35,,2026-03
748654842441848858,City Centre Apartment on Gloucester,42796710,Josh,Christchurch City,Central Ward,-43.529498607324925,172.6450191065669,Entire home/apt,263.0,1.0,325,2026-03-22,7.89,2,289,54,,2026-03
748807214033615521,Private Sunny Unit close to the Airport,15480413,Jackie,Christchurch City,Fendalton Ward,-43.50675,172.58279,Entire home/apt,229.0,1.0,90,2026-03-13,2.23,2,105,6,,2026-03
750103808917622148,"Peaceful in Redwood, Christchurch",26334225,Raylene,Christchurch City,Papanui Ward,-43.47611,172.62025,Private room,92.0,1.0,15,2026-03-01,0.37,2,339,5,,2026-03
750379744089215466,French Bay House - Raupo Room,130642642,Tim And Jacqui,Christchurch City,Banks Peninsula Ward,-43.81022,172.96406,Private room,340.0,1.0,1,2026-01-30,0.57,4,217,1,,2026-01
751849249762320284,Chic in the City,176508106,Shar,Christchurch City,Central Ward,-43.52962,172.65733,Entire home/apt,169.0,2.0,54,2026-03-20,1.67,1,355,20,,2026-03
752341962087649365,Lyttel BOS Studio,57440995,Melissa,Christchurch City,Banks Peninsula Ward,-43.60293,172.70898,Entire home/apt,254.0,2.0,90,2026-02-28,2.28,1,338,21,,2026-02
754573596852381614,Diamond Harbour escape,486665268,Rodney,Christchurch City,Banks Peninsula Ward,-43.62654,172.73894,Private room,172.0,1.0,9,2026-01-06,0.27,1,358,1,,2026-01
757992042127459324,Private room in Christchurch,120365151,Don,Christchurch City,Harewood Ward,-43.48298,172.58626,Private room,69.0,1.0,5,2023-04-20,0.13,1,362,0,,2023-04
759029814457248725,Free Secure Park CBD Location 2 Bdrms 5 mins CBD,45768555,Hasslefree Accommodation,Christchurch City,Central Ward,-43.52781,172.64633,Entire home/apt,245.0,1.0,46,2026-03-06,1.14,65,322,6,,2026-03
759552267420317426,"Hop, Skip, Jump to the city !",41237555,Hayden Jones,Christchurch City,Linwood Ward,-43.54412,172.66815,Entire home/apt,245.0,1.0,127,2026-02-02,3.44,1,216,12,,2026-02
760114928498477403,Private central city standalone home with parking,411147933,Konrad,Christchurch City,Central Ward,-43.5246593,172.6428791,Entire home/apt,169.0,3.0,143,2026-03-07,3.62,1,116,52,,2026-03
760931471627203236,"Charming, central, 2 bedroom haven.",35112765,Jess,Christchurch City,Fendalton Ward,-43.50627422245262,172.62139588594437,Entire home/apt,245.0,1.0,102,2026-03-14,2.52,1,37,50,,2026-03
761026623269956825,Central City Studio with Sunny Balcony,38196340,Ross,Christchurch City,Central Ward,-43.5245242719272,172.635634919574,Entire home/apt,138.0,4.0,79,2026-03-13,1.98,2,323,15,,2026-03
761715228536755812,Fyffe Executive Spa Studio,58116308,Rod,Christchurch City,Riccarton Ward,-43.53119,172.58942,Private room,215.0,1.0,0,,,4,330,0,,
761716894181729970,Fyffe One Bedroom Unit,58116308,Rod,Christchurch City,Riccarton Ward,-43.52925,172.58825,Private room,289.0,1.0,0,,,4,308,0,,
763154657366616081,Studio Unit  with Spa Bath!,488268220,Martin Alejandro,Christchurch City,Hornby Ward,-43.53364762574401,172.54678890109062,Entire home/apt,260.0,1.0,267,2026-03-15,6.82,8,124,78,,2026-03
764688080598336792,City Escape | Free Parking + Flexible Beds,72194360,Breidi,Christchurch City,Central Ward,-43.52272,172.64308,Entire home/apt,354.0,2.0,55,2026-02-22,1.36,9,240,10,,2026-02
765201349507772378,Funky Spacious 2Bdrms 2Bthrms Free Covered Park.,45768555,Hasslefree Accommodation,Christchurch City,Central Ward,-43.5272,172.64214,Entire home/apt,219.0,1.0,70,2025-09-18,1.76,65,308,3,,2025-09
765557477175656403,Central City Apartment with Sunny Balcony,38196340,Ross,Christchurch City,Central Ward,-43.5246642984608,172.63595678465578,Entire home/apt,162.0,4.0,41,2026-03-20,1.04,2,294,12,,2026-03
768455795847426978,Whow! Unique Quirky Spacious Free Off Street Park,45768555,Hasslefree Accommodation,Christchurch City,Central Ward,-43.5374746,172.6384688,Entire home/apt,254.0,1.0,63,2025-08-15,1.58,65,310,7,,2025-08
768477373238536726,Prime CBD Hospital Location Plus Garage 2Bdrms,45768555,Hasslefree Accommodation,Christchurch City,Central Ward,-43.5333695,172.6295839,Entire home/apt,238.0,1.0,122,2026-03-05,3.26,65,300,21,,2026-03
768487037167064237,Le Bons Bay - The old hall,464252537,Paul,Christchurch City,Banks Peninsula Ward,-43.76331,173.0614,Entire home/apt,360.0,2.0,27,2026-02-21,0.69,1,285,7,,2026-02
771054901650979999,The Somerfield Grand Residence,58253723,Happy Hideouts,Christchurch City,Cashmere Ward,-43.56297359320462,172.62561734765768,Entire home/apt,421.0,1.0,12,2026-02-19,0.32,5,270,7,,2026-02
772048331959116071,Tranquil And Entertaining Lifestyle 2 Bed House,489786737,Jing,Christchurch City,Innes Ward,-43.4775865,172.6590199,Entire home/apt,238.0,2.0,41,2026-02-22,1.04,2,270,10,,2026-02
772119345048680386,Beautiful home near everything!,131734373,Alicia,Christchurch City,Linwood Ward,-43.54946,172.6722883,Entire home/apt,258.0,1.0,211,2026-03-04,5.25,10,287,43,,2026-03
772525694591965366,Spacious and Comfy Townhouse,667025918,Canterbury Corner,Christchurch City,Heathcote Ward,-43.5559497,172.6430901,Entire home/apt,290.0,2.0,64,2026-03-05,1.64,1,223,36,,2026-03
773979923937128991,Glenwood Akaroa Bush Retreat - Kanuka Hut,159130015,Jenny,Christchurch City,Banks Peninsula Ward,-43.80802843600328,172.99700053649292,Entire home/apt,232.0,1.0,33,2026-02-28,0.84,2,353,17,,2026-02
774130038566135154,single room 10 mins drive to the airport,77196518,Jill,Christchurch City,Hornby Ward,-43.53117,172.52109,Private room,64.0,1.0,84,2026-03-12,2.17,4,73,21,,2026-03
774301125872084924,Surf Break Apartment 1,489814732,Cheryl,Christchurch City,Heathcote Ward,-43.56749407861191,172.7573892615738,Entire home/apt,773.0,2.0,39,2026-03-14,1.03,2,288,3,,2026-03
774745657305777353,BASIC UNIT WITH Netflix- Next to Wigram Reserve,160910071,Disha,Christchurch City,Halswell Ward,-43.55997,172.54775,Entire home/apt,163.0,1.0,140,2025-12-05,3.61,1,199,14,,2025-12
774899308218976868,Beautiful 30m2 tiny home!,131734373,Alicia,Christchurch City,Linwood Ward,-43.54946,172.6722883,Entire home/apt,154.0,1.0,93,2026-03-07,2.33,10,314,20,,2026-03
774900641086656446,Cozy Town House - Walk to Addington Raceway,682808597,Devon,Christchurch City,Spreydon Ward,-43.54659,172.60345,Entire home/apt,253.0,1.0,135,2026-03-14,3.42,22,253,58,,2026-03
775611783178511067,"Near to City, King Bed, Clean & Tidy House",451174187,Hou Keet,Christchurch City,Heathcote Ward,-43.5499921,172.6500962,Private room,71.0,1.0,202,2026-03-19,5.17,2,160,55,,2026-03
775733180577168083,Surf Break Apartment 2,489814732,Cheryl,Christchurch City,Heathcote Ward,-43.5675981,172.7574481,Entire home/apt,470.0,2.0,41,2026-01-03,1.07,2,310,2,,2026-01
775760849961458369,Great Location Kotuku Rose large family home,490417330,Karina,Christchurch City,Heathcote Ward,-43.55397,172.69315,Entire home/apt,394.0,1.0,125,2026-03-17,3.14,1,143,37,,2026-03
775791108238004862,Surf Break Apartment 3,42353024,Danielle,Christchurch City,Heathcote Ward,-43.5675981,172.7574481,Entire home/apt,628.0,2.0,8,2025-02-22,0.21,3,205,0,,2025-02
776283793596660586,Grannies on the park,135009104,Janee,Christchurch City,Cashmere Ward,-43.55920561314174,172.62869115918875,Entire home/apt,127.0,1.0,52,2026-02-28,1.35,1,235,21,,2026-02
776299880968318243,Modern Indoor/Outdoor Living in Burwood,201964581,Thomas,Christchurch City,Burwood Ward,-43.478002223382695,172.67507310824303,Entire home/apt,417.0,4.0,11,2026-03-08,0.74,1,80,10,,2026-03
776963873883977112,Modern two bedroom Apartment  with Wi Fi,474211319,John,Christchurch City,Banks Peninsula Ward,-43.80782,172.96308,Entire home/apt,260.0,2.0,144,2026-03-17,3.71,1,325,39,,2026-03
777740994793512769,Chic City apartment. Free parking for 2 cars,201714794,Steve,Christchurch City,Fendalton Ward,-43.51526,172.6319,Entire home/apt,136.0,1.0,182,2026-03-19,4.69,2,13,60,,2026-03
779281599162079480,Sunny Two Bedroom Townhouse,9297203,Briedi,Christchurch City,Harewood Ward,-43.48518,172.59127,Entire home/apt,200.0,1.0,8,2026-01-02,0.2,1,7,2,,2026-01
779292148829442752,Black Point Beauty,39994192,Debi,Christchurch City,Banks Peninsula Ward,-43.6336608,172.7124996,Private room,149.0,1.0,63,2026-03-08,1.64,1,28,20,,2026-03
779312443019658939,New York Style Apartment - Inner City Location,183401548,Lynette,Christchurch City,Central Ward,-43.52366240955136,172.63087950646877,Entire home/apt,326.0,1.0,93,2026-02-28,2.45,1,131,19,,2026-02
779813695818589072,Queen bed for 1 or 2 guests,424963036,Gemma Alegre,Christchurch City,Halswell Ward,-43.58679207413948,172.60879762275394,Private room,166.0,1.0,21,2024-03-12,0.54,1,171,0,,2024-03
779850772856780347,City Townhouse,421969456,Tracey,Christchurch City,Central Ward,-43.5196776,172.6375982,Entire home/apt,440.0,1.0,1,2023-02-26,0.03,2,106,0,,2023-02
780678291164800079,Big House with nearby parks,7650205,Sue & Tim,Christchurch City,Harewood Ward,-43.46329,172.6187,Entire home/apt,1176.0,2.0,5,2024-01-08,0.13,3,364,0,,2024-01
780880701214690922,Heart of Christchurch City Studio*New Bathroom,74811135,Maggie,Christchurch City,Central Ward,-43.53154,172.6469,Private room,160.0,1.0,153,2026-03-13,3.85,41,318,26,,2026-03
782096306107847578,Addington SOHO Two Bedroom Townhouse,49642171,Lily-SimplyHost,Christchurch City,Spreydon Ward,-43.54594,172.61536,Entire home/apt,331.0,1.0,137,2025-12-30,3.66,95,193,24,,2025-12
782115460688714215,Location Plus Free Off St Park Handy Hospital,45768555,Hasslefree Accommodation,Christchurch City,Riccarton Ward,-43.5287189,172.6108395,Entire home/apt,231.0,1.0,125,2026-02-28,3.18,65,264,47,,2026-02
782236470176105298,Tranquil And Entertaining Lifestyle 3 Bed House,489786737,Jing,Christchurch City,Innes Ward,-43.4775865,172.6590199,Entire home/apt,306.0,2.0,40,2026-03-14,1.04,2,260,13,,2026-03
783422501515727269,NEW Studio 1 Bed/ 1 bath/ kit/living,103297640,Alana,Christchurch City,Heathcote Ward,-43.54928538378406,172.62830693274736,Entire home/apt,,2.0,94,2026-03-02,2.47,1,0,28,,2026-03
784860907340643953,Parkside Retreat/5mins to airport/Self-Checkin,57576452,Vicky & Vincent,Christchurch City,Waimairi Ward,-43.5000452,172.564801,Entire home/apt,113.0,1.0,519,2026-03-06,13.15,1,76,174,,2026-03
785155431333969661,Elegant Family Home in Merivale,81390838,Perfect Stays,Christchurch City,Fendalton Ward,-43.5186,172.61097,Entire home/apt,,2.0,26,2025-02-23,0.66,47,0,0,,2025-02
786283622664084276,Addington Delight - Christchurch Holiday Home,145244100,Bachcare,Christchurch City,Spreydon Ward,-43.54227,172.61467,Entire home/apt,,2.0,1,2023-02-27,0.03,1417,365,0,,2023-02
787778775400488819,Beating Heart of Christchurch,202585247,Ohana,Christchurch City,Central Ward,-43.5366847,172.6407056,Entire home/apt,395.0,1.0,229,2026-03-01,5.81,137,92,47,,2026-03
787823178586479718,Water view Apartment,37860112,Hamish,Christchurch City,Heathcote Ward,-43.55923,172.70349,Entire home/apt,103.0,7.0,3,2025-02-27,0.12,1,214,0,,2025-02
787979355756504575,Triple room.  Near city center.,298456605,Tony,Christchurch City,Burwood Ward,-43.51701,172.68864,Private room,91.0,1.0,34,2026-01-07,0.86,5,23,13,,2026-01
789342390301273709,1 Bed Comfort in the Heart of CHCH,482671075,Care Property Stays,Christchurch City,Central Ward,-43.5366847,172.6407056,Entire home/apt,245.0,1.0,181,2026-03-02,4.63,147,260,25,,2026-03
790951969034658492,CBD Entertainer â 2-Bed Townhouse by Little High,49642171,Lily-SimplyHost,Christchurch City,Central Ward,-43.5370029,172.6405072,Entire home/apt,262.0,1.0,140,2026-01-09,3.61,95,280,15,,2026-01
792037440328699357,A Touch of Luxury in CHCH CBD with Free Carpark,482671075,Care Property Stays,Christchurch City,Central Ward,-43.5366847,172.6407056,Entire home/apt,229.0,1.0,41,2025-12-13,1.06,147,200,6,,2025-12
792124691330968571,Bridle Path Retreat - modern private luxury,24205506,"Mayie, Judi And Karen At Bookahome",Christchurch City,Heathcote Ward,-43.57146,172.71085,Entire home/apt,1641.0,2.0,19,2026-01-22,0.51,83,14,4,,2026-01
793630539431432974,Brand New CBD Stay | Next to Stadium.,94933806,Fiona,Christchurch City,Central Ward,-43.538,172.63939,Entire home/apt,213.0,1.0,98,2026-03-18,2.53,1,252,25,,2026-03
794464420535551287,Christchurch Parkside Apartment - with EV Charger,307971138,Stephanie,Christchurch City,Riccarton Ward,-43.5297719,172.6113008,Entire home/apt,286.0,2.0,20,2025-01-10,0.52,2,98,0,,2025-01
794544434578707500,Large Self-Contained Room with ensuite Mt Pleasant,493679589,Deb,Christchurch City,Heathcote Ward,-43.56012310542845,172.717664,Entire home/apt,137.0,1.0,22,2024-12-26,0.58,1,354,0,,2024-12
795172332177626343,"Private Bedroom, in a quiet 2 Bedroom home.",41561166,Leon,Christchurch City,Papanui Ward,-43.48236,172.62722,Private room,130.0,1.0,17,2024-02-23,0.44,1,324,0,,2024-02
795807242501503262,"Near to City, 2 Single Size Beds, Clean & Tidy",451174187,Hou Keet,Christchurch City,Heathcote Ward,-43.55059,172.65046,Private room,52.0,1.0,141,2026-03-19,3.64,2,155,21,,2026-03
797199553416126759,Central City Convenience At The Salt District,49642171,Lily-SimplyHost,Christchurch City,Central Ward,-43.53697,172.64091,Entire home/apt,228.0,1.0,110,2025-12-28,2.86,95,316,9,,2025-12
800773499513543755,The Outlook by Tiny Away,154813436,Tiny Away,Christchurch City,Banks Peninsula Ward,-43.63563,172.72137,Entire home/apt,268.0,1.0,42,2025-12-25,1.09,9,358,6,,2025-12
801618124369631156,Bushside Cottage - Akaroa Holiday Home,145244100,Bachcare,Christchurch City,Banks Peninsula Ward,-43.79268,172.96841,Entire home/apt,,2.0,10,2024-11-23,0.29,1417,365,0,,2024-11
802616868833793566,Beautiful New Townhouse Private Parking by Hagley,86216394,Min,Christchurch City,Riccarton Ward,-43.53008,172.6112,Entire home/apt,254.0,1.0,139,2026-03-05,3.6,37,213,34,,2026-03
803140770938901366,Private Beach Cottage,71364335,Valerie,Christchurch City,Heathcote Ward,-43.57089400648173,172.76010239999997,Entire home/apt,288.0,14.0,3,2026-02-28,1.1,1,163,3,,2026-02
803146604947649710,Ensuite for long term,495791733,Sukhwinder,Christchurch City,Heathcote Ward,-43.54958,172.64856,Private room,150.0,7.0,0,,,1,364,0,,
803387541655155601,North Western Sanctuary,495830365,Phil & Dan,Christchurch City,Harewood Ward,-43.45340602478986,172.61948790489353,Private room,100.0,2.0,36,2026-02-28,0.94,1,199,1,,2026-02
804516858244645413,Redwood Accommodation.,495295655,Michelle,Christchurch City,Papanui Ward,-43.472287,172.6194946,Entire home/apt,114.0,1.0,152,2026-02-24,3.93,1,261,28,,2026-02
805115934551207032,2 Bedroom Central Christchurch Hub,482671075,Care Property Stays,Christchurch City,Central Ward,-43.5366847,172.6407056,Entire home/apt,267.0,1.0,81,2026-02-14,2.1,147,184,17,,2026-02
805453119675747858,Designer beauty townhouse on Peacock with garage,86216394,Min,Christchurch City,Central Ward,-43.5219421,172.6326196,Entire home/apt,385.0,1.0,91,2026-03-07,2.38,37,140,28,,2026-03
805825720645458865,Spacious Luxury 3 Bedroom Family Retreat,49642171,Lily-SimplyHost,Christchurch City,Fendalton Ward,-43.5144483,172.6263306,Entire home/apt,486.0,1.0,125,2026-03-13,3.33,95,249,16,,2026-03
806018558867953027,Brand new 2 bed ocean view!.,36181980,Chris,Christchurch City,Coastal Ward,-43.5036249,172.7293298,Entire home/apt,194.0,1.0,222,2026-03-17,6.18,2,232,53,,2026-03
806058288730364435,Beautiful villa near everything!,131734373,Alicia,Christchurch City,Linwood Ward,-43.54968,172.67251,Entire home/apt,299.0,1.0,136,2026-03-05,3.57,10,283,10,,2026-03
808234879059685574,Serene Two Bedroom Townhouse Close to Airport,49642171,Lily-SimplyHost,Christchurch City,Hornby Ward,-43.5459926,172.5175479,Entire home/apt,262.0,1.0,219,2026-03-14,5.78,95,351,57,,2026-03
809719963522999386,Your own space in an apartment. Close to stadiums,10376640,Sue,Christchurch City,Spreydon Ward,-43.55085,172.59585,Private room,95.0,1.0,63,2026-03-10,1.65,1,322,19,,2026-03
809778469981150692,"City lights, Mountain heights",497329414,Michael,Christchurch City,Heathcote Ward,-43.56228,172.71287,Entire home/apt,,2.0,0,,,1,364,0,,
813231393807164779,Marine Bach - Diamond Harbour,498144930,Kenn,Christchurch City,Banks Peninsula Ward,-43.62895,172.72986,Entire home/apt,223.0,2.0,84,2026-03-07,2.21,1,256,26,,2026-03
813259682015692602,Deluxe Central Retreat with Super King Bed,482671075,Care Property Stays,Christchurch City,Central Ward,-43.5372287,172.6410557,Entire home/apt,242.0,1.0,207,2026-03-10,5.43,147,249,32,,2026-03
814154388984215688,Embrace the Sumner beach!,108655719,Craig,Christchurch City,Heathcote Ward,-43.58003764747089,172.7574618914771,Entire home/apt,,2.0,7,2025-04-12,0.43,1,0,2,,2025-04
814981270429591756,Stylish 3 Bed Lux Home Close To CBD With Garage!,49642171,Lily-SimplyHost,Christchurch City,Innes Ward,-43.50744900352824,172.6363969460327,Entire home/apt,,2.0,81,2026-03-01,2.14,95,0,19,,2026-03
815435529637670062,Charteris Bay BnB,498618966,Felicity,Christchurch City,Banks Peninsula Ward,-43.64889,172.70926,Private room,183.0,2.0,27,2026-03-07,0.73,1,312,14,,2026-03
815625354473616110,Peaceful garden cottage,201748,Debby,Christchurch City,Cashmere Ward,-43.563657,172.6403891,Entire home/apt,109.0,2.0,100,2026-03-16,2.63,1,329,22,,2026-03
816159461050381230,"A Great Location 4 bedrooms , quiet and comfort !",497805832,Sunny,Christchurch City,Riccarton Ward,-43.52591,172.57291,Entire home/apt,354.0,1.0,136,2026-02-23,3.68,1,167,43,,2026-02
816229147432681196,Glamorous 2 Bed CBD Townhouse with King Bed,482671075,Care Property Stays,Christchurch City,Central Ward,-43.53712,172.64004,Entire home/apt,219.0,1.0,95,2026-02-16,2.51,147,259,23,,2026-02
817011585202989754,Clifftop Retreat- Seaviews,245921468,Donna,Christchurch City,Heathcote Ward,-43.56142,172.73152,Entire home/apt,132.0,1.0,125,2026-02-08,3.28,1,105,33,,2026-02
817559392372482647,"Quiet, Private, Exclusive Spot!",91780005,Alana,Christchurch City,Fendalton Ward,-43.5187,172.6249,Entire home/apt,257.0,2.0,134,2026-03-17,4.31,2,147,46,,2026-03
818282148225762404,Luxurious home with heated pool,81390838,Perfect Stays,Christchurch City,Waimairi Ward,-43.50416,172.57144,Entire home/apt,870.0,5.0,2,2025-01-04,0.08,47,67,0,,2025-01
819067375079761965,Modern spacious apartment in CBD,102034919,Rudy And Bernie,Christchurch City,Central Ward,-43.52652,172.64754,Entire home/apt,260.0,2.0,233,2026-03-17,6.16,2,197,59,,2026-03
822548955530298991,The City Sanctuary,202585247,Ohana,Christchurch City,Central Ward,-43.5366847,172.6407056,Entire home/apt,360.0,1.0,240,2026-03-17,6.34,137,100,72,,2026-03
822754037586828380,Maison en Noyer - Akaroa Holiday Home,145244100,Bachcare,Christchurch City,Banks Peninsula Ward,-43.81092,172.96493,Entire home/apt,,2.0,4,2024-10-21,0.15,1417,365,0,,2024-10
822795371090783373,Funky Kiwi Caravan for Two!,1743811,Kelly,Christchurch City,Spreydon Ward,-43.54841,172.60999,Private room,44.0,5.0,38,2026-03-11,1.03,5,173,11,,2026-03
824044889221781821,Beautiful Richmond house & gardens,20748870,Paul,Christchurch City,Innes Ward,-43.5121146,172.6576486,Entire home/apt,267.0,2.0,74,2026-03-04,2.06,1,103,29,,2026-03
824239319070122326,Christchurch CBD townhouse,211195948,Jenny,Christchurch City,Central Ward,-43.53198,172.66438,Entire home/apt,214.0,1.0,92,2026-03-01,2.44,20,163,21,,2026-03
824268275045865833,Twin Room - two single beds - private toilet,1743811,Kelly,Christchurch City,Spreydon Ward,-43.54822,172.6086,Private room,53.0,5.0,36,2026-03-19,0.97,5,112,24,,2026-03
826873830528987169,"Summer fun,  Sunny Cosy Sleeps 6 Free Parking",45768555,Hasslefree Accommodation,Christchurch City,Central Ward,-43.52246179999999,172.6435501,Entire home/apt,509.0,1.0,115,2026-02-25,3.58,65,331,29,,2026-02
829736835923312060,Stylish Coastal Living,145299159,Jason,Christchurch City,Coastal Ward,-43.50644,172.72519,Entire home/apt,408.0,1.0,31,2026-03-15,0.87,1,337,15,,2026-03
829758462782269155,Trendy on Taramea,501222894,Marilyn,Christchurch City,Spreydon Ward,-43.54752,172.60803,Entire home/apt,205.0,1.0,95,2026-02-28,2.55,5,343,33,,2026-02
830238950782558696,Addington Stadium Stay,202585247,Ohana,Christchurch City,Spreydon Ward,-43.54470999999999,172.6090661,Entire home/apt,307.0,1.0,265,2026-03-15,7.49,137,135,74,,2026-03
834302475667982138,"Unbeatable Price, Brekky, Close to CBD, Sunny Room",271872412,Marie,Christchurch City,Burwood Ward,-43.5117,172.67584,Private room,66.0,1.0,53,2026-03-08,1.43,2,354,12,,2026-03
834441199423436405,The Hagley Park Stunna!,202585247,Ohana,Christchurch City,Central Ward,-43.53832,172.62105,Entire home/apt,253.0,1.0,227,2026-03-17,6.14,137,142,76,,2026-03
834983944241442929,The Sleepout,408607282,Philippa,Christchurch City,Harewood Ward,-43.49595,172.58688,Entire home/apt,109.0,1.0,142,2026-03-15,3.86,1,273,45,,2026-03
835616827563123951,Home sweet home CBD Christchurch 2 bed 2 bath,365360819,Chao,Christchurch City,Central Ward,-43.5322057,172.6494295,Entire home/apt,234.0,1.0,92,2026-03-20,2.47,11,145,21,,2026-03
835673317803002782,Modern luxury four bedroom house,211195948,Jenny,Christchurch City,Halswell Ward,-43.55061,172.55848,Entire home/apt,355.0,1.0,96,2026-02-22,2.61,20,188,31,,2026-02
835707864186190895,Central Diamond Harbour Guest Suite,55459019,Gillian,Christchurch City,Banks Peninsula Ward,-43.62853,172.72304,Entire home/apt,183.0,1.0,23,2026-01-23,0.7,1,115,10,,2026-01
835763301153714646,1 Bed Central City Fringe Deluxe w/Carpark,482671075,Care Property Stays,Christchurch City,Spreydon Ward,-43.5460365,172.6197479,Entire home/apt,197.0,1.0,235,2026-03-07,6.53,147,222,56,,2026-03
836380212672949081,Free Parking! Welles St City Haven,134816915,Alyssia&Frank,Christchurch City,Central Ward,-43.537026867475085,172.63850636780262,Entire home/apt,352.0,1.0,102,2026-03-14,2.74,1,261,22,,2026-03
837058062814020519,Enchanting Getaway in Merivale,202585247,Ohana,Christchurch City,Fendalton Ward,-43.5146541,172.6258586,Entire home/apt,266.0,1.0,257,2026-03-16,6.91,137,118,76,,2026-03
837153114067534801,"Modern, new, family home",390179933,Jamie Lee,Christchurch City,Halswell Ward,-43.57456,172.5863,Entire home/apt,331.0,2.0,9,2024-03-31,0.25,1,11,0,,2024-03
838565100873967862,Port Goodness,195093909,Kate,Christchurch City,Banks Peninsula Ward,-43.59488,172.72152,Entire home/apt,286.0,2.0,42,2026-03-14,1.18,1,359,17,,2026-03
838702289225495288,Gem in Papanui Christchurch,191831593,William,Christchurch City,Papanui Ward,-43.49008,172.61445,Entire home/apt,330.0,1.0,29,2026-03-07,0.79,2,277,7,,2026-03
840228952104716691,3Bedroom Family House Close Airport,110408144,Shiyao,Christchurch City,Hornby Ward,-43.52377,172.53985,Entire home/apt,410.0,1.0,137,2026-02-26,3.73,2,242,15,,2026-02
840246168412697350,3BR CBD â¢ Privateâ¢ Next to Parakiore + Hagley Park,461462003,Aimee,Christchurch City,Central Ward,-43.5375386,172.6252073,Entire home/apt,242.0,2.0,154,2025-12-05,4.2,2,233,29,,2025-12
840345082269963311,Walk to Te Kaha | Chic Single Room near CBD & ARA,242784215,Arshi,Christchurch City,Linwood Ward,-43.53875,172.66446,Private room,58.0,1.0,53,2026-03-04,1.58,1,324,20,,2026-03
841037356438446875,Stunning cottage close 2 airport,23389870,Hennie,Christchurch City,Harewood Ward,-43.48859,172.5735,Entire home/apt,674.0,1.0,94,2026-02-23,2.79,5,144,42,,2026-02
841556388627446413,Gateway to Hagley Park - 2 Bed w/Carpark,482671075,Care Property Stays,Christchurch City,Riccarton Ward,-43.5311678,172.6101226,Entire home/apt,165.0,1.0,123,2026-02-14,3.32,147,257,38,,2026-02
842199160302724498,Diamond Harbour Hideaway,26758196,Melanie,Christchurch City,Banks Peninsula Ward,-43.62634,172.73666,Entire home/apt,343.0,2.0,8,2026-03-12,0.32,1,79,1,,2026-03
842307883026755345,Spacious City Apartment with stunning views,504396169,Denise,Christchurch City,Burwood Ward,-43.49517,172.66655,Entire home/apt,155.0,1.0,6,2023-04-15,0.16,1,85,0,,2023-04
842384898215984534,Cabino,962345,Rollo,Christchurch City,Banks Peninsula Ward,-43.78565,172.80874,Entire home/apt,326.0,1.0,1,2023-03-19,0.03,1,89,0,,2023-03
842416641756183877,Beckenham studio on tree lined street,299816018,Philippa,Christchurch City,Cashmere Ward,-43.5592,172.64262,Entire home/apt,166.0,1.0,67,2026-03-14,1.82,1,173,12,,2026-03
843917675732912298,A Hidden Gem in central city,133703679,Anthy,Christchurch City,Central Ward,-43.53760740000001,172.6252083,Entire home/apt,323.0,1.0,55,2026-03-08,1.5,3,305,12,,2026-03
844336853364643343,Central City Boutique Escape,202585247,Ohana,Christchurch City,Central Ward,-43.537291,172.6254294,Entire home/apt,265.0,1.0,230,2026-03-07,6.24,137,97,55,,2026-03
845956409292827970,Private Room with Ensuite.,505136076,Diann,Christchurch City,Innes Ward,-43.51284,172.63723,Private room,155.0,1.0,7,2025-02-22,0.19,1,90,0,,2025-02
846495415945498870,Luxury Private Room in St Albans | Walk to CBD,36414636,Art,Christchurch City,Innes Ward,-43.51194,172.64267,Private room,110.0,1.0,31,2026-03-21,0.85,1,61,9,,2026-03
846595843743458997,2 Bedrooms apprtmt.+Underground Parking in CBD,245025642,Amy,Christchurch City,Central Ward,-43.53498,172.63512,Entire home/apt,284.0,1.0,172,2026-03-15,4.68,1,307,22,,2026-03
846614858284264314,Jeffreys Road,24205506,"Mayie, Judi And Karen At Bookahome",Christchurch City,Fendalton Ward,-43.51176,172.60199,Entire home/apt,265.0,5.0,10,2026-02-20,0.27,83,156,4,,2026-02
847521223991840944,City Park Townhouse,499424997,Casa,Christchurch City,Central Ward,-43.5375171,172.6250229,Entire home/apt,228.0,1.0,147,2026-02-21,4.01,2,355,27,,2026-02
848030318052097839,Stylish 2-Bedroom Haven Next to Hagley Park,482671075,Care Property Stays,Christchurch City,Central Ward,-43.53758,172.62521,Entire home/apt,312.0,1.0,53,2025-12-19,1.45,147,166,9,,2025-12
848037931188252579,Beachfront Bach - retro at the beach,24205506,"Mayie, Judi And Karen At Bookahome",Christchurch City,Coastal Ward,-43.52052,172.73548,Entire home/apt,296.0,2.0,18,2026-02-17,0.55,83,334,6,,2026-02
848088385807549576,Inner city retreat.,367122252,Dane,Christchurch City,Spreydon Ward,-43.54245,172.61247,Entire home/apt,189.0,4.0,59,2026-03-01,1.68,1,216,16,,2026-03
848878379114830531,New 2Bdrm 2Bthrm Hospital CBD Hagley Park Location,45768555,Hasslefree Accommodation,Christchurch City,Central Ward,-43.53845,172.62603,Entire home/apt,262.0,1.0,55,2026-03-14,1.53,65,325,11,,2026-03
849686201373934402,Stunning new home tranquil hill views,187564220,Zane,Christchurch City,Halswell Ward,-43.59396,172.57374,Entire home/apt,366.0,1.0,198,2026-03-07,5.41,4,196,48,,2026-03
850458123351206396,Spacious 3 Bed Family Home Close to CBD,341042204,John Lee,Christchurch City,Innes Ward,-43.5126403,172.6385321,Entire home/apt,468.0,2.0,40,2025-05-19,1.12,1,167,2,,2025-05
850971839433590569,"Hilltop room with ensuite, close to city",42254919,Anna,Christchurch City,Cashmere Ward,-43.56971,172.65324,Private room,78.0,2.0,3,2026-01-04,0.11,2,83,2,,2026-01
851650060428448228,Modern 3 bed Overlooking Hagley Park,482671075,Care Property Stays,Christchurch City,Central Ward,-43.5375386,172.6252073,Entire home/apt,255.0,1.0,63,2026-03-07,1.73,147,252,27,,2026-03
852379563003393500,2 Bedroom City Pad with Free Car park,23278101,Jason,Christchurch City,Central Ward,-43.524851,172.6359997,Entire home/apt,307.0,1.0,129,2026-03-15,3.59,18,290,60,,2026-03
853326127856710119,2 Bedrooms Overlooking Park - Exquisite Views,482671075,Care Property Stays,Christchurch City,Riccarton Ward,-43.53520431154209,172.58490608993534,Entire home/apt,220.0,1.0,89,2026-02-20,2.47,147,244,19,,2026-02
854510283014249307,Stylish 2 Bedroom Located In The Central City!.,3264070,Katya,Christchurch City,Central Ward,-43.52457,172.63888,Entire home/apt,261.0,1.0,167,2026-03-21,4.9,1,257,60,,2026-03
855200137555423119,Central City Apartment With A View,92664364,Francis,Christchurch City,Central Ward,-43.5370293,172.6385295,Entire home/apt,279.0,1.0,27,2026-03-07,0.75,1,53,10,,2026-03
855502585938146467,Entertainment Hub 2 bed 2 bath with Free Car park,482671075,Care Property Stays,Christchurch City,Central Ward,-43.5366847,172.6407056,Entire home/apt,294.0,1.0,189,2026-02-22,5.24,147,199,62,,2026-02
855780048674252577,Executive hideaway,340984295,Lisa,Christchurch City,Innes Ward,-43.510638533176575,172.6410687515628,Entire home/apt,166.0,1.0,46,2026-03-19,1.46,1,234,8,,2026-03
855824410311713641,Burnside Launchpad,8928964,Karl,Christchurch City,Waimairi Ward,-43.49835,172.56755,Entire home/apt,155.0,1.0,92,2026-03-18,2.79,1,51,27,,2026-03
856849026777479916,Central Wellness Retreat. Gym/sauna + DBL Garage,47522450,Anthony David,Christchurch City,Central Ward,-43.52488,172.6396,Entire home/apt,377.0,1.0,29,2026-03-07,1.08,1,19,12,,2026-03
856983923975882237,2 Bedroom Inner City Comfort and Style,49642171,Lily-SimplyHost,Christchurch City,Central Ward,-43.523634,172.6415444,Entire home/apt,262.0,1.0,86,2026-03-21,2.43,95,292,11,,2026-03
858199393286050410,Designer's Pad In Central City,202585247,Ohana,Christchurch City,Central Ward,-43.535478,172.6351439,Entire home/apt,293.0,1.0,242,2026-03-09,6.7,137,105,80,,2026-03
858386913431812148,Sunsoaked seaside 1 bedroom 1 bath,482671075,Care Property Stays,Christchurch City,Coastal Ward,-43.5036249,172.7293298,Entire home/apt,176.0,1.0,163,2026-03-03,4.53,147,217,40,,2026-03
858414304417682604,Beachside Haven 1 bed 1 bath,482671075,Care Property Stays,Christchurch City,Coastal Ward,-43.5036249,172.7293298,Entire home/apt,176.0,1.0,124,2026-03-09,3.45,147,234,38,,2026-03
859056316757461135,"Under the Yellow Canopy, Mt Pleasant, Christchurch",36298173,Lynette,Christchurch City,Heathcote Ward,-43.558051685114805,172.71436006444094,Entire home/apt,240.0,1.0,107,2026-03-11,2.98,1,226,37,,2026-03
860199373578595364,Explore Addington and CBD 1 Bed w/Carpark,482671075,Care Property Stays,Christchurch City,Spreydon Ward,-43.5446827,172.6109235,Entire home/apt,266.0,1.0,129,2026-02-02,3.58,147,204,41,,2026-02
860468148182845279,Beautiful Townhouse in City Centre,131734373,Alicia,Christchurch City,Central Ward,-43.52324,172.64047,Entire home/apt,187.0,1.0,70,2026-02-04,1.95,10,301,21,,2026-02
861759917102264921,Indulge in Christchurch Hagley Park 2 bed 2 bath,482671075,Care Property Stays,Christchurch City,Central Ward,-43.5373716,172.6252993,Entire home/apt,235.0,1.0,46,2026-02-14,1.28,147,232,6,,2026-02
861871315821370245,Hereford Hideaway - Central City Apartment,81390838,Perfect Stays,Christchurch City,Central Ward,-43.53101,172.64162,Entire home/apt,528.0,2.0,3,2026-02-12,0.12,47,11,2,,2026-02
861926364384336970,Close to new Stadium. Great for families,43398377,Graham,Christchurch City,Central Ward,-43.5316011,172.6488084,Entire home/apt,450.0,1.0,110,2026-02-25,3.23,4,219,19,,2026-02
862507185495895014,"Modern House on a Great Location
close to city",508592191,Maria E,Christchurch City,Halswell Ward,-43.5654606,172.5836921,Entire home/apt,417.0,1.0,15,2026-02-28,0.53,1,252,3,,2026-02
862729897306600043,Riccarton 2 Bed 1 Bath w/Garage,482671075,Care Property Stays,Christchurch City,Riccarton Ward,-43.53502,172.58588,Entire home/apt,222.0,1.0,83,2026-02-27,2.33,147,253,29,,2026-02
864042199874166799,"5 minutes from CBD Parking, Pet / Child Friendly,",69733783,John,Christchurch City,Central Ward,-43.52557,172.66239,Entire home/apt,185.0,3.0,81,2026-03-11,2.71,1,202,28,,2026-03
864108012194839437,Prime Location Hagley Riverside Hospital,482671075,Care Property Stays,Christchurch City,Central Ward,-43.5370905,172.6249006,Entire home/apt,252.0,1.0,63,2026-02-25,1.76,147,150,16,,2026-02
865332411397762760,1 Bedroom Central City Escape,482671075,Care Property Stays,Christchurch City,Central Ward,-43.5261163,172.6422883,Entire home/apt,210.0,1.0,66,2026-03-08,1.91,147,209,28,,2026-03
865982067838572129,Riverside Villa at the edge Banks Peninsular,509283690,Peter,Christchurch City,Cashmere Ward,-43.56331,172.63225,Entire home/apt,208.0,2.0,78,2026-03-14,2.24,1,135,36,,2026-03
866332460145387164,Private Room Only with Ensuite,12597832,Jd,Christchurch City,Fendalton Ward,-43.51662,172.58431,Private room,120.0,1.0,40,2026-02-21,1.13,1,138,14,,2026-02
867048468098055942,The Den on Dudley - modern studio - walk to city,84419227,Becca,Christchurch City,Innes Ward,-43.513878573980485,172.65505861490965,Entire home/apt,143.0,1.0,21,2026-02-23,0.86,1,329,16,,2026-02
867710494701418018,Inner City Delight - Walk To Cathedral Square,482671075,Care Property Stays,Christchurch City,Central Ward,-43.5312859,172.6450051,Entire home/apt,211.0,1.0,43,2025-11-08,1.25,147,254,11,,2025-11
867811988255053402,"Stunning sea, city & mountains view 2 bedroom home",146063603,Dee,Christchurch City,Heathcote Ward,-43.5668503,172.7268957,Entire home/apt,263.0,1.0,74,2026-03-04,2.09,1,135,17,,2026-03
868364088455534956,Studio B Sumner - Christchurch,81390838,Perfect Stays,Christchurch City,Heathcote Ward,-43.56733,172.75834,Entire home/apt,68.0,2.0,6,2025-09-13,0.25,47,307,1,,2025-09
868948731676758714,Cabin in the Trees,142497516,John,Christchurch City,Banks Peninsula Ward,-43.6177533222252,172.64442801475525,Entire home/apt,137.0,1.0,91,2026-03-17,4.06,1,157,54,,2026-03
869229541170434399,City Lights Retreat with Carpark 2 Bed 2 Bath,482671075,Care Property Stays,Christchurch City,Central Ward,-43.5316099,172.6490754,Entire home/apt,259.0,1.0,27,2026-02-02,0.76,147,236,8,,2026-02
871204934582708163,The Daughter's Anchorage Â· Historic Cottage,352842587,Simon And Leah,Christchurch City,Banks Peninsula Ward,-43.59825,172.72311,Entire home/apt,205.0,2.0,207,2026-02-20,6.1,1,276,58,,2026-02
871849845979834306,Stylish City Fringe 2 Bedroom House.,510533154,Francesca,Christchurch City,Central Ward,-43.51774,172.64286,Entire home/apt,285.0,1.0,183,2026-03-13,5.28,1,313,19,,2026-03
872528956283395020,Stylish Townhouse in Riccarton With Free Parking,682808597,Devon,Christchurch City,Riccarton Ward,-43.53384,172.5938,Entire home/apt,425.0,1.0,229,2026-03-17,6.46,22,243,71,,2026-03
872536912546992887,Beachside Apartment â New Brighton,510565698,Kieran,Christchurch City,Coastal Ward,-43.5039339,172.7284552,Entire home/apt,211.0,1.0,40,2026-03-13,1.13,2,305,5,,2026-03
872547136630455957,1 Bedroom City Base with Free Car Park,23278101,Jason,Christchurch City,Central Ward,-43.524851,172.6359997,Entire home/apt,256.0,1.0,208,2026-03-09,5.88,18,273,80,,2026-03
872685357464228751,Central City Awaits 2 Bed 2 Bath,482671075,Care Property Stays,Christchurch City,Central Ward,-43.5312859,172.6450051,Entire home/apt,286.0,1.0,45,2026-03-02,1.27,147,238,12,,2026-03
872757238166910431,"Urban Nest Explorer: Walk to City, Free Parking",510730797,Kate,Christchurch City,Central Ward,-43.531563,172.6491831,Entire home/apt,358.0,1.0,55,2026-03-13,1.57,14,71,13,,2026-03
872901448582963487,The City's Best Kept Secret 2 Bed 2 Bath,482671075,Care Property Stays,Christchurch City,Central Ward,-43.5312859,172.6450051,Entire home/apt,213.0,1.0,43,2026-03-03,1.21,147,189,18,,2026-03
873412242875636535,2 Bedroom Near Hagley Park & Wolfbrook Arena,329341602,Andrew,Christchurch City,Spreydon Ward,-43.54238166857053,172.61253316269642,Entire home/apt,253.0,2.0,111,2026-03-07,3.16,4,33,23,,2026-03
873475397226708234,Addington luxury townhouse,211195948,Jenny,Christchurch City,Spreydon Ward,-43.54193,172.61216,Entire home/apt,229.0,1.0,210,2026-03-06,5.93,20,245,68,,2026-03
874749048351092337,Sea Air and Sandy Beach Beautiful 1 bed 1 bath,482671075,Care Property Stays,Christchurch City,Coastal Ward,-43.5036249,172.7293298,Entire home/apt,191.0,1.0,117,2026-03-08,3.32,147,253,29,,2026-03
875311011474501733,Prime location a short stroll to the city/Merivale,64344206,Amie,Christchurch City,Fendalton Ward,-43.51288,172.6246,Entire home/apt,206.0,2.0,46,2026-03-07,1.49,4,345,10,,2026-03
875606252958991505,Luxury Merivale Villa,222941036,Brendan,Christchurch City,Papanui Ward,-43.5046693,172.6151355,Entire home/apt,329.0,1.0,78,2026-03-02,2.27,2,44,22,,2026-03
876226521215987422,Inner City Luxury - 2 Bedroom 2 Bathroom,482671075,Care Property Stays,Christchurch City,Central Ward,-43.5313227,172.6447782,Entire home/apt,274.0,1.0,100,2026-02-18,2.84,147,155,12,,2026-02
876345219541794974,SWEET AS Sleepout Double room,105265867,Andrew,Christchurch City,Riccarton Ward,-43.5366,172.56998,Private room,96.0,2.0,46,2026-02-28,1.3,8,153,7,,2026-02
876611972906371671,Tuam on Top! Sleeps 5,202585247,Ohana,Christchurch City,Central Ward,-43.53283,172.64091,Entire home/apt,299.0,1.0,268,2026-03-16,7.61,137,133,84,,2026-03
876612046022154745,Luxury Life Galore - Sleeps 4,202585247,Ohana,Christchurch City,Central Ward,-43.53279,172.63908,Entire home/apt,293.0,1.0,314,2026-03-17,8.89,137,102,101,,2026-03
876915259311816990,New and Close to City Centre with Carpark,501222894,Marilyn,Christchurch City,Central Ward,-43.51833184621031,172.64376986771822,Entire home/apt,280.0,1.0,96,2026-02-25,2.73,5,340,20,,2026-02
877734750121795480,A Hidden Gem on Lincoln Road,155024348,Jenna,Christchurch City,Spreydon Ward,-43.54379,172.61418,Entire home/apt,222.0,1.0,218,2026-03-07,6.48,1,266,95,,2026-03
877765279118945674,"Sunny beachside retreat, Hot Pools,
Christchurch",404417379,Gregory,Christchurch City,Coastal Ward,-43.5036249,172.7293298,Entire home/apt,149.0,2.0,164,2026-03-09,4.7,1,169,72,,2026-03
877873379707541096,"Location, Style, Practicality - carpark included",45172785,The MAC Property Team,Christchurch City,Central Ward,-43.5317473,172.644015,Entire home/apt,268.0,,50,2026-03-15,2.71,47,0,44,,2026-03
878463453561086648,Modern 2 bed Hagley Park Riverside Market,482671075,Care Property Stays,Christchurch City,Central Ward,-43.5373725,172.6253013,Entire home/apt,215.0,1.0,86,2026-03-10,2.56,147,213,37,,2026-03
879229537631874283,Robinson's Bay Lifestyle,426704386,Kimberley,Christchurch City,Banks Peninsula Ward,-43.76146,172.96074,Entire home/apt,252.0,2.0,41,2026-03-05,1.25,1,260,14,,2026-03
880054467429718501,Panoramic Beach Views in Sumner,233387057,Blake,Christchurch City,Heathcote Ward,-43.5684885,172.7526449,Entire home/apt,,2.0,44,2026-02-14,1.28,1,0,14,,2026-02
880119344865178248,The Best of Both Worlds,173715343,Sarah,Christchurch City,Heathcote Ward,-43.56322979999999,172.7096966,Entire home/apt,125.0,1.0,155,2026-03-18,4.41,1,279,60,,2026-03
880173979573913977,Lincoln road modern townhouse,211195948,Jenny,Christchurch City,Spreydon Ward,-43.5433,172.61288,Entire home/apt,229.0,1.0,187,2026-03-05,5.39,20,233,71,,2026-03
881468377011824404,Dickens St - modern and cosy handy to city,24205506,"Mayie, Judi And Karen At Bookahome",Christchurch City,Spreydon Ward,-43.54335,172.61565,Entire home/apt,297.0,2.0,12,2026-01-29,0.35,83,324,3,,2026-01
882341847699783999,Mariners Cabin: Your seaside escape,377819206,Chelsea,Christchurch City,Banks Peninsula Ward,-43.60472071695861,172.6898292729285,Entire home/apt,192.0,2.0,265,2026-03-06,7.78,1,62,83,,2026-03
883656380689453598,Perfect for family stays,43398377,Graham,Christchurch City,Halswell Ward,-43.5741,172.54124,Entire home/apt,411.0,2.0,29,2026-02-28,0.94,4,321,12,,2026-02
884166080858265671,A Road Away from Hagley Park 2 bed 2 bath,482671075,Care Property Stays,Christchurch City,Central Ward,-43.5373725,172.6253013,Entire home/apt,247.0,1.0,65,2026-02-13,1.88,147,153,8,,2026-02
884226134448573632,Stylish Brand New Sunny 3Bdrm 3Bth garage sleeps 6,45768555,Hasslefree Accommodation,Christchurch City,Spreydon Ward,-43.5425451,172.6126479,Entire home/apt,320.0,1.0,136,2026-02-08,3.94,65,324,16,,2026-02
885008300585910921,Cozy 3-Bedroom near Hagley Park w/Garage,482671075,Care Property Stays,Christchurch City,Spreydon Ward,-43.54286829999999,172.6127631,Entire home/apt,241.0,1.0,148,2026-02-11,4.24,147,183,38,,2026-02
885255595236207867,A place for you to relax,513242724,Daniel,Christchurch City,Central Ward,-43.53077,172.6586,Private room,103.0,1.0,40,2026-02-28,1.17,1,266,5,,2026-02
885657432428572346,The Majestic Retreat 2 bed 2 bath CBD,482671075,Care Property Stays,Christchurch City,Central Ward,-43.5312859,172.6450051,Entire home/apt,287.0,1.0,77,2026-03-08,2.2,147,149,22,,2026-03
887092022866010026,"Large 5 bedroom, 4 bathroom Home in Central Akaroa",6267072,Craig,Christchurch City,Banks Peninsula Ward,-43.8063189,172.9687008,Entire home/apt,333.0,2.0,55,2026-03-21,2.02,1,106,26,,2026-03
887163088376750044,City Central Comfort,499424997,Casa,Christchurch City,Central Ward,-43.5375171,172.6250229,Entire home/apt,228.0,1.0,142,2026-03-07,4.08,2,348,41,,2026-03
887218982616365848,3 Bedroom 2 Bathroom Hagley Parkside Perch,482671075,Care Property Stays,Christchurch City,Central Ward,-43.5371353,172.6249013,Entire home/apt,333.0,1.0,178,2026-03-07,5.15,147,248,51,,2026-03
887319182086293335,âHome away from Homeâ - Yaldhurst,161527985,Colleen,Christchurch City,Hornby Ward,-43.52425,172.51931,Entire home/apt,263.0,1.0,75,2026-03-17,2.23,1,282,24,,2026-03
887967358669099475,Inner-city Top Floor Apartment - Spectacular Views,24205506,"Mayie, Judi And Karen At Bookahome",Christchurch City,Central Ward,-43.5314756,172.6433048,Entire home/apt,349.0,2.0,96,2026-03-06,2.76,83,49,34,,2026-03
888001113832779860,Christchurch Parkside View - EV Charger & Garage,307971138,Stephanie,Christchurch City,Riccarton Ward,-43.5298370428505,172.61158234973755,Entire home/apt,274.0,2.0,17,2024-12-29,0.56,2,109,0,,2024-12
888641030989220709,"Ocean Is Just Around The Corner, Sky+Sport,Netflix",514180659,Lux Property Care,Christchurch City,Coastal Ward,-43.503886,172.728598,Entire home/apt,183.0,1.0,170,2026-03-12,4.9,3,342,45,,2026-03
889207356562732871,Sea Side Paradise - Beach Across,514180659,Lux Property Care,Christchurch City,Coastal Ward,-43.503667500739965,172.729149374205,Entire home/apt,517.0,1.0,168,2026-02-09,4.86,3,329,41,,2026-02
889338510598016461,Best of Central Christchurch 2 bed 2 bath,482671075,Care Property Stays,Christchurch City,Central Ward,-43.5370905,172.6249006,Entire home/apt,257.0,1.0,104,2026-02-22,2.99,147,236,52,,2026-02
889960602050212249,Charming Downtown Hideaway 1 bed 1 bath,482671075,Care Property Stays,Christchurch City,Central Ward,-43.5313227,172.6447782,Entire home/apt,195.0,1.0,202,2026-03-10,5.85,147,75,60,,2026-03
890189311861996586,CBD 1BR Parkside Comfort + Free Parking & Lift,65590754,Gian,Christchurch City,Central Ward,-43.53238,172.64477,Entire home/apt,225.0,1.0,13,2026-03-20,4.33,1,332,13,,2026-03
890446716417767421,Architectural Luxury Retreat/Parking/Sky/Sleeps 11,514180659,Lux Property Care,Christchurch City,Innes Ward,-43.5071,172.64442,Entire home/apt,468.0,1.0,107,2026-03-07,5.01,3,313,54,,2026-03
893710526906564059,Private 4BR Home â¢ Garden â¢ Parking â¢ Near Airport,145918006,Stephanie,Christchurch City,Waimairi Ward,-43.50245657311978,172.58197169629517,Entire home/apt,390.0,1.0,132,2026-03-12,3.97,2,254,55,,2026-03
893914850857110192,Vibrant Central Christchurch 2 bed,482671075,Care Property Stays,Christchurch City,Central Ward,-43.5312085,172.6470511,Entire home/apt,297.0,1.0,111,2026-03-09,3.27,147,251,30,,2026-03
895458991751681493,Home in Church Corner,133703679,Anthy,Christchurch City,Riccarton Ward,-43.53279,172.56659,Entire home/apt,366.0,1.0,37,2026-02-17,1.13,3,327,7,,2026-02
896800298014517655,Home Away From Home,262148957,Eru And Averil,Christchurch City,Linwood Ward,-43.52435453089455,172.68418941646814,Private room,68.0,1.0,72,2025-12-28,2.18,1,67,15,,2025-12
898158751063093298,Sunny cossy 5 min from airport,516273164,Gift,Christchurch City,Harewood Ward,-43.49705,172.582,Private room,128.0,1.0,0,,,1,364,0,,
898746109763853609,Inner-city stay - top location,24205506,"Mayie, Judi And Karen At Bookahome",Christchurch City,Central Ward,-43.53021,172.64088,Entire home/apt,319.0,2.0,41,2026-03-05,1.24,83,285,8,,2026-03
898855163705264502,Luxury Living in Amazing Location - 2 Car Parks,45172785,The MAC Property Team,Christchurch City,Innes Ward,-43.5154435,172.6388883,Entire home/apt,371.0,1.0,138,2026-03-16,4.21,47,296,53,,2026-03
899433579551279137,Little Cutie on Worcester Quiet|Stylish,86216394,Min,Christchurch City,Central Ward,-43.53194,172.6446,Entire home/apt,234.0,1.0,128,2026-03-13,3.76,37,123,54,,2026-03
899685749912725370,Cheerful and Centrally located,501222894,Marilyn,Christchurch City,Central Ward,-43.52302,172.64262,Entire home/apt,280.0,1.0,99,2026-02-26,2.9,5,359,18,,2026-02
900501957432872857,Lovely townhouse in Avonhead,74811135,Maggie,Christchurch City,Waimairi Ward,-43.51647,172.55342,Entire home/apt,331.0,1.0,73,2026-03-11,2.19,41,313,18,,2026-03
901177356780318543,New House with Clear Sky View & Spa,326110546,Cadmiel,Christchurch City,Halswell Ward,-43.57518,172.58044,Entire home/apt,323.0,1.0,53,2026-03-07,1.64,1,277,20,,2026-03
901774605342282142,Room in Christchurch,131216378,Adam,Christchurch City,Cashmere Ward,-43.57764,172.64637,Private room,,1.0,38,2025-12-17,1.12,2,0,3,,2025-12
902435483982528550,Modern city apt with pool & gym,517253710,Claire,Christchurch City,Central Ward,-43.52235,172.64568,Entire home/apt,261.0,2.0,56,2026-02-23,1.64,1,49,12,,2026-02
902623020339859925,Cozy:Fully Equipped Unit 12noon check-in,153690508,Rahul,Christchurch City,Papanui Ward,-43.48187,172.62921,Entire home/apt,103.0,1.0,285,2026-02-28,8.62,1,321,40,,2026-02
903303360921664579,Stylish & Cosy + Full Kitchen Garage Washer/Dryer,192218803,Lisa,Christchurch City,Central Ward,-43.53119,172.64311,Entire home/apt,343.0,1.0,347,2026-03-13,10.48,1,127,108,,2026-03
905980260796682275,Apartment In The Central City,513357992,Di,Christchurch City,Central Ward,-43.52311,172.63662,Entire home/apt,149.0,1.0,292,2026-03-17,8.76,2,239,91,,2026-03
905986646008345952,"Homely Queen Room
Free Breakfast & Parking",86604225,Simi,Christchurch City,Halswell Ward,-43.54733,172.54388,Private room,,1.0,22,2026-02-24,0.66,1,86,5,,2026-02
908930082943794248,Cashel Street Hideaway 2 bed 2 bath,482671075,Care Property Stays,Christchurch City,Central Ward,-43.5334885,172.6499689,Entire home/apt,222.0,1.0,57,2026-03-04,1.72,147,249,16,,2026-03
910544264293228230,NewBrightonRetreat-Private Apartment in Sunny Home,166425951,Leanne,Christchurch City,Coastal Ward,-43.49992,172.72795,Entire home/apt,234.0,1.0,30,2026-02-13,0.91,1,153,2,,2026-02
910585254583466291,Stay at the Birdhouse!,244822813,Nancy And Matt,Christchurch City,Banks Peninsula Ward,-43.62578,172.73881,Entire home/apt,157.0,2.0,33,2026-03-01,1.07,1,234,7,,2026-03
912294726864420541,Lyttelton Glamping 5 Star Tiny House,76024169,Frances,Christchurch City,Banks Peninsula Ward,-43.60288,172.71254,Entire home/apt,169.0,1.0,6,2026-02-14,0.19,2,362,3,,2026-02
913989370589927668,"Large trendy 3 Bedroom Residence, Central City",482671075,Care Property Stays,Christchurch City,Central Ward,-43.5335761,172.6495891,Entire home/apt,387.0,1.0,61,2026-02-20,1.82,147,201,9,,2026-02
914026522342226717,Birdsong Bliss - Takamatua Holiday Home,145244100,Bachcare,Christchurch City,Banks Peninsula Ward,-43.78557,172.95512,Entire home/apt,,2.0,4,2025-10-26,0.13,1417,365,3,,2025-10
914058317533702896,"Haven near Hagley Park, Hospital, Parakiore, Avon",482671075,Care Property Stays,Christchurch City,Central Ward,-43.5373725,172.6253013,Entire home/apt,216.0,1.0,67,2025-12-22,2.0,147,246,12,,2025-12
915243156714718628,Brand New 2 Bedroom | Free off Street Parking,45768555,Hasslefree Accommodation,Christchurch City,Central Ward,-43.54597,172.62879,Entire home/apt,220.0,1.0,93,2026-03-22,2.81,65,336,7,,2026-03
915265087559575428,Kaioruru View â Diamond Harbour Holiday Home,145244100,Bachcare,Christchurch City,Banks Peninsula Ward,-43.63306,172.71579,Entire home/apt,,2.0,1,2024-02-05,0.04,1417,364,0,,2024-02
916753998285135942,Esplanade - Beachfront - Sumner Getaway,214933379,Benjamin,Christchurch City,Heathcote Ward,-43.5720791,172.7649366,Entire home/apt,1894.0,5.0,0,,,2,35,0,,
916956819185070524,Harbour Views - Akaroa Holiday Home,145244100,Bachcare,Christchurch City,Banks Peninsula Ward,-43.81009,172.96888,Entire home/apt,,2.0,6,2026-03-08,0.2,1417,365,4,,2026-03
916989396257303219,Share the Inner City,73258478,Chay,Christchurch City,Central Ward,-43.52852,172.64558,Private room,157.0,1.0,5,2025-11-21,0.22,1,70,2,,2025-11
917122985775016012,Lincoln Road Two Bedroom Townhouse - Luxury!,49642171,Lily-SimplyHost,Christchurch City,Spreydon Ward,-43.54253713895386,172.61214037354122,Entire home/apt,268.0,1.0,141,2026-03-21,4.3,95,64,51,,2026-03
917566528595175861,"Central City Convenience: Cafes, Bars, Supermarket",482671075,Care Property Stays,Christchurch City,Central Ward,-43.5335761,172.6495891,Entire home/apt,377.0,1.0,85,2026-02-28,2.55,147,198,14,,2026-02
919863472030667911,Brockworth Comfort,133985647,Kate,Christchurch City,Riccarton Ward,-43.5323347,172.6103348,Private room,,1.0,12,2025-02-28,0.36,2,0,0,,2025-02
920504440648364364,Modern and Central.,521544534,Kirsty,Christchurch City,Central Ward,-43.5466,172.62947,Entire home/apt,388.0,2.0,22,2026-02-21,0.77,1,30,12,,2026-02
920769397859683038,4 Bedroom 1960s Simple Town House,521722847,William,Christchurch City,Waimairi Ward,-43.51546,172.56562,Entire home/apt,274.0,3.0,0,,,2,264,0,,
922211642533316727,Wharfside Apartment,310504522,Andrew,Christchurch City,Banks Peninsula Ward,-43.8101125,172.9617198,Entire home/apt,280.0,1.0,125,2026-03-13,4.03,1,305,40,,2026-03
922569412495247920,Central & Convenient City Apartment,329341602,Andrew,Christchurch City,Central Ward,-43.52426255948435,172.6434292153442,Entire home/apt,232.0,2.0,78,2026-02-14,2.37,4,56,14,,2026-02
922881357464149400,Convenient Westfield House 3bedroom 2bath,45696481,Qing,Christchurch City,Riccarton Ward,-43.53711,172.582941,Entire home/apt,257.0,1.0,64,2026-03-16,1.98,1,262,25,,2026-03
923285116820945710,Stylish City Apartment,342238822,Zoe,Christchurch City,Central Ward,-43.51993,172.64346,Entire home/apt,204.0,2.0,66,2026-03-03,1.99,2,326,19,,2026-03
923708945746469895,Serenity Getaway,339353747,Ajeet,Christchurch City,Coastal Ward,-43.50777,172.73158,Entire home/apt,170.0,1.0,76,2026-02-03,2.54,1,100,17,,2026-02
925137482870991706,Large townhouse. Garage. Full kitchen & dining,82592386,Mike,Christchurch City,Linwood Ward,-43.54193,172.65695,Entire home/apt,420.0,2.0,112,2026-03-01,3.38,1,331,10,,2026-03
925876583304780110,Large Sunny Room Upstairs (En-suite),184564246,Tung,Christchurch City,Waimairi Ward,-43.49645,172.56616,Private room,99.0,1.0,25,2026-02-14,0.91,5,206,7,,2026-02
925886246458274108,Large Queen Room - Downstairs,184564246,Tung,Christchurch City,Waimairi Ward,-43.49812,172.56609,Private room,79.0,1.0,80,2026-03-05,2.49,5,314,33,,2026-03
926449034030595139,New Beautiful City Centre Townhouse,523186247,Dan,Christchurch City,Central Ward,-43.535568,172.6318853,Entire home/apt,325.0,1.0,71,2026-02-28,2.23,2,63,19,,2026-02
926914686567939579,Islay Cottage Grade 2 Heritage Property,523329909,Tony & Brenda,Christchurch City,Banks Peninsula Ward,-43.60306,172.71689,Entire home/apt,440.0,2.0,55,2026-02-21,1.68,1,357,13,,2026-02
927059385903578638,Latimer Square 1 bed 1 bath - Single Level,482671075,Care Property Stays,Christchurch City,Central Ward,-43.53029811407317,172.64142055396732,Entire home/apt,242.0,1.0,140,2026-02-22,4.28,147,213,42,,2026-02
927118956899352473,Sleek modern city apartment,137791556,Elissia,Christchurch City,Central Ward,-43.53103565205278,172.64373407826258,Entire home/apt,223.0,1.0,254,2026-03-21,7.75,1,3,55,,2026-03
927939209304967721,Contemporary Home with Carpark,257057675,Shannon,Christchurch City,Heathcote Ward,-43.55479368910825,172.64461057117614,Entire home/apt,334.0,2.0,33,2026-02-28,1.06,1,322,8,,2026-02
927951536112520050,"Homely, Clean & Cheap for Two",48816295,Terri,Christchurch City,Halswell Ward,-43.5786261,172.5614209,Private room,240.0,1.0,23,2026-03-06,0.74,4,364,3,,2026-03
929064122824302288,Cosy Tiny in Cass Bay,244620687,Catherine,Christchurch City,Banks Peninsula Ward,-43.6031592,172.6895409,Entire home/apt,171.0,1.0,160,2026-03-14,6.56,2,346,81,,2026-03
929187095309978911,Unique NewYork loft apartment in Heritage Building,117503447,Liliana,Christchurch City,Central Ward,-43.53559,172.63696,Entire home/apt,309.0,2.0,118,2026-03-14,3.79,2,342,36,,2026-03
929292191221984365,"Urban Elegance: 2 Bed, 2 Bath in the CBD",482671075,Care Property Stays,Christchurch City,Central Ward,-43.5231959,172.6424764,Entire home/apt,281.0,1.0,49,2025-12-06,1.51,147,116,14,,2025-12
932012534868312966,Cosy Oasis Close To CBD,368515906,Jed,Christchurch City,Central Ward,-43.52619,172.66697,Entire home/apt,330.0,1.0,130,2026-02-28,3.98,4,309,21,,2026-02
933707164000386411,Large single room - Upstairs,184564246,Tung,Christchurch City,Waimairi Ward,-43.4974633,172.5653503,Private room,59.0,1.0,53,2026-02-18,1.66,5,299,16,,2026-02
933762217584580660,Large Medium Room - Downstairs,184564246,Tung,Christchurch City,Waimairi Ward,-43.4974633,172.5653503,Private room,72.0,1.0,76,2026-03-03,2.35,5,286,21,,2026-03
934378053766836590,"City Escape, Courtyard and Free Parking.",72194360,Breidi,Christchurch City,Central Ward,-43.5223929,172.6309316,Entire home/apt,326.0,2.0,143,2026-03-05,4.4,9,256,52,,2026-03
935174676330161986,Studio 310,516376646,Kathryn,Christchurch City,Banks Peninsula Ward,-43.63517004515888,172.7178467810154,Entire home/apt,212.0,1.0,1,2026-03-14,1.0,1,160,1,,2026-03
935251271121344273,Home Away From Home CBD Location,45768555,Hasslefree Accommodation,Christchurch City,Central Ward,-43.52481,172.64162,Entire home/apt,239.0,1.0,55,2026-03-21,1.77,65,314,16,,2026-03
935771650284510992,no.8 Private Single Room in Detached Sleepout,105265867,Andrew,Christchurch City,Riccarton Ward,-43.53884,172.5701,Private room,80.0,1.0,40,2026-02-28,1.24,8,177,9,,2026-02
936446699362227930,Cozy Nest On Manchester,112736892,Nins,Christchurch City,Central Ward,-43.5165,172.63982,Entire home/apt,425.0,1.0,197,2026-03-14,6.15,1,171,77,,2026-03
937869577900693636,Small Sustainable House,81390838,Perfect Stays,Christchurch City,Central Ward,-43.51583,172.63976,Entire home/apt,365.0,2.0,6,2025-10-25,0.23,47,12,2,,2025-10
938092977371671827,Leading Light,407344657,Bernard,Christchurch City,Banks Peninsula Ward,-43.6205778,172.6434911,Entire home/apt,,1.0,177,2026-01-18,5.52,1,0,29,,2026-01
939512531332903750,"New home, new bed, warm home - low price",201638718,Helen,Christchurch City,Burwood Ward,-43.47688394738516,172.67062582075596,Private room,69.0,1.0,179,2026-03-02,5.62,2,229,37,,2026-03
940731717328835933,"2 Bedroom House, Amazing Location + 2 Carparks",45172785,The MAC Property Team,Christchurch City,Central Ward,-43.5160789,172.651277,Entire home/apt,264.0,1.0,160,2026-03-04,4.96,47,268,71,,2026-03
942948315090882485,The Cozy Cocoon 1 bed 1 bath apartment,482671075,Care Property Stays,Christchurch City,Central Ward,-43.5231077,172.6362107,Entire home/apt,192.0,1.0,134,2026-03-08,4.18,147,248,41,,2026-03
943225253268850599,Central City Sanctuary  NO FEES,27460981,Nadine,Christchurch City,Central Ward,-43.53053,172.6486,Entire home/apt,1000.0,2.0,6,2025-08-30,0.36,1,56,5,,2025-08
946007408282173327,Modern Townhouse Cashel Street 2 bed 2 bath,482671075,Care Property Stays,Christchurch City,Central Ward,-43.5335761,172.6495891,Entire home/apt,211.0,1.0,39,2025-10-16,1.22,147,246,8,,2025-10
946680553324838342,Private room with a garden view,494010048,Mansi,Christchurch City,Spreydon Ward,-43.557898208125295,172.58945614099505,Private room,66.0,1.0,13,2026-03-13,1.03,1,360,12,,2026-03
946706180798956896,Diamond Harbour Hideaway,528721467,Cathy,Christchurch City,Banks Peninsula Ward,-43.62864,172.74165,Entire home/apt,685.0,2.0,22,2026-02-26,0.74,2,343,7,,2026-02
947535036619522313,"Family friendly, harbour views",487780645,Holly,Christchurch City,Banks Peninsula Ward,-43.60255622232757,172.71415979577029,Entire home/apt,500.0,2.0,10,2026-01-01,0.37,1,71,3,,2026-01
948754193074213128,Majestic CourtMotel/No Cleaning Fee,238866720,Deepak,Christchurch City,Riccarton Ward,-43.53028,172.59397,Private room,234.0,1.0,2,2023-11-18,0.06,2,356,0,,2023-11
948780917173189019,Inner City Luxury Apartment,24205506,"Mayie, Judi And Karen At Bookahome",Christchurch City,Central Ward,-43.52968,172.64274,Entire home/apt,315.0,2.0,77,2026-02-25,2.42,83,329,15,,2026-02
948883490267612790,Coastal Sanctuary - Brand New ModernTownhouse.,49642171,Lily-SimplyHost,Christchurch City,Coastal Ward,-43.50876359999999,172.7312418,Entire home/apt,200.0,1.0,53,2026-03-18,1.7,95,42,8,,2026-03
950101202044267016,Central City Hideout with/Free Car parking,482671075,Care Property Stays,Christchurch City,Central Ward,-43.5197978,172.653372,Entire home/apt,189.0,1.0,182,2026-03-07,5.73,147,199,85,,2026-03
952384856334481871,Cool,530346508,Rajni,Christchurch City,Riccarton Ward,-43.53761249999999,172.5841312,Private room,96.0,1.0,0,,,1,269,0,,
952435555792942499,Central City Stay â Walk Everywhere + Free Carpark,24205506,"Mayie, Judi And Karen At Bookahome",Christchurch City,Central Ward,-43.534209,172.6412786,Entire home/apt,353.0,2.0,27,2026-02-03,0.87,83,258,5,,2026-02
954080068875649431,SkySuite: Chic 2-Bed Apartment in City Centre,49642171,Lily-SimplyHost,Christchurch City,Central Ward,-43.5270084516115,172.63259319259032,Entire home/apt,387.0,1.0,23,2026-01-29,0.79,95,217,4,,2026-01
954792674763608239,The Residence - an inner city gem l Guest favorite,49642171,Lily-SimplyHost,Christchurch City,Central Ward,-43.5295824,172.6450848,Entire home/apt,221.0,1.0,85,2026-03-03,2.81,95,340,25,,2026-03
955194888250164055,"Stylish CBD Retreat â Free Parking, Near Stadium",49642171,Lily-SimplyHost,Christchurch City,Central Ward,-43.5316,172.6490827,Entire home/apt,297.0,1.0,55,2025-08-12,1.81,95,240,4,,2025-08
956017620692827349,Breezy Beachside Haven | New Coastal Retreat,49642171,Lily-SimplyHost,Christchurch City,Coastal Ward,-43.5096,172.7309,Entire home/apt,194.0,1.0,76,2026-03-04,2.45,95,334,30,,2026-03
957449108561093435,Peaceful Spacious Retreat â 12 mins to Airport/CBD,310834973,Ella,Christchurch City,Papanui Ward,-43.46745,172.63063,Entire home/apt,422.0,2.0,3,2026-01-18,0.67,1,324,3,,2026-01
957523927166819985,Deluxe Studio,238866720,Deepak,Christchurch City,Riccarton Ward,-43.5298776,172.5942356,Private room,165.0,1.0,0,,,2,355,0,,
958226999670291684,"Sunsoaked & Stylish 3 Bed, 1.5 Bath Home w Garage",482671075,Care Property Stays,Christchurch City,Innes Ward,-43.50693,172.63762,Entire home/apt,211.0,1.0,114,2026-02-26,3.62,147,264,25,,2026-02
958313026752690956,3BR/4BA Townhouse â¢ Sleeps 8 â¢ Parking â¢ Games,202585247,Ohana,Christchurch City,Central Ward,-43.535568,172.6318853,Entire home/apt,343.0,1.0,194,2026-02-09,6.18,137,126,61,,2026-02
958390211484302929,Luxury in Fendalton with Spa,315800267,Kathryn,Christchurch City,Riccarton Ward,-43.5270018,172.5875317,Private room,205.0,1.0,15,2026-03-05,0.52,2,187,9,,2026-03
959676520557116080,5. Single room - Downstairs,184564246,Tung,Christchurch City,Waimairi Ward,-43.4974633,172.5653503,Private room,68.0,1.0,81,2026-01-22,2.65,5,232,24,,2026-01
960264228751451152,Beautiful Central City Villa - Whole House,524202117,Richard,Christchurch City,Central Ward,-43.53104,172.64589,Entire home/apt,969.0,2.0,30,2025-12-07,1.19,1,293,13,,2025-12
960266371700349997,Central City-Urban Oasis 1 bed 1 bath w/sofa bed,482671075,Care Property Stays,Christchurch City,Central Ward,-43.52566,172.64314,Entire home/apt,212.0,1.0,92,2025-10-31,3.05,147,251,17,,2025-10
961081601047058125,Spacious 4 Bedroom Home,532642950,Cillin,Christchurch City,Spreydon Ward,-43.56227278027235,172.6102629376977,Entire home/apt,354.0,4.0,2,2023-12-26,0.07,1,33,0,,2023-12
962366676060650618,#Just4Goleman,443017458,Jay,Christchurch City,Innes Ward,-43.49873,172.63975,Private room,97.0,16.0,0,,,1,269,0,,
962555353123555014,Central City Escape 1 Bed 1 Bath near Hagley Park,482671075,Care Property Stays,Christchurch City,Central Ward,-43.5275504,172.6320743,Entire home/apt,208.0,1.0,187,2026-02-21,5.96,147,255,54,,2026-02
962706074579967286,Beautiful house close to Canterbury university,211195948,Jenny,Christchurch City,Riccarton Ward,-43.52133,172.56314,Entire home/apt,314.0,1.0,83,2026-03-04,2.69,20,234,38,,2026-03
963142741050507192,Honey for the Money Warm Sunny 10 mins CBD,45768555,Hasslefree Accommodation,Christchurch City,Central Ward,-43.5197096,172.6327918,Entire home/apt,237.0,1.0,64,2026-03-11,2.12,65,323,23,,2026-03
964059875139283048,Avon Haven City Escape - 1 bed 1 bath,482671075,Care Property Stays,Christchurch City,Central Ward,-43.5267886,172.639983,Entire home/apt,186.0,1.0,129,2026-03-08,4.16,147,239,36,,2026-03
966357988562518793,Guest Suite in Strowan,369486357,Shawn,Christchurch City,Fendalton Ward,-43.50327,172.60955,Entire home/apt,112.0,1.0,193,2026-02-27,6.22,1,362,52,,2026-02
966384513112427873,6 min to Airport Burnside Full house with big yard,86216394,Min,Christchurch City,Waimairi Ward,-43.49712,172.57063,Entire home/apt,331.0,1.0,121,2026-03-07,4.0,37,146,41,,2026-03
966859003719680814,Whole sunny house on Huntsbury!,41518718,Jessica,Christchurch City,Cashmere Ward,-43.56745,172.65242,Entire home/apt,365.0,5.0,2,2026-01-07,0.71,1,19,2,,2026-01
967760129147377073,Walk to Riverside Market: 4 bed 4 bath w/ Car Park,482671075,Care Property Stays,Christchurch City,Central Ward,-43.535568,172.6318853,Entire home/apt,741.0,1.0,199,2026-02-24,6.5,147,219,53,,2026-02
967843133073777514,"Tuam Street delight, 4 bed 4 bath with Carpark",482671075,Care Property Stays,Christchurch City,Central Ward,-43.535568,172.6318853,Entire home/apt,423.0,1.0,127,2026-03-06,4.11,147,221,34,,2026-03
968224198043666870,Room,516048910,Heer,Christchurch City,Innes Ward,-43.49815,172.65054,Private room,64.0,1.0,0,,,1,89,0,,
969017494437356978,Comfort and style - handy to Wolfbrook Arena,24205506,"Mayie, Judi And Karen At Bookahome",Christchurch City,Spreydon Ward,-43.5428,172.60931,Entire home/apt,254.0,2.0,40,2026-02-12,1.3,83,304,19,,2026-02
969743325706341789,Tuam Street Treasure- 2 Bed 2 Bath,482671075,Care Property Stays,Christchurch City,Central Ward,-43.535568,172.6318853,Entire home/apt,292.0,1.0,46,2026-02-24,1.52,147,243,10,,2026-02
969757016385188228,Inner-city apartment - great location,24205506,"Mayie, Judi And Karen At Bookahome",Christchurch City,Central Ward,-43.53009249999999,172.6416232,Entire home/apt,267.0,3.0,33,2026-03-07,1.09,83,1,8,,2026-03
971246924251015386,Cosy Room,82738418,Daniel,Christchurch City,Fendalton Ward,-43.50232,172.5894,Private room,66.0,1.0,109,2026-03-11,3.54,1,121,32,,2026-03
971874555406521769,Okuti Cabin,115121570,Grace,Christchurch City,Banks Peninsula Ward,-43.7862144,172.8306747,Entire home/apt,160.0,1.0,37,2026-03-15,1.34,1,160,12,,2026-03
971971261050524910,Heart of the CBD 2Bdrms 2Bthrms secure park,45768555,Hasslefree Accommodation,Christchurch City,Central Ward,-43.5354782,172.6351277,Entire home/apt,290.0,1.0,84,2026-01-12,2.72,65,226,14,,2026-01
972834252356958965,Libeau Cottage - Akaroa Holiday Home,145244100,Bachcare,Christchurch City,Banks Peninsula Ward,-43.80246,172.97515,Entire home/apt,,2.0,5,2026-01-13,0.21,1417,365,2,,2026-01
974126798476104082,"Best Value in CHCH, Fast Wifi, 6 Min to CBD, Sunny",271872412,Marie,Christchurch City,Burwood Ward,-43.51318,172.673,Private room,62.0,1.0,119,2026-03-01,3.91,2,354,42,,2026-03
974777872222265389,Cozy Retreat with Hot Tub,125757390,KTD Property Services Ltd,Christchurch City,Linwood Ward,-43.5428015,172.6629054,Entire home/apt,256.0,1.0,239,2026-03-12,7.91,7,21,78,,2026-03
974988007682030041,Garden City Getaway 2 bed with sofa bed 1 bath,482671075,Care Property Stays,Christchurch City,Central Ward,-43.5312085,172.6470511,Entire home/apt,308.0,1.0,20,2025-12-12,0.66,147,252,3,,2025-12
975028604049794810,The New Stables with a view,535920595,Craig,Christchurch City,Banks Peninsula Ward,-43.7581,172.94823,Entire home/apt,335.0,2.0,34,2026-02-27,1.27,1,166,12,,2026-02
975511391810470430,The Bolthole - Charteris Bay Holiday Home,145244100,Bachcare,Christchurch City,Banks Peninsula Ward,-43.64786,172.71141,Entire home/apt,,4.0,2,2025-02-14,0.13,1417,365,0,,2025-02
975516400891950720,Relaxed CityâEdge Townhouse Near CBD & Beach,49642171,Lily-SimplyHost,Christchurch City,Linwood Ward,-43.53477,172.67697,Entire home/apt,233.0,1.0,119,2026-03-18,4.08,95,296,30,,2026-03
975560603139051586,Brand New Luxury 3BR Apartment in Christchurch CBD,331763232,Managed By Williams,Christchurch City,Central Ward,-43.53479,172.63125,Entire home/apt,402.0,1.0,25,2026-01-31,0.87,132,88,11,,2026-01
975628635219664968,"Panorama: Surf, Sun & Mountains",443618907,Paul,Christchurch City,Heathcote Ward,-43.57404827821513,172.74571105399778,Private room,132.0,2.0,34,2026-03-01,1.11,2,176,10,,2026-03
976135826937167403,Central Charm 2 bed 2 bath with sunny Balcony,482671075,Care Property Stays,Christchurch City,Central Ward,-43.535568,172.6318853,Entire home/apt,258.0,1.0,128,2026-03-01,4.22,147,224,29,,2026-03
976369154673473011,Seaside Surf Bach,351305354,Sarah,Christchurch City,Heathcote Ward,-43.56962,172.77383,Entire home/apt,913.0,3.0,19,2026-02-28,0.7,1,71,8,,2026-02
977161169171521527,Coastal Sands Escape 1 bed 1 bath with sofa bed,482671075,Care Property Stays,Christchurch City,Coastal Ward,-43.5092167,172.7308673,Entire home/apt,176.0,1.0,137,2026-02-12,4.48,147,246,49,,2026-02
977777333272385964,Christchurch Work Friendly Room,170865743,Fang,Christchurch City,Waimairi Ward,-43.51303,172.55987,Private room,149.0,1.0,6,2026-02-15,0.22,3,85,1,,2026-02
977777342591287332,Christchurch Bright Private Room Near Airport,170865743,Fang,Christchurch City,Waimairi Ward,-43.51444,172.5611,Private room,144.0,1.0,7,2026-01-04,0.24,3,84,2,,2026-01
978413064498812402,Classy Parkside Entire Townhouse,53055547,Emma,Christchurch City,Fendalton Ward,-43.5217061,172.6218904,Entire home/apt,,4.0,7,2025-01-03,0.26,2,0,0,,2025-01
978616491387492343,"Historic Pavitt Cottage, Robinsons Bay.",536717272,Suky,Christchurch City,Banks Peninsula Ward,-43.75732,172.9713,Entire home/apt,223.0,1.0,79,2026-03-16,2.77,1,259,22,,2026-03
979168358988813999,"Whistle Stop - Whimsical luxury,  EV friendly",86216394,Min,Christchurch City,Spreydon Ward,-43.54128,172.61343,Entire home/apt,237.0,1.0,124,2026-03-02,4.18,37,156,51,,2026-03
979339646167555465,Beachside Bliss: 1 Bed 1 Bath,482671075,Care Property Stays,Christchurch City,Coastal Ward,-43.50951,172.73169,Entire home/apt,190.0,1.0,138,2026-03-07,4.58,147,252,33,,2026-03
979529956719947553,The Richmond Retreat,3159349,Jonathan,Christchurch City,Central Ward,-43.51851,172.66102,Entire home/apt,497.0,1.0,39,2026-03-01,1.67,1,81,6,,2026-03
979855121206754601,Left-side Private Guest Studio near airport,537007306,Po-Wen,Christchurch City,Harewood Ward,-43.48317,172.56164,Entire home/apt,126.0,1.0,239,2026-01-15,8.51,2,146,67,,2026-01
979883991204878647,Gloucester Street Gem- 1 Bed 1 Bath,482671075,Care Property Stays,Christchurch City,Central Ward,-43.52957170000001,172.6449223,Entire home/apt,176.0,1.0,108,2026-03-08,3.54,147,257,19,,2026-03
982665707456333129,"Self contained, private, sunny & peaceful retreat",247294642,Ian,Christchurch City,Waimairi Ward,-43.5016939,172.5809391,Entire home/apt,199.0,1.0,60,2026-03-14,1.99,1,174,18,,2026-03
984502987860533781,Style Location New Sunny 2Bdrms Free Park,45768555,Hasslefree Accommodation,Christchurch City,Central Ward,-43.5210709,172.6513667,Entire home/apt,226.0,1.0,34,2025-06-17,1.12,65,302,5,,2025-06
984555851970849256,"An Easy Walk to the CBD - 2 Bed, 2 Bathroom",482671075,Care Property Stays,Christchurch City,Central Ward,-43.53212,172.64593,Entire home/apt,277.0,1.0,35,2026-03-09,1.15,147,238,13,,2026-03
985258046554234923,"Beachside Townhouse,  2 Bedrooms 2-3 beds, 2 bath",537639282,Judith,Christchurch City,Coastal Ward,-43.509601,172.731309,Entire home/apt,318.0,1.0,26,2025-12-27,0.9,4,296,6,,2025-12
985630726695248144,Modern home near the beach,538281346,Bee,Christchurch City,Coastal Ward,-43.5082235,172.7312974,Entire home/apt,200.0,3.0,29,2026-03-06,1.07,1,5,11,,2026-03
986026626914704344,Elegant 3BR Home on Mustang Avenue,202585247,Ohana,Christchurch City,Halswell Ward,-43.55129,172.54463,Entire home/apt,239.0,1.0,215,2026-03-15,7.17,137,97,103,,2026-03
986420206136823944,Merivale comfy 2 beds with free parking,86216394,Min,Christchurch City,Fendalton Ward,-43.51966,172.62374,Entire home/apt,228.0,1.0,47,2026-02-02,1.6,37,170,13,,2026-02
987101443893647437,Urban Retreat: Cozy 2-Bedroom Near City Centre.,25974932,Rainiell,Christchurch City,Riccarton Ward,-43.52940234683304,172.60975744575262,Entire home/apt,234.0,1.0,126,2026-03-15,4.39,1,204,80,,2026-03
988520051301728024,3 Bed 2.5 Bath Riccarton W/Games room & CarPark,482671075,Care Property Stays,Christchurch City,Riccarton Ward,-43.5329889,172.592829,Entire home/apt,499.0,1.0,215,2026-03-08,7.18,147,162,68,,2026-03
988622484050176415,Beautiful and clean Home,242127843,Jamerson,Christchurch City,Papanui Ward,-43.47037,172.62931,Private room,560.0,1.0,0,,,1,269,0,,
988971548453341410,Takamatua Holiday Home,537639282,Judith,Christchurch City,Banks Peninsula Ward,-43.78449,172.95071,Entire home/apt,459.0,1.0,31,2026-03-05,1.04,4,242,10,,2026-03
990020082081431864,Gorgeous Getaway on Gloucester St- 1 Bed 1 Bath,482671075,Care Property Stays,Christchurch City,Central Ward,-43.52957170000001,172.6449223,Entire home/apt,223.0,1.0,168,2026-02-24,5.59,147,257,45,,2026-02
990914694343912559,Home away from home,177959080,Saluka,Christchurch City,Halswell Ward,-43.5847163,172.6068704,Private room,92.0,1.0,10,2026-03-12,0.33,1,313,3,,2026-03
991059759333336248,"Comfy Room, Wi-Fi, Double Bed + Close to CBD",532142019,Tracy,Christchurch City,Central Ward,-43.533,172.65997,Private room,135.0,1.0,20,2026-02-22,0.7,5,179,7,,2026-02
991557225618100735,Sunny room on the hill.,229007006,Constantin,Christchurch City,Heathcote Ward,-43.56417,172.72126,Private room,137.0,2.0,2,2026-02-28,0.08,1,269,1,,2026-02
992357982340131314,Jolly Close To CBD - Brand New 2 Bedroom Retreat,539762333,Amandeep,Christchurch City,Linwood Ward,-43.53492,172.67684,Entire home/apt,228.0,1.0,62,2026-03-11,2.2,1,334,29,,2026-03
992558942935683403,Central City Work or Play Pad!,168218832,Benjamin,Christchurch City,Central Ward,-43.5179232,172.656595,Entire home/apt,297.0,1.0,83,2026-03-14,3.04,1,197,46,,2026-03
992875503859885560,Stylish Boutique Townhouse Luxe Comfort,45768555,Hasslefree Accommodation,Christchurch City,Innes Ward,-43.5115,172.65237,Entire home/apt,230.0,1.0,63,2026-02-24,2.13,65,326,33,,2026-02
993069594994366944,Brightside Spa & Sauna retreat,433476,Hugo,Christchurch City,Coastal Ward,-43.522,172.72657,Entire home/apt,299.0,1.0,46,2026-03-15,2.99,1,172,37,,2026-03
993073188698565555,The Feijoa Tree,539924119,Tracy & Phil,Christchurch City,Coastal Ward,-43.50111,172.71649,Private room,140.0,1.0,68,2026-03-14,2.31,1,242,21,,2026-03
993567873481058119,"Sumner Beach, 2 blocks to the surf!
Monthly",4359511,Chris,Christchurch City,Heathcote Ward,-43.5742792,172.7657466,Entire home/apt,172.0,7.0,3,2024-06-06,0.13,1,107,0,,2024-06
993870335455542325,Parklands Pad,425092691,Zach,Christchurch City,Coastal Ward,-43.47551,172.69936,Entire home/apt,137.0,1.0,45,2026-02-07,1.52,1,115,3,,2026-02
994609344001557249,Cosy Retreat with Modern Touch,109294654,Nicki,Christchurch City,Papanui Ward,-43.50264,172.6296,Private room,115.0,2.0,108,2025-10-04,3.63,1,46,21,,2025-10
996507298338669668,Rapaki Studio,82613694,Sonya Ann,Christchurch City,Heathcote Ward,-43.56754907450675,172.66537097111856,Entire home/apt,257.0,2.0,76,2026-03-18,2.85,1,233,41,,2026-03
996706136833322111,C-Side-R (Modern Beachfront Living),64394181,Cherie,Christchurch City,Coastal Ward,-43.50833,172.73143,Entire home/apt,184.0,2.0,91,2026-03-18,3.1,1,235,27,,2026-03
997247852855455460,Pineapple Express,12680601,Scott,Christchurch City,Halswell Ward,-43.588,172.60638,Entire home/apt,640.0,2.0,7,2026-03-10,0.26,1,282,2,,2026-03
997406387895535931,Valley View - Paradise in Wainui,45842834,Lucy,Christchurch City,Banks Peninsula Ward,-43.80739,172.90368,Entire home/apt,428.0,2.0,48,2026-03-05,1.67,1,280,15,,2026-03
998075699838206880,Chic Modern Town House in Riccarton w/Free Parking,682808597,Devon,Christchurch City,Riccarton Ward,-43.53629,172.59765,Entire home/apt,253.0,1.0,68,2026-03-14,2.36,22,204,29,,2026-03
998105312722516977,Chic Apartment in Riccarton - Modern Comfort,682808597,Devon,Christchurch City,Riccarton Ward,-43.53783,172.59703,Entire home/apt,253.0,1.0,73,2026-02-28,2.46,22,228,36,,2026-02
998829765481920780,Beachfront Haven,500079996,Ann,Christchurch City,Coastal Ward,-43.50961,172.7303,Entire home/apt,299.0,1.0,11,2026-02-13,0.4,1,128,3,,2026-02
998988937581767083,Relax overlooking Akaroa Harbour,454656692,Nicola,Christchurch City,Banks Peninsula Ward,-43.81282,172.96473,Entire home/apt,580.0,2.0,23,2026-02-14,0.85,1,266,9,,2026-02
1000384415067542419,Sea View Paradise with Hot Tub,125757390,KTD Property Services Ltd,Christchurch City,Heathcote Ward,-43.56624,172.73608,Entire home/apt,335.0,1.0,142,2026-03-11,4.94,7,135,39,,2026-03
1000923391463404465,Seaside Single-level New Studio.,36181980,Chris,Christchurch City,Coastal Ward,-43.50995,172.7318,Entire home/apt,166.0,1.0,144,2026-03-12,5.0,2,288,50,,2026-03
1000930407974120033,"No Cleaning Fee, Large Twin Queen Beds Room",301768563,V,Christchurch City,Papanui Ward,-43.48955997,172.61479624,Private room,225.0,1.0,0,,,2,348,0,,
1001020247911555177,Wigram New Three Bedroom House,449624343,Lucy,Christchurch City,Halswell Ward,-43.5553,172.55886,Entire home/apt,263.0,2.0,67,2026-03-15,2.33,5,331,27,,2026-03
1001066360429786234,Sunny Room in Central City,69744267,Emile,Christchurch City,Central Ward,-43.51725,172.66004,Private room,74.0,1.0,80,2026-03-18,2.72,1,27,36,,2026-03
1002449573136021344,âTe Ihutai Viewâ Coastal Panorama & Sanctuary,540107726,Tracey,Christchurch City,Heathcote Ward,-43.56991499999999,172.7251675,Private room,147.0,1.0,83,2026-03-13,2.91,1,62,28,,2026-03
1002570876571291142,Cozy ensuite & Private entrance & Self Check-In,132101529,Diego,Christchurch City,Halswell Ward,-43.56388,172.55935,Private room,120.0,1.0,259,2026-03-18,8.83,1,79,114,,2026-03
1003331113793019519,Opawaho retreat - private self contained space,542054257,Claire,Christchurch City,Heathcote Ward,-43.55123,172.65531,Entire home/apt,109.0,2.0,102,2026-02-07,3.49,1,238,31,,2026-02
1003825028629270704,Modern Luxury Central City Apartment,339599193,Justine,Christchurch City,Central Ward,-43.53680251911817,172.6399012674865,Entire home/apt,277.0,1.0,23,2026-03-07,1.55,1,75,15,,2026-03
1003892148612102019,CBD Contemporary Comfort Townhouse 2BR 2.5Bath,542186568,Sharon,Christchurch City,Heathcote Ward,-43.5513297,172.6365371,Entire home/apt,202.0,1.0,139,2026-03-05,4.72,9,221,64,,2026-03
1004535439762953971,St Martins: by the port hills,191584754,Kathryn,Christchurch City,Cashmere Ward,-43.5556,172.65391,Entire home/apt,177.0,1.0,59,2026-03-22,2.06,2,254,19,,2026-03
1005192445168070318,Modern CBD retreat with parking and courtyard,72194360,Breidi,Christchurch City,Central Ward,-43.5214297,172.6443499,Entire home/apt,297.0,2.0,154,2026-03-06,5.45,9,29,55,,2026-03
1005515557863887702,"Modern apartment, superb views",216795392,Chris,Christchurch City,Heathcote Ward,-43.57974649583687,172.7147159725427,Private room,149.0,1.0,37,2026-03-13,1.27,1,156,14,,2026-03
1006094537333121521,Peacefull and near City Centre,501222894,Marilyn,Christchurch City,Central Ward,-43.52862981545251,172.64624319970608,Entire home/apt,360.0,1.0,90,2026-02-28,3.09,5,348,27,,2026-02
1006152691713709590,Penthouse Perfection: 2BR Elegance on Worcester St,202585247,Ohana,Christchurch City,Central Ward,-43.5317,172.6377,Entire home/apt,436.0,1.0,185,2026-02-23,6.31,137,103,57,,2026-02
1006371746452641756,Harbour Haven - Akaroa Holiday Home,145244100,Bachcare,Christchurch City,Banks Peninsula Ward,-43.81367,172.95444,Entire home/apt,,2.0,0,,,1417,365,0,,
1006802025899925396,Luxury 2-Bed Townhouse Opposite Northlands Mall,49642171,Lily-SimplyHost,Christchurch City,Papanui Ward,-43.49462,172.61185,Entire home/apt,262.0,1.0,60,2026-03-01,2.17,95,301,23,,2026-03
1007049628541141655,Walnut Grove Lodge,421969456,Tracey,Christchurch City,Papanui Ward,-43.50495,172.59783,Entire home/apt,1028.0,2.0,7,2026-01-24,0.42,2,317,3,,2026-01
1007445495928433267,Peaceful Elegant Designated Park King Bed.,45768555,Hasslefree Accommodation,Christchurch City,Central Ward,-43.51904,172.64306,Entire home/apt,234.0,1.0,45,2026-02-27,1.58,65,331,12,,2026-02
1008203587172656636,CBD Gem Walk to everything 3 bedroom 2 bath,482671075,Care Property Stays,Christchurch City,Central Ward,-43.535568,172.6318853,Entire home/apt,324.0,1.0,206,2026-03-08,7.05,147,240,56,,2026-03
1008908987109400598,Garden View 2-Bedroom Getaway in Christchurch,202585247,Ohana,Christchurch City,Central Ward,-43.53347082189339,172.65796045767212,Entire home/apt,263.0,1.0,177,2026-03-17,6.05,137,111,75,,2026-03
1009021502558754149,Relaxing Redcliffs,180782531,Hazel,Christchurch City,Heathcote Ward,-43.55816,172.73536,Private room,120.0,1.0,22,2026-03-10,0.87,1,314,16,,2026-03
1009116747266842346,Peaceful and sunny studio,85429411,Emily,Christchurch City,Heathcote Ward,-43.55828,172.73674,Entire home/apt,171.0,3.0,17,2026-03-01,0.69,1,250,5,,2026-03
1009629928823277343,1 Super king-sized bed 1bath New Brighton Beach,240508417,Yudee,Christchurch City,Coastal Ward,-43.50921325659285,172.7315160343933,Private room,180.0,1.0,44,2026-03-14,1.52,1,351,9,,2026-03
1010276435676670806,Stylish Art Loft with Spa & Soaring Ceilings,23389870,Hennie,Christchurch City,Central Ward,-43.5451242,172.6372055,Entire home/apt,545.0,1.0,148,2026-03-06,5.14,5,184,29,,2026-03
1010452376290813522,1km away from Hagley Park Riccarton RM03,180085404,Urban Accommodation In Christchurch City,Christchurch City,Riccarton Ward,-43.52765,172.6026,Private room,115.0,1.0,24,2025-04-23,0.91,3,7,1,,2025-04
1010499541192618481,Bedroom & private bathroom 10 mins from Airport,236208457,Vinu,Christchurch City,Hornby Ward,-43.55005,172.53329,Private room,140.0,2.0,7,2024-02-26,0.25,2,157,0,,2024-02
1010570221548491367,Memorial holiday home,211195948,Jenny,Christchurch City,Fendalton Ward,-43.51604,172.58808,Entire home/apt,380.0,1.0,75,2026-03-07,2.6,20,129,32,,2026-03
1010636229809557046,Madhouse Comfort - 2-BR Haven on Tuam Street,202585247,Ohana,Christchurch City,Central Ward,-43.535568,172.6318853,Entire home/apt,284.0,1.0,172,2026-03-12,5.93,137,126,67,,2026-03
1010663748636372391,Downtown Bliss - 4-BR Retreat Amidst the Cityscape,202585247,Ohana,Christchurch City,Central Ward,-43.535568,172.6318853,Entire home/apt,390.0,1.0,192,2026-03-15,6.6,137,128,69,,2026-03
1010672693333841784,Funky and Floral Central City Stay,55752053,Kendra,Christchurch City,Central Ward,-43.5311796,172.6445883,Private room,80.0,2.0,14,2026-02-09,0.51,2,37,4,,2026-02
1012592927913058060,Long Cottage Mews Townhouse,306797561,Michael,Christchurch City,Fendalton Ward,-43.5139817,172.6228297,Entire home/apt,245.0,1.0,23,2026-02-28,1.1,1,316,13,,2026-02
1012862363797836219,Enjoy Contemporary Urban Living in the Centre U7,74811135,Maggie,Christchurch City,Central Ward,-43.53097,172.65602,Entire home/apt,219.0,1.0,55,2026-03-14,1.91,41,328,12,,2026-03
1013291664951793211,Peaceful & Quiet with dedicated wk area & Netflix,315795787,David,Christchurch City,Cashmere Ward,-43.5622931,172.617894,Private room,103.0,1.0,61,2026-03-20,2.1,1,253,27,,2026-03
1013479232818304742,Heart of Christchurch CBD Hideaway 2bed 1 bath,482671075,Care Property Stays,Christchurch City,Central Ward,-43.535568,172.6318853,Entire home/apt,220.0,1.0,53,2026-02-22,1.83,147,232,17,,2026-02
1014092687628570125,Spacious Sunny Cottage Close to Airport,122745656,Catherine,Christchurch City,Waimairi Ward,-43.49792,172.56779,Entire home/apt,199.0,1.0,56,2026-03-18,1.99,1,307,30,,2026-03
1014692451114184120,Central City Retreat â¢ 3 Beds â¢Free Secure Parking,49642171,Lily-SimplyHost,Christchurch City,Central Ward,-43.5246945,172.6436609,Entire home/apt,341.0,1.0,63,2026-03-08,2.18,95,159,18,,2026-03
1014904656476258259,"Sunny, Queen Suite Breakfast Included Room 1.",490039964,Tony,Christchurch City,Halswell Ward,-43.5878153,172.5655193,Private room,97.0,1.0,183,2026-03-15,6.32,2,227,62,,2026-03
1015392920158351090,Lyttelton Sweet Spot,242653543,Lisette,Christchurch City,Banks Peninsula Ward,-43.59991549999999,172.720745,Entire home/apt,282.0,6.0,13,2026-01-05,0.48,1,268,3,,2026-01
1015472486138278490,Serenity in the Centre: 2 bed 2 bath,482671075,Care Property Stays,Christchurch City,Central Ward,-43.5242973,172.6362563,Entire home/apt,273.0,1.0,77,2026-02-20,2.68,147,245,33,,2026-02
1015631040054133018,Stunning E-scape @ Cannonhill,146373432,Lynda,Christchurch City,Heathcote Ward,-43.56162,172.71447,Entire home/apt,396.0,3.0,10,2026-02-08,0.37,5,85,5,,2026-02
1016332072105932096,"Room 2 with Double Bed
Breakfast Included.",490039964,Tony,Christchurch City,Halswell Ward,-43.58814,172.56502,Private room,97.0,1.0,66,2026-03-08,2.33,2,182,13,,2026-03
1016341930413354643,2 min walk to the Riverside Market & City Centre,462294007,Yi,Christchurch City,Central Ward,-43.53578,172.63264,Entire home/apt,222.0,1.0,93,2026-02-28,3.24,1,155,38,,2026-02
1016491599676246392,Discover a Brand New Apartment in Vibrant CHCH U1,74811135,Maggie,Christchurch City,Central Ward,-43.53034,172.65507,Entire home/apt,247.0,1.0,30,2026-03-13,1.1,41,244,14,,2026-03
1017671989456056518,Views at Cannon Hill,146373432,Lynda,Christchurch City,Heathcote Ward,-43.56233,172.71498,Entire home/apt,312.0,1.0,3,2026-02-25,0.11,5,84,1,,2026-02
1018527959587219340,In the heart of it all: 2 bed CBD townhouse,482671075,Care Property Stays,Christchurch City,Central Ward,-43.535568,172.6318853,Entire home/apt,281.0,1.0,69,2026-02-12,2.4,147,233,18,,2026-02
1018609195874089142,Indulge in New City Accom with All Amenities U6,74811135,Maggie,Christchurch City,Central Ward,-43.53028,172.65704,Entire home/apt,236.0,1.0,36,2026-03-12,1.25,41,332,16,,2026-03
1019714444450541840,Find Your Modern Oasis in the Heart of City U4,74811135,Maggie,Christchurch City,Central Ward,-43.52934,172.65521,Entire home/apt,218.0,1.0,50,2026-03-04,1.76,41,275,13,,2026-03
1019721985667199998,Immerse Yourself in Contemporary Retreat in CBD U2,74811135,Maggie,Christchurch City,Central Ward,-43.52983,172.6559,Entire home/apt,229.0,1.0,44,2026-03-15,1.55,41,308,9,,2026-03
1019723264843596225,Stay in a Sleek Apartment in the Heart of CHCH U5,74811135,Maggie,Christchurch City,Central Ward,-43.53031,172.65709,Entire home/apt,215.0,1.0,57,2026-01-29,2.0,41,306,9,,2026-01
1019933651286937892,Room in Christchurch,545508277,Dan,Christchurch City,Waimairi Ward,-43.52359800101534,172.54662434768193,Private room,97.0,1.0,34,2025-02-14,1.2,2,270,0,,2025-02
1020391098394147339,Brand New Townhouse - with car park,45172785,The MAC Property Team,Christchurch City,Central Ward,-43.5289411,172.6440235,Entire home/apt,264.0,1.0,128,2026-03-04,4.45,47,101,52,,2026-03
1020394580431484290,Relax by the beach entire house,8739275,Beth,Christchurch City,Heathcote Ward,-43.57865178671657,172.76252871422048,Entire home/apt,263.0,1.0,2,2024-01-17,0.07,3,225,0,,2024-01
1020644097541608049,"Cosy House, Wi-Fi + Close to CBD",532142019,Tracy,Christchurch City,Central Ward,-43.53216,172.66071,Entire home/apt,548.0,1.0,4,2025-02-23,0.17,5,28,0,,2025-02
1020713480801355661,Serene Hideout: 1 Bedroom on Cashel Street,331763232,Managed By Williams,Christchurch City,Central Ward,-43.53268,172.64931,Entire home/apt,195.0,1.0,27,2025-06-07,0.96,132,113,5,,2025-06
1021267388585937641,Okioki - Seaside Escape,482671075,Care Property Stays,Christchurch City,Coastal Ward,-43.494036,172.7258729,Entire home/apt,176.0,1.0,124,2026-03-05,4.36,147,234,48,,2026-03
1021354809179976239,Deluxe Downtown Residence 3Bed 3Bath,542186568,Sharon,Christchurch City,Heathcote Ward,-43.55222,172.63545,Entire home/apt,245.0,1.0,133,2026-03-03,4.77,9,3,64,,2026-03
1021562330211882047,"Quirky Pod, Double Bed, Wi-Fi + close to CBD",532142019,Tracy,Christchurch City,Central Ward,-43.5327996,172.6595895,Private room,114.0,1.0,10,2026-02-10,0.35,5,90,2,,2026-02
1021937180745998201,Stylish 2BR Apartment in Christchurch CBD,331763232,Managed By Williams,Christchurch City,Central Ward,-43.53811,172.64012,Entire home/apt,281.0,1.0,37,2026-02-13,1.33,132,137,16,,2026-02
1022705066437676155,Ocean Views at Rapanui Lodge- 4BR Gem with Parking,202585247,Ohana,Christchurch City,Heathcote Ward,-43.56732,172.73128,Entire home/apt,350.0,1.0,136,2026-03-02,4.95,137,156,61,,2026-03
1023376146101203237,"Luxury - your own indoor pool, spa & sauna!",49391474,Tejada,Christchurch City,Heathcote Ward,-43.5759,172.69392,Entire home/apt,625.0,2.0,7,2025-04-19,0.25,1,16,1,,2025-04
1023403948678853875,Trinity Studio Apartment.,145619855,Brent,Christchurch City,Central Ward,-43.52953,172.64889,Entire home/apt,200.0,2.0,98,2026-03-15,3.51,2,336,31,,2026-03
1024299805491761022,Comfortable 2 bedroom house,546420030,Maureen,Christchurch City,Waimairi Ward,-43.5212,172.54791,Private room,92.0,1.0,2,2026-03-01,2.0,1,269,2,,2026-03
1024904704905648301,The net unit! Close to center and local hills.,202976612,Fabricio,Christchurch City,Cashmere Ward,-43.56583323514462,172.65564394232786,Entire home/apt,177.0,1.0,157,2026-03-21,5.75,2,247,51,,2026-03
1026316227395169842,Brand New & Central Townhouse,129928282,Bonnie,Christchurch City,Central Ward,-43.546,172.62401,Entire home/apt,186.0,2.0,105,2026-03-04,4.06,1,207,39,,2026-03
1026383279468059006,Stonely on Grahams,524939203,Lin,Christchurch City,Waimairi Ward,-43.5046993,172.5725326,Entire home/apt,133.0,4.0,53,2026-02-28,2.21,1,302,22,,2026-02
1026884023934315547,'Kanuka cottage',37792208,Tracey,Christchurch City,Banks Peninsula Ward,-43.65093,172.75519,Entire home/apt,286.0,2.0,124,2026-03-11,4.56,1,292,50,,2026-03
1027750500993763690,Modern Loft in CBD with Private Courtyard,105265867,Andrew,Christchurch City,Central Ward,-43.53278717210176,172.6499952748418,Entire home/apt,171.0,1.0,92,2026-02-28,3.32,8,30,31,,2026-02
1027864169621451664,Quiet Room in Christchurch,338919098,Josh,Christchurch City,Innes Ward,-43.4959,172.64196,Private room,85.0,1.0,4,2024-09-06,0.14,2,89,0,,2024-09
1028021447294282292,Entire 2-bed House in Woolston,159021723,Mark,Christchurch City,Linwood Ward,-43.55427,172.67188,Entire home/apt,,10.0,5,2025-02-22,0.18,1,0,0,,2025-02
1029332951446559457,Funky Central City Apartment,55752053,Kendra,Christchurch City,Central Ward,-43.5311796,172.6445883,Entire home/apt,265.0,1.0,51,2026-02-28,1.88,2,5,34,,2026-02
1030688731900069984,Quaint Worcester Quarters: 3BR Delight,202585247,Ohana,Christchurch City,Central Ward,-43.5314,172.6445,Entire home/apt,310.0,1.0,108,2026-03-15,3.83,137,108,50,,2026-03
1031184292736676744,The Crow's Nest,86774456,Rosina,Christchurch City,Banks Peninsula Ward,-43.6276608,172.7415626,Entire home/apt,208.0,1.0,105,2026-02-27,4.01,1,258,55,,2026-02
1031389595861194520,Family friendly in Cashmere,145755706,Hannah,Christchurch City,Cashmere Ward,-43.56838,172.62958,Entire home/apt,657.0,2.0,6,2026-02-07,0.22,1,197,2,,2026-02
1032669932330012391,"Modern, Convenient, Central:  1 bedroom loft",482671075,Care Property Stays,Christchurch City,Central Ward,-43.5335979,172.6499267,Entire home/apt,171.0,1.0,133,2026-03-08,4.73,147,247,57,,2026-03
1032886810884996949,3 Bedroom house in quiet street,338919098,Josh,Christchurch City,Innes Ward,-43.49396,172.64292,Entire home/apt,234.0,2.0,5,2024-09-14,0.18,2,87,0,,2024-09
1033080962121031850,Home in Avonhead,233411516,Sarah,Christchurch City,Hornby Ward,-43.52208,172.53649,Entire home/apt,257.0,1.0,112,2026-03-03,4.0,1,86,34,,2026-03
1033721397994868656,Amazing Christchurch City and Alpine Views,437616762,Ketan,Christchurch City,Halswell Ward,-43.5870491,172.6074405,Entire home/apt,153.0,1.0,46,2026-03-15,1.66,1,255,20,,2026-03
1033724525894360726,Tidy room with private bathroom,463632647,Linlin,Christchurch City,Cashmere Ward,-43.5730134,172.6256581,Private room,124.0,1.0,6,2026-01-01,0.21,1,151,2,,2026-01
1034180728840003190,Cozy room near Sumner,295619094,Yu,Christchurch City,Linwood Ward,-43.53731,172.6694,Private room,,1.0,12,2026-02-27,0.47,1,262,8,,2026-02
1034553784501950832,En-suite close to Airport,96129652,Su,Christchurch City,Fendalton Ward,-43.50254,172.58647,Private room,173.0,1.0,138,2026-02-28,5.11,4,14,22,,2026-02
1035105828386935445,Sumner Beach Pad,548626603,Maxine,Christchurch City,Heathcote Ward,-43.57279002045904,172.76457086205482,Entire home/apt,1046.0,3.0,8,2026-01-17,0.31,1,346,3,,2026-01
1035213030226263971,New inner City apartment!,49892033,Thomas,Christchurch City,Central Ward,-43.5263919,172.6312984,Entire home/apt,342.0,1.0,48,2026-03-14,1.8,1,235,27,,2026-03
1035679923207298025,Luxury Ocean View Retreat | Private Beach,131004794,Annabel,Christchurch City,Banks Peninsula Ward,-43.67802,173.03795,Entire home/apt,515.0,2.0,145,2026-03-17,5.36,2,196,64,,2026-03
1035780052969941865,"10 min Airport | Private 2 Bedrooms, Bath & Lounge",236208457,Vinu,Christchurch City,Hornby Ward,-43.54941230000001,172.5338239,Private room,189.0,1.0,96,2026-03-15,3.44,2,341,40,,2026-03
1035878258810578984,Stunning Summer Holiday Rental,102449321,Sean,Christchurch City,Halswell Ward,-43.56091,172.56994,Entire home/apt,235.0,30.0,0,,,1,263,0,,
1036401474743681775,Studio with a View,82363146,Wendy,Christchurch City,Cashmere Ward,-43.58538,172.63654,Entire home/apt,137.0,1.0,92,2026-03-06,3.33,4,258,21,,2026-03
1037256800469110764,Single room in Character Villa,29970846,Nick,Christchurch City,Linwood Ward,-43.54164,172.66321,Private room,55.0,2.0,17,2025-03-07,0.62,3,179,0,,2025-03
1038553779583124065,Botanic Bliss Bungalow: 1 bed loft,482671075,Care Property Stays,Christchurch City,Central Ward,-43.5335979,172.6499267,Entire home/apt,229.0,1.0,99,2026-02-17,3.56,147,251,35,,2026-02
1038820178909041057,#2 Riverside Guest House in New Brighton,136520408,Anny,Christchurch City,Coastal Ward,-43.509358,172.7220944,Private room,80.0,1.0,28,2026-02-28,1.01,3,172,11,,2026-02
1038843757605729945,4BR Home Next to Nature Parks mins to supermarket,110408144,Shiyao,Christchurch City,Halswell Ward,-43.58378024207667,172.55920439649188,Entire home/apt,537.0,1.0,12,2026-03-14,0.44,2,308,8,,2026-03
1038906639695908558,One Bedroom up for grabs,521722847,William,Christchurch City,Fendalton Ward,-43.50581,172.61695,Private room,92.0,1.0,0,,,2,269,0,,
1039291772189383226,Stylish~Central~Gated free car park,537318846,Jemima,Christchurch City,Central Ward,-43.51635,172.63747,Entire home/apt,204.0,1.0,154,2026-03-12,5.96,5,59,97,,2026-03
1039352271020081872,Gem one bedroom townhouse in CBD,211195948,Jenny,Christchurch City,Central Ward,-43.53406,172.65034,Entire home/apt,194.0,1.0,48,2026-03-08,1.73,20,241,22,,2026-03
1039533776526946400,Convenient Urban Townhouse 2 carparks available,45768555,Hasslefree Accommodation,Christchurch City,Central Ward,-43.52938,172.65176,Entire home/apt,250.0,1.0,64,2026-02-12,2.34,65,341,13,,2026-02
1039889404397068556,Young Heart of the Harbour (& breakfast),37434003,Antje,Christchurch City,Banks Peninsula Ward,-43.6262755,172.739567,Private room,209.0,1.0,1,2025-03-02,0.08,2,290,0,,2025-03
1040038269419481427,Beachside cabin,498286875,Anna,Christchurch City,Coastal Ward,-43.52782592227783,172.7360013536194,Entire home/apt,155.0,1.0,10,2026-03-06,0.37,1,269,7,,2026-03
1040156052687115632,Stylish~Central~Gated free car park-King Beds,537318846,Jemima,Christchurch City,Innes Ward,-43.51499,172.63791,Entire home/apt,243.0,1.0,168,2026-03-06,6.45,5,59,75,,2026-03
1040165894333073209,Gated free car park~Central~2 Bathroom,537318846,Jemima,Christchurch City,Central Ward,-43.51671,172.63641,Entire home/apt,273.0,1.0,212,2026-03-10,8.14,5,81,102,,2026-03
1040165976858575249,Stylish~Central~Gated free car park-King Bed,537318846,Jemima,Christchurch City,Central Ward,-43.51706,172.63595,Entire home/apt,198.0,1.0,131,2026-03-13,5.1,5,21,71,,2026-03
1040202047132050220,Stylish ~Gated free car park~King bed~Central,537318846,Jemima,Christchurch City,Innes Ward,-43.51545,172.63793,Entire home/apt,233.0,1.0,150,2026-03-11,5.78,5,13,87,,2026-03
1040782889758673280,Hidden Treasure in Hornby 2 Beds,74811135,Maggie,Christchurch City,Hornby Ward,-43.54265,172.51748,Entire home/apt,276.0,1.0,32,2026-03-07,1.2,41,115,20,,2026-03
1041062993898302148,Holly Road Executive Townhouse,81390838,Perfect Stays,Christchurch City,Fendalton Ward,-43.51746,172.62558,Entire home/apt,817.0,2.0,19,2025-12-23,0.72,47,3,5,,2025-12
1041553491428912543,House of Serenity.,547933078,Kapil,Christchurch City,Linwood Ward,-43.55012,172.6898,Private room,68.0,1.0,12,2025-02-25,0.44,2,269,0,,2025-02
1041614486694611256,Start your Family Holiday here,550006618,James,Christchurch City,Central Ward,-43.5187446,172.6453485,Entire home/apt,235.0,2.0,38,2026-03-01,1.4,1,337,18,,2026-03
1041869261357192819,Home away from home.,547933078,Kapil,Christchurch City,Linwood Ward,-43.54932935377938,172.69013922661543,Private room,72.0,1.0,22,2026-02-26,0.84,2,267,4,,2026-02
1043242154679592063,Classy Modern Unit 6 mins from Airport & shops/bus,28774099,Liz,Christchurch City,Harewood Ward,-43.4864933,172.5852899,Entire home/apt,170.0,1.0,46,2026-03-19,1.7,3,225,18,,2026-03
1044367768338614141,"Modern 2-Bedroom Oasis, Just Steps from the Beach",374915856,Simon,Christchurch City,Coastal Ward,-43.5478915,172.7462131,Entire home/apt,353.0,1.0,29,2025-12-08,1.06,111,247,4,,2025-12
1045273739890816252,Comfortable Stay With Affordable Price.,550753812,Manpreet,Christchurch City,Heathcote Ward,-43.549515739465,172.6517293229699,Private room,67.0,1.0,81,2026-03-13,3.01,1,76,51,,2026-03
1045438274929278193,On the park! Style in the CBD + Free Car Park,723581024,Nic,Christchurch City,Central Ward,-43.53256,172.64116,Entire home/apt,249.0,1.0,278,2026-03-16,10.12,2,12,125,,2026-03
1046157440027138070,Little Gem in a private place,235601944,Somalay,Christchurch City,Papanui Ward,-43.4945193,172.5988882,Private room,67.0,1.0,68,2026-03-18,2.51,1,48,45,,2026-03
1046476609476571582,New Brighton Beach Explore - King Bed and sofa bed,482671075,Care Property Stays,Christchurch City,Coastal Ward,-43.5088598,172.7312954,Entire home/apt,176.0,1.0,97,2026-03-08,3.59,147,164,44,,2026-03
1047381567484089523,Bellbird Cabin Heathcote Valley,113584452,Claudia,Christchurch City,Heathcote Ward,-43.5784019,172.7042553,Entire home/apt,,1.0,76,2025-03-04,2.78,1,0,0,,2025-03
1047531436179474590,Parkside Convenience â 1 BR Near Westfield,49642171,Lily-SimplyHost,Christchurch City,Riccarton Ward,-43.53426,172.5846,Entire home/apt,228.0,1.0,52,2026-02-12,2.02,95,246,22,,2026-02
1048048319234552432,Alpha Motel Eco Spa Studio,179297759,Peng,Christchurch City,Riccarton Ward,-43.5384412,172.5789749,Private room,152.0,1.0,1,2024-06-08,0.05,19,270,0,,2024-06
1048114951342428719,Alpha Motel Deluxe One-Bedroom,179297759,Peng,Christchurch City,Riccarton Ward,-43.5384412,172.5789749,Private room,168.0,1.0,2,2025-04-20,0.15,19,269,1,,2025-04
1048118207177320749,Relax Spa One-bedroom,179297759,Peng,Christchurch City,Riccarton Ward,-43.5384412,172.5789749,Entire home/apt,170.0,1.0,3,2025-01-09,0.11,19,270,0,,2025-01
1048232879335861473,Quiet and secluded in Sumner,413609185,Adam,Christchurch City,Heathcote Ward,-43.58516,172.7527,Entire home/apt,,5.0,0,,,1,269,0,,
1048306470874845097,Contemporary 2BR Apartment on St Asaph Street,331763232,Managed By Williams,Christchurch City,Central Ward,-43.5361789,172.6353027,Entire home/apt,211.0,2.0,88,2026-03-06,3.22,132,182,55,,2026-03
1048306929505766503,Sunny Oasis: Modern Loft Hidden on Cashel,311094794,Lulu,Christchurch City,Central Ward,-43.5335979,172.6499267,Entire home/apt,164.0,1.0,116,2026-02-23,4.28,1,165,52,,2026-02
1048322933496168281,Central City Comfort: 2-Bedroom Stay on St Asaph,331763232,Managed By Williams,Christchurch City,Central Ward,-43.5361789,172.6353027,Entire home/apt,218.0,1.0,91,2026-02-25,3.34,132,50,54,,2026-02
1048696109735271957,"No Cleaning Fee, Standard Studio",301768563,V,Christchurch City,Papanui Ward,-43.4894977,172.6148928,Entire home/apt,213.0,1.0,2,2024-03-17,0.08,2,333,0,,2024-03
1048872340397416517,Executive Family - 7 mins to city - Sleep 6,25553832,Rachel,Christchurch City,Halswell Ward,-43.56451,172.58281,Entire home/apt,337.0,1.0,99,2026-03-06,3.84,2,76,41,,2026-03
1048912954468506357,Hagley Park Townhouse,523186247,Dan,Christchurch City,Riccarton Ward,-43.52941,172.61097,Entire home/apt,207.0,1.0,23,2026-01-04,0.85,2,57,5,,2026-01
1048913895671608761,Opawa house,551462929,MarÃ­a Rosa,Christchurch City,Heathcote Ward,-43.54895161198882,172.65845320346875,Private room,80.0,2.0,29,2026-03-01,1.08,1,263,16,,2026-03
1049690496785725722,Hilltop Hideaway Akaroa,92070095,Philippa,Christchurch City,Banks Peninsula Ward,-43.81054,172.97109,Entire home/apt,196.0,2.0,86,2026-03-20,3.17,1,231,28,,2026-03
1050047867112702983,Chic 2-Bed Townhouse in Heart of Christchurch,49642171,Lily-SimplyHost,Christchurch City,Spreydon Ward,-43.5514,172.616,Entire home/apt,276.0,1.0,43,2026-03-19,1.61,95,334,15,,2026-03
1050226937718084984,"Views + Quiet, Akaroa Retreat- pet friendly",24205506,"Mayie, Judi And Karen At Bookahome",Christchurch City,Banks Peninsula Ward,-43.81078,172.96749,Entire home/apt,352.0,2.0,19,2026-02-20,0.75,83,331,4,,2026-02
1051269971528217000,Varsity Retreat â Spacious 4-Bed Near UC,49642171,Lily-SimplyHost,Christchurch City,Riccarton Ward,-43.5184656,172.5707305,Entire home/apt,457.0,1.0,51,2026-02-26,1.93,95,93,11,,2026-02
1051916457455033788,Christchurch City Villa,34476868,Jessica,Christchurch City,Innes Ward,-43.51135,172.65024,Entire home/apt,457.0,1.0,4,2026-01-04,0.23,1,262,1,,2026-01
1052287782857086144,Max Three Bedroom Spa Penthouse,179297759,Peng,Christchurch City,Riccarton Ward,-43.5384412,172.5789749,Entire home/apt,374.0,1.0,2,2025-11-15,0.14,19,269,1,,2025-11
1052298247844448567,Alpha Motel Elite Spa Studio,179297759,Peng,Christchurch City,Riccarton Ward,-43.5384412,172.5789749,Entire home/apt,155.0,1.0,19,2026-03-07,0.97,19,269,14,,2026-03
1052313220438263444,Two Bedroom Family Spa Apartment,179297759,Peng,Christchurch City,Riccarton Ward,-43.5384412,172.5789749,Entire home/apt,248.0,1.0,10,2026-01-11,0.37,19,270,5,,2026-01
1052320855959750967,Two Bedroom Family Spa Unit,179297759,Peng,Christchurch City,Riccarton Ward,-43.5384412,172.5789749,Entire home/apt,248.0,1.0,6,2026-02-06,0.23,19,270,1,,2026-02
1052418029842952222,Alpha Motel One-bedroom with Spa,179297759,Peng,Christchurch City,Riccarton Ward,-43.53789,172.57978,Entire home/apt,170.0,1.0,22,2026-03-06,0.82,19,269,8,,2026-03
1052497591187977012,"Single Level Studio, CBD Escape: King bed",551181197,Paula Kat Charlotte,Christchurch City,Central Ward,-43.5360956,172.63505,Entire home/apt,191.0,1.0,131,2026-03-07,4.84,188,222,65,,2026-03
1052547623341395950,"Cosy, Low-Tox, Unplugged, Sydenham Sanctuary",65959940,Terra-Lynn,Christchurch City,Heathcote Ward,-43.55233,172.6437,Entire home/apt,236.0,3.0,3,2024-02-11,0.11,1,179,0,,2024-02
1053060138588435011,Discover Elegance - New central Haven. 3 bedroom,551181197,Paula Kat Charlotte,Christchurch City,Central Ward,-43.5360956,172.63505,Entire home/apt,300.0,1.0,152,2026-03-08,5.6,188,220,59,,2026-03
1053928068943885260,Escape at the park: 1 bed 1 bath w/carpark,551181197,Paula Kat Charlotte,Christchurch City,Riccarton Ward,-43.53577171428847,172.58450606732026,Entire home/apt,195.0,1.0,83,2026-03-03,3.06,188,246,36,,2026-03
1054636517061925091,Central Christchurch: Santorini Style 1BR Studio,551181197,Paula Kat Charlotte,Christchurch City,Central Ward,-43.5360956,172.63505,Entire home/apt,237.0,1.0,58,2026-01-25,2.14,188,255,16,,2026-01
1054637061055430832,Cityscape Green Haven,74525992,Bryce,Christchurch City,Central Ward,-43.535504143303775,172.63543347605744,Entire home/apt,331.0,2.0,102,2026-03-21,3.82,1,291,50,,2026-03
1055261341909149545,Executive Ground Floor Apartment in Merivale,682808597,Devon,Christchurch City,Central Ward,-43.52249,172.62243,Entire home/apt,425.0,1.0,91,2026-02-28,3.5,22,254,54,,2026-02
1055403304575538316,Hillside Rural Haven,552831298,Penny,Christchurch City,Cashmere Ward,-43.57855,172.62232,Entire home/apt,177.0,2.0,24,2026-02-26,0.93,1,229,9,,2026-02
1055942315332859716,Budget Room  Centrally located,96129652,Su,Christchurch City,Fendalton Ward,-43.50348128155772,172.58698046207428,Private room,,1.0,146,2025-11-30,5.38,4,0,38,,2025-11
1055944673062586321,Budget Single Room close to Airport,96129652,Su,Christchurch City,Fendalton Ward,-43.50445,172.58762,Private room,,1.0,125,2026-01-23,4.62,4,0,32,,2026-01
1056001137050214112,Luxury 2-Bed CBD Townhouse with Parking,49642171,Lily-SimplyHost,Christchurch City,Central Ward,-43.5361789,172.6353027,Entire home/apt,262.0,1.0,13,2026-02-12,0.48,95,310,2,,2026-02
1056642375891397483,"St Alban's Sanctuary(offstreet parking, 3km 2 CBD)",287242301,Linda,Christchurch City,Innes Ward,-43.51157,172.64719,Entire home/apt,337.0,1.0,44,2026-03-17,1.63,2,216,23,,2026-03
1056675792148649772,Greek Island Inspired 2 Bed room 1 Bath Townhouse,551181197,Paula Kat Charlotte,Christchurch City,Central Ward,-43.5360956,172.63505,Entire home/apt,292.0,1.0,37,2026-01-16,1.37,188,244,13,,2026-01
1056679122662235967,2BR/2BA Townhouse + Parking by Hagley Park,510565698,Kieran,Christchurch City,Fendalton Ward,-43.5186262,172.6250373,Entire home/apt,321.0,1.0,14,2026-01-07,0.55,2,234,4,,2026-01
1056783083626078009,Modern City Lifestyle: 2 Bedroom 1 Bath,551181197,Paula Kat Charlotte,Christchurch City,Central Ward,-43.5361789,172.6353027,Entire home/apt,363.0,1.0,48,2026-01-27,1.78,188,248,17,,2026-01
1056862048445629495,Style meets comfort 2 Bed CHCH CBD,551181197,Paula Kat Charlotte,Christchurch City,Central Ward,-43.5361789,172.6353027,Entire home/apt,240.0,1.0,91,2026-03-10,3.38,188,241,53,,2026-03
1056914490055508782,Aylmers Valley Vista,553244065,Amy,Christchurch City,Banks Peninsula Ward,-43.8140677,172.9615118,Entire home/apt,571.0,2.0,12,2026-03-07,0.46,1,354,7,,2026-03
1057494426658475676,Casebrook Guest Suite - 5 min drive to airport,553364401,Timothy,Christchurch City,Harewood Ward,-43.469555970085935,172.6016340404749,Entire home/apt,131.0,1.0,179,2026-03-01,6.64,1,162,72,,2026-03
1058298074934714161,City-Fringe Room Available - Queen Bed,69693674,Ben,Christchurch City,Central Ward,-43.51488,172.64884,Private room,97.0,2.0,81,2026-03-09,3.07,2,242,29,,2026-03
1059027196631020917,Magic on Maffeys,184737876,Leanne,Christchurch City,Heathcote Ward,-43.5592418,172.7235657,Entire home/apt,505.0,30.0,0,,,1,263,0,,
1059045323270242661,Entire place in Christchurch,231230780,Cecilia,Christchurch City,Linwood Ward,-43.52805,172.68337,Entire home/apt,137.0,2.0,20,2026-02-28,0.78,1,124,13,,2026-02
1059780873612306655,City heaven on Tuam Street 2beds1bath,86216394,Min,Christchurch City,Central Ward,-43.53525,172.63105,Entire home/apt,241.0,1.0,71,2026-03-03,2.7,37,149,39,,2026-03
1061077356432442792,Max Penthouse 3 Bedroom with Spa,179297759,Peng,Christchurch City,Riccarton Ward,-43.5384412,172.5789749,Entire home/apt,373.0,1.0,3,2026-02-06,0.21,19,268,1,,2026-02
1061831977473227709,Children's Bay Exclusive - Akaroa,599729683,Grand Hotel Akaroa,Christchurch City,Banks Peninsula Ward,-43.79834,172.96314,Entire home/apt,851.0,1.0,87,2026-02-26,3.3,6,336,46,,2026-02
1062136412909193640,KÅ«kupa Puni at Akaroa Lavender by Tiny Away,481232463,Tiny Away NZ,Christchurch City,Banks Peninsula Ward,-43.7462476,172.9373347,Entire home/apt,268.0,1.0,25,2025-10-11,0.94,97,353,6,,2025-10
1062391302156960250,Your own space in our hillside cottage,14035453,Mark,Christchurch City,Cashmere Ward,-43.5791148,172.6305125,Private room,121.0,2.0,33,2025-12-31,1.38,1,228,6,,2025-12
1062525801573252836,Your Ultimate Getaway Awaits! 3 bedroom,551181197,Paula Kat Charlotte,Christchurch City,Central Ward,-43.5361789,172.6353027,Entire home/apt,330.0,1.0,101,2026-03-09,3.84,188,223,42,,2026-03
1062865262741362065,A Tiny Home like no other!,293786612,Lynley,Christchurch City,Cashmere Ward,-43.5763966,172.6390174,Entire home/apt,257.0,2.0,15,2025-09-23,0.57,1,28,3,,2025-09
1063219451776799348,Ravensdale Vista,15742007,Pete & Tricia,Christchurch City,Halswell Ward,-43.5819335,172.6059837,Entire home/apt,286.0,2.0,3,2024-05-12,0.12,3,108,0,,2024-05
1063283926747099420,Sunny One Bedroom Apartment,57382,Elizabeth,Christchurch City,Heathcote Ward,-43.56855300723166,172.7359539412465,Entire home/apt,166.0,1.0,17,2026-02-27,0.65,1,32,7,,2026-02
1063907321961952573,City Fringe Townhouse,40836361,Emma,Christchurch City,Central Ward,-43.5172275,172.6393579,Entire home/apt,286.0,2.0,11,2025-12-31,0.42,1,28,2,,2025-12
1064160786159072795,Private Studio close to City,19922397,Victoria,Christchurch City,Central Ward,-43.52429,172.66945,Entire home/apt,115.0,1.0,135,2026-03-20,5.13,1,144,60,,2026-03
1064642687060747100,Apartment style Beach House. Birdlings Flat,190932031,Steve,Christchurch City,Banks Peninsula Ward,-43.82163374157432,172.7071768506714,Entire home/apt,172.0,1.0,50,2026-03-14,1.88,1,126,29,,2026-03
1064862769851053601,Retro Chic NY Style Apartment.,41068157,John,Christchurch City,Heathcote Ward,-43.56993,172.75882,Private room,111.0,1.0,21,2026-02-21,0.81,1,69,11,,2026-02
1065516901493509676,KaleidoNook: Enchanting 3-BR Magic on Rugby St.,202585247,Ohana,Christchurch City,Fendalton Ward,-43.51488,172.62124,Entire home/apt,405.0,1.0,160,2026-03-15,6.23,137,150,73,,2026-03
1065565103002127833,Bungalow in Riccarton,51287913,Shara,Christchurch City,Riccarton Ward,-43.53241,172.58045,Entire home/apt,273.0,1.0,39,2026-03-07,1.48,1,119,16,,2026-03
1066823401454630151,5 Minute Walk to Arena & Stadium,368515906,Jed,Christchurch City,Spreydon Ward,-43.54701,172.60299,Entire home/apt,227.0,1.0,75,2026-02-14,2.84,4,316,22,,2026-02
1066836001142569924,Sea View Retreat,41339123,Antoinette,Christchurch City,Banks Peninsula Ward,-43.80012,172.97275,Entire home/apt,611.0,2.0,32,2026-03-08,1.21,1,307,18,,2026-03
1066876155862022473,Lovely Family Home,30256766,Simon,Christchurch City,Riccarton Ward,-43.52711870433259,172.58902148763502,Entire home/apt,194.0,30.0,0,,,1,254,0,,
1066959172551806311,3 Bedroom House - NEW,98758734,North South Holiday Park,Christchurch City,Harewood Ward,-43.47173,172.57087,Private room,436.0,1.0,0,,,19,304,0,,
1067088958697917140,2-Bed Oasis with a King Bed and Green Accents,551181197,Paula Kat Charlotte,Christchurch City,Central Ward,-43.5324672,172.6493601,Entire home/apt,219.0,1.0,54,2026-02-24,2.04,188,247,29,,2026-02
1068528666894118761,Stunning House with Spa & Incredible Views,23389870,Hennie,Christchurch City,Banks Peninsula Ward,-43.63564,172.72036,Entire home/apt,268.0,1.0,208,2026-03-07,8.24,5,286,79,,2026-03
1068585801043939349,Christchurch Airport Stop,210171833,Lucy,Christchurch City,Waimairi Ward,-43.49821,172.56021,Entire home/apt,189.0,1.0,115,2026-03-07,4.41,1,268,31,,2026-03
1069093779086670816,Waimairi Road - Handy to University,24205506,"Mayie, Judi And Karen At Bookahome",Christchurch City,Waimairi Ward,-43.5098,172.57225,Entire home/apt,237.0,7.0,9,2026-02-21,0.35,83,287,5,,2026-02
1070750241106796779,Stylish 3BR City Apartment on St Asaph Street,331763232,Managed By Williams,Christchurch City,Central Ward,-43.53555,172.63593,Entire home/apt,274.0,1.0,77,2026-03-01,2.95,132,63,28,,2026-03
1070781893541346071,Cozy 2BR Apartment on Salisbury Street,331763232,Managed By Williams,Christchurch City,Central Ward,-43.52396,172.63575,Entire home/apt,264.0,1.0,13,2026-02-16,0.55,132,179,3,,2026-02
1070913847634979117,4mins walk to Westfield Riccarton Mall RM02,180085404,Urban Accommodation In Christchurch City,Christchurch City,Fendalton Ward,-43.52691,172.60212,Private room,,1.0,12,2025-07-16,0.46,3,0,1,,2025-07
1071959694413576088,Boat house by the sea,189607978,David,Christchurch City,Banks Peninsula Ward,-43.59848,172.72716,Entire home/apt,291.0,4.0,5,2026-01-11,0.33,1,263,2,,2026-01
1072597769953450545,Unbeatable Central City Location 2 bed Single lvl,551181197,Paula Kat Charlotte,Christchurch City,Central Ward,-43.527498,172.6391301,Entire home/apt,234.0,1.0,96,2026-02-07,3.7,188,253,31,,2026-02
1073394043399971340,Sanctuary close to the beach w/Sofa Bed,551181197,Paula Kat Charlotte,Christchurch City,Coastal Ward,-43.50919529999999,172.7308784,Entire home/apt,221.0,1.0,100,2026-03-07,3.83,188,17,60,,2026-03
1073598316388110078,Designer Detailing in the CBD: 2 bed 2.5 bath,551181197,Paula Kat Charlotte,Christchurch City,Central Ward,-43.535568,172.6318853,Entire home/apt,228.0,1.0,59,2026-03-10,2.27,188,217,28,,2026-03
1073660045082467500,"Modern, Ground Floor, CBD, Own Car Park, 2-3 Beds",537639282,Judith,Christchurch City,Central Ward,-43.5379577,172.6384266,Entire home/apt,358.0,1.0,31,2026-02-15,1.22,4,236,11,,2026-02
1074110761010947779,Renovated City Retreat - with secure carpark,24205506,"Mayie, Judi And Karen At Bookahome",Christchurch City,Central Ward,-43.52827,172.647,Entire home/apt,294.0,2.0,14,2026-02-27,0.55,83,328,7,,2026-02
1074194198870092313,Central Chch Greek Island Vibe: 2bed townhouse,551181197,Paula Kat Charlotte,Christchurch City,Central Ward,-43.5334596,172.6490214,Entire home/apt,266.0,1.0,27,2026-01-31,1.04,188,256,9,,2026-01
1075018761891951372,"4bed/4bath/Carpark ""Urban Elegance Retreat""",264130845,Kim And Tj,Christchurch City,Central Ward,-43.5355988,172.6317141,Entire home/apt,744.0,1.0,74,2026-03-06,2.88,2,144,25,,2026-03
1075046067944166730,3 mins to Hagley Park 3 minutes to Hospital & CBD,653716932,Harper,Christchurch City,Central Ward,-43.53845,172.62569,Entire home/apt,222.0,1.0,73,2026-03-05,3.16,1,330,38,,2026-03
1075697762942486211,CBD Luxury Apartment Free Parking Stunning Views,45768555,Hasslefree Accommodation,Christchurch City,Central Ward,-43.53508,172.63488,Entire home/apt,298.0,1.0,58,2026-02-26,2.24,65,279,29,,2026-02
1077223799173026482,5mins walk to Riccarton House and Bush RM01,180085404,Urban Accommodation In Christchurch City,Christchurch City,Riccarton Ward,-43.52848,172.6017,Private room,115.0,1.0,23,2025-02-09,0.89,3,7,0,,2025-02
1079183231161406199,"Comfy 1-Bed Apartment with Park Views, Sleeps 4",551181197,Paula Kat Charlotte,Christchurch City,Central Ward,-43.5381954,172.6211778,Entire home/apt,287.0,1.0,83,2026-02-05,3.21,188,250,45,,2026-02
1079503642098413306,* CBD Charm â 5BR Heritage Stay + Free Parking,43367626,Sharon,Christchurch City,Central Ward,-43.5203136,172.650855,Entire home/apt,333.0,2.0,44,2026-03-01,1.9,16,148,24,,2026-03
1080137662914237741,Sweet Dream Room for a couple close to CBD,228628407,Gadith,Christchurch City,Central Ward,-43.5184188,172.6496774,Private room,126.0,1.0,29,2026-03-07,1.12,1,243,6,,2026-03
1080222911098517572,Queen Bedroom 10mins to Airport,559314158,Ryan,Christchurch City,Hornby Ward,-43.55118,172.52986,Private room,,1.0,50,2026-02-28,1.99,1,0,25,,2026-02
1080875914217650592,Airport guest inn,546736648,Rj,Christchurch City,Waimairi Ward,-43.52026,172.53807,Entire home/apt,110.0,1.0,0,,,1,357,0,,
1082916023342403004,Papakowhai Bach,147339087,Liz,Christchurch City,Banks Peninsula Ward,-43.76137,172.95085,Entire home/apt,263.0,2.0,31,2026-03-08,1.23,3,170,19,,2026-03
1083459656125082383,Luxury in Ilam | Walk to Uni,315800267,Kathryn,Christchurch City,Riccarton Ward,-43.52668,172.58825,Private room,320.0,1.0,8,2026-02-19,0.32,2,95,2,,2026-02
1083545545849121768,Chic 3-BR CBD Gem in Christchurch: Prime Location,551181197,Paula Kat Charlotte,Christchurch City,Central Ward,-43.5242973,172.6362563,Entire home/apt,284.0,1.0,40,2026-02-28,1.55,188,257,13,,2026-02
1083653200937480772,"2BR Townhouse: Cosy, Close to City, Car Park",551181197,Paula Kat Charlotte,Christchurch City,Linwood Ward,-43.54172,172.6565,Entire home/apt,203.0,1.0,36,2026-02-01,1.42,188,228,21,,2026-02
1083712092281523087,Central City Class,167302602,Megan,Christchurch City,Central Ward,-43.53266,172.63904,Entire home/apt,233.0,1.0,32,2025-04-19,1.42,1,1,2,,2025-04
1084148394653577698,"Near, but feels far",174666921,Rebecca,Christchurch City,Banks Peninsula Ward,-43.62742,172.7417,Entire home/apt,161.0,1.0,15,2026-03-06,0.59,1,266,5,,2026-03
1085712832302428003,Small/Single bedroom with private shower & toilet.,417869210,Tom,Christchurch City,Harewood Ward,-43.47905,172.58314,Private room,60.0,2.0,96,2026-01-26,3.73,1,43,15,,2026-01
1085736998993718128,Montreal Tack Room,235792794,Tiffany,Christchurch City,Central Ward,-43.5257371,172.6303234,Entire home/apt,689.0,1.0,2,2024-03-24,0.08,2,306,0,,2024-03
1085743649471320285,Peterborough Street Tack Room,235792794,Tiffany,Christchurch City,Central Ward,-43.5257371,172.6303234,Entire home/apt,689.0,1.0,0,,,2,283,0,,
1085811449983276963,Luxurious 3 bed home with pool,6120762,Caroline,Christchurch City,Fendalton Ward,-43.5133801,172.6051603,Entire home/apt,799.0,7.0,0,,,1,170,0,,
1085966000704620213,Central 3BR Stay on St Asaph Street,331763232,Managed By Williams,Christchurch City,Central Ward,-43.53507,172.63579,Entire home/apt,264.0,1.0,95,2026-03-07,3.69,132,52,38,,2026-03
1088774752680002629,Beautiful haven near airport!,131734373,Alicia,Christchurch City,Harewood Ward,-43.4902,172.5768,Entire home/apt,309.0,1.0,174,2026-03-01,6.8,10,283,76,,2026-03
1089268870229452068,2 Bedroom Rose Cottage Farmhouse Free Parking,172281587,David,Christchurch City,Innes Ward,-43.47116,172.6519,Entire home/apt,229.0,2.0,5,2026-01-01,0.2,1,238,3,,2026-01
1089482384897549348,French Peak Loft - French Farm Holiday Home,145244100,Bachcare,Christchurch City,Banks Peninsula Ward,-43.77739,172.89919,Entire home/apt,,1.0,5,2026-01-20,0.28,1417,363,2,,2026-01
1089973018895629280,Family Haven - mins from airport,561736486,Jessica,Christchurch City,Papanui Ward,-43.49232,172.59881,Entire home/apt,381.0,3.0,1,2024-10-03,0.06,1,364,0,,2024-10
1090280268723344343,Seaglass Beach House,561804702,Karina,Christchurch City,Coastal Ward,-43.55588,172.75165,Entire home/apt,1204.0,1.0,45,2026-03-12,1.79,1,306,20,,2026-03
1090303968066116998,4 Bedrooms in the Heart of Christchurch CBD,551181197,Paula Kat Charlotte,Christchurch City,Central Ward,-43.5366847,172.6407056,Entire home/apt,428.0,1.0,61,2026-03-07,2.53,188,226,20,,2026-03
1090730459242150223,A room in a home,439826551,Giya,Christchurch City,Burwood Ward,-43.48332359114418,172.67109487205744,Private room,80.0,1.0,114,2026-03-15,4.46,1,302,51,,2026-03
1090839883996968423,Hagley Haven | Guest Favourite,238339893,Jing,Christchurch City,Riccarton Ward,-43.53,172.60998,Entire home/apt,280.0,1.0,253,2026-03-16,10.3,1,283,137,,2026-03
1091448087491209112,Conveniently located in Merivale,75112372,Tori,Christchurch City,Fendalton Ward,-43.5075,172.62565,Entire home/apt,,1.0,39,2025-10-03,1.63,2,0,13,,2025-10
1092302298229138417,Modern 2BR Apartment on Salisbury Street,331763232,Managed By Williams,Christchurch City,Central Ward,-43.52471,172.63566,Entire home/apt,193.0,2.0,21,2026-02-20,0.84,132,61,11,,2026-02
1092369614179884726,Tranquil Bamboo Oasis - New 2 Bed Close To CBD,54009314,Pond,Christchurch City,Linwood Ward,-43.53528,172.67718,Entire home/apt,217.0,2.0,33,2026-02-15,1.31,1,260,20,,2026-02
1093850824505056440,A luxurious Retreat Sleeps 6,45768555,Hasslefree Accommodation,Christchurch City,Central Ward,-43.5276,172.64923,Entire home/apt,360.0,1.0,101,2026-03-14,4.12,65,317,38,,2026-03
1093906577254511367,Beautiful house near everything!,131734373,Alicia,Christchurch City,Spreydon Ward,-43.56162,172.58311,Entire home/apt,337.0,1.0,127,2026-03-07,5.03,10,318,53,,2026-03
1094455923982128429,Teddingtonâs Bay Countryside,562775880,Tina,Christchurch City,Banks Peninsula Ward,-43.66748,172.66012,Entire home/apt,401.0,2.0,13,2025-09-21,0.52,1,119,1,,2025-09
1094458918173184621,"Beach Hideaway, Sumner",32460033,Fiona,Christchurch City,Heathcote Ward,-43.57606870877193,172.76306681334972,Entire home/apt,183.0,2.0,51,2026-02-25,2.01,1,18,32,,2026-02
1094494782018915363,Family Retreat by Hagley Park & CBD,180772694,Andrew,Christchurch City,Central Ward,-43.52262,172.62026,Entire home/apt,436.0,1.0,156,2026-03-21,6.26,2,303,79,,2026-03
1094591565911042260,"Safe, Clean & Cheap for One",48816295,Terri,Christchurch City,Halswell Ward,-43.5795,172.5609,Private room,223.0,1.0,16,2026-03-02,0.65,4,352,7,,2026-03
1094720223157715416,Spacious 2BR Stay in Salisbury Street,331763232,Managed By Williams,Christchurch City,Central Ward,-43.52457,172.63737,Entire home/apt,193.0,1.0,23,2026-02-11,0.91,132,70,15,,2026-02
1094728292621394060,Cottage on Somerset,81687287,Stacey,Christchurch City,Spreydon Ward,-43.54808472464065,172.61995623862305,Private room,74.0,1.0,82,2026-03-02,3.53,1,233,29,,2026-03
1095304942070590765,Worcester Terrace 201,24205506,"Mayie, Judi And Karen At Bookahome",Christchurch City,Central Ward,-43.52985,172.64162,Entire home/apt,277.0,2.0,42,2026-02-22,1.66,83,319,15,,2026-02
1096084875400475669,Cosy 1 bed Studio Motel Apartment in Central City,158374437,Sharon,Christchurch City,Central Ward,-43.532356687264695,172.64601822942495,Entire home/apt,143.0,1.0,73,2026-02-27,3.0,1,227,18,,2026-02
1096862117472449647,Luxury Brand New 2 Bed 5 Minutes From CBD,49642171,Lily-SimplyHost,Christchurch City,Fendalton Ward,-43.51413,172.62408,Entire home/apt,262.0,1.0,13,2026-03-12,0.52,95,164,3,,2026-03
1098123089905880667,Central City Charm: Pet-Friendly Studio,551181197,Paula Kat Charlotte,Christchurch City,Central Ward,-43.5384637,172.6308677,Entire home/apt,183.0,1.0,76,2026-03-03,3.04,188,227,39,,2026-03
1098840106629077199,Exclusive Modern Retreat | CBD l Guest Favourite,49642171,Lily-SimplyHost,Christchurch City,Fendalton Ward,-43.51241,172.62494,Entire home/apt,302.0,1.0,74,2026-03-17,3.05,95,345,37,,2026-03
1099727454742343267,The Sandbar Nook | Cozy Tiny House Near Beach,104419698,Lukas,Christchurch City,Coastal Ward,-43.5315247,172.7372218,Entire home/apt,193.0,1.0,120,2026-03-12,7.47,1,256,77,,2026-03
1100466783530346620,Close to Airport - Sauna/Aviation/Motorcycle Twist,25553832,Rachel,Christchurch City,Waimairi Ward,-43.50159412458696,172.5553246960044,Entire home/apt,239.0,1.0,58,2026-03-01,2.35,2,365,21,,2026-03
1100518535899259167,The little Gem at Merivale close to everything,129377311,Sammi,Christchurch City,Fendalton Ward,-43.51372,172.62477,Entire home/apt,230.0,1.0,178,2026-03-05,7.11,2,283,101,,2026-03
1100966719806807919,Escape to Duvauchelle,7583750,Stephanie,Christchurch City,Banks Peninsula Ward,-43.75790076314373,172.94439964232788,Entire home/apt,600.0,1.0,23,2026-03-08,1.12,1,255,13,,2026-03
1100991056774973035,Beachside Bliss - Redcliffs,81390838,Perfect Stays,Christchurch City,Heathcote Ward,-43.55817,172.7375,Entire home/apt,480.0,2.0,23,2026-03-01,0.93,47,5,9,,2026-03
1101000548423050937,"Quaint Akaroa cabin for walkers, hikers & couples",120625017,Tim & Sal,Christchurch City,Banks Peninsula Ward,-43.80899874815061,172.98295363783836,Entire home/apt,235.0,2.0,9,2026-03-05,3.55,1,156,9,,2026-03
1101948913943144152,Private Ensuite Room,343719458,AndrÃ©s,Christchurch City,Central Ward,-43.53708,172.64726,Private room,115.0,1.0,165,2026-03-16,8.02,1,115,75,,2026-03
1102112325450064149,"Warm and cozy home, 7 Min drive from the Airport.",530717334,Naveen,Christchurch City,Hornby Ward,-43.52975378879776,172.51954503010177,Private room,53.0,2.0,11,2026-02-08,2.64,1,89,11,,2026-02
1102250835317326101,4 Minutes walk to Riverside Market!4bed 4 bath,560354463,Fang,Christchurch City,Central Ward,-43.535584,172.632186,Entire home/apt,522.0,1.0,117,2026-03-01,5.43,2,232,45,,2026-03
1102446861497914936,Penthouse in the City,81390838,Perfect Stays,Christchurch City,Central Ward,-43.53808,172.63971,Entire home/apt,507.0,2.0,37,2026-03-09,1.5,47,282,20,,2026-03
1102513560119818653,Central Oasis: Charming Studio with Backyard,551181197,Paula Kat Charlotte,Christchurch City,Central Ward,-43.53849,172.6314,Entire home/apt,183.0,1.0,37,2026-02-13,1.48,188,259,14,,2026-02
1103092140426797922,City Living: Upper Studio Haven on Wilmer,551181197,Paula Kat Charlotte,Christchurch City,Central Ward,-43.5384944,172.6313989,Entire home/apt,160.0,1.0,8,2025-12-24,0.32,188,225,2,,2025-12
1103786665680115397,Studio Bliss: Explore from Wilmer St,551181197,Paula Kat Charlotte,Christchurch City,Central Ward,-43.5384637,172.6308677,Entire home/apt,182.0,1.0,27,2026-03-01,1.09,188,155,9,,2026-03
1103787467513725189,Strowan manor - off street park,8056856,Samantha,Christchurch City,Fendalton Ward,-43.50819105105269,172.60960839196972,Entire home/apt,149.0,2.0,42,2026-03-16,1.69,1,139,24,,2026-03
1103832683069723274,Merivale Gem: 2BR Townhouse Oasis,551181197,Paula Kat Charlotte,Christchurch City,Fendalton Ward,-43.5129634,172.625209,Entire home/apt,390.0,1.0,55,2026-03-03,2.24,188,19,25,,2026-03
1103893208667375653,Serenity by the Sea: Coastal Escape1 bed 1 bath,551181197,Paula Kat Charlotte,Christchurch City,Coastal Ward,-43.5036555,172.7291983,Entire home/apt,179.0,1.0,43,2026-03-07,1.83,188,17,29,,2026-03
1103911656731458046,Single room 10 mins nearby the airport,77196518,Jill,Christchurch City,Hornby Ward,-43.53257,172.52296,Private room,64.0,1.0,41,2026-02-18,1.67,4,90,13,,2026-02
1104146378781315352,"Urban Locale: Bars, Bites, Shops",510730797,Kate,Christchurch City,Fendalton Ward,-43.51277273096501,172.62477982789278,Entire home/apt,314.0,1.0,11,2026-02-19,0.52,14,52,2,,2026-02
1104510109511356596,Central City Apartments,445310859,Janine,Christchurch City,Central Ward,-43.5370293,172.6385295,Entire home/apt,262.0,1.0,19,2026-02-21,0.79,1,236,8,,2026-02
1105536954919663651,Luxury Room,447145180,Johanni,Christchurch City,Heathcote Ward,-43.55927,172.71127,Private room,536.0,1.0,1,2024-12-28,0.07,1,362,0,,2024-12
1105901926245263693,Modern Abode in Central Location,26374222,Georgina,Christchurch City,Central Ward,-43.52669,172.63046,Entire home/apt,571.0,1.0,82,2026-03-19,3.41,1,278,58,,2026-03
1106676158322777124,"Urban Escape: Ground Floor Studio, Wilmer St",551181197,Paula Kat Charlotte,Christchurch City,Central Ward,-43.5384944,172.6313989,Entire home/apt,183.0,1.0,60,2026-03-06,2.42,188,237,49,,2026-03
1106680347989809823,Upper Studio Perfection: 8 Wilmer St. Gem,551181197,Paula Kat Charlotte,Christchurch City,Central Ward,-43.5384944,172.6313989,Entire home/apt,169.0,1.0,105,2026-02-02,4.25,188,243,62,,2026-02
1106685365552672088,Beachtown retreat,220662178,Nick,Christchurch City,Heathcote Ward,-43.58586608298245,172.7515049005249,Entire home/apt,360.0,2.0,26,2026-03-20,1.06,1,129,13,,2026-03
1107018218360596957,Cosy Modern 2 Bedroom Haven,123463466,Tracey,Christchurch City,Central Ward,-43.53090438625563,172.64178964760745,Entire home/apt,280.0,2.0,46,2026-03-05,1.87,3,16,45,,2026-03
1108132436670811981,Downtown Delight: Studio at 8 Wilmer with Backyard,551181197,Paula Kat Charlotte,Christchurch City,Central Ward,-43.5384944,172.6313989,Entire home/apt,182.0,1.0,34,2026-01-15,1.38,188,239,21,,2026-01
1108136987547601642,Explore from 8 Wilmer: Upper Level Cozy Studio,551181197,Paula Kat Charlotte,Christchurch City,Central Ward,-43.5384944,172.6313989,Entire home/apt,156.0,1.0,20,2026-03-01,0.82,188,234,10,,2026-03
1108145080355050933,Luxury New Stadium Residence In CBD With King Beds,49642171,Lily-SimplyHost,Christchurch City,Central Ward,-43.5371,172.64892,Entire home/apt,262.0,1.0,7,2026-02-27,0.31,95,271,3,,2026-02
1108145967495653385,Cityscape Studio: Explore Wilmer Living,551181197,Paula Kat Charlotte,Christchurch City,Central Ward,-43.5384637,172.6308677,Entire home/apt,146.0,1.0,48,2026-03-09,1.97,188,258,35,,2026-03
1108172332785647473,Christchurch Coastal Abode,5106498,Cameron,Christchurch City,Coastal Ward,-43.495,172.71486,Entire home/apt,134.0,1.0,35,2026-03-18,1.42,1,1,24,,2026-03
1109144959395988332,Your Cosy Sunny Cove near Travis Wetlands,239700620,Larry N Megan,Christchurch City,Burwood Ward,-43.49095,172.69207,Private room,70.0,1.0,46,2026-02-22,1.87,3,20,21,,2026-02
1109159113149884646,Chic City Pad â Studio on Wilmer Street,331763232,Managed By Williams,Christchurch City,Central Ward,-43.53901,172.63031,Entire home/apt,168.0,1.0,94,2026-03-02,3.81,132,295,69,,2026-03
1109167736311080581,Stylish Urban Escape â Wilmer Street Apartment,331763232,Managed By Williams,Christchurch City,Central Ward,-43.53917,172.63206,Entire home/apt,169.0,1.0,51,2026-02-28,2.07,132,311,35,,2026-02
1109481859369924521,Room by the golf course with ensuite,186382574,Wayne,Christchurch City,Burwood Ward,-43.50549,172.69958,Private room,93.0,1.0,74,2026-02-18,3.01,3,158,34,,2026-02
1109591220999752625,"Guest room, superking bed, downtown, free parking",77141232,Robert,Christchurch City,Central Ward,-43.5161987,172.6393706,Private room,159.0,1.0,0,,,2,77,0,,
1109671055886192842,Lovely in Linwood: 2BR Beauty with free Carpark,551181197,Paula Kat Charlotte,Christchurch City,Central Ward,-43.52738919999999,172.6630978,Entire home/apt,295.0,1.0,38,2026-03-09,1.61,188,262,30,,2026-03
1110632902620872303,"* Rest Easy in CBD â 2 BRM, Free Park, Fast WiFi",43367626,Sharon,Christchurch City,Central Ward,-43.52645,172.63608,Entire home/apt,307.0,1.0,19,2025-12-22,0.89,16,77,1,,2025-12
1111081691056695200,3 Minutes walk to Riverside Market 4bed4bath,560354463,Fang,Christchurch City,Central Ward,-43.535646,172.631838,Entire home/apt,279.0,1.0,72,2026-01-13,3.43,2,62,21,,2026-01
1111752959920892708,Lux Achi-Design Townhouse park view in Latimer Sq,86216394,Min,Christchurch City,Central Ward,-43.5305315,172.6417818,Entire home/apt,287.0,1.0,117,2026-03-13,4.81,37,155,60,,2026-03
1112335464725835490,Cliffside - Akaroa Holiday Home,145244100,Bachcare,Christchurch City,Banks Peninsula Ward,-43.81094,172.96507,Entire home/apt,,2.0,1,2025-06-01,0.1,1417,359,1,,2025-06
1112546697655609511,Sawyer's Sanctuary,45860810,Lydia,Christchurch City,Papanui Ward,-43.4888674,172.6089088,Entire home/apt,240.0,2.0,54,2026-02-28,2.24,1,245,28,,2026-02
1112824116609536401,Zenith Escapes Your Quintessential 4BR Haven,202585247,Ohana,Christchurch City,Halswell Ward,-43.54781,172.55768,Entire home/apt,345.0,1.0,139,2026-03-09,5.73,137,105,67,,2026-03
1114168043227234417,"Modern 2BR Townhouse, Walk to Town, Free Parking",97715487,Lex,Christchurch City,Central Ward,-43.5251555,172.6470993,Entire home/apt,447.0,1.0,71,2026-03-09,3.24,3,38,36,,2026-03
1114184933775404682,Modern 2-Bed CBD Townhouse | Parking Included,49642171,Lily-SimplyHost,Christchurch City,Central Ward,-43.5340835,172.6417548,Entire home/apt,417.0,1.0,28,2026-02-28,1.17,95,224,12,,2026-02
1114206280501111484,Latimer Square Luxe: 1BR w/ Sofa Bed,551181197,Paula Kat Charlotte,Christchurch City,Central Ward,-43.5325,172.64289,Entire home/apt,305.0,1.0,93,2026-03-09,3.82,188,219,72,,2026-03
1114878834152306129,Diamond Harbour Hideaway Flat,528721467,Cathy,Christchurch City,Banks Peninsula Ward,-43.63152,172.74329,Entire home/apt,432.0,7.0,0,,,2,263,0,,
1114903661155805101,Your Blissful Abode near Travis Wetlands,239700620,Larry N Megan,Christchurch City,Burwood Ward,-43.49316,172.69038,Private room,90.0,1.0,31,2026-02-26,1.3,3,25,9,,2026-02
1114989703521374395,Riccarton éå¡é¡¿åé´,508290494,Jackie,Christchurch City,Riccarton Ward,-43.53059124777598,172.58757255971432,Private room,66.0,3.0,0,,,2,84,0,,
1115317567447171240,Beachside Nest,16959135,Jo,Christchurch City,Coastal Ward,-43.50892429260995,172.73138891905546,Entire home/apt,173.0,1.0,35,2026-03-15,1.45,1,263,14,,2026-03
1115455513371722902,Bayview Retreat - Your Tranquil Haven,275204353,Ulrike,Christchurch City,Banks Peninsula Ward,-43.63709,172.72243,Entire home/apt,223.0,2.0,76,2026-03-20,3.36,1,335,33,,2026-03
1115709439790182858,Quiet Central Studio â Wilmer Street Retreat,331763232,Managed By Williams,Christchurch City,Central Ward,-43.53936,172.63146,Entire home/apt,184.0,1.0,98,2026-03-01,4.02,132,74,65,,2026-03
1116895260959320736,Cottage by the Beach,206315550,Kate,Christchurch City,Coastal Ward,-43.531170977895584,172.7352348715067,Entire home/apt,187.0,1.0,68,2026-03-13,2.8,1,77,37,,2026-03
1119210049361804650,Boutique French Apartment with a Sea View,124354766,Karen,Christchurch City,Banks Peninsula Ward,-43.8097843,172.9613294,Entire home/apt,366.0,1.0,96,2026-03-18,6.52,1,209,65,,2026-03
1119401281256441597,Riccarton éå¡é¡¿åé´2,508290494,Jackie,Christchurch City,Riccarton Ward,-43.52972,172.58686,Private room,55.0,7.0,0,,,2,87,0,,
1119986858515136250,15 min to the Beach/CDB | Air conditioning | BBQ.,118401311,Analia,Christchurch City,Linwood Ward,-43.53928,172.66732,Entire home/apt,180.0,3.0,8,2025-01-05,0.34,1,7,0,,2025-01
1120759329366488743,Sleepout in Christchurch,156070483,Sara,Christchurch City,Spreydon Ward,-43.5656606,172.6112643,Entire home/apt,126.0,1.0,49,2026-03-15,2.16,1,357,25,,2026-03
1120821309263640730,Luxury Penthouse in City Private central live,86216394,Min,Christchurch City,Central Ward,-43.53295558382859,172.64001491719665,Entire home/apt,427.0,1.0,129,2026-03-08,5.45,37,109,64,,2026-03
1121126855435197181,Carterley House,23278101,Jason,Christchurch City,Innes Ward,-43.49803,172.63075,Entire home/apt,478.0,2.0,65,2026-03-13,2.9,18,232,30,,2026-03
1121437600009472573,City Break Cottage for couples 27 mins CHC Airport,7532649,Plux Stays,Christchurch City,Halswell Ward,-43.6095346,172.5711904,Entire home/apt,153.0,1.0,49,2026-03-19,2.07,8,249,26,,2026-03
1122746997304753431,Stylish. Spacious. Designed for living and working,569483312,Leah Mae,Christchurch City,Central Ward,-43.54634,172.62663,Entire home/apt,173.0,1.0,63,2026-02-19,2.73,1,348,19,,2026-02
1122983867587005183,Your Whispering Grove near Travis Wetlands,239700620,Larry N Megan,Christchurch City,Burwood Ward,-43.49274,172.69085,Private room,82.0,1.0,31,2026-02-27,1.31,3,25,21,,2026-02
1124213346882249446,Stylish 2BR CBD Townhouse â Stadium Views,49642171,Lily-SimplyHost,Christchurch City,Central Ward,-43.53586,172.64937,Entire home/apt,262.0,1.0,3,2024-07-14,0.13,95,319,0,,2024-07
1124837041430489634,CBD 2-Bed Townhouse by Hagley Park + Parking,49642171,Lily-SimplyHost,Christchurch City,Riccarton Ward,-43.52847,172.61118,Entire home/apt,288.0,1.0,6,2026-03-01,0.27,95,222,3,,2026-03
1124891258738319625,"Big Sky Retreat, house and yurts",54831628,Erin,Christchurch City,Banks Peninsula Ward,-43.77063,172.90677,Entire home/apt,1142.0,2.0,0,,,1,269,0,,
1124924391453208617,Cozy Getaway in Riccarton: Homely Charm Awaits,81586260,Blasia Ee,Christchurch City,Riccarton Ward,-43.53504,172.60155,Entire home/apt,354.0,1.0,2,2024-12-25,0.1,1,80,0,,2024-12
1125897479464333005,Modern 2BR Oasis Minutes from CBD l Merivale Mall,49642171,Lily-SimplyHost,Christchurch City,Fendalton Ward,-43.51381,172.62608,Entire home/apt,263.0,1.0,5,2024-07-05,0.21,95,345,0,,2024-07
1126254016142397203,Luxury 2-Bed Townhouse | CBD Stadium View,49642171,Lily-SimplyHost,Christchurch City,Central Ward,-43.53623620649845,172.64828637242317,Entire home/apt,269.0,1.0,13,2026-02-14,0.56,95,154,6,,2026-02
1126277065390183496,Beauty in the CBD - 1bed | Free Parking | Pool,482671075,Care Property Stays,Christchurch City,Central Ward,-43.53109,172.6385,Entire home/apt,282.0,1.0,56,2026-03-07,2.38,147,236,27,,2026-03
1129258149076732566,Beautiful Home in Christchurch,141259571,Stephanie,Christchurch City,Halswell Ward,-43.57717,172.54954,Entire home/apt,126.0,2.0,2,2024-08-15,0.1,1,17,0,,2024-08
1130221286248519479,The Riccarton Niche - Sleek 2-Bedroom Urban Pad,202585247,Ohana,Christchurch City,Riccarton Ward,-43.5311391,172.6101217,Entire home/apt,275.0,1.0,55,2026-03-06,2.32,137,17,19,,2026-03
1130620739840259855,Parkside Oasis - Merivale,81390838,Perfect Stays,Christchurch City,Fendalton Ward,-43.52211,172.61535,Entire home/apt,289.0,2.0,17,2026-02-28,0.74,47,151,7,,2026-02
1131342717156058677,Luxury Living: Christchurch City Gem,482671075,Care Property Stays,Christchurch City,Central Ward,-43.5338328,172.6488824,Entire home/apt,276.0,1.0,36,2026-02-28,1.52,147,252,7,,2026-02
1131397420524641317,"Perfect Position, Hagley Park",102653021,Barbara,Christchurch City,Riccarton Ward,-43.53077,172.60981,Entire home/apt,288.0,1.0,87,2026-03-20,3.87,1,289,40,,2026-03
1131415334367861083,Urban Gem in the CBD - Wilmer St Studio,482671075,Care Property Stays,Christchurch City,Central Ward,-43.5384944,172.6313989,Entire home/apt,195.0,1.0,130,2026-03-10,5.5,147,222,69,,2026-03
1131443215122719709,Urban Retreat at 8 Wilmer: Upper Level Studio Gem,482671075,Care Property Stays,Christchurch City,Central Ward,-43.5387002,172.6311839,Entire home/apt,167.0,1.0,55,2026-02-22,2.33,147,217,12,,2026-02
1131615923701976256,"""Cloud Nine"" Your Elegant Escape Awaits",356977265,Karolina,Christchurch City,Central Ward,-43.52942757178943,172.6451132312828,Entire home/apt,266.0,1.0,73,2026-03-20,3.14,2,181,22,,2026-03
1132079562848522949,Tui's Retreat - Duvauchelle Holiday Home,145244100,Bachcare,Christchurch City,Banks Peninsula Ward,-43.75186,172.94121,Entire home/apt,,2.0,2,2026-01-02,0.13,1417,363,1,,2026-01
1132768478165178554,Luxury 2 Bed 2 Bath Townhouse Central Christchurch,7686048,Virginia,Christchurch City,Central Ward,-43.5360637,172.6485723,Entire home/apt,365.0,1.0,9,2026-03-01,0.38,1,1,6,,2026-03
1132955006565809708,Cosy Modern Home: New Build in Christchurch.,132529848,Meikee,Christchurch City,Innes Ward,-43.50937,172.64098,Entire home/apt,274.0,1.0,89,2026-03-12,4.36,2,275,48,,2026-03
1135033854551021625,Dyers' Escape,25373256,Wayne,Christchurch City,Cashmere Ward,-43.5708515,172.6303437,Entire home/apt,354.0,2.0,12,2026-02-14,0.73,3,342,8,,2026-02
1135069334582390337,Stylish City-Central Apt | Free Parking,49642171,Lily-SimplyHost,Christchurch City,Central Ward,-43.52463435949464,172.63548068280335,Entire home/apt,222.0,3.0,30,2026-03-01,1.45,95,329,21,,2026-03
1135656937970459557,Akaroa Walnut Retreat,572511188,Roger,Christchurch City,Banks Peninsula Ward,-43.80945,172.96405,Entire home/apt,657.0,2.0,21,2026-03-21,1.2,1,111,17,,2026-03
1135891155533712233,Hereford Central,81390838,Perfect Stays,Christchurch City,Central Ward,-43.53338,172.63479,Entire home/apt,501.0,2.0,21,2026-02-21,0.91,47,142,12,,2026-02
1136634151113125967,Home Away - earlier check in and FREE Netflix,569637160,Mary,Christchurch City,Central Ward,-43.53067,172.65153,Entire home/apt,151.0,1.0,167,2026-03-20,7.29,1,232,82,,2026-03
1137067694175762746,The Hidden Doors,194363925,Caroline,Christchurch City,Heathcote Ward,-43.57886258900885,172.77501165396728,Entire home/apt,1427.0,2.0,0,,,1,31,0,,
1138044821739788027,Superior King Ensuite in City Centre,573074023,Drifter,Christchurch City,Central Ward,-43.53333,172.63831,Private room,462.0,1.0,5,2025-10-10,0.3,11,332,3,,2025-10
1138045400125631751,Family Ensuite in City Centre,573074023,Drifter,Christchurch City,Central Ward,-43.53403,172.63958,Private room,275.0,1.0,3,2025-04-24,0.25,11,276,2,,2025-04
1138046334240884980,Superior Queen Ensuite with Balcony,573074023,Drifter,Christchurch City,Central Ward,-43.53469,172.63809,Private room,253.0,1.0,3,2024-11-18,0.16,11,334,0,,2024-11
1138047112247394300,Family Loft Suite in City Centre,573074023,Drifter,Christchurch City,Central Ward,-43.53345,172.63942,Private room,330.0,1.0,1,2024-09-16,0.05,11,329,0,,2024-09
1138055398852872178,"The Canterbury Quad - 4 Beds, Ensuite",573074023,Drifter,Christchurch City,Central Ward,-43.53482,172.6379,Private room,230.0,1.0,3,2025-12-12,0.18,11,350,2,,2025-12
1138056131942566715,Two Bedroom Loft in City Centre,573074023,Drifter,Christchurch City,Central Ward,-43.53484,172.63962,Private room,319.0,1.0,1,2024-12-28,0.07,11,319,0,,2024-12
1138059989712743810,"The Glacier Dorm - 8 Beds, Private Space",573074023,Drifter,Christchurch City,Central Ward,-43.53313,172.63959,Private room,451.0,1.0,1,2025-02-22,0.08,11,308,0,,2025-02
1138603690374549622,Luxury Without Limits,551181197,Paula Kat Charlotte,Christchurch City,Central Ward,-43.5311439,172.6459705,Entire home/apt,203.0,1.0,49,2026-02-13,2.12,188,222,26,,2026-02
1139306834570569568,Relaxing City Hideaway - 2 Bed in Christchurch CBD,551181197,Paula Kat Charlotte,Christchurch City,Central Ward,-43.5330056,172.6402228,Entire home/apt,375.0,1.0,80,2026-03-05,3.46,188,240,42,,2026-03
1139414867326850303,Heart of Russley,573384782,Tracey,Christchurch City,Waimairi Ward,-43.51919,172.5393,Entire home/apt,,1.0,119,2026-02-24,5.18,1,0,58,,2026-02
1139450302238716947,Overleigh Shearers' Quarters,127379295,John,Christchurch City,Banks Peninsula Ward,-43.66141,172.80837,Entire home/apt,155.0,1.0,90,2026-03-14,4.1,3,349,36,,2026-03
1139665958019476207,Misty Meadows Manor - Your Urban Oasis,202585247,Ohana,Christchurch City,Central Ward,-43.52938,172.64515,Entire home/apt,235.0,1.0,113,2026-03-13,4.97,137,115,56,,2026-03
1140190678543213214,Modern Christchurch Apartment,56014015,Olivia,Christchurch City,Central Ward,-43.5247767,172.6377314,Entire home/apt,280.0,1.0,33,2026-03-02,1.44,2,107,13,,2026-03
1140873975856311535,"Modern 1BR Apartment | Netflix, Disney+ & Parking",573757538,Prince,Christchurch City,Riccarton Ward,-43.53762,172.60166,Entire home/apt,240.0,1.0,1,2025-09-23,0.17,7,270,1,,2025-09
1141527366370455593,Large home by Sumner beach,25090344,Jess,Christchurch City,Heathcote Ward,-43.56779174736025,172.75772037301638,Entire home/apt,921.0,2.0,3,2026-01-31,0.2,1,244,2,,2026-01
1141660163072505068,The McMahon Suite â Historic Charm in Central ChCh,331763232,Managed By Williams,Christchurch City,Central Ward,-43.5321,172.63854,Entire home/apt,621.0,2.0,21,2026-01-25,0.92,132,280,4,,2026-01
1142926785335791094,"The Nook, 800m to New Regent St",16718467,Stephen,Christchurch City,Central Ward,-43.52424,172.64192,Private room,117.0,1.0,5,2026-02-27,0.24,2,28,3,,2026-02
1142999703340739833,Bernie's Guesthouse,197157096,Olivia,Christchurch City,Halswell Ward,-43.57615,172.56291,Entire home/apt,120.0,1.0,121,2026-03-06,8.21,1,33,84,,2026-03
1143936959542245469,Cashel Grandeur - Luxurious 4-Bedroom Home,202585247,Ohana,Christchurch City,Central Ward,-43.53344,172.65043,Entire home/apt,492.0,1.0,19,2026-01-29,0.86,137,98,11,,2026-01
1144725724909205028,Fitzgerald Focus - Your 1BR Urban Oasis,202585247,Ohana,Christchurch City,Central Ward,-43.53344,172.65043,Entire home/apt,221.0,1.0,77,2026-03-02,3.53,137,108,50,,2026-03
1144871921134613342,Triple Treat on Fitzgerald - Your 3-BR Getaway,202585247,Ohana,Christchurch City,Central Ward,-43.5329546,172.65025,Entire home/apt,361.0,1.0,103,2026-03-18,4.57,137,104,57,,2026-03
1145178505817918088,Gorgeous Riverfront House in  CHCH,129355585,Justina,Christchurch City,Riccarton Ward,-43.5250114,172.5954475,Private room,113.0,1.0,15,2026-02-19,0.68,1,111,8,,2026-02
1145453620381548180,Charming City Cottage,574811217,Chet,Christchurch City,Heathcote Ward,-43.54851360418315,172.6406417414546,Entire home/apt,269.0,2.0,4,2025-09-19,0.3,1,355,2,,2025-09
1146495170713666062,Mid-Century by the Beach,125757390,KTD Property Services Ltd,Christchurch City,Heathcote Ward,-43.5708616,172.7617876,Entire home/apt,378.0,1.0,36,2026-02-28,1.64,7,154,12,,2026-02
1148170805108041713,"Leafy 2BR Studio, 10 mins to airport",404266756,Alison,Christchurch City,Waimairi Ward,-43.50085,172.55899,Entire home/apt,206.0,1.0,206,2026-03-15,9.16,1,217,117,,2026-03
1148354643137113718,Spacious 2BR Apartment in Kilmore Street,331763232,Managed By Williams,Christchurch City,Central Ward,-43.5269,172.64716,Entire home/apt,206.0,1.0,22,2026-02-15,0.98,132,162,10,,2026-02
1149522022727834110,Retro Retreat in Christchurch,125757390,KTD Property Services Ltd,Christchurch City,Central Ward,-43.5453525,172.622706,Entire home/apt,250.0,1.0,71,2026-03-13,3.36,7,154,42,,2026-03
1149729199964166318,Handy city center. Simple room,298456605,Tony,Christchurch City,Central Ward,-43.5327,172.66403,Private room,,1.0,32,2026-02-14,1.42,5,0,13,,2026-02
1150281934771349135,Stylish Studio in Central CBD with Free Parking,40726446,Sarah,Christchurch City,Central Ward,-43.53066099999999,172.6385368,Entire home/apt,191.0,1.0,56,2026-02-03,2.53,4,235,24,,2026-02
1151158356715025942,"Private Sleepout. Sunny, quiet, accessible",370086396,Joanna,Christchurch City,Papanui Ward,-43.49626368604893,172.60077324716374,Entire home/apt,,1.0,38,2026-03-13,2.52,1,0,30,,2026-03
1151169759957143703,Delightful CBD 2 Bed 2 Baths - Stylish Getaway,49642171,Lily-SimplyHost,Christchurch City,Central Ward,-43.53259,172.65021,Entire home/apt,262.0,1.0,14,2026-03-14,0.66,95,329,9,,2026-03
1151615096411103446,Luxury 2 Bedroom Hideout Near CBD/Merivale Mall,49642171,Lily-SimplyHost,Christchurch City,Fendalton Ward,-43.51206,172.6263,Entire home/apt,262.0,1.0,15,2026-02-28,0.76,95,263,7,,2026-02
1153072062380827393,Central CBD Apartment | Free secure parking | Slee,40726446,Sarah,Christchurch City,Central Ward,-43.53066099999999,172.6385368,Entire home/apt,253.0,1.0,92,2026-03-18,4.09,4,229,48,,2026-03
1153073966167029358,#56 Le Petite Palais - La Voyageur Waterfront Apts,70726871,Darren,Christchurch City,Banks Peninsula Ward,-43.8094855,172.9616825,Entire home/apt,389.0,1.0,10,2025-01-24,0.44,22,195,0,,2025-01
1153079471185773158,#60 La Voyageur Waterfront Apts by AVI,70726871,Darren,Christchurch City,Banks Peninsula Ward,-43.80877,172.9625,Entire home/apt,329.0,1.0,2,2025-12-27,0.09,22,220,1,,2025-12
1153081911739732658,#62 The Turret - La Voyageur Waterfront Apts,70726871,Darren,Christchurch City,Banks Peninsula Ward,-43.80865,172.96226,Entire home/apt,339.0,1.0,27,2026-03-04,1.2,22,219,13,,2026-03
1153091151500045217,#63 La Voyageur Waterfront Apts by AVI,70726871,Darren,Christchurch City,Banks Peninsula Ward,-43.80867,172.96255,Entire home/apt,339.0,1.0,1,2024-08-21,0.05,22,226,0,,2024-08
1153094927810043869,#64 La Voyageur Waterfront Apts by AVI,70726871,Darren,Christchurch City,Banks Peninsula Ward,-43.81285,172.95923,Entire home/apt,339.0,1.0,2,2025-03-15,0.13,22,213,0,,2025-03
1153097663982764201,#65 La Voyageur Waterfront Apts by AVI,70726871,Darren,Christchurch City,Banks Peninsula Ward,-43.81014,172.96055,Entire home/apt,339.0,1.0,1,2025-11-23,0.25,22,217,1,,2025-11
1153098927137918897,#67 La Voyageur Waterfront Apts by AVI,70726871,Darren,Christchurch City,Banks Peninsula Ward,-43.81034,172.96057,Entire home/apt,339.0,1.0,2,2024-10-04,0.09,22,220,0,,2024-10
1153869038043926146,Luxury accommodation in paradise,91237751,Sharon,Christchurch City,Banks Peninsula Ward,-43.7317702,172.6968253,Private room,280.0,1.0,1,2026-02-12,0.79,1,209,1,,2026-02
1156153354680620039,Nice tidy house.,577449487,Gurbir,Christchurch City,Coastal Ward,-43.47257,172.69397,Private room,,1.0,0,,,1,268,0,,
1156686128249402978,Central 2-BR Townhouse w/ Free Carpark,482671075,Care Property Stays,Christchurch City,Central Ward,-43.53406,172.6417,Entire home/apt,304.0,1.0,57,2026-03-06,2.6,147,238,23,,2026-03
1157706703110761174,New 300m/4 min walk Te Kaha One NZ Stadium carpark,63355504,Molly,Christchurch City,Central Ward,-43.53174,172.65073,Entire home/apt,287.0,1.0,19,2026-02-20,0.94,1,220,12,,2026-02
1158883105878776459,Location - Spacious Apartment in City Centre,45172785,The MAC Property Team,Christchurch City,Central Ward,-43.5340324,172.6425015,Entire home/apt,250.0,1.0,65,2026-03-12,2.96,47,326,38,,2026-03
1159012037387316428,Cosy self-contained unit,578174241,Stony Bay Retreat,Christchurch City,Banks Peninsula Ward,-43.81717000808772,172.98814932565614,Entire home/apt,286.0,1.0,12,2026-02-28,0.65,1,173,8,,2026-02
1159803570880144295,Citypad Studio,23278101,Jason,Christchurch City,Central Ward,-43.5247316,172.6355987,Entire home/apt,222.0,1.0,110,2026-03-14,4.95,18,310,61,,2026-03
1160325280324210108,Cozy 2-Bed: Near City Biking and Trails,551181197,Paula Kat Charlotte,Christchurch City,Central Ward,-43.5129656,172.6659392,Entire home/apt,238.0,1.0,57,2026-03-08,2.59,188,238,34,,2026-03
1160367346273165266,A touch of country in the city.,83867474,Michael,Christchurch City,Burwood Ward,-43.4849286,172.6746291,Entire home/apt,165.0,1.0,48,2026-03-07,3.22,1,310,45,,2026-03
1160463041336650708,Central Ground Floor Apartment,257255998,Susan,Christchurch City,Central Ward,-43.52845765502843,172.64291593491822,Entire home/apt,229.0,2.0,68,2026-03-18,3.12,1,135,43,,2026-03
1161175939805444097,En-suite Queen Bed - Close to City,148561087,Xuejiao,Christchurch City,Central Ward,-43.54624,172.62257,Private room,112.0,1.0,48,2025-07-09,2.16,1,27,4,,2025-07
1161213044338512029,Bright & Airy on Tuam - 2 Beds Apartment,202585247,Ohana,Christchurch City,Central Ward,-43.535478,172.6351439,Entire home/apt,345.0,1.0,189,2026-03-17,8.5,137,88,112,,2026-03
1161315969902971985,Serene Spaces on Tuam - 2-Bedroom Apartment,202585247,Ohana,Christchurch City,Central Ward,-43.535478,172.6351439,Entire home/apt,320.0,1.0,115,2026-03-08,5.25,137,100,52,,2026-03
1161776238716477293,Long Harbour View,96885888,Justine,Christchurch City,Banks Peninsula Ward,-43.81731,172.95287,Entire home/apt,1239.0,2.0,24,2026-03-11,1.21,1,309,20,,2026-03
1161836416891565693,Cosy house Christchurch,194158366,Gaye,Christchurch City,Papanui Ward,-43.48746580473131,172.61610321700573,Entire home/apt,400.0,1.0,19,2026-02-28,0.94,1,299,11,,2026-02
1161999297300725924,Modern and Central - Christchurch Apartment,145244100,Bachcare,Christchurch City,Central Ward,-43.52569,172.63976,Entire home/apt,,2.0,0,,,1417,364,0,,
1162520369919656333,Serene Living: 2-bed w/ Carpark,551181197,Paula Kat Charlotte,Christchurch City,Central Ward,-43.5126921,172.665254,Entire home/apt,253.0,1.0,61,2026-02-03,2.79,188,250,25,,2026-02
1162605365405336790,"Luxurious Studio: Prime location, City Centre",551181197,Paula Kat Charlotte,Christchurch City,Central Ward,-43.5383544,172.6329787,Entire home/apt,193.0,1.0,124,2026-03-03,5.69,188,220,81,,2026-03
1163370474837044485,Modern Town House in the Heart of Merivale,72194360,Breidi,Christchurch City,Fendalton Ward,-43.51303619999999,172.618855,Entire home/apt,394.0,2.0,67,2026-02-23,3.06,9,315,37,,2026-02
1163935496568721896,"Central City. Entire House2 Bedroom, Free Carpark",78652671,Brad,Christchurch City,Central Ward,-43.52334,172.63227,Entire home/apt,404.0,1.0,31,2026-02-06,1.44,1,216,15,,2026-02
1164612861183891785,New Cosy Duplex with Double & Single BRs,124277751,Cosy Hut,Christchurch City,Spreydon Ward,-43.553744536686494,172.6257088780403,Entire home/apt,229.0,1.0,91,2026-03-14,4.39,1,222,41,,2026-03
1164877606258479421,Stylish 3-Bedroom Home in Prime City with Garage,551181197,Paula Kat Charlotte,Christchurch City,Fendalton Ward,-43.521363,172.6216895,Entire home/apt,315.0,1.0,20,2026-03-02,0.92,188,260,8,,2026-03
1164910160196443625,Cozy Townhouse in Christchurch,147170227,George,Christchurch City,Innes Ward,-43.5140413,172.6431534,Entire home/apt,206.0,3.0,1,2024-06-03,0.05,1,10,0,,2024-06
1165417281416812417,Charming 3-Bedroom Home Near Christchurch City,551181197,Paula Kat Charlotte,Christchurch City,Heathcote Ward,-43.55165969999999,172.6373925,Entire home/apt,290.0,1.0,45,2026-03-01,2.05,188,249,19,,2026-03
1166246401388794581,City on Foot | Comfy Townhouse Getaway,516298003,Arun,Christchurch City,Central Ward,-43.5315621,172.6661879,Private room,183.0,1.0,1,2026-02-10,0.75,1,88,1,,2026-02
1167722540372439663,Luxury Three Bedroom City Getaway,72194360,Breidi,Christchurch City,Papanui Ward,-43.50177,172.62477,Entire home/apt,451.0,1.0,29,2026-03-09,1.47,9,221,15,,2026-03
1168456554388002966,Large Bright Room Great Location! No Cleaning Fee!,1178570,Andrew,Christchurch City,Papanui Ward,-43.473783417398494,172.62719604213544,Private room,97.0,2.0,15,2025-02-22,0.71,1,89,0,,2025-02
1168479528960954250,Haka House Entire 4 Bed Dorm Ens,565751605,Haka House Hostel Christchurch,Christchurch City,Central Ward,-43.53215801999091,172.62982995419372,Private room,273.0,1.0,0,,,10,74,0,,
1168531571545483689,Haka House - Twin room,565751605,Haka House Hostel Christchurch,Christchurch City,Central Ward,-43.53221804976927,172.6298845607308,Private room,202.0,1.0,16,2026-02-12,0.78,10,362,5,,2026-02
1168534896490432814,Haka House - Twin Room Ensuite,565751605,Haka House Hostel Christchurch,Christchurch City,Central Ward,-43.53220549068963,172.62982281234088,Private room,244.0,1.0,1,2025-02-23,0.08,10,249,0,,2025-02
1168536277777603067,Haka House - Entire 4 Bed Dorm,565751605,Haka House Hostel Christchurch,Christchurch City,Central Ward,-43.53218,172.62987,Private room,228.0,1.0,4,2025-10-18,0.28,10,74,3,,2025-10
1168539638008981220,Twin Room Ensuite Accessible,565751605,Haka House Hostel Christchurch,Christchurch City,Central Ward,-43.53218733495357,172.62985511758413,Private room,156.0,1.0,0,,,10,237,0,,
1168540827508543105,Haka House-Entire 8 Bed Dorm Ens,565751605,Haka House Hostel Christchurch,Christchurch City,Central Ward,-43.53219,172.62984,Private room,767.0,1.0,0,,,10,64,0,,
1168542628847897540,Haka House-Entire 6 Bed Dorm Ens,565751605,Haka House Hostel Christchurch,Christchurch City,Central Ward,-43.53214301544271,172.62985405889307,Private room,338.0,1.0,0,,,10,290,0,,
1168545987995635331,Haka House - King Room Ensuite,565751605,Haka House Hostel Christchurch,Christchurch City,Central Ward,-43.53221599817948,172.62987375573647,Private room,206.0,1.0,3,2025-11-22,0.18,10,306,1,,2025-11
1168549076903871641,Haka House - Entire 6 Bed Dorm,565751605,Haka House Hostel Christchurch,Christchurch City,Central Ward,-43.53218,172.62986,Private room,399.0,1.0,1,2025-01-20,0.07,10,70,0,,2025-01
1168550838983641490,Haka House - Entire 3 Bed Dorm,565751605,Haka House Hostel Christchurch,Christchurch City,Central Ward,-43.53221,172.62985,Private room,255.0,1.0,2,2026-02-26,1.33,10,81,2,,2026-02
1169986448697106274,"Modern King Studio | Netflix, Disney+ & Parking.",573757538,Prince,Christchurch City,Riccarton Ward,-43.53592,172.60157,Entire home/apt,217.0,1.0,11,2026-02-16,1.49,7,265,11,,2026-02
1172098772839063154,Chic 2-Bedroom Apartment on Avon River,682808597,Devon,Christchurch City,Fendalton Ward,-43.52111,172.62193,Entire home/apt,406.0,1.0,93,2026-03-10,4.6,22,198,56,,2026-03
1172111487506666361,Entire Floor Apartment With Avon River Views,682808597,Devon,Christchurch City,Fendalton Ward,-43.52097,172.62118,Entire home/apt,406.0,1.0,75,2026-03-18,3.62,22,225,49,,2026-03
1173606925791155144,Alpha Motel City Spa-bath Studio,179297759,Peng,Christchurch City,Riccarton Ward,-43.5385502,172.5789156,Entire home/apt,163.0,1.0,8,2025-12-06,0.38,19,270,2,,2025-12
1173611019604342470,Alpha Motel Top Spa-Bath Studio,179297759,Peng,Christchurch City,Riccarton Ward,-43.5385502,172.5789156,Entire home/apt,162.0,1.0,6,2026-02-22,0.46,19,266,5,,2026-02
1173613691876980444,Alpha Motel Deluxe Spa Studio,179297759,Peng,Christchurch City,Riccarton Ward,-43.53844,172.57895,Entire home/apt,157.0,1.0,8,2026-03-04,0.56,19,270,5,,2026-03
1173615816795046498,Alpha Motel Business One-Bedroom,179297759,Peng,Christchurch City,Riccarton Ward,-43.5384365,172.5789529,Entire home/apt,170.0,1.0,0,,,19,270,0,,
1173619456097235934,Alpha Motel officer One-Bedroom,179297759,Peng,Christchurch City,Riccarton Ward,-43.53855,172.57892,Entire home/apt,170.0,1.0,1,2024-12-06,0.06,19,270,0,,2024-12
1173621497447840518,Alpha Motel City Spa One-Bedroom,179297759,Peng,Christchurch City,Riccarton Ward,-43.53965,172.57962,Entire home/apt,170.0,1.0,3,2026-01-28,0.22,19,270,2,,2026-01
1174112658598281641,Room in Cheerful 3 bedroom house (2 x King Single),8171146,Alison,Christchurch City,Riccarton Ward,-43.52554,172.60476,Private room,,1.0,84,2026-03-14,3.89,3,0,51,,2026-03
1175249178309400974,Paton Place Harbour/Hillviews,551190254,Vicki,Christchurch City,Banks Peninsula Ward,-43.6014067,172.7151243,Entire home/apt,194.0,1.0,65,2026-02-07,3.05,1,102,14,,2026-02
1175776906036045743,"2 Bed, 2 Bath w Sofa Bed - Great Cafes Nearby",551181197,Paula Kat Charlotte,Christchurch City,Central Ward,-43.53655,172.64746,Entire home/apt,257.0,1.0,21,2026-01-23,1.0,188,239,14,,2026-01
1176421772404582957,Kilkivan Retreat + near Airport,77833713,Jeanette,Christchurch City,Hornby Ward,-43.52548729999999,172.5281993,Entire home/apt,149.0,1.0,97,2026-03-17,4.97,1,236,44,,2026-03
1177104401081645427,The best location for your stay!,412607402,Natalie,Christchurch City,Central Ward,-43.51849,172.62738,Entire home/apt,376.0,1.0,3,2026-03-07,3.0,2,321,3,,2026-03
1177862229996309544,Apartment As Home,583177769,Angela,Christchurch City,Innes Ward,-43.514,172.63729,Entire home/apt,253.0,1.0,1,2025-01-08,0.07,2,323,0,,2025-01
1178016017740289440,Inner City Executive Apartment with EV Parking,24205506,"Mayie, Judi And Karen At Bookahome",Christchurch City,Central Ward,-43.53275,172.641,Entire home/apt,250.0,2.0,59,2026-03-07,2.85,83,0,37,,2026-03
1178567676258813098,Private guest suite close to the airport.,7644479,Barbara,Christchurch City,Waimairi Ward,-43.51289,172.56588,Private room,109.0,1.0,212,2026-03-18,10.31,1,44,131,,2026-03
1179489344567014294,Bealey Delight,163248195,Lyndsay,Christchurch City,Central Ward,-43.5205680977606,172.64467049629516,Entire home/apt,229.0,1.0,44,2026-03-15,2.17,1,71,13,,2026-03
1180644296361585075,Beachfront 2BR Retreat with Stunning Views,551181197,Paula Kat Charlotte,Christchurch City,Coastal Ward,-43.5037783,172.7294049,Entire home/apt,261.0,1.0,46,2026-03-07,2.28,188,212,27,,2026-03
1180667042629129011,Central city sunsets - Warm! Modern! Quiet!,482671075,Care Property Stays,Christchurch City,Central Ward,-43.537523,172.6384522,Entire home/apt,376.0,1.0,84,2026-03-03,3.99,147,7,57,,2026-03
1181402666717871385,Right-side Private Guest Studio near airport,537007306,Po-Wen,Christchurch City,Harewood Ward,-43.48343,172.56115,Entire home/apt,132.0,1.0,104,2026-01-24,6.18,2,135,65,,2026-01
1181663219376217014,Entire 3-bedroom house,8171146,Alison,Christchurch City,Riccarton Ward,-43.52763,172.60384,Entire home/apt,296.0,2.0,8,2026-02-28,0.4,3,103,3,,2026-02
1182371131632736897,Peaceful holiday home in Duvauchelles,42199625,Maree,Christchurch City,Banks Peninsula Ward,-43.7469573,172.9322358,Entire home/apt,268.0,1.0,19,2026-01-24,0.96,2,272,10,,2026-01
1182783472671692163,Merivale/Hagley Park Favourite - Stylish & Quiet,584521739,Suzie,Christchurch City,Fendalton Ward,-43.52137,172.61819,Entire home/apt,402.0,1.0,68,2026-02-26,3.23,2,73,33,,2026-02
1183000185654214205,Happy Holidays :Last Minute Specials 3br &Parking,63678807,Odhran,Christchurch City,Riccarton Ward,-43.5298422,172.6102259,Entire home/apt,287.0,3.0,39,2026-02-28,1.93,1,38,22,,2026-02
1183593447556914013,1890 Cottage! 3BR House + Backyard + Central,28386584,Vance,Christchurch City,Central Ward,-43.52691129999999,172.6525827,Entire home/apt,330.0,1.0,62,2026-02-28,3.03,3,345,29,,2026-02
1184284101992536925,City Central Living at its Best,125757390,KTD Property Services Ltd,Christchurch City,Central Ward,-43.5340835,172.6417548,Entire home/apt,284.0,1.0,63,2026-01-09,3.03,7,91,21,,2026-01
1185734288876812545,Couples Haven,12678171,Jo,Christchurch City,Innes Ward,-43.50174,172.63783,Entire home/apt,343.0,2.0,2,2026-02-17,0.47,2,10,2,,2026-02
1186205375741916298,Chic and Contemporary Living at Cambridge Terrace,202585247,Ohana,Christchurch City,Central Ward,-43.5274687,172.639466,Entire home/apt,322.0,1.0,181,2026-03-08,8.66,137,95,107,,2026-03
1186344803321196684,Cosy Room in Central Town House,20337227,Emma,Christchurch City,Central Ward,-43.5334703,172.660138,Private room,80.0,1.0,2,2026-03-14,2.0,1,263,2,,2026-03
1187210236791225612,City Terrace-3 Bedroom in CBD Free parking,584558161,Tiaki BnB,Christchurch City,Central Ward,-43.5264516,172.6314738,Entire home/apt,531.0,1.0,24,2026-02-15,1.21,8,157,1,,2026-02
1187870849506330840,Lovely Small room for small price in new house,201638718,Helen,Christchurch City,Burwood Ward,-43.4763,172.67121,Private room,58.0,1.0,72,2026-03-06,3.46,2,112,42,,2026-03
1187975195906862858,"Elegant Living by Middleton Park, Fully Equipped",551181197,Paula Kat Charlotte,Christchurch City,Riccarton Ward,-43.53549,172.5852,Entire home/apt,176.0,1.0,66,2026-02-26,3.2,188,197,47,,2026-02
1188064158455059996,The Wilmers Gathering Place,202585247,Ohana,Christchurch City,Halswell Ward,-43.5564983,172.5389669,Entire home/apt,543.0,1.0,79,2026-03-17,3.8,137,61,43,,2026-03
1188874397116761984,Dual Studio Apartments CBD,331763232,Managed By Williams,Christchurch City,Central Ward,-43.53878,172.63256,Entire home/apt,306.0,1.0,0,,,132,278,0,,
1189492206407986371,Beautiful room in quiet oasis,8899806,Tanya,Christchurch City,Cashmere Ward,-43.554237016971086,172.65147111357302,Private room,109.0,2.0,6,2025-03-11,0.36,1,171,0,,2025-03
1189566749237087119,Cosy New Sleepout@ Papanui 40%Discount 4 longstays,581194003,Esther,Christchurch City,Papanui Ward,-43.4712396,172.6177637,Entire home/apt,,1.0,19,2025-02-24,0.91,1,0,0,,2025-02
1190870229069769844,Grey Terrace-Comfy 3 Bedroom in CBD-Free parking,584558161,Tiaki BnB,Christchurch City,Central Ward,-43.52537,172.63177,Entire home/apt,463.0,1.0,32,2026-03-03,1.55,8,249,19,,2026-03
1190879560429957725,The Potterâs Guesthouse,586735904,Gordon,Christchurch City,Cashmere Ward,-43.56649,172.63054,Entire home/apt,158.0,2.0,56,2026-03-14,2.76,1,310,29,,2026-03
1190928347343321833,Great Deals at New Upmarket Appt,45768555,Hasslefree Accommodation,Christchurch City,Central Ward,-43.53656,172.64898,Entire home/apt,278.0,1.0,35,2026-03-09,1.7,65,306,12,,2026-03
1191510676461292058,Sunny beach escape Sumner,141454385,Annalise,Christchurch City,Heathcote Ward,-43.57317,172.76869,Entire home/apt,246.0,1.0,2,2024-12-30,0.1,1,8,0,,2024-12
1191553868068551050,Scarborough sanctuary!,445462271,Michelle,Christchurch City,Heathcote Ward,-43.5740533,172.7739765,Entire home/apt,828.0,2.0,2,2025-01-14,0.11,1,87,0,,2025-01
1192171255946145147,One Central  Bedford Terraces in City Christchurch,584330286,Cheryl,Christchurch City,Central Ward,-43.53367,172.64242,Entire home/apt,309.0,2.0,49,2026-02-06,2.49,1,150,22,,2026-02
1192191956903701597,Cozy Grey Garden-Walk to Central city-Free parking,584558161,Tiaki BnB,Christchurch City,Central Ward,-43.52674,172.63059,Entire home/apt,463.0,1.0,77,2026-02-20,3.73,8,245,43,,2026-02
1192639146932580185,Modern Stay Opposite North Hagley Park & Casino,74811135,Maggie,Christchurch City,Central Ward,-43.526312570720975,172.6299446921078,Entire home/apt,309.0,1.0,52,2026-03-18,2.52,41,161,28,,2026-03
1194567795273182285,"Luxury Designer Home | 3 Bed, 3 Bath",49642171,Lily-SimplyHost,Christchurch City,Fendalton Ward,-43.51403,172.62548,Entire home/apt,345.0,1.0,52,2026-02-22,2.51,95,302,22,,2026-02
1196163951514838737,Stylish and Sleek City Stay,365360819,Chao,Christchurch City,Central Ward,-43.5295225,172.6446653,Entire home/apt,284.0,1.0,3,2025-07-04,0.19,11,110,2,,2025-07
1196781162145307337,Bring it out of the Group Chat - 8 Beds,573074023,Drifter,Christchurch City,Central Ward,-43.53328,172.63999,Private room,459.0,1.0,0,,,11,341,0,,
1196782627167451807,"The Bubbly Bunks - 8 Beds, Hens Party Vibes",573074023,Drifter,Christchurch City,Central Ward,-43.53377,172.63819,Private room,361.0,1.0,0,,,11,346,0,,
1197544462751685467,CBD Luxury Parkside Living 2 Bedroom With Parking,49642171,Lily-SimplyHost,Christchurch City,Fendalton Ward,-43.5205342,172.6220731,Entire home/apt,272.0,1.0,8,2026-02-26,0.45,95,343,6,,2026-02
1197571207062857935,Stylish townhouse Near Stadium,501285238,Sean,Christchurch City,Spreydon Ward,-43.5444428,172.6087953,Entire home/apt,202.0,1.0,75,2026-03-12,3.7,1,328,47,,2026-03
1197584219124813921,New Central Retreat: Includes Luxury King Beds,44139597,Canterbury Property Management,Christchurch City,Heathcote Ward,-43.54907,172.64038,Entire home/apt,307.0,1.0,34,2026-03-11,2.43,5,136,30,,2026-03
1199813081102534884,CBD 3BR/2BA Walk to Riverside Market,49642171,Lily-SimplyHost,Christchurch City,Central Ward,-43.53610417772464,172.63566829021303,Entire home/apt,390.0,1.0,63,2026-03-14,3.2,95,236,33,,2026-03
1200338218728704148,Black Diamond,91121378,Holly,Christchurch City,Banks Peninsula Ward,-43.6318847,172.7251646,Entire home/apt,508.0,1.0,158,2026-03-15,8.56,1,271,109,,2026-03
1200340706648091407,"Family-Friendly | Spa, Games Room & Secure Parking",551181197,Paula Kat Charlotte,Christchurch City,Innes Ward,-43.50011749999999,172.6406212,Entire home/apt,414.0,1.0,73,2026-03-10,3.82,188,225,48,,2026-03
1200401398787717306,Cozy and Chic in Central Christchurch,551181197,Paula Kat Charlotte,Christchurch City,Central Ward,-43.53215669999999,172.640186,Entire home/apt,247.0,1.0,44,2026-03-09,2.2,188,244,24,,2026-03
1200612241937963218,Cedarstone Villa - Private Guest House,589760089,Ram,Christchurch City,Halswell Ward,-43.58236,172.58073,Private room,99.0,1.0,7,2026-02-23,1.48,1,114,7,,2026-02
1201149138703689089,Contemporary guest quarters in Halswell,589911451,Blake,Christchurch City,Halswell Ward,-43.58459853993397,172.5804663822055,Entire home/apt,309.0,1.0,3,2024-10-02,0.15,1,199,0,,2024-10
1201972728964466168,Charming character home in quiet leafy Somerfield,147001502,Angela,Christchurch City,Cashmere Ward,-43.55936,172.63056,Entire home/apt,243.0,2.0,29,2026-01-04,1.52,1,104,23,,2026-01
1202398782018835722,Les Troupes Maison Nature,70726871,Darren,Christchurch City,Banks Peninsula Ward,-43.8086,172.96282,Entire home/apt,369.0,1.0,12,2025-08-17,0.66,22,229,1,,2025-08
1202405045220430039,Les Troupes Maison des Papillons,70726871,Darren,Christchurch City,Banks Peninsula Ward,-43.81057,172.96199,Entire home/apt,369.0,1.0,3,2026-01-05,0.21,22,232,2,,2026-01
1202634894075522773,Hagley Park Retreat - With Free Parking,44139597,Canterbury Property Management,Christchurch City,Riccarton Ward,-43.52783,172.61104,Entire home/apt,268.0,1.0,86,2026-03-12,4.28,5,137,35,,2026-03
1202819189338210991,Chemin Wonder - Akaroa Holiday Home,145244100,Bachcare,Christchurch City,Banks Peninsula Ward,-43.80127,172.97291,Entire home/apt,,2.0,0,,,1417,365,0,,
1204719785300405628,Family & Friends | Spa â¢ Games â¢ Central,33737430,Bevan,Christchurch City,Spreydon Ward,-43.5558325,172.6065522,Entire home/apt,240.0,1.0,133,2026-03-19,6.61,1,270,80,,2026-03
1204791721703121332,Unique Stadium View in St Asaph 2 bed 2 bath,551181197,Paula Kat Charlotte,Christchurch City,Central Ward,-43.53633,172.64837,Entire home/apt,217.0,1.0,14,2026-02-09,0.89,188,256,9,,2026-02
1206824708685986908,Three Bedroom Georgian Retreat,23278101,Jason,Christchurch City,Central Ward,-43.5262441,172.6458649,Entire home/apt,260.0,1.0,47,2026-02-21,2.42,18,139,30,,2026-02
1206894117184975072,Modern Stylish City Apartment,24205506,"Mayie, Judi And Karen At Bookahome",Christchurch City,Central Ward,-43.5307798,172.6410375,Entire home/apt,257.0,2.0,8,2025-09-12,0.4,83,276,2,,2025-09
1207387696580316624,Studio - own bathroom (not ensuite),283575420,Tina,Christchurch City,Innes Ward,-43.50541,172.63837,Entire home/apt,86.0,1.0,143,2026-03-16,7.15,1,325,71,,2026-03
1208208241793459542,Serene 2 Bed CBD Retreat,551181197,Paula Kat Charlotte,Christchurch City,Central Ward,-43.53184,172.65058,Entire home/apt,230.0,1.0,8,2025-03-16,0.41,188,257,0,,2025-03
1208972654129244877,Central City Abode on St Asaph,374915856,Simon,Christchurch City,Central Ward,-43.5360637,172.6485723,Entire home/apt,414.0,1.0,7,2025-12-26,0.36,111,304,1,,2025-12
1209850299627879424,Central City Rm lounge & office,515270819,Shala,Christchurch City,Central Ward,-43.52442138294538,172.63407703489065,Private room,,1.0,0,,,1,355,0,,
1210372690272864591,Warm Central City Apartment w/ 2 Free Carparks,551181197,Paula Kat Charlotte,Christchurch City,Central Ward,-43.52693,172.63807,Entire home/apt,264.0,1.0,46,2026-03-07,2.36,188,227,25,,2026-03
1210624537836454615,Central Park - in Christchurch,117243958,Kathryn,Christchurch City,Central Ward,-43.5309,172.64205,Entire home/apt,514.0,2.0,24,2026-03-07,1.4,1,9,14,,2026-03
1211070132323635531,Eco Spa-bath Studio,179297759,Peng,Christchurch City,Riccarton Ward,-43.5384365,172.5789529,Private room,158.0,1.0,9,2025-12-19,0.46,19,364,1,,2025-12
1211078018510624511,ALPHA Eco Spa Studio,179297759,Peng,Christchurch City,Riccarton Ward,-43.5385502,172.5789156,Private room,158.0,1.0,3,2025-07-29,0.17,19,364,1,,2025-07
1211180338045862607,City Centre Class,23278101,Jason,Christchurch City,Central Ward,-43.5246909,172.6356671,Entire home/apt,309.0,1.0,74,2026-03-15,3.75,18,302,43,,2026-03
1211335509157903882,Spacious 4 Bed Family Home,49642171,Lily-SimplyHost,Christchurch City,Halswell Ward,-43.55986,172.56137,Entire home/apt,388.0,1.0,32,2026-03-20,1.71,95,298,19,,2026-03
1211479983726325132,Amross Court 2-Bedroom Unit,431660206,Vincent,Christchurch City,Central Ward,-43.5204654,172.629525,Entire home/apt,286.0,1.0,1,2024-08-30,0.05,2,364,0,,2024-08
1211500840353801863,Amross Court centrally located,592876483,Vincent,Christchurch City,Central Ward,-43.51986,172.63062,Entire home/apt,206.0,1.0,12,2026-03-07,0.64,1,174,5,,2026-03
1211821643986951362,Merivale Separate Studio,310238414,Kathryn,Christchurch City,Fendalton Ward,-43.51532,172.61993,Entire home/apt,122.0,1.0,165,2026-03-16,8.31,1,185,107,,2026-03
1211949850987973740,Sanctuary At The Bay - Diamond Harbour Retreat,145244100,Bachcare,Christchurch City,Banks Peninsula Ward,-43.62601,172.72021,Entire home/apt,,2.0,10,2026-02-15,0.55,1417,362,8,,2026-02
1213237444295801823,"Church Corner,  Parking and Large Living Area",551181197,Paula Kat Charlotte,Christchurch City,Riccarton Ward,-43.53192,172.56866,Entire home/apt,342.0,1.0,140,2026-03-04,7.13,188,216,89,,2026-03
1213421716456728073,Tranquil seaside summit retreat,584359919,Sandra And Daryn,Christchurch City,Heathcote Ward,-43.5771958,172.7509595,Entire home/apt,166.0,1.0,127,2026-03-20,7.87,1,211,103,,2026-03
1213794020732030326,Tuam Street Enclave - 1 Bedroom APT,202585247,Ohana,Christchurch City,Central Ward,-43.535478,172.6351439,Entire home/apt,245.0,1.0,82,2026-03-07,4.22,137,145,50,,2026-03
1214360177031446063,"Modern Home: 2 Ensuites, 17 Min to City & CHC Air",533050528,Na,Christchurch City,Halswell Ward,-43.57887,172.56231,Entire home/apt,245.0,1.0,19,2026-03-01,0.97,1,311,7,,2026-03
1214596037031129645,Warm CHCH Apartment: Park View & Garage Parking,551181197,Paula Kat Charlotte,Christchurch City,Central Ward,-43.5222,172.64479,Entire home/apt,325.0,1.0,19,2026-03-04,1.21,188,226,15,,2026-03
1214596137622044359,Seaside Studio,593786844,Michael,Christchurch City,Coastal Ward,-43.51516,172.73087,Entire home/apt,,1.0,111,2026-02-23,6.75,1,0,69,,2026-02
1215683937452966778,Charming Retreat Ilam Cozy Home,74811135,Maggie,Christchurch City,Riccarton Ward,-43.52682,172.55934,Entire home/apt,411.0,1.0,35,2025-05-09,1.78,41,251,9,,2025-05
1217695187293023936,Skyline Studio by airport w/home theater &Netflix,51395017,Elaine,Christchurch City,Waimairi Ward,-43.512,172.56725,Entire home/apt,126.0,1.0,187,2026-03-18,9.56,1,249,120,,2026-03
1219062444217229166,Fully Suites Riccarton Hideaway,74811135,Maggie,Christchurch City,Riccarton Ward,-43.53329,172.60228,Entire home/apt,366.0,1.0,54,2026-03-14,2.92,41,306,32,,2026-03
1219080913433015718,"The Red House, Pigeon Bay",7815883,Elena,Christchurch City,Banks Peninsula Ward,-43.6846435,172.8905194,Entire home/apt,252.0,1.0,33,2026-01-10,1.76,1,248,26,,2026-01
1219952962339024701,4 Bedroom Home near Christchurch Airport,250552000,Sreela,Christchurch City,Harewood Ward,-43.45139,172.61819,Entire home/apt,487.0,3.0,8,2026-02-28,0.54,2,170,2,,2026-02
1221387370022376826,Relax in Designer Luxury at Central City Townhouse,551181197,Paula Kat Charlotte,Christchurch City,Central Ward,-43.53567,172.64824,Entire home/apt,217.0,1.0,17,2026-02-15,0.87,188,250,9,,2026-02
1221524890957349021,Stevens House,103500955,Nicole,Christchurch City,Hornby Ward,-43.553099,172.5256652,Entire home/apt,434.0,1.0,26,2026-02-28,1.41,1,175,7,,2026-02
1222099981111600540,"CBD Luxury Homes: Near Cafes, Hagley Park, River",482671075,Care Property Stays,Christchurch City,Central Ward,-43.5373725,172.6253013,Entire home/apt,493.0,1.0,31,2026-01-04,1.64,147,148,14,,2026-01
1222169060917137882,Stylish LUX Homes 4 Bed  CBD Walk to Cafes Latimer,482671075,Care Property Stays,Christchurch City,Central Ward,-43.5312859,172.6450051,Entire home/apt,511.0,1.0,36,2026-02-13,2.13,147,146,26,,2026-02
1222966245866288499,Christchurch Airport Tiny House,49689552,Joseph,Christchurch City,Hornby Ward,-43.52256,172.53575,Entire home/apt,143.0,1.0,5,2026-01-01,0.28,1,315,3,,2026-01
1224861124176141142,Large townhouse. Lots of free parking!,37117323,Thomas,Christchurch City,Linwood Ward,-43.54169,172.65727,Entire home/apt,443.0,2.0,21,2026-02-28,1.15,1,338,8,,2026-02
1224943158323892998,Townhouse Close To Merivale. Off Street  Parking,72194360,Breidi,Christchurch City,Fendalton Ward,-43.50695,172.62289,Entire home/apt,326.0,2.0,47,2026-03-07,2.57,9,322,29,,2026-03
1225489971042916547,Apartment with great Views -Near Christchurch City,170103780,Nadia,Christchurch City,Cashmere Ward,-43.56541,172.64997,Entire home/apt,137.0,1.0,84,2026-03-20,4.76,1,286,60,,2026-03
1225512285414456230,Very tidy & city central place,314361752,Qaiser,Christchurch City,Central Ward,-43.52789,172.64771,Private room,113.0,1.0,34,2026-03-14,2.21,1,360,25,,2026-03
1226310425255128262,Peterborough Hideaway,81390838,Perfect Stays,Christchurch City,Central Ward,-43.52675,172.64212,Entire home/apt,846.0,2.0,13,2026-03-13,0.81,47,324,9,,2026-03
1226310652348871170,The City Sanctuary,81390838,Perfect Stays,Christchurch City,Central Ward,-43.52962,172.64002,Entire home/apt,536.0,2.0,18,2026-03-15,1.01,47,310,13,,2026-03
1226313744008101573,Stylish Central City townhouse Next to Little High,551181197,Paula Kat Charlotte,Christchurch City,Central Ward,-43.5366847,172.6407056,Entire home/apt,431.0,1.0,42,2026-03-09,2.24,188,213,27,,2026-03
1226408080670713829,"Spring special CBD, free parking",45768555,Hasslefree Accommodation,Christchurch City,Central Ward,-43.5321685,172.6422461,Entire home/apt,276.0,1.0,35,2026-02-17,1.9,65,277,14,,2026-02
1226557708323478638,Barrington Brickworks,43398377,Graham,Christchurch City,Spreydon Ward,-43.55603,172.61969,Entire home/apt,317.0,2.0,18,2026-02-28,1.01,4,107,7,,2026-02
1226762811313584229,CBD Studio on Wilmer Upper floor,43367626,Sharon,Christchurch City,Central Ward,-43.53735012634002,172.6322152465582,Entire home/apt,269.0,1.0,10,2025-01-21,0.53,16,70,0,,2025-01
1229217380798586033,Charming Studio for 2 in the Central City,551181197,Paula Kat Charlotte,Christchurch City,Central Ward,-43.53795,172.63213,Entire home/apt,185.0,1.0,51,2026-03-10,2.7,188,237,16,,2026-03
1230138255006797296,Nestled Above. Serenity & City Views - Sleeps 6,57706373,Brendon,Christchurch City,Cashmere Ward,-43.57185,172.6265,Entire home/apt,,1.0,25,2026-03-14,1.64,1,0,21,,2026-03
1230319285197741185,* Steps from the Arena â Modern Addington Stay,43367626,Sharon,Christchurch City,Spreydon Ward,-43.54622056342077,172.60682545602322,Entire home/apt,226.0,1.0,19,2026-02-10,1.08,16,93,9,,2026-02
1230956187963973491,Modern 2BR Apartment in Central Wilmer Street,331763232,Managed By Williams,Christchurch City,Central Ward,-43.5387,172.63078,Entire home/apt,198.0,2.0,29,2026-03-03,1.61,132,314,14,,2026-03
1230970456620746598,Elegant 2-Bedroom Stay on Wilmer Street,331763232,Managed By Williams,Christchurch City,Central Ward,-43.53972,172.63182,Entire home/apt,200.0,2.0,27,2026-02-13,1.51,132,8,15,,2026-02
1231520357780482394,New Farm - Akaroa Holiday Home,145244100,Bachcare,Christchurch City,Banks Peninsula Ward,-43.79614,172.97661,Entire home/apt,,2.0,4,2025-06-01,0.23,1417,364,1,,2025-06
1232250156895539710,"Cozy 2-Bed Near Westfield, Hagley Park & CBD",49642171,Lily-SimplyHost,Christchurch City,Riccarton Ward,-43.53386,172.59494,Entire home/apt,387.0,1.0,72,2026-03-14,4.07,95,247,47,,2026-03
1232729960826265002,Hilltop House with Ocean Views,131694130,Hannah,Christchurch City,Heathcote Ward,-43.56348174228088,172.72649916584965,Entire home/apt,134.0,2.0,77,2026-03-15,4.35,1,68,44,,2026-03
1232944219394792470,Santorini Sunset Haven,551181197,Paula Kat Charlotte,Christchurch City,Central Ward,-43.5386214,172.6325104,Entire home/apt,136.0,1.0,101,2026-03-09,5.75,188,242,77,,2026-03
1233011444616283509,Brand New Luxury 2 Bed 2 Baths Family Getaway,49642171,Lily-SimplyHost,Christchurch City,Fendalton Ward,-43.5129634,172.625209,Entire home/apt,329.0,1.0,12,2026-02-12,0.68,95,1,7,,2026-02
1233789352719468513,Brand New 2BR Near Northlands Mall & CBD,49642171,Lily-SimplyHost,Christchurch City,Papanui Ward,-43.49734,172.60466,Entire home/apt,262.0,1.0,13,2026-02-05,0.73,95,167,2,,2026-02
1234185272223359099,Bedroom by the Beach,274571372,Bailey,Christchurch City,Coastal Ward,-43.49278,172.72161,Private room,70.0,2.0,8,2026-03-04,0.48,1,86,3,,2026-03
1235274828170022996,"Getaway on Manchester Street - Carpark, Central",551181197,Paula Kat Charlotte,Christchurch City,Central Ward,-43.5281,172.63989,Entire home/apt,318.0,1.0,52,2026-03-05,2.87,188,237,31,,2026-03
1235302601362763288,Single Level Studio Escape on Wilmer St - Central,551181197,Paula Kat Charlotte,Christchurch City,Central Ward,-43.53805,172.63205,Entire home/apt,205.0,1.0,14,2025-11-30,0.76,188,225,2,,2025-11
1235618546202635230,Waterfront 2-Bedroom Harbour View Apartment,20665858,Adam,Christchurch City,Banks Peninsula Ward,-43.8097843,172.9613294,Entire home/apt,351.0,1.0,65,2025-11-21,4.03,20,312,28,,2025-11
1236015461950734152,Luxury Studio With Balcony - Close to Supermarket,551181197,Paula Kat Charlotte,Christchurch City,Central Ward,-43.53946,172.63232,Entire home/apt,146.0,1.0,48,2026-03-09,2.61,188,230,37,,2026-03
1236482084937769120,Convenient Family Home Near Airport And Uni.,599512542,Shoshana,Christchurch City,Waimairi Ward,-43.50951,172.56882,Entire home/apt,247.0,1.0,6,2026-01-03,0.39,1,118,3,,2026-01
1236681721404043315,CBD Quiet Upstairs Studio Apartment,222511430,Arran And Annie,Christchurch City,Central Ward,-43.53872,172.63558,Entire home/apt,240.0,1.0,2,2025-04-28,0.14,1,172,1,,2025-04
1236779934033284131,Cannon Hill E-scape,146373432,Lynda,Christchurch City,Heathcote Ward,-43.56232,172.71476,Entire home/apt,337.0,2.0,2,2025-02-26,0.11,5,84,0,,2025-02
1237188525302130764,Mersey Mews - Brand New 2 Bed Townhouse Near CBD.,43480334,Lucy,Christchurch City,Innes Ward,-43.50641546533082,172.63826205797756,Entire home/apt,297.0,1.0,51,2026-03-08,2.87,1,338,34,,2026-03
1237432198643511831,Heart of CHCH: Stylish 1 bdrm 2 bed apartment,597970593,Christa,Christchurch City,Central Ward,-43.5261163,172.6422883,Entire home/apt,155.0,1.0,108,2026-03-18,6.37,1,232,76,,2026-03
1237434641425771490,"City Comfort | Indoor Swimming Pool, Gym & Parking",682808597,Devon,Christchurch City,Central Ward,-43.52312,172.63311,Entire home/apt,319.0,1.0,52,2026-03-15,2.92,22,264,37,,2026-03
1237440453465323595,"Top Floor Oasis | Pool, Gym + Parking",682808597,Devon,Christchurch City,Central Ward,-43.52113,172.63264,Entire home/apt,319.0,1.0,48,2026-03-18,2.7,22,268,37,,2026-03
1237444599827361900,"Modern City Apartment w/ Pool, Gym, Free Parking",682808597,Devon,Christchurch City,Central Ward,-43.52251,172.63278,Entire home/apt,319.0,1.0,55,2026-03-01,3.05,22,267,40,,2026-03
1237450011632404092,Spacious 4BR Central Apartment w/ Pool & Parking,682808597,Devon,Christchurch City,Central Ward,-43.52259,172.63296,Entire home/apt,473.0,1.0,112,2026-03-15,6.06,22,220,86,,2026-03
1237454298561278822,"Chic City Escape | Sleeps 7 + Pool, Gym & 2 Parks",682808597,Devon,Christchurch City,Central Ward,-43.52231,172.63261,Entire home/apt,483.0,1.0,75,2026-03-16,4.14,22,243,52,,2026-03
1237458129629985716,Deluxe 4-Bedroom CBD Apartment with Pool & Parking,682808597,Devon,Christchurch City,Central Ward,-43.52249,172.63434,Entire home/apt,453.0,1.0,98,2026-03-14,5.49,22,239,67,,2026-03
1237461871144490811,"Prime Top-Floor Apartment, Pool, Gym, Walk to City",682808597,Devon,Christchurch City,Central Ward,-43.5215,172.63469,Entire home/apt,745.0,1.0,82,2026-03-17,4.54,22,236,58,,2026-03
1237469396003674646,"Stylish City Apartment, Gym, Pool + Parking",682808597,Devon,Christchurch City,Central Ward,-43.52146,172.63272,Entire home/apt,434.0,1.0,75,2026-03-17,4.17,22,248,50,,2026-03
1238064460701518987,Spacious Stay near Avon River w/ Carpark,551181197,Paula Kat Charlotte,Christchurch City,Central Ward,-43.5195555,172.6594498,Entire home/apt,304.0,1.0,24,2026-03-01,1.36,188,185,15,,2026-03
1238156060538750686,Urban comfort and parking near Avebury Park,551181197,Paula Kat Charlotte,Christchurch City,Central Ward,-43.5195555,172.6594498,Entire home/apt,296.0,1.0,21,2026-02-28,1.18,188,195,12,,2026-02
1238678824968905733,"Trendy Ground Floor Studio  - Central, Cafes",551181197,Paula Kat Charlotte,Christchurch City,Central Ward,-43.53795,172.63064,Entire home/apt,156.0,1.0,36,2026-02-13,1.96,188,235,11,,2026-02
1238861831029352701,"Modern 6BD Joined Homes, Carpark, Avon River",551181197,Paula Kat Charlotte,Christchurch City,Central Ward,-43.5195555,172.6594498,Entire home/apt,577.0,1.0,62,2026-02-23,3.95,188,182,52,,2026-02
1238901316488409116,Chic Studio in the Heart of Christchurch,551181197,Paula Kat Charlotte,Christchurch City,Central Ward,-43.5386495,172.6315049,Entire home/apt,186.0,1.0,19,2026-03-08,1.05,188,246,11,,2026-03
1238902076767199186,Modern 2-Bed 2-Bath CBD Apartment + Parking,49642171,Lily-SimplyHost,Christchurch City,Central Ward,-43.5261141,172.6337774,Entire home/apt,422.0,1.0,29,2026-03-07,1.66,95,317,9,,2026-03
1240227448260230441,Central City Apartment 'The Olive',182884666,Deborah,Christchurch City,Central Ward,-43.53100957537252,172.64437403529882,Entire home/apt,571.0,2.0,10,2025-12-04,0.61,1,148,3,,2025-12
1241359704320664791,Modern townhouse in amazing location + carpark,45172785,The MAC Property Team,Christchurch City,Central Ward,-43.5169058,172.6359035,Entire home/apt,281.0,1.0,204,2026-03-17,5.26,47,316,69,,2026-03
1241362289050096704,"Location, stunning new townhouse",45172785,The MAC Property Team,Christchurch City,Central Ward,-43.51684849999999,172.6359575,Entire home/apt,275.0,1.0,113,2026-03-15,6.31,47,292,76,,2026-03
1241368912811080729,Superb Location - 2bd + 2bth - Carpark Included,45172785,The MAC Property Team,Christchurch City,Central Ward,-43.5260972,172.6408548,Entire home/apt,285.0,1.0,174,2026-03-15,5.92,47,214,88,,2026-03
1241610430598268484,The Keep - Waimairi Beach,551181197,Paula Kat Charlotte,Christchurch City,Coastal Ward,-43.4787775,172.7202007,Entire home/apt,271.0,2.0,54,2026-02-04,3.01,188,256,34,,2026-02
1241664394924236526,Spacious Family Home in Peaceful Halswell,74811135,Maggie,Christchurch City,Halswell Ward,-43.56865,172.54163,Entire home/apt,349.0,1.0,62,2026-03-15,3.42,41,236,33,,2026-03
1241813744345801404,Modern 2Bed 2Bath in city centre,211195948,Jenny,Christchurch City,Central Ward,-43.5367,172.62565,Entire home/apt,236.0,1.0,99,2026-03-07,5.42,20,223,65,,2026-03
1242536186932055970,Brand New 2BR Home with Parking,147777927,Venu,Christchurch City,Linwood Ward,-43.5366477,172.6614565,Entire home/apt,265.0,1.0,42,2026-01-04,2.47,4,162,8,,2026-01
1243103804158737990,Bruce Waterfront Apartment 31,24205506,"Mayie, Judi And Karen At Bookahome",Christchurch City,Banks Peninsula Ward,-43.80827709726408,172.96009565091836,Entire home/apt,262.0,2.0,20,2026-03-07,1.17,83,125,13,,2026-03
1243138812553917733,Central City Heaven Spa,488268220,Martin Alejandro,Christchurch City,Central Ward,-43.52974,172.64509,Entire home/apt,250.0,1.0,84,2026-03-20,4.61,8,91,41,,2026-03
1245257931483690310,Charming & Central Retreat with parking,7573206,Debbie,Christchurch City,Central Ward,-43.52363,172.64319,Private room,86.0,3.0,67,2026-03-15,3.77,1,227,45,,2026-03
1245418435115870909,Little house with big views!,125024152,Jacinta And Marc,Christchurch City,Banks Peninsula Ward,-43.6017276,172.6915164,Entire home/apt,252.0,2.0,114,2026-03-21,6.26,1,223,81,,2026-03
1246562665159753415,"Protea Getaway,
City Center new luxury Apartment",651211728,Johann,Christchurch City,Central Ward,-43.5322026,172.6399268,Entire home/apt,251.0,1.0,34,2026-02-27,2.1,1,40,22,,2026-02
1246676192148580561,Riverside Retreat in Merivale,682808597,Devon,Christchurch City,Fendalton Ward,-43.52139,172.62117,Entire home/apt,425.0,1.0,81,2026-03-09,5.01,22,245,66,,2026-03
1246698277377606180,Hagley Haven,652290358,Joshua,Christchurch City,Riccarton Ward,-43.52849662125188,172.61170651163937,Entire home/apt,192.0,1.0,41,2026-02-27,2.5,1,252,24,,2026-02
1247472403510091793,"Family Reunion, Sports Group! 4BR Private Spacious",43367626,Sharon,Christchurch City,Halswell Ward,-43.56945774205247,172.55771085619926,Entire home/apt,502.0,1.0,34,2026-03-13,2.0,16,111,25,,2026-03
1248955778437216351,Cosy & Stylish 2BR Near CBD,49642171,Lily-SimplyHost,Christchurch City,Linwood Ward,-43.53903704787669,172.66405702447943,Entire home/apt,240.0,1.0,48,2026-02-22,2.8,95,219,21,,2026-02
1249045057341766236,Sunny smile,329509279,Yun-An,Christchurch City,Halswell Ward,-43.552887,172.5586704,Entire home/apt,338.0,1.0,25,2026-01-25,1.47,1,254,11,,2026-01
1249605370618808112,Cozy Family Haven by Waltham Pool,482671075,Care Property Stays,Christchurch City,Heathcote Ward,-43.551815188546925,172.64721620218364,Entire home/apt,266.0,1.0,31,2026-03-05,1.83,147,238,20,,2026-03
1250060735515306718,Character House By The Sea,95211040,Jo,Christchurch City,Heathcote Ward,-43.56165866001157,172.73758416050998,Entire home/apt,457.0,3.0,6,2026-03-15,0.39,2,271,2,,2026-03
1251183366517545704,"Private Room in Modern, Clean & Safe Townhouse",199848691,Wilfred,Christchurch City,Heathcote Ward,-43.54659,172.64967,Private room,59.0,28.0,0,,,1,234,0,,
1251198817352870889,Charming Comfort in a 1940âs Sumner Gem,251658353,Phoebe,Christchurch City,Heathcote Ward,-43.5746756,172.7587013,Entire home/apt,,7.0,3,2025-02-22,0.19,1,0,0,,2025-02
1251677149998724920,The Eve Apartment - OGB Suite,81390838,Perfect Stays,Christchurch City,Central Ward,-43.53133,172.63846,Entire home/apt,377.0,2.0,33,2026-03-07,1.96,47,249,27,,2026-03
1251769797777181412,Central of the City Cosy Home - Free Parking,584558161,Tiaki BnB,Christchurch City,Central Ward,-43.52553,172.63249,Entire home/apt,471.0,1.0,29,2026-02-28,1.64,8,166,20,,2026-02
1251872501117185044,Sunlit Sanctuary with Private Patio in Wigram,202585247,Ohana,Christchurch City,Halswell Ward,-43.5566022,172.5589218,Entire home/apt,385.0,1.0,63,2026-03-06,3.8,137,139,52,,2026-03
1251879748055141122,Simply City Zen,54012179,Bob,Christchurch City,Innes Ward,-43.51053267800998,172.63775752409785,Entire home/apt,343.0,2.0,6,2026-02-25,0.37,6,90,3,,2026-02
1251971271821187559,THE BIRD'S NEST - Secluded getaway!,59674136,Jo,Christchurch City,Heathcote Ward,-43.56204,172.66485,Entire home/apt,238.0,1.0,189,2026-03-20,10.54,1,285,108,,2026-03
1253190516988136077,Black Hut Retreat,100452974,Cheryl,Christchurch City,Heathcote Ward,-43.555366050820055,172.71729802839994,Entire home/apt,985.0,2.0,5,2026-02-19,0.35,1,310,2,,2026-02
1253402391409564101,Across from Stadium. 1bed. Office set up.,653922876,Majestic Stays,Christchurch City,Central Ward,-43.5318057,172.6438321,Entire home/apt,245.0,1.0,19,2025-12-19,1.07,3,230,7,,2025-12
1253916244728842669,Stylish 2 Bed 2 Bath Close to Shops and Parks,482671075,Care Property Stays,Christchurch City,Central Ward,-43.52854405046829,172.64366850314352,Entire home/apt,219.0,1.0,15,2026-01-20,1.0,147,260,9,,2026-01
1254585743997250257,Summer Fun | Free Secure Parking | Pool | Gym,45768555,Hasslefree Accommodation,Christchurch City,Central Ward,-43.521296,172.6462444,Entire home/apt,253.0,1.0,8,2026-02-12,0.5,65,322,5,,2026-02
1254641538177955272,Charming 3-Bedroom Retreat with Modern Comforts,482671075,Care Property Stays,Christchurch City,Linwood Ward,-43.54357,172.66373,Entire home/apt,,1.0,26,2026-03-08,1.5,147,268,20,,2026-03
1255669977204455014,#1 River view Guest House in New Brighton,136520408,Anny,Christchurch City,Coastal Ward,-43.51054833874505,172.72235596530373,Private room,72.0,1.0,24,2026-03-06,1.35,3,179,13,,2026-03
1256695690044237999,Bayview Beauty - Charteris Bay Holiday Home,145244100,Bachcare,Christchurch City,Banks Peninsula Ward,-43.640007680862944,172.71477349047106,Entire home/apt,,2.0,3,2026-02-07,0.21,1417,362,2,,2026-02
1256738139148386521,The Kind Kiwi. A brand new home in Riccarton,551181197,Paula Kat Charlotte,Christchurch City,Riccarton Ward,-43.53548,172.5886055,Entire home/apt,227.0,1.0,63,2026-03-06,3.53,188,207,45,,2026-03
1256874646319966460,Centrally located townhouse in the heart of Akaroa,99981707,Jo,Christchurch City,Banks Peninsula Ward,-43.809989771825855,172.96239014714956,Entire home/apt,380.0,2.0,39,2026-02-17,2.27,1,343,27,,2026-02
1257875577428084999,KÅ«kupa Taunga at Akaroa Lavender by Tiny Away,481232463,Tiny Away NZ,Christchurch City,Banks Peninsula Ward,-43.7462476,172.9373347,Entire home/apt,268.0,1.0,17,2026-03-14,0.99,97,359,4,,2026-03
1258266453336664483,Spacious Family Home -Sleeps 7-Near Airport & City,83232135,Emily,Christchurch City,Papanui Ward,-43.48271929999999,172.60702352820698,Entire home/apt,274.0,3.0,30,2026-02-26,1.78,1,194,16,,2026-02
1258273672130894441,Hawkesbury Executive Home,81390838,Perfect Stays,Christchurch City,Fendalton Ward,-43.50575,172.62716,Entire home/apt,594.0,2.0,5,2026-03-16,0.28,47,3,1,,2026-03
1258287379019870111,Cosy and close to the city,96519360,Brydie,Christchurch City,Central Ward,-43.5339875287827,172.66197030328982,Private room,77.0,1.0,45,2026-03-17,2.54,2,56,20,,2026-03
1258351713267393476,Wigram Escape: Minutes to NgÄ Puna Wai Sports Hub,551181197,Paula Kat Charlotte,Christchurch City,Halswell Ward,-43.5640237,172.5518264,Entire home/apt,160.0,1.0,32,2026-03-08,1.88,188,346,18,,2026-03
1259017415770731119,Lovely 2BR Home close to Center,542186568,Sharon,Christchurch City,Central Ward,-43.5302545,172.6582687,Entire home/apt,,1.0,62,2026-02-18,3.66,9,0,42,,2026-02
1259534637646034624,Family home for relaxing and fun,24209750,Phil,Christchurch City,Burwood Ward,-43.49372370789243,172.66602816763128,Entire home/apt,,2.0,4,2025-08-08,0.28,1,0,3,,2025-08
1259562742408697067,Sunny Queen size bedroom,655340092,Emily,Christchurch City,Central Ward,-43.51501,172.66116,Private room,98.0,3.0,6,2026-03-01,0.37,1,357,3,,2026-03
1259615297274201375,Modern Spacious Hillside Retreat with Scenic Views,74811135,Maggie,Christchurch City,Heathcote Ward,-43.56135379539843,172.7151178461591,Entire home/apt,314.0,1.0,73,2026-03-15,4.39,41,280,41,,2026-03
1259914154067158757,Modern 2-Bed Townhouse Close to City Attractions,49642171,Lily-SimplyHost,Christchurch City,Spreydon Ward,-43.55473160947835,172.60954141402112,Entire home/apt,262.0,1.0,16,2026-02-25,0.96,95,325,12,,2026-02
1260002701948134088,Spreydon Style | 2BR + Parking,49642171,Lily-SimplyHost,Christchurch City,Spreydon Ward,-43.55515742476391,172.60706323292,Entire home/apt,256.0,1.0,11,2026-02-18,0.66,95,336,10,,2026-02
1260206447619396319,Gloucester Grotto,111997739,Gabrielle,Christchurch City,Central Ward,-43.5300005,172.647451,Entire home/apt,503.0,2.0,0,,,2,273,0,,
1260358541707833669,City chic,39672975,Susan,Christchurch City,Central Ward,-43.5295526,172.6446809,Entire home/apt,183.0,2.0,33,2026-03-13,2.0,1,287,11,,2026-03
1262502977104510298,Fun relaxing home away from home,484074723,Emily,Christchurch City,Heathcote Ward,-43.5639207,172.6691455,Entire home/apt,401.0,6.0,2,2025-04-22,0.14,1,86,1,,2025-04
1262834371512010579,Brand New 3-Bed CBD Townhouse | 2-Car Garage,49642171,Lily-SimplyHost,Christchurch City,Central Ward,-43.5323,172.6404,Entire home/apt,454.0,1.0,24,2026-03-20,1.66,95,262,21,,2026-03
1264186987829708823,Black Bunker,656395599,Nick,Christchurch City,Heathcote Ward,-43.5761063,172.7750349,Entire home/apt,222.0,3.0,55,2026-03-19,3.42,1,325,42,,2026-03
1264737313499568022,Incredible luxury 3 floors,86216394,Min,Christchurch City,Central Ward,-43.53360771704917,172.6484024129679,Entire home/apt,,1.0,0,,,37,0,0,,
1265643560225251913,Storybook French Cottage in Akaroa. Pet friendly.,64593001,Shelley,Christchurch City,Banks Peninsula Ward,-43.801150710953735,172.97605901956558,Entire home/apt,252.0,1.0,62,2026-03-09,3.65,1,91,41,,2026-03
1265653416224892151,Fun funky beach house,367598181,Ruth,Christchurch City,Coastal Ward,-43.5477372,172.746651,Private room,92.0,2.0,14,2026-03-12,0.92,1,155,11,,2026-03
1266185072625199570,Traveller & Business Guest Suite,67564514,Gill,Christchurch City,Cashmere Ward,-43.56437609781709,172.6396558585457,Entire home/apt,125.0,1.0,174,2026-03-21,10.18,1,205,126,,2026-03
1266859586571763509,Bright & Stylish 2BR Near Addington Park,551181197,Paula Kat Charlotte,Christchurch City,Spreydon Ward,-43.5467982,172.6073638,Entire home/apt,265.0,1.0,61,2026-02-15,3.55,188,241,32,,2026-02
1267135241648958968,The Cottage at Greystones,119195642,Millie,Christchurch City,Harewood Ward,-43.50161937991331,172.43337500975144,Entire home/apt,149.0,1.0,34,2026-03-13,2.11,2,218,27,,2026-03
1267145957641608513,Zion House|Modern & Cozy|near Airport|free parking,51956035,Stella,Christchurch City,Waimairi Ward,-43.5092,172.56363,Entire home/apt,220.0,1.0,150,2026-03-15,8.98,1,277,114,,2026-03
1267585931400180700,At the head of Akaroa Harbour,191584754,Kathryn,Christchurch City,Banks Peninsula Ward,-43.755343512285,172.944421400829,Entire home/apt,371.0,2.0,7,2026-02-28,0.47,2,175,5,,2026-02
1267757500940681589,Oma's Cottage,73997354,Anna,Christchurch City,Linwood Ward,-43.555176462155664,172.68524935847938,Entire home/apt,138.0,1.0,128,2026-03-15,8.03,1,121,91,,2026-03
1268242711996437990,Spacious 4 Bedrooms Home for large Families,589921932,Kelly,Christchurch City,Halswell Ward,-43.5901867,172.5801246,Entire home/apt,400.0,2.0,7,2026-02-21,2.5,1,267,7,,2026-02
1269008285232798525,Brand New 3BR home opposite to UC,542186568,Sharon,Christchurch City,Fendalton Ward,-43.5207314,172.5849414,Entire home/apt,251.0,1.0,83,2026-03-07,5.16,9,207,54,,2026-03
1269103559549577036,Urban Escape | Winter Specials + Prime Location,24205506,"Mayie, Judi And Karen At Bookahome",Christchurch City,Central Ward,-43.52221,172.64267,Entire home/apt,224.0,2.0,20,2026-02-28,1.24,83,206,17,,2026-02
1269204637183950590,Charming Home in Prime Location,167831291,Joanne,Christchurch City,Innes Ward,-43.50337,172.63194,Entire home/apt,562.0,4.0,5,2026-01-19,0.34,1,15,3,,2026-01
1269849619553601040,Cosy Studio Escape in Wilmer,482671075,Care Property Stays,Christchurch City,Central Ward,-43.5386214,172.6325104,Entire home/apt,146.0,1.0,86,2026-03-04,5.03,147,241,71,,2026-03
1270538833508288358,Studio near Hospital with Balcony,482671075,Care Property Stays,Christchurch City,Central Ward,-43.5386106,172.6315744,Entire home/apt,175.0,1.0,64,2026-03-09,3.76,147,238,51,,2026-03
1270593837281972114,Alpha Eco Trip One-Bedroom House,179297759,Peng,Christchurch City,Riccarton Ward,-43.5385502,172.5789156,Entire home/apt,167.0,1.0,0,,,19,365,0,,
1270600741927323037,Alpha Eco Trip Two-Bedroom House,179297759,Peng,Christchurch City,Riccarton Ward,-43.5385502,172.5789156,Entire home/apt,260.0,1.0,0,,,19,364,0,,
1270601791976192291,Luxury Private Apartment Strowan,17608003,The Polson Family,Christchurch City,Fendalton Ward,-43.50950425610945,172.6052613976149,Entire home/apt,257.0,1.0,9,2026-03-16,0.56,1,75,6,,2026-03
1271263818134927460,Dyers retreat,25373256,Wayne,Christchurch City,Cashmere Ward,-43.57012012167574,172.62963602124898,Entire home/apt,257.0,2.0,0,,,3,345,0,,
1271355594550288449,Stylish 3-Level Townhouse | 2BR+2BA | Walk to CBD,501222894,Marilyn,Christchurch City,Central Ward,-43.52526636966717,172.64576626326956,Entire home/apt,326.0,1.0,66,2026-03-06,3.93,5,342,34,,2026-03
1271408285770853501,Dyers pass house,25373256,Wayne,Christchurch City,Cashmere Ward,-43.57145959050328,172.6309416882019,Entire home/apt,567.0,2.0,18,2026-03-20,1.09,3,335,12,,2026-03
1271509900056771029,Beautiful studio near everything,131734373,Alicia,Christchurch City,Spreydon Ward,-43.56147,172.58342,Entire home/apt,201.0,1.0,38,2026-02-15,2.24,10,305,16,,2026-02
1271891266196298806,Parkside Comfort â 2BR l Guest Favourite,49642171,Lily-SimplyHost,Christchurch City,Riccarton Ward,-43.53619600594249,172.58538953692496,Entire home/apt,304.0,1.0,15,2026-02-15,0.93,95,323,11,,2026-02
1271953888292905097,Grand Hotel & Bar Akaroa - King Twin En-Suite,599729683,Grand Hotel Akaroa,Christchurch City,Banks Peninsula Ward,-43.79961870439148,172.9692871292172,Private room,239.0,1.0,4,2026-02-23,0.28,6,352,3,,2026-02
1271971778371254681,The boat shed,28958504,Dan & Mary,Christchurch City,Banks Peninsula Ward,-43.6182023,172.6568574,Entire home/apt,140.0,2.0,35,2026-03-07,2.1,1,76,21,,2026-03
1271984807547129881,Grand Hotel & Bar Akaroa - King Room En-Suite,599729683,Grand Hotel Akaroa,Christchurch City,Banks Peninsula Ward,-43.80146372504731,172.97047839577397,Private room,209.0,1.0,6,2026-02-15,0.43,6,355,4,,2026-02
1271985841021365629,Inviting & Comfortable Upper Studio in Wilmer,551181197,Paula Kat Charlotte,Christchurch City,Central Ward,-43.5386214,172.6325104,Entire home/apt,162.0,1.0,15,2026-02-23,0.89,188,237,11,,2026-02
1271995831970325855,Grand Hotel & Akaroa - Queen Room En-Suite,599729683,Grand Hotel Akaroa,Christchurch City,Banks Peninsula Ward,-43.80167172664381,172.97067882185712,Private room,199.0,1.0,3,2026-02-08,0.18,6,350,1,,2026-02
1272021990647608084,"Family Home with Spa, Office, BBQ, & EV Charging",658162740,Dr Waqas,Christchurch City,Hornby Ward,-43.55512708102582,172.52816619961882,Entire home/apt,264.0,60.0,11,2025-11-15,0.7,1,293,4,,2025-11
1272718399011169311,Grand Hotel & Bar Akaroa - Triple Room En-suite,599729683,Grand Hotel Akaroa,Christchurch City,Banks Peninsula Ward,-43.799554442635696,172.96998607185148,Private room,239.0,1.0,2,2025-12-30,0.2,6,350,2,,2025-12
1272779470574983392,Charteris Coastal Retreat,495642560,Luke,Christchurch City,Banks Peninsula Ward,-43.65497,172.70025,Entire home/apt,742.0,2.0,2,2026-02-08,1.36,1,87,2,,2026-02
1272983809552211218,"2BR Townhouse, Riccarton Mall, Hagley Park",551181197,Paula Kat Charlotte,Christchurch City,Riccarton Ward,-43.5314557607224,172.5998416372516,Entire home/apt,249.0,1.0,55,2026-03-04,3.3,188,209,39,,2026-03
1273649270556094008,"Beachside Townhouse, 1 Bedroom",537639282,Judith,Christchurch City,Coastal Ward,-43.50994,172.73076,Entire home/apt,249.0,1.0,6,2025-10-02,0.39,4,4,2,,2025-10
1274393895095033776,Charming Inner-City Townhouse with Carpark!,505422467,William Richard,Christchurch City,Central Ward,-43.5330051,172.6401979,Entire home/apt,254.0,2.0,1,2025-01-02,0.07,1,146,0,,2025-01
1274872392612788788,Westmorland Hilltop Retreat,74811135,Maggie,Christchurch City,Halswell Ward,-43.581238858576896,172.5999784429056,Entire home/apt,222.0,1.0,17,2026-03-19,1.22,41,325,11,,2026-03
1274911044241650949,Modern Villa,43535607,Niko,Christchurch City,Innes Ward,-43.50947372690499,172.65465192642515,Private room,60.0,1.0,25,2025-12-17,1.83,1,281,17,,2025-12
1274948169906566282,3 bed home with pool table near Westfield Mall,551181197,Paula Kat Charlotte,Christchurch City,Riccarton Ward,-43.5329868,172.5930591,Entire home/apt,292.0,1.0,47,2026-03-07,3.03,188,187,40,,2026-03
1274968494415668798,single room 10 mins nearby the airport,77196518,Jill,Christchurch City,Hornby Ward,-43.533122767505326,172.52288854231324,Private room,64.0,1.0,32,2026-03-19,1.94,4,350,17,,2026-03
1276328304584483823,Redwood Retreat,659129803,Jules & Mark,Christchurch City,Papanui Ward,-43.4785405,172.6129199,Private room,155.0,1.0,86,2026-03-16,5.31,1,243,58,,2026-03
1276929563546348578,Halswell 2 bedrooms Retreat,655394846,Bridget,Christchurch City,Halswell Ward,-43.573687,172.5849974,Entire home/apt,174.0,1.0,48,2026-03-14,2.83,1,178,27,,2026-03
1277090859368096423,Repose x Head Of The Bay Stay,460622795,Jack,Christchurch City,Banks Peninsula Ward,-43.66440582143249,172.67623576337698,Entire home/apt,157.0,2.0,26,2026-03-09,1.59,3,12,21,,2026-03
1277106501619193453,Luxury And Serene 2 Bed Near CBD With Parking.,49642171,Lily-SimplyHost,Christchurch City,Innes Ward,-43.50887725929177,172.65131988298631,Entire home/apt,286.0,2.0,22,2026-01-30,1.34,95,297,10,,2026-01
1277369390441388419,Spacious 4-Bedroom Family Home!,586798345,Sara,Christchurch City,Riccarton Ward,-43.51878325568993,172.5720306953272,Entire home/apt,,3.0,7,2026-02-12,0.54,1,0,6,,2026-02
1277917115508682073,BnB 2 Rooms upstairs near Christchurch Airport,250552000,Sreela,Christchurch City,Harewood Ward,-43.45269308740136,172.61732278761832,Private room,172.0,1.0,15,2026-02-14,0.94,2,22,12,,2026-02
1278611895464732910,Somerfield Studio Retreat,23277050,Joy,Christchurch City,Cashmere Ward,-43.56693250333856,172.61713338160487,Entire home/apt,155.0,1.0,26,2026-03-15,1.71,1,358,14,,2026-03
1279120480492923460,Stylish Riccarton 3BR Townhouse | Walk to Mall,24205506,"Mayie, Judi And Karen At Bookahome",Christchurch City,Riccarton Ward,-43.53283,172.59902,Entire home/apt,273.0,2.0,10,2026-01-25,0.66,83,211,5,,2026-01
1279376999966221865,Discover Central City: 4 Bed Retreat,482671075,Care Property Stays,Christchurch City,Central Ward,-43.53228204730403,172.6447432619524,Entire home/apt,536.0,1.0,23,2026-03-07,1.58,147,175,21,,2026-03
1279433437578141845,Central & Stylish Includes Free Secure Parking,24205506,"Mayie, Judi And Karen At Bookahome",Christchurch City,Central Ward,-43.532014195405225,172.64632585268487,Entire home/apt,245.0,2.0,36,2026-02-28,2.23,83,309,28,,2026-02
1279876833535113246,Central city home with carpark sleeps 5,551181197,Paula Kat Charlotte,Christchurch City,Central Ward,-43.5327342,172.6499711,Entire home/apt,288.0,1.0,7,2025-08-20,0.42,188,255,2,,2025-08
1279925285982766248,6 Guests Family Home 7 Minutes to Airport,86216394,Min,Christchurch City,Waimairi Ward,-43.51581,172.56005,Entire home/apt,280.0,1.0,79,2026-03-08,4.82,37,137,59,,2026-03
1279993099137126158,Garden City Getaway 4 Bed + Sofa Beds,482671075,Care Property Stays,Christchurch City,Central Ward,-43.53050935301534,172.64613303399275,Entire home/apt,580.0,1.0,13,2026-02-24,0.79,147,182,9,,2026-02
1280068706353443031,Large Family Home Near The Landing,551181197,Paula Kat Charlotte,Christchurch City,Halswell Ward,-43.5610302,172.5409747,Entire home/apt,269.0,1.0,77,2026-03-05,4.63,188,229,56,,2026-03
1280090330590159753,Cashel Haven & Modern 4 beds 4 Bath Townhouses,482671075,Care Property Stays,Christchurch City,Central Ward,-43.53419691499316,172.6506266265231,Entire home/apt,431.0,1.0,12,2026-01-20,1.01,147,238,12,,2026-01
1280141530192942178,Charming 3 Bedroom Escape with Carpark,551181197,Paula Kat Charlotte,Christchurch City,Central Ward,-43.5170436,172.6392809,Entire home/apt,353.0,1.0,50,2026-03-01,3.04,188,237,37,,2026-03
1280581319682245474,Panoramic Perfection,64594082,Martin,Christchurch City,Heathcote Ward,-43.568806952730256,172.75229304105568,Entire home/apt,376.0,5.0,18,2026-02-25,1.11,1,109,12,,2026-02
1280757633294876729,#3 Timber House in New Brighton,136520408,Anny,Christchurch City,Coastal Ward,-43.50880430179557,172.7223306008745,Private room,74.0,1.0,16,2026-02-05,1.03,3,176,7,,2026-02
1280763454636782763,Ultimate Christchurch Escape: 4-Bed 4-Bath Carpark,482671075,Care Property Stays,Christchurch City,Central Ward,-43.5373554449877,172.64140092247777,Entire home/apt,468.0,1.0,18,2026-03-06,2.56,147,186,18,,2026-03
1281411573831034460,Urban Retreat: Modern Studio in Central City,56776059,Guadalupe,Christchurch City,Central Ward,-43.53900332179513,172.6356739550829,Entire home/apt,165.0,1.0,172,2026-03-18,10.64,1,157,121,,2026-03
1281479104819801085,The perfect Christchurch Escapeï¼,660256988,Cynthia,Christchurch City,Riccarton Ward,-43.534358124409295,172.60468828937036,Entire home/apt,344.0,1.0,116,2026-03-17,7.06,1,13,83,,2026-03
1282387924102260926,Cheap room beside golf course,186382574,Wayne,Christchurch City,Burwood Ward,-43.50549,172.69958,Private room,65.0,2.0,49,2026-03-18,2.98,3,112,36,,2026-03
1282422245269327774,Modern CBD 3-BRM Townhouse|3 Ensuites|Free Carpark,43367626,Sharon,Christchurch City,Central Ward,-43.5321361,172.6478268,Entire home/apt,354.0,1.0,30,2026-02-28,1.83,16,118,12,,2026-02
1284308486618081664,affordable convienent location,178727740,Viki,Christchurch City,Riccarton Ward,-43.53431179318313,172.60257865556065,Private room,,2.0,0,,,2,0,0,,
1284946565159566484,Spacious and centrally located,22509852,Alicja,Christchurch City,Cashmere Ward,-43.554131,172.632789,Private room,92.0,2.0,7,2026-02-17,0.53,1,159,3,,2026-02
1285456776560220556,Belfast Escape â Modern Home Near the Airport,261760721,Kavinda,Christchurch City,Harewood Ward,-43.44061701107155,172.6339439097092,Private room,126.0,1.0,17,2026-03-13,1.11,3,364,13,,2026-03
1285779338142572407,Mid-century home by the hills,10570992,Alice,Christchurch City,Heathcote Ward,-43.5791804,172.7605532,Entire home/apt,,3.0,0,,,1,349,0,,
1285792924279334357,Cosy on Colombo,117375097,Daniel,Christchurch City,Heathcote Ward,-43.554009750917125,172.63701126931153,Private room,72.0,1.0,58,2026-02-28,3.62,1,86,38,,2026-02
1286311620520627410,Wow! The view is stunning.,135770159,Diane,Christchurch City,Banks Peninsula Ward,-43.62251569721373,172.6464136595219,Entire home/apt,174.0,2.0,20,2026-03-09,1.22,1,330,15,,2026-03
1287230675524680804,Sydenham sanctuary,2269995,Bridgette,Christchurch City,Heathcote Ward,-43.55202965112118,172.64544931134188,Entire home/apt,228.0,5.0,17,2026-02-28,1.11,1,111,6,,2026-02
1287990443508511523,CBD Luxury | King Bed + Parking l Guest favourite,49642171,Lily-SimplyHost,Christchurch City,Central Ward,-43.52793124900879,172.63925807238115,Entire home/apt,297.0,1.0,21,2026-03-06,1.31,95,234,16,,2026-03
1288148849284910546,The Sea-nic Place,353482567,Denise,Christchurch City,Coastal Ward,-43.50043863084985,172.72758452098,Private room,149.0,1.0,51,2026-03-13,3.21,1,296,29,,2026-03
1288174813595484817,Amazing Central City Location: 3bd + 2bth,45172785,The MAC Property Team,Christchurch City,Central Ward,-43.5311938,172.6481437,Entire home/apt,397.0,1.0,103,2026-03-06,6.37,47,248,75,,2026-03
1288589105012850165,Stylish Studio In the City Centre,551181197,Paula Kat Charlotte,Christchurch City,Central Ward,-43.5390343,172.6352557,Entire home/apt,169.0,1.0,50,2026-03-10,3.1,188,77,31,,2026-03
1288668073969548216,Urban Studio Escape Central City,551181197,Paula Kat Charlotte,Christchurch City,Central Ward,-43.5392668,172.6349548,Entire home/apt,186.0,1.0,21,2025-11-20,1.28,188,269,7,,2025-11
1289263607163688993,Redcliffs Treehouse,149767064,David,Christchurch City,Heathcote Ward,-43.5659335,172.7343454,Entire home/apt,,2.0,12,2026-03-21,0.8,1,0,7,,2026-03
1289423259952490542,Graceful Stay 3BR beside UC,542186568,Sharon,Christchurch City,Fendalton Ward,-43.5207314,172.5849414,Entire home/apt,277.0,1.0,90,2026-03-05,5.57,9,233,74,,2026-03
1289482711566422259,KÅ«kupa Matairangi at Akaroa Lavender,30174761,Akaroa Lavender,Christchurch City,Banks Peninsula Ward,-43.74664267760413,172.9369067538849,Entire home/apt,557.0,1.0,7,2026-02-17,0.54,2,358,5,,2026-02
1289482913781028901,Lavender Cottage at Akaroa Lavender,30174761,Akaroa Lavender,Christchurch City,Banks Peninsula Ward,-43.74509619663165,172.93798326402273,Entire home/apt,381.0,2.0,0,,,2,232,0,,
1289499394296943880,Akaroa Oceanview Home,81390838,Perfect Stays,Christchurch City,Banks Peninsula Ward,-43.813317987242776,172.95525773264177,Entire home/apt,413.0,2.0,27,2026-01-30,1.66,47,157,19,,2026-01
1289578941931220496,Coastal Comfort: Spacious 3BR Getaway in Redcliffs,551181197,Paula Kat Charlotte,Christchurch City,Heathcote Ward,-43.5631728,172.7367477,Entire home/apt,294.0,1.0,19,2026-03-06,1.18,188,254,13,,2026-03
1290836826714308210,Harbour View 3-Bedroom Retreat,20665858,Adam,Christchurch City,Banks Peninsula Ward,-43.7596192,172.945332,Entire home/apt,411.0,1.0,30,2026-02-14,2.06,20,344,23,,2026-02
1290860787845700041,Whare iti on Johns.,82159480,Rebecca,Christchurch City,Harewood Ward,-43.4613509,172.5867198,Entire home/apt,245.0,1.0,58,2026-02-28,4.26,1,7,48,,2026-02
1291141104050673751,"Luxury 5BR Villa: BBQ, Hot Tub, Dining, Golf",202585247,Ohana,Christchurch City,Hornby Ward,-43.520077,172.5082745,Entire home/apt,688.0,1.0,72,2026-03-15,4.69,137,17,54,,2026-03
1291425420035701207,Groups wanted CHCH CBD 3bed 3 bath with garage,365360819,Chao,Christchurch City,Central Ward,-43.5205856,172.6496382,Entire home/apt,320.0,1.0,15,2026-01-23,1.05,11,20,14,,2026-01
1291518119827025286,"Spacious Studio Suite, Private location",271945445,Kris,Christchurch City,Harewood Ward,-43.44560052587537,172.63195758255665,Entire home/apt,252.0,1.0,21,2026-03-14,1.4,1,152,16,,2026-03
1291521865463376119,Luxury 2Bed2Bath Standalone Home With Parking,49642171,Lily-SimplyHost,Christchurch City,Fendalton Ward,-43.50647251370193,172.62318327679066,Entire home/apt,297.0,1.0,27,2026-03-07,1.69,95,316,19,,2026-03
1292263758806777818,The Family Quad,573074023,Drifter,Christchurch City,Central Ward,-43.53379303297666,172.6384355024,Private room,234.0,1.0,1,2026-02-14,0.81,11,341,1,,2026-02
1292263759916427397,Superior Twin Ensuite in City Centre,573074023,Drifter,Christchurch City,Central Ward,-43.53533040020803,172.63967613178244,Private room,231.0,1.0,1,2025-06-30,0.11,11,319,1,,2025-06
1292319155689346720,Quite and Cozy Double Bedroom,662706872,Pratik,Christchurch City,Halswell Ward,-43.5684663,172.5424887,Private room,56.0,1.0,37,2026-03-04,2.49,3,358,33,,2026-03
1292510629739359819,Urban Oasis Central Christchurch - parking,256933781,Kelly,Christchurch City,Central Ward,-43.523963,172.6429593,Entire home/apt,369.0,1.0,32,2026-01-22,2.06,1,81,24,,2026-01
1292546632781932856,Modern 5 bdrm House perfect for groups & families,522470829,Vicky,Christchurch City,Harewood Ward,-43.47083169763378,172.57265143096447,Entire home/apt,520.0,1.0,14,2026-02-22,2.37,1,159,14,,2026-02
1292549038085439498,Your Home in Christchurch,162838353,Syed,Christchurch City,Papanui Ward,-43.47667970265973,172.62373902490305,Private room,86.0,1.0,2,2024-11-23,0.12,3,364,0,,2024-11
1292950395823945818,Bay View Family Retreat,20665858,Adam,Christchurch City,Banks Peninsula Ward,-43.7574008,172.9438832,Entire home/apt,360.0,1.0,31,2026-02-15,2.03,20,352,16,,2026-02
1293734730735133300,Top Floor Apartment in City Central Sunny Balcony,86216394,Min,Christchurch City,Central Ward,-43.52952,172.6405,Entire home/apt,292.0,1.0,19,2026-02-26,1.72,37,120,19,,2026-02
1293760870025781314,Rooms at iris sphere æ¥äºå±,235950309,Shizheng,Christchurch City,Halswell Ward,-43.58327644336286,172.59958104973757,Private room,116.0,1.0,24,2026-03-03,1.49,2,168,13,,2026-03
1293783901245797014,Elegant 4-Bedroom Townhouses in Vibrant CBD,482671075,Care Property Stays,Christchurch City,Central Ward,-43.53581020979104,172.6328421633099,Entire home/apt,542.0,1.0,22,2026-02-17,1.42,147,220,20,,2026-02
1294437463164638196,Private room with ensuite and living area,130651541,Alla Sergeevna,Christchurch City,Spreydon Ward,-43.56810341457293,172.59139788701395,Private room,97.0,2.0,4,2026-03-02,0.25,1,362,1,,2026-03
1294545597621314780,Berry Delight - Christchurch Holiday Home,145244100,Bachcare,Christchurch City,Central Ward,-43.516352033294446,172.63231541497586,Entire home/apt,,2.0,6,2026-03-12,0.46,1417,365,5,,2026-03
1295441582131704241,Cozy City Studio â Bath Street Escape,331763232,Managed By Williams,Christchurch City,Central Ward,-43.53969770955626,172.6338076255217,Entire home/apt,189.0,2.0,18,2026-01-20,1.13,132,177,12,,2026-01
1295957381256428178,Metro Escape Studio across South City Mall,551181197,Paula Kat Charlotte,Christchurch City,Central Ward,-43.5392668,172.6349548,Entire home/apt,290.0,1.0,29,2026-02-01,1.82,188,250,19,,2026-02
1296543297720263718,Charming Studio with desk space near South City,551181197,Paula Kat Charlotte,Christchurch City,Central Ward,-43.5392668,172.6349548,Entire home/apt,183.0,1.0,28,2026-02-11,1.75,188,253,15,,2026-02
1296559134948281893,Spacious Ground-Level Studio in Central Location,551181197,Paula Kat Charlotte,Christchurch City,Central Ward,-43.5392668,172.6349548,Entire home/apt,187.0,1.0,88,2026-03-10,5.53,188,242,64,,2026-03
1296623720643412700,Modern 2BR by Westfield Mall + Free Parking,49642171,Lily-SimplyHost,Christchurch City,Riccarton Ward,-43.53092924429115,172.5931566350417,Entire home/apt,262.0,1.0,44,2026-03-12,2.78,95,286,40,,2026-03
1296842241519010281,298 Home @ Christchurch central,248111275,Winnie,Christchurch City,Central Ward,-43.5299641,172.6458587,Entire home/apt,400.0,1.0,3,2025-09-14,0.2,2,144,1,,2025-09
1297277813673972693,"Tranquil 3 Bed Minutes To CBD And Arena, Sleeps 7",49642171,Lily-SimplyHost,Christchurch City,Spreydon Ward,-43.55154993834802,172.60530784210928,Entire home/apt,285.0,1.0,25,2026-02-19,1.66,95,332,22,,2026-02
1297571635448220634,Cozy bedroom piece and quite,378380785,Adorable House,Christchurch City,Halswell Ward,-43.57158312242351,172.54244054047504,Private room,56.0,1.0,48,2026-03-13,3.0,1,170,5,,2026-03
1297992375044197634,Bright & Modern Studio on Bath Street,331763232,Managed By Williams,Christchurch City,Central Ward,-43.53824032186571,172.6354827763904,Entire home/apt,208.0,1.0,17,2026-02-23,1.08,132,187,12,,2026-02
1298017081029810523,Cosy home 3BR close to UC,542186568,Sharon,Christchurch City,Fendalton Ward,-43.5207314,172.5849414,Entire home/apt,,1.0,100,2026-02-22,6.93,9,0,88,,2026-02
1298105204060287604,Cosy 2 Bed Single Level Home Near Westfield/CBD,664001020,Lilly,Christchurch City,Riccarton Ward,-43.53664002574392,172.5977861273676,Entire home/apt,250.0,1.0,74,2026-03-15,4.86,1,260,64,,2026-03
1298200643215909720,Forest View - Spacious & private full home retreat,77653030,Shayna,Christchurch City,Banks Peninsula Ward,-43.772718245767614,172.78269522749258,Entire home/apt,398.0,2.0,13,2026-03-07,0.87,1,337,6,,2026-03
1298296763838190832,Bay views and birdsong,257644040,Celyn,Christchurch City,Banks Peninsula Ward,-43.75671,172.94447,Entire home/apt,354.0,3.0,4,2026-01-02,0.27,1,76,3,,2026-01
1298333130899735552,A Family Stay in Christchurch,162838353,Syed,Christchurch City,Papanui Ward,-43.47711812106554,172.62461804369767,Private room,110.0,1.0,0,,,3,364,0,,
1298341905254050005,Comfortable Stay in Christchurch,162838353,Syed,Christchurch City,Papanui Ward,-43.47818898072866,172.62482497221637,Private room,86.0,5.0,0,,,3,90,0,,
1298757650711306247,"CBD Living, private, stand alone",30987547,Patrick Arthur Hume,Christchurch City,Central Ward,-43.52707179999999,172.6465011,Entire home/apt,217.0,1.0,77,2026-03-02,5.46,1,188,58,,2026-03
1298764837953828661,Families and Groups Chch Airport Spa Pool,551181197,Paula Kat Charlotte,Christchurch City,Harewood Ward,-43.4782407,172.5569682,Entire home/apt,588.0,1.0,29,2026-03-01,1.83,188,70,21,,2026-03
1298820646779802436,Walk to Canterbury Uni has own private car park,482671075,Care Property Stays,Christchurch City,Fendalton Ward,-43.52062,172.58511,Entire home/apt,294.0,1.0,51,2026-03-04,3.37,147,89,44,,2026-03
1298822726666562211,Relax Central City Studio South City Mall,482671075,Care Property Stays,Christchurch City,Central Ward,-43.53920103581007,172.63554088413088,Entire home/apt,193.0,1.0,58,2026-03-06,3.8,147,237,42,,2026-03
1298825819572982521,Mountain vistas over the city,57221522,Rufus,Christchurch City,Cashmere Ward,-43.56334,172.66344,Entire home/apt,400.0,2.0,8,2026-01-25,0.53,1,90,3,,2026-01
1298854937185431298,Central Convenience: Stroll to Bars and Eateries,551181197,Paula Kat Charlotte,Christchurch City,Central Ward,-43.5264274,172.646713,Entire home/apt,257.0,1.0,54,2026-03-07,3.4,188,219,47,,2026-03
1298916768631205714,no. 7 Private Single Room in Detached Sleepout,105265867,Andrew,Christchurch City,Riccarton Ward,-43.53842927046252,172.56994687858537,Private room,64.0,2.0,19,2026-03-01,1.29,8,270,14,,2026-03
1299045571486563883,Chic Urban Nook â Bath Street Apartment,331763232,Managed By Williams,Christchurch City,Central Ward,-43.54011847690983,172.63547652215047,Entire home/apt,184.0,2.0,14,2026-01-21,0.88,132,197,7,,2026-01
1299168997740935123,Cosy Room Christchurch Central,664228788,Xuemei,Christchurch City,Central Ward,-43.534779,172.6606091,Private room,74.0,1.0,67,2026-03-16,4.52,1,346,48,,2026-03
1299436869218570363,Elegant Studio Living Near City Centre,551181197,Paula Kat Charlotte,Christchurch City,Central Ward,-43.5392668,172.6349548,Entire home/apt,161.0,1.0,21,2026-01-20,1.32,188,265,12,,2026-01
1299499224449114784,Bright and Inviting Studio Near South City Mall,551181197,Paula Kat Charlotte,Christchurch City,Central Ward,-43.53909651908395,172.63540590370482,Entire home/apt,210.0,1.0,34,2026-02-20,2.15,188,270,27,,2026-02
1299512103027805833,2 Bedrooms Modern Home Near airport,261760721,Kavinda,Christchurch City,Innes Ward,-43.441754,172.6352391,Private room,194.0,1.0,2,2026-02-08,0.14,3,362,1,,2026-02
1299524731580097444,Exclusive Studio Retreat close to South City Mall,551181197,Paula Kat Charlotte,Christchurch City,Central Ward,-43.5392668,172.6349548,Entire home/apt,192.0,1.0,25,2026-03-02,1.6,188,253,17,,2026-03
1299565861364810738,Light-Filled Studio Close to South City Mall,551181197,Paula Kat Charlotte,Christchurch City,Central Ward,-43.5392668,172.6349548,Entire home/apt,187.0,1.0,3,2025-02-25,0.19,188,254,0,,2025-02
1299592624480554260,Sanctuary in St Albans: Chic 2-Bedroom Retreat,551181197,Paula Kat Charlotte,Christchurch City,Fendalton Ward,-43.5129634,172.625209,Entire home/apt,225.0,1.0,27,2026-02-28,2.09,188,244,25,,2026-02
1300263021173295780,Bright Cityside 4BR Sunlit Balcony at Tuam St,482671075,Care Property Stays,Christchurch City,Central Ward,-43.5367072546429,172.63121247036452,Entire home/apt,531.0,1.0,29,2026-03-07,2.3,147,222,28,,2026-03
1300268306440922784,Prime Family 4 Bedroom Retreat Near Stadium & Cafe,551181197,Paula Kat Charlotte,Christchurch City,Central Ward,-43.5360637,172.6485723,Entire home/apt,503.0,1.0,6,2025-09-06,0.47,188,240,4,,2025-09
1300291425631390650,Home in Fendalton,146831113,Tracey,Christchurch City,Fendalton Ward,-43.50963625407333,172.59461811472872,Entire home/apt,,1.0,1,2025-01-12,0.07,1,0,0,,2025-01
1300312004097829413,"Central City, Stylish Studio Living",482671075,Care Property Stays,Christchurch City,Central Ward,-43.538008644440296,172.6362209520908,Entire home/apt,186.0,1.0,115,2026-03-08,7.39,147,250,83,,2026-03
1300417823818401975,Central City Apartment with Lift Access,482671075,Care Property Stays,Christchurch City,Central Ward,-43.52956851517966,172.64255425450045,Entire home/apt,304.0,1.0,47,2026-03-08,3.18,147,232,37,,2026-03
1300495319068818326,Studio with City Views in Central Christchurch,482671075,Care Property Stays,Christchurch City,Central Ward,-43.5285632,172.6432595,Entire home/apt,188.0,1.0,22,2026-02-08,1.4,147,257,14,,2026-02
1300965825517285048,Beachfront Tranquility in Tikao Bay,179889874,Kaye,Christchurch City,Banks Peninsula Ward,-43.79532,172.91627,Entire home/apt,383.0,1.0,25,2026-03-14,1.59,1,304,14,,2026-03
1300972526142528064,Dashing 2-Bedroom Apartment in Vibrant City Hub,551181197,Paula Kat Charlotte,Christchurch City,Central Ward,-43.5285632,172.6432595,Entire home/apt,389.0,1.0,5,2025-12-25,0.34,188,201,3,,2025-12
1301013901011469466,Summer House with Pool,12232441,Francine Audrey,Christchurch City,Riccarton Ward,-43.52676940633559,172.5881382424581,Entire home/apt,708.0,4.0,0,,,1,13,0,,
1301129310400396913,2 bed 2 bath with Carpark near Canterbury Uni,482671075,Care Property Stays,Christchurch City,Fendalton Ward,-43.51993979758108,172.58499366106443,Entire home/apt,262.0,1.0,65,2026-02-20,4.13,147,113,53,,2026-02
1301943298715896978,Park & Central City Spa-pool Escape,133825107,Yvette,Christchurch City,Central Ward,-43.52273414307752,172.6299604551251,Entire home/apt,270.0,2.0,47,2026-02-23,3.43,2,59,38,,2026-02
1301966359199846919,House for Large Group or Teams,50928952,Christopher David,Christchurch City,Halswell Ward,-43.5743727,172.5468377,Entire home/apt,548.0,2.0,15,2026-02-08,1.0,1,298,10,,2026-02
1301983968678140951,Studio with City Views â Bath Street,331763232,Managed By Williams,Christchurch City,Central Ward,-43.53841332301918,172.6355686561438,Entire home/apt,185.0,1.0,30,2026-03-05,1.96,132,139,18,,2026-03
1301995300300527186,Stylish Retreat â Studio Apartment on Bath Street,331763232,Managed By Williams,Christchurch City,Central Ward,-43.53837352814106,172.63391544891363,Entire home/apt,171.0,1.0,19,2026-01-15,1.27,132,201,9,,2026-01
1302446051184679683,Stylish & Spacious: 2BR Wilmer Street Apartment,331763232,Managed By Williams,Christchurch City,Central Ward,-43.53978781882551,172.63052982270958,Entire home/apt,199.0,2.0,16,2026-03-01,1.06,132,5,9,,2026-03
1302595906584707969,Riverside Retreat on Terrace | Pet Friendly,172091254,Liron,Christchurch City,Cashmere Ward,-43.56912543870599,172.64203955120746,Entire home/apt,317.0,2.0,44,2026-03-17,2.87,1,326,33,,2026-03
1302663418151742715,Port hills retreat,664981017,Andrew,Christchurch City,Halswell Ward,-43.58740534634271,172.60284987634293,Private room,246.0,1.0,12,2026-02-27,0.81,1,364,6,,2026-02
1303750435162506073,Comfortable 2BR in Salisbury Street,331763232,Managed By Williams,Christchurch City,Central Ward,-43.52545035112235,172.63574720116384,Entire home/apt,264.0,1.0,19,2026-02-24,1.35,132,49,13,,2026-02
1303846325251355173,"Nestled in Nature, Near City",32539052,Frances,Christchurch City,Cashmere Ward,-43.5785033,172.6459753,Entire home/apt,263.0,1.0,8,2026-03-17,0.55,1,34,7,,2026-03
1304630187712112345,Spacious Serenity near Westfield Mall: 6BR,551181197,Paula Kat Charlotte,Christchurch City,Riccarton Ward,-43.5329889,172.592829,Entire home/apt,1007.0,1.0,43,2026-03-09,3.42,188,151,41,,2026-03
1305487166446914887,Cosy and cute,96519360,Brydie,Christchurch City,Central Ward,-43.53393,172.66195,Entire home/apt,297.0,2.0,1,2024-12-25,0.07,2,325,0,,2024-12
1305994646072576049,Esay living 3 Bedroom in Wigram,74811135,Maggie,Christchurch City,Halswell Ward,-43.55352978399304,172.5630863292295,Entire home/apt,331.0,1.0,42,2026-03-14,2.83,41,284,37,,2026-03
1306203827762803599,Trendy Central City Studio Stay,482671075,Care Property Stays,Christchurch City,Central Ward,-43.54030656497585,172.63414319144323,Entire home/apt,186.0,1.0,5,2025-11-26,0.33,147,12,3,,2025-11
1307427125719691550,"Best Location in CBD, Carpark-Free Designated Park",45768555,Hasslefree Accommodation,Christchurch City,Central Ward,-43.5272862,172.639144,Entire home/apt,223.0,1.0,38,2026-03-11,2.54,65,309,29,,2026-03
1307486159567469376,"Immaculate presentation, carpark",45768555,Hasslefree Accommodation,Christchurch City,Spreydon Ward,-43.54633729199626,172.60402586381895,Entire home/apt,220.0,1.0,28,2026-02-19,1.88,65,325,15,,2026-02
1307493043678679003,#4 Timber house in New Brighton,105265867,Andrew,Christchurch City,Coastal Ward,-43.50831151259389,172.72122814663922,Private room,75.0,1.0,20,2026-03-06,1.29,8,174,12,,2026-03
1308388864607117015,Cosmic Space close to the City Centre,666229549,Paul,Christchurch City,Central Ward,-43.529607354975255,172.6452340392868,Entire home/apt,257.0,1.0,36,2026-02-14,2.33,1,16,11,,2026-02
1308393788545395062,Maunga,42796710,Josh,Christchurch City,Harewood Ward,-43.45288345012143,172.6132104460182,Entire home/apt,400.0,5.0,3,2026-01-02,0.2,2,64,2,,2026-01
1308819791396386806,Retreats Workshops or Gatherings,12996972,Jane,Christchurch City,Banks Peninsula Ward,-43.78835822060294,172.82048007196653,Entire home/apt,1028.0,2.0,0,,,6,247,0,,
1308969689325764856,Cozy & Warm Retreat | Private Room | Sleeps 3,117404754,Mel,Christchurch City,Burwood Ward,-43.498235,172.6901684,Private room,49.0,1.0,65,2026-03-18,4.27,1,116,43,,2026-03
1309116214725126678,Spacious studio,582753827,Jane Zhang,Christchurch City,Papanui Ward,-43.480834348691104,172.6160356491522,Entire home/apt,354.0,3.0,7,2025-12-14,0.53,1,365,5,,2025-12
1309908775323627321,"Cosy, lovely yard, new (CNZhouse)",55183024,Clark,Christchurch City,Central Ward,-43.52775370000001,172.6497157,Entire home/apt,119.0,1.0,57,2026-03-07,3.77,3,263,40,,2026-03
1310056374614115337,Modern Living in 1800's Hotel,140854309,Manpreet,Christchurch City,Spreydon Ward,-43.5518,172.5975,Shared room,102.0,1.0,4,2025-09-26,0.27,3,360,1,,2025-09
1310527565630945053,"The Ultimate Cecil Wood Stay - Hot Tub, BBQ & View",202585247,Ohana,Christchurch City,Heathcote Ward,-43.5729264,172.756247,Entire home/apt,447.0,1.0,63,2026-02-17,4.88,137,133,58,,2026-02
1311108463025861056,City Center Sanctuary - 2BR with Carpark,551181197,Paula Kat Charlotte,Christchurch City,Central Ward,-43.5374563,172.6387642,Entire home/apt,400.0,1.0,46,2026-03-09,3.07,188,225,40,,2026-03
1311170538079907859,Leitch Cottage with carpark,551181197,Paula Kat Charlotte,Christchurch City,Cashmere Ward,-43.5561883,172.6313089,Entire home/apt,227.0,1.0,16,2026-01-12,1.15,188,220,13,,2026-01
1312535061685137105,"Superb Modern Warm - 2 bedroom- Smart 49""TV",45768555,Hasslefree Accommodation,Christchurch City,Central Ward,-43.5379343,172.638452,Entire home/apt,250.0,1.0,20,2026-02-22,1.36,65,325,11,,2026-02
1312573911367030567,Waterfront 2-Bedroom Harbour View Apartment,20665858,Adam,Christchurch City,Banks Peninsula Ward,-43.8097243,172.9614093,Entire home/apt,365.0,1.0,52,2026-02-22,3.43,20,311,30,,2026-02
1312584803425647985,Beautiful home Near CBD Pet Friendly with Carpark,482671075,Care Property Stays,Christchurch City,Central Ward,-43.523554,172.6531331,Entire home/apt,221.0,1.0,33,2026-02-28,2.19,147,252,24,,2026-02
1312648249537201241,Premium City 3bed Apartment with Gated 2 car parks,7532649,Plux Stays,Christchurch City,Central Ward,-43.5318753,172.6414653,Entire home/apt,525.0,1.0,77,2026-03-18,5.14,8,136,64,,2026-03
1312670483273901962,Sumner Ocean Views,242963199,Antony,Christchurch City,Heathcote Ward,-43.56841163129612,172.7551373799454,Entire home/apt,1008.0,3.0,4,2026-01-18,0.28,1,293,3,,2026-01
1312770612034348747,St Albans Townhouse near City Centre,201425552,Rachel,Christchurch City,Innes Ward,-43.50368,172.63584,Entire home/apt,385.0,2.0,19,2026-03-07,1.41,1,161,13,,2026-03
1313398398968012071,CBD 2BR 2Bath by Hagley Park | Free Parking,49642171,Lily-SimplyHost,Christchurch City,Spreydon Ward,-43.54165709632117,172.6115757281866,Entire home/apt,370.0,1.0,18,2026-02-28,1.24,95,331,12,,2026-02
1313455169658574845,Beach Haven,5870360,Renee,Christchurch City,Coastal Ward,-43.55615834565026,172.7515045105896,Entire home/apt,349.0,2.0,4,2026-02-25,0.3,1,362,2,,2026-02
1313510439491404431,Family-Friendly CHCH Home | Peaceful & Spacious,551181197,Paula Kat Charlotte,Christchurch City,Central Ward,-43.5202062,172.6433856,Entire home/apt,233.0,1.0,2,2026-02-07,1.05,188,273,2,,2026-02
1313511860455275422,Single-Level 3 Bed with Carpark and Lift Access,551181197,Paula Kat Charlotte,Christchurch City,Central Ward,-43.525123477732215,172.64410260792295,Entire home/apt,255.0,1.0,17,2026-02-23,1.14,188,259,11,,2026-02
1313879916138434636,Modern Home in Riccarton. Walk to Westfield Mall,551181197,Paula Kat Charlotte,Christchurch City,Riccarton Ward,-43.53219240000001,172.6010008,Entire home/apt,224.0,2.0,24,2026-02-04,1.59,188,245,19,,2026-02
1313964638821189599,City Escape on Hereford - last minute deals,24205506,"Mayie, Judi And Karen At Bookahome",Christchurch City,Central Ward,-43.53264388716416,172.64155449170622,Entire home/apt,276.0,2.0,43,2026-03-03,2.92,83,301,33,,2026-03
1314084012189150890,Quality Barn Lodge for short or long term stay,667530956,Richard Brooke,Christchurch City,Harewood Ward,-43.5123891,172.5169109,Entire home/apt,517.0,3.0,1,2025-10-26,0.2,1,268,1,,2025-10
1314554077503248093,Studio Apartment Harbour View,18542986,Megan,Christchurch City,Banks Peninsula Ward,-43.60804156884073,172.70495322658093,Entire home/apt,139.0,7.0,10,2026-03-08,0.67,2,327,5,,2026-03
1314690886886387749,Stay at Puhara - Parklands Escape,24205506,"Mayie, Judi And Karen At Bookahome",Christchurch City,Burwood Ward,-43.47734,172.6912,Entire home/apt,265.0,2.0,15,2026-02-25,1.02,83,196,10,,2026-02
1314754774991742221,"3 bedrooms, 4 beds, near airport",156501841,Kathryn,Christchurch City,Fendalton Ward,-43.5063142662141,172.5931911008776,Entire home/apt,179.0,3.0,16,2026-03-09,1.22,1,95,13,,2026-03
1314957216987592905,Tranquil 2BR Townhouse + Parking + Fenced Yard,84279395,Pearl,Christchurch City,Central Ward,-43.51920856102826,172.6421210711966,Entire home/apt,234.0,1.0,24,2026-03-14,1.58,2,146,19,,2026-03
1315456522610119406,A hidden gem near airport,172147331,Hung Thai,Christchurch City,Hornby Ward,-43.53318,172.51572,Entire home/apt,217.0,1.0,1,2024-12-26,0.07,1,275,0,,2024-12
1315568361006355789,Designer 2BR Flat - Outdoor Sitting & Cozy Ambianc,202585247,Ohana,Christchurch City,Central Ward,-43.5312742,172.6461984,Entire home/apt,277.0,1.0,77,2026-03-14,5.79,137,155,70,,2026-03
1316029600867050741,Christchurch Home away from home,160737406,Steve,Christchurch City,Innes Ward,-43.49923136134971,172.64541180551075,Entire home/apt,685.0,1.0,13,2026-02-28,0.87,1,159,9,,2026-02
1316930604137478312,Beachside Hideaway in Sumner,83137468,Joel & Gerry,Christchurch City,Heathcote Ward,-43.5732996,172.7658275,Entire home/apt,828.0,3.0,6,2026-02-12,1.25,1,311,6,,2026-02
1317160612264348275,Single Level Retreat 1 bed 1 bath with Balcony,551181197,Paula Kat Charlotte,Christchurch City,Central Ward,-43.53272035334777,172.64067985911484,Entire home/apt,262.0,1.0,23,2026-03-03,1.55,188,232,17,,2026-03
1317893481706192970,#5 Timber house in New Brighton,105265867,Andrew,Christchurch City,Coastal Ward,-43.51028352609524,172.72159960428695,Private room,92.0,1.0,19,2026-03-07,1.26,8,149,11,,2026-03
1318509145370424413,Brand New 2 Bed Near CBD With Parking,164340063,Kath- MK HOMES,Christchurch City,Linwood Ward,-43.53806,172.65836,Entire home/apt,205.0,2.0,19,2026-03-11,1.29,1,340,15,,2026-03
1319184680658804442,"2 Bedroom, 2 Bathroom + Carpark. Central City",668342168,Lucil,Christchurch City,Central Ward,-43.53118,172.64459,Entire home/apt,240.0,1.0,46,2026-03-17,3.11,1,36,43,,2026-03
1319966932691580728,The perfect stopover for the two of you,77196518,Jill,Christchurch City,Hornby Ward,-43.53337,172.52153,Private room,101.0,1.0,15,2026-02-20,1.02,4,361,9,,2026-02
1320855602184109413,A fabulous place on riccarton,669030702,Anh Khoa,Christchurch City,Riccarton Ward,-43.5286,172.56931,Entire home/apt,217.0,1.0,0,,,1,364,0,,
1322281891107360213,Relax and enjoy your stayâ¦!,667897298,Kanchana Udayanthi,Christchurch City,Harewood Ward,-43.47891,172.58744,Private room,115.0,1.0,25,2026-02-28,1.81,1,289,20,,2026-02
1322755832994856228,2 Bedroom Unit,98758734,North South Holiday Park,Christchurch City,Harewood Ward,-43.47059,172.57067,Entire home/apt,284.0,1.0,3,2026-01-01,0.31,19,307,3,,2026-01
1322765114103289114,Backpacker Deluxe with living space,98758734,North South Holiday Park,Christchurch City,Harewood Ward,-43.47061,172.57066,Entire home/apt,170.0,1.0,1,2025-01-25,0.07,19,307,0,,2025-01
1323732454895857789,a cosy house in Wigram,669845493,Rickwan,Christchurch City,Halswell Ward,-43.55898,172.55758,Entire home/apt,201.0,1.0,0,,,1,341,0,,
1324236721063217484,A modern house in Christchurch,669953274,Nguyen Hoang,Christchurch City,Halswell Ward,-43.55401,172.56075,Entire home/apt,229.0,1.0,1,2025-01-06,0.07,1,349,0,,2025-01
1324299850860454563,Whare Piringa  âHavenâ,103401920,Gavin,Christchurch City,Banks Peninsula Ward,-43.63182,172.73748,Entire home/apt,254.0,1.0,33,2026-03-07,2.42,1,283,27,,2026-03
1324806921564857992,Whitewood Suites Apartment 3C,235559091,Nicki,Christchurch City,Central Ward,-43.52638,172.64242,Entire home/apt,323.0,1.0,16,2026-03-08,1.19,3,31,8,,2026-03
1324822923831313845,Whitewood Suites Apartment 1B,235559091,Nicki,Christchurch City,Central Ward,-43.52633,172.64239,Entire home/apt,274.0,1.0,2,2026-02-06,0.24,3,12,2,,2026-02
1324911611984710448,Peaceful Inner-City Studio â Bath Street,331763232,Managed By Williams,Christchurch City,Central Ward,-43.53883,172.63465,Entire home/apt,206.0,2.0,14,2026-03-01,1.01,132,193,7,,2026-03
1325153849878033490,Room In Christchurch,545508277,Dan,Christchurch City,Waimairi Ward,-43.52327,172.54724,Private room,74.0,1.0,11,2025-03-28,0.76,2,349,1,,2025-03
1325229124787480640,Charming 2-Bedroom Townhouse,431375358,Jag,Christchurch City,Linwood Ward,-43.53889,172.66188,Entire home/apt,204.0,1.0,63,2026-03-08,4.32,1,158,56,,2026-03
1325692513664002284,French style holiday cottage,254442953,Caro,Christchurch City,Banks Peninsula Ward,-43.62862,172.71837,Entire home/apt,306.0,2.0,11,2026-03-17,2.62,1,22,11,,2026-03
1325891545265915303,Cute townhouse close to the city,659973177,Alexandra,Christchurch City,Cashmere Ward,-43.559,172.62944,Private room,,1.0,0,,,1,362,0,,
1326307687697196314,A peaceful haven,117634857,Frances,Christchurch City,Waimairi Ward,-43.50762,172.55149,Private room,132.0,1.0,46,2026-03-16,3.27,1,223,39,,2026-03
1326377013431876284,Self-contained Unit @ Buddha Bungalow,6045148,Bruce,Christchurch City,Banks Peninsula Ward,-43.80957,172.88041,Entire home/apt,151.0,2.0,4,2026-02-07,0.29,1,363,1,,2026-02
1326532288962053124,"Near the New Stadium + Parking! 
Superb Location!",193835605,Lana,Christchurch City,Central Ward,-43.53226,172.65036,Entire home/apt,338.0,1.0,31,2026-03-12,2.28,1,237,27,,2026-03
1326982253661173022,Lovely Spacious Cottage,657552388,Justin,Christchurch City,Riccarton Ward,-43.52744,172.60488,Entire home/apt,190.0,2.0,32,2026-02-11,2.24,1,60,22,,2026-02
1327253292013131922,Modern chic in the city,142150660,Logan,Christchurch City,Central Ward,-43.52847,172.64363,Entire home/apt,200.0,1.0,113,2026-03-16,8.19,1,312,102,,2026-03
1327762382777493350,Grand 6BR Escape Steps from Christchurchâs Best,482671075,Care Property Stays,Christchurch City,Central Ward,-43.53346,172.6496,Entire home/apt,603.0,1.0,30,2026-03-07,2.42,147,196,29,,2026-03
1329359601082111306,Single Room 3,173308474,Dawn,Christchurch City,Waimairi Ward,-43.49897114335805,172.56445876448242,Private room,63.0,1.0,94,2026-03-01,6.64,3,261,72,,2026-03
1329885812953424387,Sumner Sunsetter,345682413,Jayne,Christchurch City,Heathcote Ward,-43.57221,172.7548148,Private room,183.0,1.0,3,2025-09-12,0.23,1,348,1,,2025-09
1330290769226446104,"Luxury 2BR Near ARA, Stadium & CBD â Parking",49642171,Lily-SimplyHost,Christchurch City,Linwood Ward,-43.53874223316468,172.65950393301003,Entire home/apt,268.0,1.0,12,2026-03-13,0.86,95,293,10,,2026-03
1332009082898522448,Åraka Homestead,62210393,Andrew,Christchurch City,Innes Ward,-43.5063758835739,172.65849427722307,Private room,78.0,2.0,21,2026-02-21,1.48,1,139,12,,2026-02
1332925710069085290,"Queen Private Entry, Ensuite, Sunny Deck
Room 2",672613640,Stephen,Christchurch City,Burwood Ward,-43.51055368756739,172.66820036875183,Private room,103.0,1.0,133,2026-03-19,9.45,3,22,116,,2026-03
1333072958787067675,Bayview Paradise by Tiny Away,481232463,Tiny Away NZ,Christchurch City,Banks Peninsula Ward,-43.6352335,172.7373851,Entire home/apt,210.0,1.0,1,2025-05-16,0.1,97,363,1,,2025-05
1333602753248012518,Step Into Comfort: Studio on Bath street,482671075,Care Property Stays,Christchurch City,Central Ward,-43.5392668,172.6349548,Entire home/apt,174.0,1.0,34,2026-03-02,2.65,147,254,30,,2026-03
1333646486960785921,Quiet garden room with sunshine,60170835,Carol,Christchurch City,Halswell Ward,-43.55122087651891,172.5586392599649,Private room,,1.0,78,2026-03-15,5.94,1,0,77,,2026-03
1333743199346706709,Central place to airport & city,559408430,Jaspreet,Christchurch City,Papanui Ward,-43.49713996514986,172.59853225080877,Private room,74.0,1.0,19,2026-02-28,1.4,1,364,15,,2026-02
1333792275713144499,Your separate space in Wigram.,55360169,Tejas,Christchurch City,Halswell Ward,-43.56214211279602,172.54526098465576,Entire home/apt,120.0,1.0,22,2025-07-26,1.54,1,269,11,,2025-07
1333812432304697985,Room with Queen Size bed - bedroom 1,173308474,Dawn,Christchurch City,Waimairi Ward,-43.50071326452485,172.56605010818723,Private room,68.0,1.0,104,2026-03-04,7.32,3,246,93,,2026-03
1334283174465862807,King suite with stunning view20 Min from Chch,149037644,Cristina,Christchurch City,Banks Peninsula Ward,-43.6211779932012,172.64888033805218,Private room,217.0,2.0,9,2025-06-04,0.68,1,179,5,,2025-06
1334350465152183361,Tranquil 2 Bedroom Oasis sleeps 6,551181197,Paula Kat Charlotte,Christchurch City,Central Ward,-43.5278199,172.6501219,Entire home/apt,240.0,1.0,15,2025-12-24,1.09,188,221,11,,2025-12
1334502822058631445,Spacious City Retreat Perfect for Getaways,551181197,Paula Kat Charlotte,Christchurch City,Central Ward,-43.5278212,172.6500305,Entire home/apt,246.0,1.0,24,2025-12-10,1.76,188,216,16,,2025-12
1334508408580305348,"Private Entry 
 Sunny Deck & Ensuite
Room 3",672613640,Stephen,Christchurch City,Burwood Ward,-43.51133112039447,172.66636390665803,Private room,109.0,1.0,99,2026-03-21,7.09,3,19,77,,2026-03
1335260492835240060,"Cozy & Sunny Room â Near City Center, 7-min Drive",265879830,Helena,Christchurch City,Burwood Ward,-43.51141619795895,172.66694080084562,Private room,107.0,1.0,13,2026-02-28,0.98,1,271,11,,2026-02
1335685529834728922,"Queen + KS Private Entry, Deck
& Ensuite 
 Room 1",672613640,Stephen,Christchurch City,Burwood Ward,-43.50996,172.668,Private room,109.0,1.0,71,2026-03-20,5.2,3,20,51,,2026-03
1335721271174045335,The Gilded Cross | Luxury 3-Bed CBD Fringe,49642171,Lily-SimplyHost,Christchurch City,Linwood Ward,-43.5375710401696,172.6594274909148,Entire home/apt,363.0,1.0,25,2026-02-08,1.87,95,312,22,,2026-02
1336096975736691107,AnBâs AirBnB - end room,95653932,Billy,Christchurch City,Heathcote Ward,-43.556949600472855,172.64171920644057,Private room,118.0,1.0,5,2025-03-30,0.37,1,162,1,,2025-03
1336708357552605025,New heritage style townhouse,157744145,Marcus,Christchurch City,Spreydon Ward,-43.54946008423065,172.62494033373454,Entire home/apt,228.0,2.0,5,2026-01-02,0.38,1,13,4,,2026-01
1337204397842159080,Cathedral Junction Apartment,535222454,Mieke,Christchurch City,Central Ward,-43.53063960920509,172.63877819881137,Entire home/apt,294.0,1.0,89,2026-03-17,6.66,1,106,80,,2026-03
1337349703674320075,Room with a View,32636421,Karyn,Christchurch City,Cashmere Ward,-43.56643,172.64814,Private room,144.0,2.0,2,2025-02-22,0.15,3,362,0,,2025-02
1337994737242260354,Central Stay | 2BR 2Bath + Parking | Guest Fav,49642171,Lily-SimplyHost,Christchurch City,Central Ward,-43.533746796608,172.64179173856974,Entire home/apt,247.0,1.0,67,2026-03-14,4.76,95,263,52,,2026-03
1338635629904867650,The Ultimate 4-Bedroom City Escape,482671075,Care Property Stays,Christchurch City,Central Ward,-43.5278212,172.6500305,Entire home/apt,431.0,1.0,42,2026-03-07,3.18,147,212,41,,2026-03
1338720736056619469,Seaside sanctuary,56786071,Cathy,Christchurch City,Coastal Ward,-43.48627746346972,172.71456219097848,Private room,92.0,2.0,24,2026-02-27,1.71,1,28,15,,2026-02
1338781387696349818,Family Friendly Home in Wigram w/ Style and Space,482671075,Care Property Stays,Christchurch City,Halswell Ward,-43.56267090000001,172.5448181,Entire home/apt,304.0,1.0,55,2026-02-22,4.3,147,170,52,,2026-02
1339321756731412360,"Escape to Magic; Casterton Cottage, luxury and spa",674433401,Anne,Christchurch City,Heathcote Ward,-43.5729506,172.7117069,Entire home/apt,822.0,1.0,59,2026-03-10,4.5,1,21,53,,2026-03
1339335937159641823,CBD stylish Brand New Sunny 2Bdrm 2Bth Sleeps 5,405696330,Sasha,Christchurch City,Central Ward,-43.5366847,172.6407056,Entire home/apt,281.0,1.0,17,2026-02-27,1.27,1,267,13,,2026-02
1339520870575114730,Private Kitchenette Garden-View Room,374772956,Minh,Christchurch City,Central Ward,-43.52694066426764,172.66850377076764,Private room,75.0,1.0,23,2026-03-13,7.42,2,347,23,,2026-03
1340107617715755154,"Cosy , comfy, and convenient!",46078731,Eve,Christchurch City,Heathcote Ward,-43.54677110000001,172.6502279,Private room,58.0,1.0,50,2026-03-19,3.65,1,146,45,,2026-03
1340329141020655308,Cosy Comfort in Christchurch,70440222,Elise,Christchurch City,Halswell Ward,-43.581595752851214,172.55938436510732,Entire home/apt,286.0,2.0,23,2026-03-12,1.73,1,51,20,,2026-03
1340402376678290109,Comfort 2-BR at Cambridge Tce,211195948,Jenny,Christchurch City,Central Ward,-43.533504320301496,172.6287128652501,Entire home/apt,258.0,1.0,95,2026-03-06,7.05,20,206,84,,2026-03
1341121278031376816,Cozy double bed bliss/ garden view/self check in,430177594,Paul,Christchurch City,Hornby Ward,-43.55263069051671,172.5274307280779,Private room,62.0,1.0,123,2026-03-02,8.91,4,259,108,,2026-03
1341619289037945580,Family home in Lyttelton,47950068,Oonagh,Christchurch City,Banks Peninsula Ward,-43.5997606742266,172.7253383372271,Entire home/apt,326.0,1.0,6,2026-02-28,0.47,1,85,5,,2026-02
1342194705971178073,Tranquil Townhouse by Hagley Park,258317270,Claire,Christchurch City,Riccarton Ward,-43.52620207375404,172.60996833443642,Entire home/apt,250.0,1.0,45,2026-03-06,3.22,1,31,36,,2026-03
1342329391251718699,"Stylish 2 BR Suite near CBD, TePae and Hagly Park",331762601,Yvonne,Christchurch City,Central Ward,-43.5275385,172.6315072,Entire home/apt,177.0,3.0,17,2026-03-13,1.47,2,142,17,,2026-03
1342436891020140964,New Build City Townhouse & Gated Car Park,70052928,Ellie,Christchurch City,Innes Ward,-43.509302385880375,172.65133397261755,Entire home/apt,257.0,1.0,7,2026-03-04,0.54,1,283,5,,2026-03
1342946465975261854,Self Contained Unit: 10mins from CBD/ EV Charger,24205506,"Mayie, Judi And Karen At Bookahome",Christchurch City,Fendalton Ward,-43.51194737647095,172.60284757964183,Entire home/apt,143.0,3.0,14,2026-03-01,1.62,83,121,14,,2026-03
1342980432885964798,Executive Home with Stunning Harbour views,27281206,Mirjam,Christchurch City,Banks Peninsula Ward,-43.63799644146733,172.71410079982482,Entire home/apt,1142.0,2.0,8,2026-02-14,1.1,1,296,8,,2026-02
1343282107812556420,Cozy room,430177594,Paul,Christchurch City,Hornby Ward,-43.55372354488169,172.52724390509852,Private room,69.0,1.0,8,2025-05-17,0.58,4,79,2,,2025-05
1343748772899999213,Touch of Class 2Bdrm free Park CBD,45768555,Hasslefree Accommodation,Christchurch City,Central Ward,-43.53172134122224,172.6439482148887,Entire home/apt,240.0,1.0,21,2026-03-06,1.51,65,294,17,,2026-03
1344442943703340823,Mill Cottage with Spa and Sauna,675767196,Maree,Christchurch City,Banks Peninsula Ward,-43.8010250016617,172.97953954973758,Entire home/apt,400.0,2.0,38,2026-03-07,2.79,1,156,31,,2026-03
1344457820113391787,One bedroom,675770822,Mengfei,Christchurch City,Linwood Ward,-43.5422273,172.6635552,Private room,157.0,7.0,0,,,2,364,0,,
1345047333080548483,Elegant Living in Gloucester â Your Ideal Getaway,551181197,Paula Kat Charlotte,Christchurch City,Central Ward,-43.5295526,172.6446809,Entire home/apt,270.0,1.0,39,2026-03-03,2.87,188,259,35,,2026-03
1345103200315907717,Lovely 2BR House on Aberdeen Street,331763232,Managed By Williams,Christchurch City,Central Ward,-43.52364760085362,172.6425056889926,Entire home/apt,259.0,1.0,34,2026-03-06,2.68,132,147,33,,2026-03
1345128029279658710,Perfect 1-Bedroom Retreat Near the Airport,551181197,Paula Kat Charlotte,Christchurch City,Waimairi Ward,-43.507641,172.5693324,Entire home/apt,171.0,1.0,37,2026-03-06,2.71,188,314,31,,2026-03
1345929901454188707,Hagley Park Grand Townhouse l 3 bdrms plus garage,49642171,Lily-SimplyHost,Christchurch City,Spreydon Ward,-43.54204588026428,172.61210799244404,Entire home/apt,470.0,1.0,2,2026-03-14,0.18,95,334,2,,2026-03
1345944538708947216,Cozy 1BR Studio with Ensuite by Hagley Park,49642171,Lily-SimplyHost,Christchurch City,Spreydon Ward,-43.542140754079625,172.61315192468163,Entire home/apt,163.0,1.0,24,2026-03-12,1.81,95,349,20,,2026-03
1346040643001148110,City Apartment by Riverside Market & the Hospital,55863813,Sophia Ashford,Christchurch City,Central Ward,-43.5339025,172.6303734,Entire home/apt,223.0,1.0,76,2026-03-08,5.63,1,193,62,,2026-03
1346900448115617221,Calm & Cozy Townhouse With Garage + Sky Sport!,544843325,Lianne,Christchurch City,Heathcote Ward,-43.55713944984726,172.6433516630783,Entire home/apt,228.0,2.0,17,2026-03-14,1.25,1,316,13,,2026-03
1347273640531057620,Elegant 5BR Villa | Breathtaking Mountain Getaway,74811135,Maggie,Christchurch City,Halswell Ward,-43.60467885236178,172.58039732332043,Entire home/apt,843.0,1.0,29,2026-03-01,2.49,41,301,29,,2026-03
1347345656332401167,"Luxury Retreat with Ocean Views,  Sauna & Plunge",56014015,Olivia,Christchurch City,Heathcote Ward,-43.56221413165788,172.72061613034714,Entire home/apt,450.0,1.0,58,2026-03-14,4.99,2,10,58,,2026-03
1347564986909598649,Renovated villa in Little River,66522357,Robyn,Christchurch City,Banks Peninsula Ward,-43.76459163639871,172.7979851046084,Entire home/apt,282.0,1.0,26,2026-03-14,1.9,1,357,20,,2026-03
1348682781595002791,Room by Barrington Park,9977987,Tania,Christchurch City,Spreydon Ward,-43.5538793,172.6186657,Private room,91.0,3.0,14,2026-02-08,1.03,1,6,10,,2026-02
1350171874683360737,Book a room in home - Tranquil Oasis close to city,164752883,Prachi,Christchurch City,Riccarton Ward,-43.53499339350306,172.58527701078782,Private room,78.0,1.0,0,,,1,362,0,,
1350266274214073236,Riverside Retreat,190937381,Clare,Christchurch City,Cashmere Ward,-43.5615757,172.63505,Entire home/apt,913.0,7.0,2,2026-02-23,0.69,1,357,2,,2026-02
1350849560914986203,Fantail Coastal Cottage,12222757,Kelsey,Christchurch City,Banks Peninsula Ward,-43.62768,172.7303,Entire home/apt,352.0,2.0,34,2026-02-25,2.93,3,134,34,,2026-02
1352333348150906506,Character Central,50488277,Ged,Christchurch City,Central Ward,-43.52998,172.63736,Entire home/apt,260.0,2.0,17,2026-03-04,1.44,5,208,17,,2026-03
1352382977939434038,"Eleven week rental Chch fabulous quiet garden
home",666885525,Frank,Christchurch City,Central Ward,-43.529863426005726,172.65259224881245,Entire home/apt,51.0,77.0,0,,,1,363,0,,
1352724608277841324,Cozy Studio Near UC & Christchurch Airport,49642171,Lily-SimplyHost,Christchurch City,Riccarton Ward,-43.52914712701838,172.5707024985343,Entire home/apt,188.0,1.0,40,2026-03-21,2.99,95,354,31,,2026-03
1353450518171461038,Waterfront. Central. Amazing Views Over Harbour,20665858,Adam,Christchurch City,Banks Peninsula Ward,-43.8106351,172.9609871,Entire home/apt,627.0,1.0,47,2026-02-28,3.67,20,136,41,,2026-02
1353858528439783883,Affordable Comfort 2BR with Carpark,551181197,Paula Kat Charlotte,Christchurch City,Linwood Ward,-43.5454488,172.6608673,Entire home/apt,250.0,1.0,42,2026-02-12,3.17,188,202,36,,2026-02
1354723020592370906,City Getaway,667367829,Zinzan,Christchurch City,Heathcote Ward,-43.55106814896196,172.64306685323382,Entire home/apt,,2.0,19,2026-02-28,1.44,1,0,16,,2026-02
1354774335327608889,Bellbird Bach - Akaroa,678384663,Lisa,Christchurch City,Banks Peninsula Ward,-43.814656563622194,172.96278591367258,Entire home/apt,321.0,2.0,17,2026-02-26,1.45,1,316,17,,2026-02
1355276638742595691,Exclusive 2 Bed Standalone Villa in St Albans,482671075,Care Property Stays,Christchurch City,Central Ward,-43.51710160751112,172.6352601019968,Entire home/apt,276.0,1.0,35,2026-03-09,2.65,147,251,29,,2026-03
1355397747203103451,Modern Stay Near Airport,370840480,Kevan,Christchurch City,Halswell Ward,-43.56046744565495,172.5430162629637,Private room,89.0,1.0,0,,,2,364,0,,
1355434997983395241,Cosy Stay Close to Airport,542186568,Sharon,Christchurch City,Harewood Ward,-43.4931115,172.5823023,Entire home/apt,,1.0,81,2026-02-28,6.15,9,0,76,,2026-02
1355554898687621527,Checketts Bungalow in Halswell,372248313,Wendy,Christchurch City,Halswell Ward,-43.5749772,172.5640088,Entire home/apt,159.0,1.0,16,2026-02-12,1.32,1,147,16,,2026-02
1356429096737436331,Luxury King studio with spa and private carpark,482671075,Care Property Stays,Christchurch City,Central Ward,-43.52479124662882,172.64316612234077,Entire home/apt,266.0,1.0,71,2026-02-22,5.35,147,253,63,,2026-02
1358272974973331226,Heart of the CBD 1 bed with car park,482671075,Care Property Stays,Christchurch City,Central Ward,-43.52960740005737,172.642368282234,Entire home/apt,195.0,1.0,56,2026-03-07,4.25,147,206,54,,2026-03
1358873676828888139,Better than the rest - Central City Luxury,55203536,Helen,Christchurch City,Central Ward,-43.52642498950236,172.63987563550472,Entire home/apt,337.0,1.0,10,2026-03-09,1.12,3,165,10,,2026-03
1358949923456108408,Serene Studio Escape on Madras,551181197,Paula Kat Charlotte,Christchurch City,Central Ward,-43.5285632,172.6432595,Entire home/apt,161.0,1.0,21,2026-02-22,1.58,188,263,14,,2026-02
1359042873049714360,"Not available, don't book",679056810,Saravanan,Christchurch City,Hornby Ward,-43.535975734874135,172.5479840803218,Private room,86.0,1.0,1,2025-02-22,0.08,1,364,0,,2025-02
1359526658350947237,"Calm city base, breakfast inc,  Easy walk, bus",21397802,Alison,Christchurch City,Central Ward,-43.519411,172.6292454,Private room,187.0,2.0,10,2026-02-26,0.78,1,199,9,,2026-02
1360193550834019595,Self-contained studio.,59688721,Colleen & Shelley,Christchurch City,Coastal Ward,-43.5512095,172.7477667,Entire home/apt,194.0,1.0,0,,,2,171,0,,
1360226095262465238,Large self-contained studio,59688721,Colleen & Shelley,Christchurch City,Coastal Ward,-43.55033954525878,172.74858449289397,Entire home/apt,150.0,2.0,0,,,2,171,0,,
1360304618422114506,Sunny Studio Haven in Central Christchurch,331763232,Managed By Williams,Christchurch City,Central Ward,-43.53784291143021,172.63197769441285,Entire home/apt,163.0,1.0,19,2026-03-04,1.49,132,327,16,,2026-03
1360310316876067260,Mallside Retreat close to city,542186568,Sharon,Christchurch City,Spreydon Ward,-43.5552231,172.6225478,Entire home/apt,194.0,1.0,32,2026-03-02,2.53,9,142,29,,2026-03
1360644420568132344,Woodbury Cottage - Cozy & Quiet,329368423,Danni,Christchurch City,Waimairi Ward,-43.5157170332271,172.5399359644955,Private room,,1.0,21,2026-03-09,2.4,1,213,21,,2026-03
1361240011788345849,Large Motel Unit closed to town,583177769,Angela,Christchurch City,Central Ward,-43.51575523685009,172.6379976379875,Entire home/apt,140.0,1.0,1,2025-03-28,0.08,2,264,1,,2025-03
1361821322804792832,City Town House Red,214310800,Jatinder,Christchurch City,Central Ward,-43.5451352810681,172.62843158444394,Private room,58.0,1.0,10,2026-02-25,0.78,1,81,8,,2026-02
1361856073304636182,SEAS THE DAY - Family Coastal Escape - Beach Gear,119067882,Yvonne,Christchurch City,Heathcote Ward,-43.57407103015629,172.75113621628893,Entire home/apt,395.0,1.0,32,2026-03-14,2.54,2,344,31,,2026-03
1361903004430574659,Home in Central City,330107507,Nathan,Christchurch City,Central Ward,-43.53378,172.64217,Entire home/apt,256.0,1.0,63,2026-03-05,5.0,1,169,61,,2026-03
1362652400101469288,Nifty on Norfolk,194188437,Belinda,Christchurch City,Papanui Ward,-43.5038512,172.6170847,Entire home/apt,222.0,2.0,11,2026-02-08,0.94,2,88,11,,2026-02
1364030490725450845,Quiet Oasis by Hagley Park with Balcony View,679694023,Max,Christchurch City,Riccarton Ward,-43.52650697725486,172.60682930193607,Entire home/apt,364.0,1.0,6,2026-03-01,1.29,2,58,6,,2026-03
1364060305994728252,6 Beds. 2 Bathrooms. Private.,20665858,Adam,Christchurch City,Banks Peninsula Ward,-43.8005544,172.9732156,Entire home/apt,463.0,1.0,22,2026-01-30,1.71,20,338,20,,2026-01
1364977262188171495,"Quiet, clean & central",43358301,Aoife,Christchurch City,Central Ward,-43.52278,172.63464,Private room,115.0,1.0,44,2026-03-12,3.76,1,360,44,,2026-03
1365522626719817178,Stylish 1BR Retreat on Ferry Road,331763232,Managed By Williams,Christchurch City,Central Ward,-43.53645318476583,172.6484901686095,Entire home/apt,248.0,1.0,16,2026-02-23,1.9,132,188,16,,2026-02
1365530056472791095,Fendalton Comfort Stylish and Convenient w Carpark,551181197,Paula Kat Charlotte,Christchurch City,Fendalton Ward,-43.5213938,172.6096994,Entire home/apt,240.0,1.0,60,2026-02-28,4.79,188,208,57,,2026-02
1365571155480519402,Charming 1BR Apartment on Ferry Road,331763232,Managed By Williams,Christchurch City,Central Ward,-43.53832204623309,172.64822068490287,Entire home/apt,136.0,2.0,6,2026-01-30,0.48,132,195,5,,2026-01
1365573510524976081,Cozy 1BR Home in the Heart of Ferry Road,331763232,Managed By Williams,Christchurch City,Central Ward,-43.536622578409016,172.6467273316099,Entire home/apt,173.0,2.0,13,2026-02-18,1.05,132,197,11,,2026-02
1365575611418356856,Comfortable 1BR Living on Ferry Road,331763232,Managed By Williams,Christchurch City,Central Ward,-43.53839704635515,172.6470514975771,Entire home/apt,195.0,2.0,24,2026-02-21,1.94,132,198,23,,2026-02
1365578378154703790,Trendy Studio on Ferry Road,331763232,Managed By Williams,Christchurch City,Central Ward,-43.53814628906328,172.64818432044993,Entire home/apt,,1.0,9,2026-02-07,0.77,132,18,9,,2026-02
1365672020490142765,Charming Studio and 1 BR Retreat in CBD w Park,551181197,Paula Kat Charlotte,Christchurch City,Central Ward,-43.52795581744982,172.64272085804907,Entire home/apt,278.0,1.0,1,2025-12-14,0.3,188,206,1,,2025-12
1366389332748586746,Your Cosy Hideaway on Tomes Road,366441473,Kay,Christchurch City,Papanui Ward,-43.50241780506835,172.61849509346618,Entire home/apt,123.0,1.0,88,2026-03-15,6.93,1,139,86,,2026-03
1366422964718569354,Relaxed and private,539460618,Detroit,Christchurch City,Central Ward,-43.53428647703665,172.65818005972827,Private room,132.0,1.0,0,,,1,83,0,,
1366462020805716957,Single Cozy New Room â Halswell,517960751,Moses,Christchurch City,Halswell Ward,-43.5947561,172.5656809,Private room,113.0,1.0,11,2026-02-27,2.46,2,137,11,,2026-02
1367113532457819375,Bibiana Breeze: Cozy Large Home in Great Area,370686572,Lin,Christchurch City,Halswell Ward,-43.56677655558515,172.57146254181862,Entire home/apt,328.0,1.0,22,2026-03-08,1.99,1,317,22,,2026-03
1367518870805266062,Cabin cutie,21100538,Amy,Christchurch City,Spreydon Ward,-43.5638852,172.599944,Private room,74.0,2.0,3,2025-11-07,0.24,1,293,2,,2025-11
1367570956245038182,"Stylish, comforatable home close to city centre",208721249,Kyla,Christchurch City,Innes Ward,-43.514742299471386,172.63571761489564,Entire home/apt,280.0,2.0,19,2026-03-15,1.62,1,5,19,,2026-03
1367785166279960984,Beach Front Paradise,262724619,Ryan,Christchurch City,Banks Peninsula Ward,-43.637881,172.7535093,Entire home/apt,320.0,1.0,22,2026-03-02,1.92,1,13,22,,2026-03
1368287815454538578,Large Family Home w Garden,6488929,Sarah,Christchurch City,Coastal Ward,-43.47527110770067,172.70785552797602,Entire home/apt,349.0,2.0,9,2026-02-28,0.8,1,90,9,,2026-02
1368353506669763351,City Fringe Hideout - 2 Bed With Car Park.,49642171,Lily-SimplyHost,Christchurch City,Linwood Ward,-43.53820025340523,172.658439460667,Entire home/apt,350.0,1.0,8,2026-01-18,0.63,95,341,7,,2026-01
1368850792803346695,Merivale - A walk to the city,64344206,Amie,Christchurch City,Fendalton Ward,-43.51201629991809,172.62585908174515,Entire home/apt,252.0,2.0,4,2025-04-20,0.33,4,233,4,,2025-04
1369724059102209662,Merivale Executive Stays- 2 Bedroom Apt,153948924,Alisa Kate,Christchurch City,Fendalton Ward,-43.5112909,172.624165,Entire home/apt,425.0,2.0,23,2026-03-02,1.85,2,79,21,,2026-03
1369724422056382643,Guest suites outside the city center,131216378,Adam,Christchurch City,Cashmere Ward,-43.57629042303861,172.64727171916056,Private room,131.0,1.0,14,2026-03-14,5.38,2,38,14,,2026-03
1369918808123730804,"The 2BR Hereford Haven - Relax, Recharge, Repeat",202585247,Ohana,Christchurch City,Central Ward,-43.5317354,172.6516513,Entire home/apt,277.0,1.0,64,2026-03-18,5.3,137,131,64,,2026-03
1370020436878343442,City Apartment Latimer Sq-For Holiday or Business!,196436630,Dale,Christchurch City,Central Ward,-43.5321685,172.6422461,Entire home/apt,357.0,1.0,84,2026-03-07,7.02,1,251,84,,2026-03
1370081812745549740,"Urban Comfort 3BR with Garage, Guest Favourite",551181197,Paula Kat Charlotte,Christchurch City,Central Ward,-43.51636962582822,172.63732326410877,Entire home/apt,321.0,1.0,69,2026-03-03,5.75,188,219,69,,2026-03
1370751902527768165,Grand 5-Bedroom Villa in Fendalton,551181197,Paula Kat Charlotte,Christchurch City,Fendalton Ward,-43.52057757513222,172.6092389322624,Entire home/apt,565.0,2.0,22,2026-03-07,2.06,188,199,22,,2026-03
1371188904937170127,"Stylish Unit near CBD, Te Pae,Town Hall,Hagly Park",331762601,Yvonne,Christchurch City,Central Ward,-43.5275385,172.6315072,Entire home/apt,145.0,3.0,19,2026-03-17,1.61,2,61,19,,2026-03
1371287448215736024,Peaceful in Pipers,372800521,Raewyn,Christchurch City,Banks Peninsula Ward,-43.74684384406936,172.95240594232786,Entire home/apt,143.0,1.0,58,2026-03-09,4.82,1,166,58,,2026-03
1372026798882452132,On the Park (room only),201467139,Lou,Christchurch City,Heathcote Ward,-43.5535086,172.63368,Private room,109.0,1.0,6,2026-03-06,3.16,2,297,6,,2026-03
1372231030826678640,A comfy family stay near Hornby Mall. Sleeps 8,551181197,Paula Kat Charlotte,Christchurch City,Hornby Ward,-43.5438754,172.5274386,Entire home/apt,366.0,1.0,1,2025-04-30,0.09,188,237,1,,2025-04
1373428497052833149,Spacious home close to the waterfront,248359085,Andy,Christchurch City,Banks Peninsula Ward,-43.8135157980429,172.96247668772094,Entire home/apt,503.0,2.0,25,2026-03-07,2.25,1,303,25,,2026-03
1374343763716916182,Apartment with a view,669949235,Wendy,Christchurch City,Halswell Ward,-43.58141590439831,172.59997768597734,Entire home/apt,194.0,1.0,34,2026-03-17,2.78,1,68,33,,2026-03
1374722952545220880,"Cozy, warm and comfy house",579436,Geovana Lage,Christchurch City,Fendalton Ward,-43.505292905650414,172.61125124208223,Entire home/apt,170.0,1.0,0,,,1,80,0,,
1374841819334304379,Karearea Cottage - Rural Retreat Purau,145244100,Bachcare,Christchurch City,Banks Peninsula Ward,-43.64996312580655,172.7567024761734,Entire home/apt,,2.0,2,2026-03-08,0.22,1417,336,2,,2026-03
1375117522137625502,Cottage by the Sea,106313995,Jenna,Christchurch City,Heathcote Ward,-43.5580731,172.7317534,Entire home/apt,166.0,2.0,6,2025-06-30,0.52,1,230,6,,2025-06
1375126518889911598,Central city luxury apartment 2 min to  Te Kaha,87223355,Karen,Christchurch City,Central Ward,-43.5311796,172.6445883,Entire home/apt,540.0,1.0,0,,,3,119,0,,
1375518139487177843,Lux Local Living,368515906,Jed,Christchurch City,Innes Ward,-43.50276638371723,172.66183337639325,Entire home/apt,212.0,2.0,34,2026-02-25,2.9,4,261,34,,2026-02
1375610263960937171,Cozy Studio Retreat in Ferry Road,331763232,Managed By Williams,Christchurch City,Central Ward,-43.53757574955624,172.64722417081842,Entire home/apt,149.0,2.0,11,2026-01-24,0.92,132,197,11,,2026-01
1375735203534850799,Downtown Delight,81390838,Perfect Stays,Christchurch City,Central Ward,-43.53448583708309,172.65948897523327,Entire home/apt,,2.0,2,2025-04-08,0.17,47,0,2,,2025-04
1376027208824743608,Applewood Cabin 1 by Tiny Away,481232463,Tiny Away NZ,Christchurch City,Harewood Ward,-43.4761659,172.5846462,Entire home/apt,199.0,1.0,0,,,97,31,0,,
1376027572623536832,Applewood Cabin 2 by Tiny Away,481232463,Tiny Away NZ,Christchurch City,Harewood Ward,-43.4761659,172.5846462,Entire home/apt,199.0,1.0,4,2026-01-22,0.32,97,39,3,,2026-01
1376272996593348954,Luxury 2BR Apartment on Worcester Street,331763232,Managed By Williams,Christchurch City,Central Ward,-43.53095315649713,172.64556602228504,Entire home/apt,293.0,1.0,7,2026-02-21,0.62,132,330,7,,2026-02
1376390926322656285,Float on Pacific Highs,17414661,Adrien,Christchurch City,Heathcote Ward,-43.57875057997605,172.76955807817313,Entire home/apt,874.0,3.0,11,2026-02-07,1.29,1,133,11,,2026-02
1377643148290283235,Harbour View - 3 Bedroom Retreat,20665858,Adam,Christchurch City,Banks Peninsula Ward,-43.75951,172.94491,Entire home/apt,389.0,1.0,31,2026-02-27,2.69,20,352,31,,2026-02
1379189899929165239,Andover near the Park,81390838,Perfect Stays,Christchurch City,Fendalton Ward,-43.52092919623441,172.62248775840698,Entire home/apt,,90.0,0,,,47,5,0,,
1379861160925869869,Sunny Studio Sanctuary â Bath Street Stay,331763232,Managed By Williams,Christchurch City,Central Ward,-43.540256032621336,172.63539776541245,Entire home/apt,198.0,1.0,14,2025-12-29,1.21,132,267,14,,2025-12
1380007349474963921,Aleon Nestieï½Wigram 5BR Houseï½ Netflixï½ Sleeps 11,570168648,Joanna,Christchurch City,Halswell Ward,-43.5559879,172.5530356,Entire home/apt,389.0,1.0,44,2026-03-19,5.1,3,233,44,,2026-03
1380020110511846540,"City - Comfort, Private & Parking- long stay deals",24205506,"Mayie, Judi And Karen At Bookahome",Christchurch City,Central Ward,-43.52299159538557,172.62794850716614,Entire home/apt,228.0,2.0,17,2026-02-28,1.45,83,316,17,,2026-02
1380685972508119484,Modern Studio Retreat â¢ Prime City Fringe Location,551181197,Paula Kat Charlotte,Christchurch City,Central Ward,-43.5371788,172.6478091,Entire home/apt,188.0,1.0,34,2026-03-10,2.83,188,251,34,,2026-03
1380742275186119628,City Haven 1BR Near Ara Institute and CBD,551181197,Paula Kat Charlotte,Christchurch City,Central Ward,-43.5371788,172.6478091,Entire home/apt,206.0,1.0,14,2026-01-15,1.18,188,232,14,,2026-01
1380778169721723983,"Private, peaceful studio with bonus car park!",551181197,Paula Kat Charlotte,Christchurch City,Central Ward,-43.537251,172.6477124,Entire home/apt,173.0,1.0,67,2026-03-10,5.68,188,239,67,,2026-03
1380982509542718617,Hagley Hideaway:Park Cozy Escape,102325306,Jianzhong,Christchurch City,Riccarton Ward,-43.53280026762857,172.60847686469833,Private room,92.0,1.0,21,2026-01-26,1.75,1,3,21,,2026-01
1381269607476367188,Peaceful 2-Bedroom Retreat with Harbour Outlook,20665858,Adam,Christchurch City,Banks Peninsula Ward,-43.8097843,172.9613294,Entire home/apt,335.0,1.0,40,2026-03-01,3.4,20,291,40,,2026-03
1381330521504256901,100m from stadium- 2 bedroom - new build carpark,580976133,Frank,Christchurch City,Central Ward,-43.532184,172.6401221,Entire home/apt,275.0,1.0,22,2026-03-12,2.19,1,7,22,,2026-03
1381639031221709646,*1 min walk to TownHall Te Pae - FREE Carpark,43367626,Sharon,Christchurch City,Central Ward,-43.52685279545496,172.63667137112157,Entire home/apt,251.0,1.0,46,2026-02-23,3.84,16,79,46,,2026-02
1381689839247314770,Brand New 3BR Home with Parking,147777927,Venu,Christchurch City,Linwood Ward,-43.5417698,172.6598668,Entire home/apt,201.0,2.0,4,2026-02-03,0.46,4,210,4,,2026-02
1382801619864879092,Chill in a Quiet House & Yard,74811135,Maggie,Christchurch City,Halswell Ward,-43.55432424973294,172.58624185866802,Entire home/apt,311.0,1.0,12,2026-03-12,1.04,41,310,12,,2026-03
1383017223066043673,Ridgeway Escape,454030872,Neil,Christchurch City,Heathcote Ward,-43.56904,172.69499,Private room,140.0,2.0,1,2026-03-01,1.0,1,140,1,,2026-03
1383506021723956608,Three Bedroom - Two Bathroom - Gated Carpark,136453482,Kelly,Christchurch City,Fendalton Ward,-43.5120107183578,172.6230112775695,Entire home/apt,490.0,1.0,25,2026-02-28,2.83,2,326,25,,2026-02
1383637441077594753,Relaxed & Refined: 2BR Home on Wilmer Street,331763232,Managed By Williams,Christchurch City,Central Ward,-43.53944421783652,172.63208621831762,Entire home/apt,259.0,1.0,21,2026-03-03,1.81,132,155,21,,2026-03
1383649095119345614,Modern 2BR House on Madras Street,331763232,Managed By Williams,Christchurch City,Central Ward,-43.52430262642784,172.64291642604638,Entire home/apt,252.0,1.0,11,2026-02-04,0.96,132,164,11,,2026-02
1384700654090795512,Oceanside Studio in New Brighton,422461047,Alexander,Christchurch City,Coastal Ward,-43.50357936238871,172.72946672949982,Private room,137.0,1.0,33,2026-03-08,2.77,1,81,33,,2026-03
1384839415640435899,Central | Sleeps 3 | Free Parking Space,686294777,Laura,Christchurch City,Central Ward,-43.53066099999999,172.6385368,Entire home/apt,209.0,1.0,53,2026-03-12,5.15,3,314,53,,2026-03
1385047547585617093,Bright and Spacious 2BR near Ara Institute and CBD,551181197,Paula Kat Charlotte,Christchurch City,Linwood Ward,-43.543107,172.6587562,Entire home/apt,215.0,1.0,34,2026-03-09,2.93,188,258,34,,2026-03
1385778189202993915,Modern Townhouse | Prime Location + Carpark,551181197,Paula Kat Charlotte,Christchurch City,Central Ward,-43.5257355,172.6357443,Entire home/apt,230.0,1.0,58,2026-03-07,4.96,188,245,58,,2026-03
1385808514052976582,Bright 2BR w Yard Washer Full Kitchen,202585247,Ohana,Christchurch City,Central Ward,-43.5323907,172.6424969,Entire home/apt,310.0,1.0,96,2026-03-17,8.04,137,108,96,,2026-03
1385840337827171229,Heart of the City Stay - With the Best Coffee!,55203536,Helen,Christchurch City,Central Ward,-43.525483324231416,172.6400619306806,Entire home/apt,337.0,1.0,5,2026-02-18,0.58,3,132,5,,2026-02
1385843102023163086,Two Units - 4 Bedrooms - 4 Bathrooms,55203536,Helen,Christchurch City,Central Ward,-43.52611527214027,172.63969608655037,Entire home/apt,961.0,1.0,2,2025-10-27,0.3,3,92,2,,2025-10
1386624999505971942,Seaside 2 Bed 2 Bath Haven Short Walk to the Beach,551181197,Paula Kat Charlotte,Christchurch City,Coastal Ward,-43.5087608,172.7312549,Entire home/apt,264.0,1.0,27,2026-02-24,2.39,188,243,27,,2026-02
1386687997521702157,Queen bedroom with ensuite.Close to Airport & City,686755100,Harry,Christchurch City,Harewood Ward,-43.44861065016797,172.6295818454608,Private room,86.0,1.0,93,2026-03-07,7.95,1,351,93,,2026-03
1387170090388403544,Luxury CBD Apartment Free parking,510730797,Kate,Christchurch City,Central Ward,-43.5263,172.64008,Entire home/apt,318.0,1.0,20,2026-02-15,1.8,14,69,20,,2026-02
1387283093861827238,Cozy 2-Bedroom - Kitchen Yard Central Location,202585247,Ohana,Christchurch City,Spreydon Ward,-43.5448233,172.6090316,Entire home/apt,252.0,1.0,64,2026-03-15,5.42,137,219,64,,2026-03
1387568846052960604,Cosy Studio In CDB With Kitchenette,686294777,Laura,Christchurch City,Central Ward,-43.53066099999999,172.6385368,Entire home/apt,165.0,1.0,38,2026-03-16,3.68,3,282,38,,2026-03
1387584491834800018,Uniquely located apartment with Kitchen,686294777,Laura,Christchurch City,Central Ward,-43.53066099999999,172.6385368,Entire home/apt,142.0,1.0,60,2026-03-18,5.92,3,312,60,,2026-03
1388062906413737915,Peaceful Stay in a Cozy House,80754245,Johanna,Christchurch City,Cashmere Ward,-43.56027941820327,172.631662355008,Private room,71.0,1.0,3,2026-03-01,1.96,1,349,3,,2026-03
1388762011553619350,Modern 4BR in Riccarton Walk to Mall and Park,551181197,Paula Kat Charlotte,Christchurch City,Riccarton Ward,-43.53219240000001,172.6010008,Entire home/apt,540.0,1.0,6,2025-11-26,0.69,188,200,6,,2025-11
1389436601035056636,3 Bed Family Retreat Classic Charm With Park Views,482671075,Care Property Stays,Christchurch City,Heathcote Ward,-43.55132,172.64867,Entire home/apt,,1.0,21,2026-03-08,1.95,147,0,21,,2026-03
1389437636677602756,City-Fringe Gem â¢ Chic Studio in Prime Location,551181197,Paula Kat Charlotte,Christchurch City,Central Ward,-43.5371788,172.6478091,Entire home/apt,151.0,1.0,28,2026-03-05,2.39,188,267,28,,2026-03
1390066063638977928,Riverside Escape near Hagley Park and Hospital,551181197,Paula Kat Charlotte,Christchurch City,Central Ward,-43.5370905,172.6249006,Entire home/apt,431.0,1.0,9,2026-01-31,0.92,188,198,9,,2026-01
1390284535658358544,Central City Hideaway,125757390,KTD Property Services Ltd,Christchurch City,Central Ward,-43.52377383378349,172.63967994221971,Entire home/apt,296.0,1.0,30,2026-03-14,2.72,7,164,30,,2026-03
1390836653298835903,Elegant 2BR Cathedral Square Apartment,331763232,Managed By Williams,Christchurch City,Central Ward,-43.53168472813268,172.63887115019398,Entire home/apt,390.0,1.0,28,2026-03-05,2.51,132,112,28,,2026-03
1390911116516704002,"Bright City Base - 1Bed, Kitchen, Outdoor Space",202585247,Ohana,Christchurch City,Central Ward,-43.5269482,172.63981,Entire home/apt,238.0,1.0,65,2026-03-06,5.54,137,132,65,,2026-03
1391046801701974472,Seaside sanctuary with spa,14691243,Chris,Christchurch City,Banks Peninsula Ward,-43.7959394692492,172.91849474127807,Entire home/apt,742.0,2.0,24,2026-03-14,2.33,1,288,24,,2026-03
1391576532660811687,Overleigh Homestead,127379295,John,Christchurch City,Banks Peninsula Ward,-43.66080714228149,172.8100438666135,Entire home/apt,287.0,2.0,9,2026-01-19,0.86,3,347,9,,2026-01
1391647154420101560,Sunny Private King bed  near uni/mkts/airport,160939364,Zhen,Christchurch City,Fendalton Ward,-43.5084051,172.5787446,Private room,68.0,1.0,95,2026-03-08,8.1,2,0,95,,2026-03
1391782120729388881,Contemporary Studio Comfort â Bath Street Unit,331763232,Managed By Williams,Christchurch City,Central Ward,-43.53962,172.63417,Entire home/apt,185.0,1.0,15,2026-03-01,1.72,132,196,15,,2026-03
1392415565357429486,"Harbourview bush retreat, Akaroa",286172717,Tonia,Christchurch City,Banks Peninsula Ward,-43.80025,172.97291,Entire home/apt,354.0,2.0,21,2026-03-07,4.29,1,162,21,,2026-03
1393013130301422805,Luxury 2BR CBD â Town Hall & Casino | Guest Fav,49642171,Lily-SimplyHost,Christchurch City,Central Ward,-43.525977431277056,172.63537092844723,Entire home/apt,262.0,1.0,23,2026-03-06,2.08,95,310,23,,2026-03
1393133567437194121,Sleepout by the Beach,96588416,Renee,Christchurch City,Coastal Ward,-43.4884392,172.7197228,Entire home/apt,126.0,1.0,30,2026-03-15,2.65,1,352,30,,2026-03
1393177667599639297,Holiday in Paradise,688392690,Shelley,Christchurch City,Banks Peninsula Ward,-43.64661633749566,172.71206623739903,Entire home/apt,274.0,2.0,17,2026-03-05,1.51,1,330,17,,2026-03
1393678315391390094,Modern Central Apartment - Christchurch Apartment,145244100,Bachcare,Christchurch City,Riccarton Ward,-43.528,172.61186,Entire home/apt,,2.0,3,2025-12-06,0.35,1417,365,3,,2025-12
1393798111054587109,Stylish City Home with Parking Prime Location,551181197,Paula Kat Charlotte,Christchurch City,Central Ward,-43.5257355,172.6357443,Entire home/apt,307.0,1.0,79,2026-03-10,6.95,188,230,79,,2026-03
1393837715310755090,CBD 2BR with Backyard - Walk Everywhere,202585247,Ohana,Christchurch City,Central Ward,-43.5296361,172.6450818,Entire home/apt,275.0,1.0,70,2026-03-17,6.93,137,103,70,,2026-03
1393883947547156756,"Home away from home, near CBD",938000,Kit,Christchurch City,Cashmere Ward,-43.55921737773134,172.64969928807213,Entire home/apt,155.0,1.0,28,2026-03-14,2.68,2,364,28,,2026-03
1393947566063106963,Spacious 3 BR house near sumner,211195948,Jenny,Christchurch City,Heathcote Ward,-43.56118777686561,172.7371907414108,Entire home/apt,305.0,1.0,19,2026-02-08,1.68,20,71,19,,2026-02
1393967561326691570,"Heart of Garden City â 3BR, 3BA, Parking",49642171,Lily-SimplyHost,Christchurch City,Central Ward,-43.5259716,172.6308046,Entire home/apt,565.0,1.0,1,2025-11-20,0.24,95,189,1,,2025-11
1394479414680579397,Modern Stay | Hagley & Casino,74811135,Maggie,Christchurch City,Central Ward,-43.52692,172.63033,Entire home/apt,309.0,1.0,45,2026-03-18,4.03,41,122,45,,2026-03
1394488165947043085,Upscale Townhouse with Parking in Prime Location,551181197,Paula Kat Charlotte,Christchurch City,Central Ward,-43.52574,172.63574,Entire home/apt,293.0,1.0,55,2026-03-09,4.93,188,226,55,,2026-03
1394499573327862639,"Free parking. 6 ensuites. Cinema, Games room",653922876,Majestic Stays,Christchurch City,Central Ward,-43.52893349816466,172.65280536512535,Entire home/apt,844.0,1.0,16,2026-03-14,1.43,3,247,16,,2026-03
1394565084915329210,Phillipstown Nook,24205506,"Mayie, Judi And Karen At Bookahome",Christchurch City,Linwood Ward,-43.53801,172.65852,Entire home/apt,245.0,2.0,7,2026-02-25,0.63,83,331,7,,2026-02
1394694262014140975,"Luxury 2 Bed, 2 Bath CBD Retreat with Parking",531001980,Hengtao,Christchurch City,Central Ward,-43.5265134226296,172.6391980995416,Entire home/apt,331.0,1.0,11,2026-02-28,1.02,1,274,11,,2026-02
1395263900138500438,"Central 1BR Apt - Balcony, Kitchen & Bath",202585247,Ohana,Christchurch City,Central Ward,-43.535478,172.6351439,Entire home/apt,289.0,1.0,54,2026-03-16,4.75,137,123,54,,2026-03
1395446298244330565,Urban Comfort on Durham St Walk Everywhere,551181197,Paula Kat Charlotte,Christchurch City,Central Ward,-43.5261141,172.6337774,Entire home/apt,276.0,1.0,27,2026-03-01,2.41,188,224,27,,2026-03
1395819019957564079,City 1 bed with Carpark. Top Floor - Lift access,75857776,Michael,Christchurch City,Central Ward,-43.52843461875418,172.64292296022177,Entire home/apt,144.0,2.0,53,2026-03-15,6.05,2,33,53,,2026-03
1395950807293079036,Inner City Haven - Christchurch Holiday Home,145244100,Bachcare,Christchurch City,Central Ward,-43.52113814805816,172.63105911563352,Entire home/apt,,1.0,2,2026-02-18,1.03,1417,364,2,,2026-02
1396146959393760019,Character Meets Comfort 2 Bedroom City Townhouse,482671075,Care Property Stays,Christchurch City,Central Ward,-43.52457,172.63493,Entire home/apt,206.0,1.0,23,2026-03-07,2.05,147,54,23,,2026-03
1396843442883535712,Westminster Haven - Christchurch Holiday Home,145244100,Bachcare,Christchurch City,Innes Ward,-43.50565401964228,172.6389875152307,Entire home/apt,,2.0,3,2025-09-25,0.35,1417,365,3,,2025-09
1398912826098460780,Central City Retreat. Stylish 3BR + Parking,551181197,Paula Kat Charlotte,Christchurch City,Central Ward,-43.5291776,172.6294649,Entire home/apt,289.0,2.0,27,2026-03-06,2.41,188,142,27,,2026-03
1399065642751097249,Luxury CBD 2Bed 2Bath + parking l Guest Favourite,49642171,Lily-SimplyHost,Christchurch City,Central Ward,-43.52742670346364,172.6387779882296,Entire home/apt,289.0,1.0,48,2026-03-19,4.53,95,249,48,,2026-03
1399436726970049188,2BR City Townhouse walk to the Convention Centre,551181197,Paula Kat Charlotte,Christchurch City,Central Ward,-43.5257352,172.6358014,Entire home/apt,211.0,1.0,10,2026-03-07,0.88,188,251,10,,2026-03
1399585665487879546,Maison de Marianne,17020060,Marianne,Christchurch City,Banks Peninsula Ward,-43.80691784985575,172.9699825430664,Entire home/apt,206.0,1.0,22,2026-03-03,1.96,1,175,22,,2026-03
1400290404309421328,Burnside /Ilam haven,161913484,Greg,Christchurch City,Waimairi Ward,-43.5149485810741,172.56460087522692,Entire home/apt,240.0,1.0,0,,,1,73,0,,
1400604223708523632,Cosy Tiny Home â Peaceful Paddock Stay,482671075,Care Property Stays,Christchurch City,Harewood Ward,-43.5081935,172.4761624,Entire home/apt,191.0,1.0,14,2026-02-12,1.54,147,182,14,,2026-02
1401217529597672209,Charming 2BR House by Westfield | Free Parking,49642171,Lily-SimplyHost,Christchurch City,Riccarton Ward,-43.53058670332837,172.59438574599326,Entire home/apt,262.0,1.0,25,2026-02-26,2.31,95,345,25,,2026-02
1402718603558905707,Stillpoint  Retreat,496443088,Louise,Christchurch City,Heathcote Ward,-43.5683736,172.72091,Entire home/apt,223.0,2.0,10,2026-02-07,0.96,1,350,10,,2026-02
1402870805418837843,"Comfy, close to CBD",532142019,Tracy,Christchurch City,Central Ward,-43.53205,172.65862,Private room,115.0,1.0,0,,,5,35,0,,
1403402595300125274,2BR Movie-Themed Retreat | Sleeps 5,59249793,InfinityEight,Christchurch City,Fendalton Ward,-43.5152927,172.614752,Entire home/apt,,1.0,10,2025-10-11,0.98,8,0,10,,2025-10
1404611457267643041,Relaxed City Living - 3 Bedroom Home with Parking,29406849,Chris And Jen,Christchurch City,Fendalton Ward,-43.5214872,172.6114344,Entire home/apt,331.0,2.0,17,2026-03-01,2.79,1,17,17,,2026-03
1404891852003655405,"Privacy, comfort and a lot more -2 bedroom, cycles",143320659,Lijo,Christchurch City,Burwood Ward,-43.51317814969447,172.71078670159994,Entire home/apt,,1.0,19,2026-02-21,1.84,1,0,19,,2026-02
1405592400427766713,2BR Getaway | BBQ & Game Room | Sleeps 5,59249793,InfinityEight,Christchurch City,Central Ward,-43.5187158,172.6463647,Entire home/apt,262.0,1.0,35,2026-03-10,3.25,8,148,35,,2026-03
1405824387746978888,Charming house in Montreal,213361214,Sheun,Christchurch City,Central Ward,-43.5465904,172.630358,Private room,86.0,2.0,23,2026-03-05,2.11,2,342,23,,2026-03
1406147447118255095,Cosy and Central Family Home,331763232,Managed By Williams,Christchurch City,Central Ward,-43.53534143344633,172.6309812790258,Entire home/apt,310.0,2.0,25,2026-03-05,3.32,132,236,25,,2026-03
1406228984187394141,1BR Apartment | Free Parking | Prime City Location,59249793,InfinityEight,Christchurch City,Central Ward,-43.5333039,172.6584558,Entire home/apt,,1.0,42,2026-03-04,3.97,8,0,42,,2026-03
1406301826026892656,"Radnor Luxe | Hot Tub, Parking & Family Comfort",59249793,InfinityEight,Christchurch City,Innes Ward,-43.5117608,172.6335938,Entire home/apt,435.0,1.0,41,2026-02-23,4.06,8,98,41,,2026-02
1406920693339031750,CBD 2 Bed 2 Bath + 2 Covered Car Parks,58384829,AndrÃ©e,Christchurch City,Central Ward,-43.52931384153877,172.63193903956537,Entire home/apt,251.0,1.0,17,2026-03-21,2.01,1,141,17,,2026-03
1407868609553591864,Cozy Super king bed/garden view/self check in,430177594,Paul,Christchurch City,Hornby Ward,-43.55264988745799,172.52744145691395,Private room,69.0,1.0,77,2026-03-04,7.06,4,316,77,,2026-03
1408184092369041574,The Central Villa | 4BR | 2BA | Peaceful City Stay,28386584,Vance,Christchurch City,Central Ward,-43.533259105357246,172.65120010403118,Entire home/apt,349.0,2.0,25,2026-02-28,2.86,3,341,25,,2026-02
1408354599386758484,The Pool House @ Woodford Grace,6361383,Michelle,Christchurch City,Fendalton Ward,-43.52095231585249,172.62297363905634,Entire home/apt,223.0,1.0,71,2026-03-15,7.05,1,133,71,,2026-03
1408467299578818634,Guesthouse on Gardiners - No cleaning fee.,300616410,Liz,Christchurch City,Harewood Ward,-43.4624,172.58873,Entire home/apt,160.0,1.0,174,2026-03-19,16.11,1,96,174,,2026-03
1409191524155886363,"Imagine - Morning ski, Dusk surf",586510245,Margaret,Christchurch City,Heathcote Ward,-43.57347128306554,172.77056296921378,Entire home/apt,428.0,2.0,3,2026-01-07,0.75,1,293,3,,2026-01
1409638315797808430,Åtautahi CHC â¢Walk to Town â¢KING Bed â¢Free Parking,598854641,Smart Staycation,Christchurch City,Central Ward,-43.537523,172.6384522,Entire home/apt,203.0,1.0,34,2026-03-07,3.38,3,336,34,,2026-03
1409725420264680201,Stadium Suite on Southwark - Luxury in City Centre,551181197,Paula Kat Charlotte,Christchurch City,Central Ward,-43.5369835,172.6408163,Entire home/apt,301.0,1.0,5,2025-12-25,0.47,188,263,5,,2025-12
1409768578149808525,Motel Studio Room,675770822,Mengfei,Christchurch City,Linwood Ward,-43.54112187320258,172.66437252594372,Entire home/apt,160.0,1.0,0,,,2,364,0,,
1409780415921603187,Laneside - Akaroa Holiday Cottage,145244100,Bachcare,Christchurch City,Banks Peninsula Ward,-43.794359320128855,172.96719143658095,Entire home/apt,318.0,2.0,3,2026-01-23,0.37,1417,362,3,,2026-01
1409854663748672761,Central Merivale Town House,65000078,Victoria,Christchurch City,Fendalton Ward,-43.51519533131728,172.61426226367902,Entire home/apt,229.0,2.0,10,2026-03-17,1.18,1,323,10,,2026-03
1409901741513057723,Luxury corner 2BR Townhouse w/parking!,178745066,Keisha,Christchurch City,Central Ward,-43.52629960000001,172.6400802,Entire home/apt,326.0,1.0,51,2026-03-19,4.89,4,319,51,,2026-03
1410446380075350516,Cosy Studio in Allen Street,331763232,Managed By Williams,Christchurch City,Central Ward,-43.537598279386536,172.6407968490526,Entire home/apt,212.0,1.0,24,2026-02-18,2.36,132,153,24,,2026-02
1410484574087764324,"Tranquil Bay Family Retreat | Relax, Recharge",24205506,"Mayie, Judi And Karen At Bookahome",Christchurch City,Banks Peninsula Ward,-43.75504856944127,172.94497131192003,Entire home/apt,291.0,2.0,8,2026-02-27,1.0,83,340,8,,2026-02
1411206770883490560,Designer Urban Escape | Stylish City Comfort,24205506,"Mayie, Judi And Karen At Bookahome",Christchurch City,Central Ward,-43.52885,172.63041,Entire home/apt,354.0,2.0,15,2026-03-04,1.54,83,309,15,,2026-03
1411251673595779300,"City Calm Retreat â 4BR, 6 Beds, 2.5BA sleeps 9!",49642171,Lily-SimplyHost,Christchurch City,Fendalton Ward,-43.5107564,172.6005923,Entire home/apt,725.0,1.0,4,2025-10-07,0.39,95,204,4,,2025-10
1411389893854650098,One Bedroom Twin Studio,266905655,Hari,Christchurch City,Central Ward,-43.52001,172.64076,Private room,320.0,1.0,1,2025-12-30,0.36,5,344,1,,2025-12
1412499826334256039,"Maison del la Mei, Akaroa",400402795,Melissa,Christchurch City,Banks Peninsula Ward,-43.8086131,172.9635453,Entire home/apt,488.0,2.0,8,2026-03-01,1.98,2,358,8,,2026-03
1413412509320106859,Very Central 2BR - Balcony & Full Kitchen,202585247,Ohana,Christchurch City,Central Ward,-43.53545039999999,172.6353908,Entire home/apt,308.0,1.0,62,2026-03-16,5.87,137,110,62,,2026-03
1413585445126409784,"Resort Style with City Views, private room",21461254,Philip,Christchurch City,Cashmere Ward,-43.5802121,172.6389027,Private room,183.0,1.0,14,2026-03-15,1.32,2,72,14,,2026-03
1414031349470253339,Modern 1BR Retreat with Laundry - Manchester,202585247,Ohana,Christchurch City,Central Ward,-43.52731,172.63981,Entire home/apt,239.0,1.0,37,2026-03-13,3.58,137,132,37,,2026-03
1414057404185454607,Stylish Central Cottage - Modern Heating & Parking,202585247,Ohana,Christchurch City,Central Ward,-43.52748,172.64741,Entire home/apt,270.0,1.0,54,2026-03-17,5.18,137,132,54,,2026-03
1414078052210026372,Light & Central CBD Stay,331763232,Managed By Williams,Christchurch City,Central Ward,-43.53857850791663,172.64144022114667,Entire home/apt,158.0,1.0,21,2026-03-05,2.35,132,192,21,,2026-03
1414129773724827212,Cosy bedroom in Riccarton Mall!,99772917,Fiorella,Christchurch City,Riccarton Ward,-43.5348732,172.6021255,Private room,67.0,1.0,37,2026-03-19,3.54,1,65,37,,2026-03
1414294228380229084,"Airport Luxury, no cleaning fee",67545571,Sharon,Christchurch City,Waimairi Ward,-43.4991295631148,172.5785432547501,Entire home/apt,149.0,1.0,97,2026-03-07,9.18,3,193,97,,2026-03
1414861460368484319,Quiet Apartment in Garden Motel by Hagley Park#1,679694023,Max,Christchurch City,Riccarton Ward,-43.52706791847199,172.60722400708738,Entire home/apt,290.0,1.0,1,2026-01-01,0.37,2,70,1,,2026-01
1414882394303959093,Garden City Queen Room â Christchurch,156850647,Jun,Christchurch City,Central Ward,-43.5180883,172.6440227,Private room,169.0,1.0,0,,,3,146,0,,
1414908248791652124,CBD Gem - Studio on Allen Street,331763232,Managed By Williams,Christchurch City,Central Ward,-43.5383,172.64273,Entire home/apt,179.0,1.0,13,2026-02-25,1.97,132,135,13,,2026-02
1415035837861303517,Christchurch CityNest with Garden,156850647,Jun,Christchurch City,Central Ward,-43.5185644,172.6459604,Entire home/apt,215.0,2.0,3,2026-02-28,0.51,3,146,3,,2026-02
1415109376973610394,"Elevated Ocean View Oasis - 3-BR, 2-Bath, Parking",202585247,Ohana,Christchurch City,Heathcote Ward,-43.5698711,172.7301574,Entire home/apt,289.0,1.0,35,2026-03-12,3.35,137,107,35,,2026-03
1415470148306086200,Spacious Allen Street 1BR Stay,331763232,Managed By Williams,Christchurch City,Central Ward,-43.53704337698154,172.64094019607683,Entire home/apt,164.0,1.0,9,2026-02-17,1.17,132,183,9,,2026-02
1415717042048560156,Walk 2 City â¢Parking â¢Washer/Dryer â¢Kitchen â¢WIFI,598854641,Smart Staycation,Christchurch City,Central Ward,-43.5313834,172.6435245,Entire home/apt,308.0,1.0,29,2026-03-04,2.96,3,351,29,,2026-03
1416133026648826423,Quiet Comfort Near It All,74811135,Maggie,Christchurch City,Heathcote Ward,-43.553595730621794,172.64842371399027,Entire home/apt,286.0,1.0,2,2025-12-31,0.71,41,174,2,,2025-12
1416200179977939929,Stylish Stay â Heart of the CBD,510730797,Kate,Christchurch City,Central Ward,-43.52613856152472,172.63859998061506,Entire home/apt,287.0,1.0,9,2026-01-03,0.88,14,67,9,,2026-01
1416278115295345546,Stylish Christchurch CBD 1BR,331763232,Managed By Williams,Christchurch City,Central Ward,-43.53692237664328,172.64281692306986,Entire home/apt,191.0,2.0,22,2026-03-07,2.08,132,0,22,,2026-03
1416293586335143284,Bright Corner Unit 1BR CBD Stay,331763232,Managed By Williams,Christchurch City,Central Ward,-43.53737242490388,172.64062409307817,Entire home/apt,225.0,1.0,1,2025-06-16,0.11,132,166,1,,2025-06
1416389140193851033,Lovely CBD Studio on Allen,331763232,Managed By Williams,Christchurch City,Central Ward,-43.53847676085857,172.64245867038534,Entire home/apt,189.0,1.0,15,2026-03-04,2.28,132,170,15,,2026-03
1416395046569655426,Stylish and Lush CBD Studio,331763232,Managed By Williams,Christchurch City,Central Ward,-43.536886882568105,172.64279081939355,Entire home/apt,188.0,1.0,25,2026-02-15,2.36,132,173,25,,2026-02
1417135422864774224,"Tuam St Stay - 1BR with Balcony, Bath",202585247,Ohana,Christchurch City,Central Ward,-43.53545,172.63539,Entire home/apt,251.0,1.0,53,2026-03-15,5.15,137,120,53,,2026-03
1417177494212137191,Inner City Sanctuary: Free Parking,333925728,Juliet,Christchurch City,Central Ward,-43.533721761516446,172.642064653337,Entire home/apt,262.0,1.0,80,2026-03-05,7.62,1,42,80,,2026-03
1418358550516464734,Modern 2 Bed City-Fringe | Carpark & Courtyard,482671075,Care Property Stays,Christchurch City,Central Ward,-43.5288803,172.6599129,Entire home/apt,238.0,1.0,4,2025-07-19,0.38,147,202,4,,2025-07
1418574236007356103,Quite and Cozy Single Bedroom,662706872,Pratik,Christchurch City,Halswell Ward,-43.5684663,172.5424887,Private room,54.0,1.0,19,2026-03-06,1.86,3,363,19,,2026-03
1418595859612469748,Classic Christchurch Comfort,694849163,Cindy,Christchurch City,Hornby Ward,-43.54824,172.53846,Entire home/apt,163.0,1.0,103,2026-03-15,10.16,1,208,103,,2026-03
1419118668789539639,Central Stay 1 bed Studio,482671075,Care Property Stays,Christchurch City,Central Ward,-43.5386106,172.6315744,Entire home/apt,197.0,1.0,7,2026-02-07,0.68,147,212,7,,2026-02
1419141231675245572,A charming house in Montreal,213361214,Sheun,Christchurch City,Central Ward,-43.54613372641938,172.62929009045126,Private room,112.0,1.0,10,2026-02-28,0.97,2,336,10,,2026-02
1419149403149378307,Spacious Modern Family-Friendly,6060953,Gil,Christchurch City,Heathcote Ward,-43.56464862026484,172.66974868954634,Entire home/apt,,4.0,0,,,1,325,0,,
1419158047017779995,"2BR Stay in the City, Gloucester",202585247,Ohana,Christchurch City,Central Ward,-43.530150968089366,172.64732650046903,Entire home/apt,302.0,1.0,86,2026-03-15,8.69,137,110,86,,2026-03
1419298498335634218,Central Stay Addington,574309505,Leana,Christchurch City,Spreydon Ward,-43.54203668141266,172.61225759983063,Entire home/apt,246.0,1.0,16,2026-03-07,2.11,1,338,16,,2026-03
1419795262666901775,Central & Stylish | Modern Comfort in Christchurch,482671075,Care Property Stays,Christchurch City,Central Ward,-43.5246202,172.6385601,Entire home/apt,297.0,1.0,8,2026-02-26,0.88,147,241,8,,2026-02
1419924039511053516,Mount Pleasant Ocean Views 3 bedroom with bathtub,482671075,Care Property Stays,Christchurch City,Heathcote Ward,-43.5580319,172.7160523,Entire home/apt,387.0,1.0,12,2026-03-03,1.88,147,62,12,,2026-03
1419954262725071323,Hillsborough 3-Bed Family Retreat | Entertainment,49642171,Lily-SimplyHost,Christchurch City,Heathcote Ward,-43.5615844,172.6772681,Entire home/apt,524.0,1.0,21,2026-02-08,2.31,95,300,21,,2026-02
1421400173834826187,Luxe and Location,23278101,Jason,Christchurch City,Central Ward,-43.5262553,172.6406017,Entire home/apt,329.0,1.0,60,2026-03-19,5.98,18,291,60,,2026-03
1422044130736008283,Relax and Unwind Central City Hideaway w Carpark,551181197,Paula Kat Charlotte,Christchurch City,Central Ward,-43.53857106994883,172.63737185289037,Entire home/apt,265.0,1.0,8,2026-02-17,0.81,188,218,8,,2026-02
1422069304741217298,Modern Private Unit,695773936,Kaye,Christchurch City,Harewood Ward,-43.4750889,172.5675473,Entire home/apt,149.0,1.0,14,2026-03-01,2.86,1,66,14,,2026-03
1422675197426864775,City Centre Comfort â 3BR Townhouse with Parking,96125711,Guy,Christchurch City,Central Ward,-43.5241646,172.635356,Entire home/apt,246.0,2.0,8,2026-03-07,1.21,1,40,8,,2026-03
1422841951199218506,Scarborough Coastal Getaway,69292138,Marcus,Christchurch City,Heathcote Ward,-43.57403222061269,172.77426515789932,Entire home/apt,951.0,3.0,2,2026-01-15,0.7,1,89,2,,2026-01
1423752577995252553,"Convenient City Pad - 2-BR, Laundry, Sleeps 5",202585247,Ohana,Christchurch City,Central Ward,-43.5340031,172.642468,Entire home/apt,285.0,1.0,33,2026-03-07,3.27,137,122,33,,2026-03
1424119646402978657,Home in Ilam,94697829,Andrew,Christchurch City,Waimairi Ward,-43.516116,172.5756165,Entire home/apt,226.0,2.0,14,2026-02-18,2.14,1,193,14,,2026-02
1424217811733648920,Home Sweet Home NZ,696102587,Joseph,Christchurch City,Hornby Ward,-43.52174139103217,172.52392370498652,Private room,58.0,1.0,1,2025-08-25,0.14,1,2,1,,2025-08
1424314193213605237,Christchurch Retreat | Sauna + Ice Bath,100959873,Keishana Louise Claire,Christchurch City,Spreydon Ward,-43.56849101932324,172.6086026117726,Entire home/apt,70.0,58.0,4,2025-08-16,0.46,1,83,4,,2025-08
1424515805616438906,little comfort,368200064,Ramesh,Christchurch City,Halswell Ward,-43.5644076,172.5727227,Private room,155.0,1.0,9,2026-03-15,2.73,1,364,9,,2026-03
1424846609710116983,Upper floor studio 1 bed 1 bath with sofa bed,482671075,Care Property Stays,Christchurch City,Central Ward,-43.5378002,172.6416792,Entire home/apt,156.0,1.0,57,2026-03-06,5.68,147,233,57,,2026-03
1424871246010994719,The Georgian Residence | 3-Bed CBD Townhouse,49642171,Lily-SimplyHost,Christchurch City,Central Ward,-43.52402,172.63886,Entire home/apt,334.0,1.0,24,2026-03-12,3.96,95,351,24,,2026-03
1424919407419270943,"Location CBD, Hospital, Hagley Park,Free Parking",45768555,Hasslefree Accommodation,Christchurch City,Central Ward,-43.5333252,172.6296109,Entire home/apt,276.0,1.0,51,2026-03-12,5.19,65,307,51,,2026-03
1424953242864005738,"City Retreat on Armagh
#5â Quiet, Bright, Perfect",696473453,Punyadeep Singh,Christchurch City,Central Ward,-43.527968028284754,172.66291257156303,Entire home/apt,322.0,1.0,5,2026-02-17,1.9,3,350,5,,2026-02
1424965058365833895,CBD 2 Bed 2 Bath Luxury Gem With Car Park,49642171,Lily-SimplyHost,Christchurch City,Central Ward,-43.52471263829909,172.64018322428808,Entire home/apt,288.0,1.0,13,2026-03-05,1.49,95,252,13,,2026-03
1424997130182085619,Stylish Spot in Addington â Heart of Christchurch,696473453,Punyadeep Singh,Christchurch City,Spreydon Ward,-43.54279540390941,172.61422897334856,Entire home/apt,303.0,1.0,0,,,3,307,0,,
1425749740686336012,Cozy Living in Unit 4 Armagh,696473453,Punyadeep Singh,Christchurch City,Central Ward,-43.529432980629416,172.66330297716968,Entire home/apt,313.0,1.0,3,2026-02-28,1.11,3,330,3,,2026-02
1425791567695773558,"Resort Style, 30Â°C indoor pool, whole house",21461254,Philip,Christchurch City,Cashmere Ward,-43.581102096490575,172.639835340182,Entire home/apt,1256.0,2.0,2,2026-03-01,1.71,2,307,2,,2026-03
1425927653473712535,Airport Retreat 4 Bedrooms 8 Guests,695191864,John,Christchurch City,Waimairi Ward,-43.50581469999999,172.5695731,Entire home/apt,,1.0,15,2026-03-19,1.92,1,0,15,,2026-03
1426392465371137882,City Centre â¢Walk 2 Town â¢Parking â¢300Mbps Wifi,598854641,Smart Staycation,Christchurch City,Central Ward,-43.5313834,172.6435245,Entire home/apt,318.0,1.0,33,2026-03-16,3.4,3,336,33,,2026-03
1426488645214241678,Tranquil 4 Bed Family Retreat 5MinTo Airport,49642171,Lily-SimplyHost,Christchurch City,Hornby Ward,-43.519228444186005,172.52589410002594,Entire home/apt,399.0,1.0,24,2026-03-19,2.63,95,265,24,,2026-03
1426565769027617686,New Townhouse - Walk to your Coffee and shops,22183001,Rachael,Christchurch City,Innes Ward,-43.50702960736995,172.63236530649417,Entire home/apt,446.0,1.0,28,2026-03-14,3.72,1,195,28,,2026-03
1426597518333269703,Four bed domitory,140854309,Manpreet,Christchurch City,Spreydon Ward,-43.5509,172.59809,Shared room,50.0,1.0,5,2026-02-10,0.54,3,360,5,,2026-02
1426599349357272101,Executive spa unit,140854309,Manpreet,Christchurch City,Spreydon Ward,-43.552852244887895,172.59850101998836,Private room,140.0,1.0,0,,,3,203,0,,
1427206746429240025,Stylish Fendalton Townhouse - Prime Location,145244100,Bachcare,Christchurch City,Fendalton Ward,-43.51691935451705,172.59974049067117,Entire home/apt,,2.0,5,2026-01-01,0.57,1417,357,5,,2026-01
1428777329747183894,Modern Home | Free Parking | Walk Everywhere,439038269,Serena,Christchurch City,Central Ward,-43.52828147877686,172.64498980370485,Entire home/apt,368.0,2.0,33,2026-03-03,3.29,3,231,33,,2026-03
1429151985157628574,Private Room â 5 Min to Airport,531214470,Murtaza,Christchurch City,Hornby Ward,-43.52059903275233,172.53275320541923,Private room,128.0,1.0,7,2026-03-06,0.91,1,349,7,,2026-03
1429302528623596168,Christchurch Central Studio,331763232,Managed By Williams,Christchurch City,Central Ward,-43.53750251894583,172.64710372838772,Entire home/apt,144.0,1.0,13,2026-03-01,1.8,132,201,13,,2026-03
1429318633599582036,Inner City Studio Retreat,331763232,Managed By Williams,Christchurch City,Central Ward,-43.53747844254689,172.647475668393,Entire home/apt,133.0,1.0,13,2026-03-02,1.5,132,201,13,,2026-03
1429497093132099301,"Sunny Garden Retreat â Near Mall, City & Airport",697585226,Lily Li,Christchurch City,Papanui Ward,-43.49718502674914,172.60110774422316,Entire home/apt,200.0,2.0,15,2026-02-22,1.64,1,101,15,,2026-02
1429955726656838456,Sun Baked Duvachelle's Views,697723531,Cheryl,Christchurch City,Banks Peninsula Ward,-43.7603459,172.9476981,Entire home/apt,326.0,2.0,5,2026-02-14,2.03,1,315,5,,2026-02
1430643551790655392,Smugglers Cove Escape  Sunrises in Super King Beds,44139597,Canterbury Property Management,Christchurch City,Heathcote Ward,-43.57631,172.77501,Entire home/apt,557.0,2.0,23,2026-03-01,2.63,5,21,23,,2026-03
1430996059674967830,Modern Madras Apartment,21389379,Christine,Christchurch City,Central Ward,-43.52548083827186,172.64219045608755,Entire home/apt,217.0,2.0,11,2026-03-09,2.46,9,321,11,,2026-03
1431276119743110660,Portside Escape - Hotel Quality Linen,44139597,Canterbury Property Management,Christchurch City,Banks Peninsula Ward,-43.6024599,172.7245927,Entire home/apt,221.0,1.0,15,2026-03-05,1.54,5,27,15,,2026-03
1431402493983919661,Sweet home near airport,542186568,Sharon,Christchurch City,Harewood Ward,-43.4931057,172.5822909,Entire home/apt,204.0,1.0,50,2026-03-06,5.28,9,43,50,,2026-03
1432176429738387502,Modern and Contemporary 3BR Home,331763232,Managed By Williams,Christchurch City,Central Ward,-43.53448246894551,172.64916392379834,Entire home/apt,301.0,1.0,17,2026-02-15,1.94,132,179,17,,2026-02
1432183160290602456,Warm and Stylish 2BR Home,331763232,Managed By Williams,Christchurch City,Fendalton Ward,-43.51678081271896,172.62424169363453,Entire home/apt,265.0,1.0,12,2026-03-05,1.25,132,178,12,,2026-03
1432188044386436457,Modern Christchurch Stay â¢ Spa & Comfort,45172785,The MAC Property Team,Christchurch City,Fendalton Ward,-43.51424069999999,172.5889645,Entire home/apt,737.0,1.0,11,2026-01-17,1.76,47,14,11,,2026-01
1432202288393453726,Ohinetahi Guesthouse,712998602,Shelley,Christchurch City,Banks Peninsula Ward,-43.63545,172.64586,Entire home/apt,383.0,2.0,12,2026-02-17,2.26,1,233,12,,2026-02
1437316641058188086,Beach House Taylorâs Mistake,339966059,Joanne,Christchurch City,Heathcote Ward,-43.583823303441534,172.77490495092076,Entire home/apt,346.0,2.0,35,2025-12-29,3.75,1,196,35,,2025-12
1437344405173920949,Sumner Views,36077654,Simon,Christchurch City,Heathcote Ward,-43.57425,172.77059,Entire home/apt,221.0,2.0,25,2026-03-14,2.9,1,305,25,,2026-03
1437433881677664651,Sculpture House,519488257,Bon,Christchurch City,Coastal Ward,-43.53642869999999,172.7419738,Entire home/apt,166.0,1.0,42,2026-03-20,4.53,1,163,42,,2026-03
1438158214879797487,Warm Family Comfort in the City w Garage Parking,482671075,Care Property Stays,Christchurch City,Innes Ward,-43.5137562,172.6445692,Entire home/apt,200.0,1.0,14,2026-02-21,1.57,147,256,14,,2026-02
1438305616513139426,Central Bealey Retreat,74811135,Maggie,Christchurch City,Central Ward,-43.51977,172.64896,Entire home/apt,,1.0,21,2026-01-24,2.35,41,0,21,,2026-01
1438791003548877720,"Classical, with space, new (CNZhouse)",55183024,Clark,Christchurch City,Central Ward,-43.52775370000001,172.6497157,Entire home/apt,171.0,1.0,86,2026-03-13,9.15,3,246,86,,2026-03
1438928821793202570,Bright and New Studio Unit Walk to Town,482671075,Care Property Stays,Christchurch City,Central Ward,-43.5371788,172.6478091,Entire home/apt,151.0,1.0,6,2026-02-22,0.77,147,180,6,,2026-02
1439644825923718809,City Centre Modern Townhouse + Free Parking.,132529848,Meikee,Christchurch City,Central Ward,-43.525166812707695,172.64044904187105,Entire home/apt,334.0,1.0,45,2026-03-07,4.89,2,286,45,,2026-03
1440203549139400022,Cosy 2 Bed Single Level House Near Uni And Airport,49642171,Lily-SimplyHost,Christchurch City,Hornby Ward,-43.52694,172.55472,Entire home/apt,305.0,1.0,17,2026-03-19,1.97,95,325,17,,2026-03
1440963346593628648,Lovely and Bright CBD Studio,331763232,Managed By Williams,Christchurch City,Central Ward,-43.53875,172.6422,Entire home/apt,173.0,1.0,23,2026-03-01,2.49,132,194,23,,2026-03
1441601439802117701,"2BR Apartment, OGB, Central, Pool",551181197,Paula Kat Charlotte,Christchurch City,Central Ward,-43.5313863,172.6382629,Entire home/apt,320.0,1.0,20,2026-02-12,2.19,188,233,20,,2026-02
1442370359813460747,Town House Haven in St Albans,370396116,Hannah,Christchurch City,Central Ward,-43.51642,172.6418,Entire home/apt,261.0,2.0,27,2026-02-28,3.7,1,188,27,,2026-02
1442389303045164521,Rare Find 3 bed CBD Single Level with 2 car parks,551181197,Paula Kat Charlotte,Christchurch City,Central Ward,-43.52625,172.64239,Entire home/apt,329.0,1.0,41,2026-03-08,4.71,188,189,41,,2026-03
1443062405041449698,Stylish Studio- Walk  to Everything in the CBD,210149,Christine,Christchurch City,Central Ward,-43.53141045095179,172.6379477080914,Entire home/apt,169.0,1.0,44,2026-03-15,5.02,2,113,44,,2026-03
1443840693036867004,Corporate-Chic CBD stay,124460926,Melanie,Christchurch City,Central Ward,-43.5229487,172.6369111,Entire home/apt,343.0,1.0,7,2026-02-23,0.8,1,355,7,,2026-02
1443909684573158439,Cozy 1 BR 1 Bathroom studio,211195948,Jenny,Christchurch City,Central Ward,-43.53804,172.63305,Entire home/apt,185.0,1.0,20,2026-03-07,2.31,20,241,20,,2026-03
1443972075828422517,Cosy Corner- Riccarton,151829651,Heidi,Christchurch City,Riccarton Ward,-43.53336600377857,172.60166596141562,Entire home/apt,219.0,1.0,97,2026-03-07,11.06,2,159,97,,2026-03
1444412420738793838,Les Troupes Armstronge #3,70726871,Darren,Christchurch City,Banks Peninsula Ward,-43.80858,172.96316,Entire home/apt,339.0,1.0,3,2026-02-20,0.64,22,339,3,,2026-02
1445153160989814230,Scandinavian City Escape | Walk Everywhere in CBD,24205506,"Mayie, Judi And Karen At Bookahome",Christchurch City,Central Ward,-43.5331905830439,172.6415862139681,Entire home/apt,204.0,2.0,9,2026-03-01,1.46,83,330,9,,2026-03
1445314159029754630,Sunlit 1BR in Christchurch CBD,331763232,Managed By Williams,Christchurch City,Central Ward,-43.52832959311647,172.64060094570988,Entire home/apt,178.0,1.0,25,2026-02-25,2.73,132,175,25,,2026-02
1445341669007963838,Conveniently Located CBD 1BR,331763232,Managed By Williams,Christchurch City,Central Ward,-43.52367992660193,172.64158194286722,Entire home/apt,179.0,2.0,9,2026-03-05,1.17,132,206,9,,2026-03
1446236746442135108,Audreys Merivale Hideaway,701934466,Sharon,Christchurch City,Fendalton Ward,-43.51699,172.61926,Entire home/apt,400.0,2.0,2,2026-02-04,0.59,1,80,2,,2026-02
1446702375930359298,"Modern Spacious Home, very close to City Centre",702137718,Francis Rich,Christchurch City,Linwood Ward,-43.52381,172.68875,Entire home/apt,312.0,1.0,42,2026-02-19,4.83,1,172,42,,2026-02
1446748511258341973,Central 1BR Apartment with Kitchen & Patio,202585247,Ohana,Christchurch City,Central Ward,-43.5293483,172.6415579,Entire home/apt,255.0,1.0,4,2026-02-08,0.45,137,84,4,,2026-02
1447713114368529814,Surf Shack,165962080,Andrea,Christchurch City,Heathcote Ward,-43.57197960559998,172.76351832682445,Entire home/apt,86.0,2.0,4,2026-03-01,0.46,1,8,4,,2026-03
1448800409836065767,Quarto  em Christchurch,443841224,Paolla,Christchurch City,Hornby Ward,-43.53486,172.5524,Private room,70.0,1.0,0,,,1,362,0,,
1449090768698901109,Fantail Loft,702752167,Julia,Christchurch City,Harewood Ward,-43.45408,172.61802,Private room,112.0,1.0,22,2026-03-19,3.55,1,17,22,,2026-03
1449394234553615970,Terrace View - Sun & Freedom in Your Bedroom,453866398,Bei,Christchurch City,Waimairi Ward,-43.5155805,172.5601998,Private room,125.0,1.0,3,2026-03-13,0.35,2,364,3,,2026-03
1449696013380039367,çµå¨ååºæ¿ï¼ééæ¯ä¸ç§åºè¡éæ±,453866398,Bei,Christchurch City,Waimairi Ward,-43.51624,172.55905,Private room,113.0,1.0,3,2026-02-27,2.05,2,362,3,,2026-02
1450558370565075595,Private 2BR House w Garage Great Central Location,551181197,Paula Kat Charlotte,Christchurch City,Central Ward,-43.5236443,172.631053,Entire home/apt,230.0,1.0,25,2026-02-08,2.85,188,262,25,,2026-02
1451782511416638846,Spa Hideaway in Central City+Parking!,488268220,Martin Alejandro,Christchurch City,Central Ward,-43.53068,172.65899,Entire home/apt,257.0,1.0,37,2026-03-20,4.19,8,41,37,,2026-03
1451807826440420738,"Room in a modern townhouse, 10-min drive to town.",34232632,Lucy,Christchurch City,Papanui Ward,-43.49888,172.61382,Private room,114.0,2.0,4,2026-02-15,1.62,1,131,4,,2026-02
1451822505246831974,The Riverside Apartment,81390838,Perfect Stays,Christchurch City,Central Ward,-43.52633607402826,172.64119582422083,Entire home/apt,,3.0,0,,,47,3,0,,
1451862194621421771,Luxe Central City 2 bedrooms with Carpark,482671075,Care Property Stays,Christchurch City,Central Ward,-43.5321369,172.6410932,Entire home/apt,268.0,1.0,57,2026-03-10,6.55,147,236,57,,2026-03
1452547845049763513,City Town House - Blue,245835178,Melanie,Christchurch City,Central Ward,-43.53447,172.65617,Private room,63.0,1.0,33,2026-03-17,7.5,2,212,33,,2026-03
1452655790464282330,2 Bdrm in Merivale| free Carpark,43367626,Sharon,Christchurch City,Fendalton Ward,-43.51556,172.62535,Entire home/apt,253.0,1.0,11,2026-02-09,1.27,16,3,11,,2026-02
1453224067650875183,Redecorated Three Bedroom Home,102072072,Brent,Christchurch City,Linwood Ward,-43.54853,172.66452,Entire home/apt,257.0,2.0,12,2026-03-14,1.42,1,174,12,,2026-03
1453413355176624783,Summer holiday in Christchurch?,426510159,Darren,Christchurch City,Heathcote Ward,-43.56265,172.71917,Entire home/apt,,3.0,1,2026-01-24,0.51,1,0,1,,2026-01
1453454206784181339,TriPoint retreat airport cityUni,365360819,Chao,Christchurch City,Waimairi Ward,-43.5268,172.55594,Entire home/apt,313.0,1.0,2,2026-02-08,0.5,11,28,2,,2026-02
1454875239115501494,Ensuite Studio in Prime Location,546096306,Lina,Christchurch City,Papanui Ward,-43.49195,172.60426,Private room,80.0,1.0,25,2026-03-20,3.06,1,2,25,,2026-03
1454961187220373717,Luxury in Merivale,74811135,Maggie,Christchurch City,Fendalton Ward,-43.51652,172.62521,Entire home/apt,,1.0,7,2026-02-08,0.82,41,0,7,,2026-02
1456080072430491022,Wairarapa Cottage - Merivale,81390838,Perfect Stays,Christchurch City,Fendalton Ward,-43.51695,172.61193,Entire home/apt,623.0,2.0,1,2025-08-17,0.14,47,25,1,,2025-08
1457039019548948942,Stylish and Secure Family Home,704801610,Kirstin,Christchurch City,Papanui Ward,-43.5037771,172.6265796,Entire home/apt,388.0,2.0,12,2026-03-14,1.7,1,50,12,,2026-03
1457507444250005550,Stoked on Sumner Seaside Retreat,81390838,Perfect Stays,Christchurch City,Heathcote Ward,-43.57336,172.76037,Entire home/apt,381.0,2.0,6,2026-02-23,1.42,47,66,6,,2026-02
1457656560201276077,Central 1BR w Car Park Lift Access and Extra Bed,482671075,Care Property Stays,Christchurch City,Central Ward,-43.52923,172.6423,Entire home/apt,215.0,1.0,33,2026-03-10,4.18,147,247,33,,2026-03
1457743670691828127,Cashmere Cool,44722942,Paul,Christchurch City,Cashmere Ward,-43.57810945836043,172.630626372993,Entire home/apt,186.0,2.0,16,2026-03-11,2.51,1,303,16,,2026-03
1459196060226731107,Modern Central City Apartment With Lock Up Garage,659502893,Tina,Christchurch City,Central Ward,-43.526235,172.63677,Private room,240.0,2.0,7,2026-02-28,1.21,3,83,7,,2026-02
1459260808358804872,Central Comfort Sleek Stay,365360819,Chao,Christchurch City,Central Ward,-43.5232434,172.6420544,Entire home/apt,283.0,1.0,2,2026-01-24,0.8,11,196,2,,2026-01
1459820990850429036,"Luxury 3-Bed, 2-Bath CBD Townhouse + Car Park",49642171,Lily-SimplyHost,Christchurch City,Central Ward,-43.52507,172.63693,Entire home/apt,297.0,1.0,2,2026-01-21,0.43,95,260,2,,2026-01
1460381510740504164,Best location in CBD Free parking,584558161,Tiaki BnB,Christchurch City,Central Ward,-43.52618529999999,172.6312607,Entire home/apt,463.0,1.0,25,2026-03-07,4.21,8,238,25,,2026-03
1460421959424849707,Heart of the City â Stylish 2BR with Parking,551181197,Paula Kat Charlotte,Christchurch City,Central Ward,-43.5378573,172.6384748,Entire home/apt,336.0,1.0,1,2025-08-09,0.13,188,25,1,,2025-08
1460428683612586709,Bright Studio with Balcony on Bath Street,331763232,Managed By Williams,Christchurch City,Central Ward,-43.54044,172.63454,Entire home/apt,157.0,2.0,13,2026-03-04,2.04,132,192,13,,2026-03
1460457776181838013,Spacious 5BR Family Escape on Busch Lane,331763232,Managed By Williams,Christchurch City,Hornby Ward,-43.56705,172.52369,Entire home/apt,598.0,2.0,9,2026-02-28,1.61,132,210,9,,2026-02
1460615188809441079,Large 3 BR Townhouse in CBD Perfect for Groups,573419952,Bruce,Christchurch City,Central Ward,-43.53237,172.64842,Entire home/apt,460.0,1.0,24,2026-02-18,3.3,7,267,24,,2026-02
1460760931643530475,Sumner Beach Front House,53109097,Tim,Christchurch City,Heathcote Ward,-43.56946352039458,172.76138639999996,Entire home/apt,206.0,5.0,1,2026-01-01,0.37,1,82,1,,2026-01
1461365209186500953,Modern 3 BR Townhouse - Only short walk to Stadium,573419952,Bruce,Christchurch City,Central Ward,-43.52998,172.64793,Entire home/apt,460.0,1.0,8,2025-11-06,1.09,7,270,8,,2025-11
1461822867584655339,Modern 3BR Escape 3Bath Garaged,365360819,Chao,Christchurch City,Central Ward,-43.52006,172.64915,Entire home/apt,320.0,1.0,1,2025-10-22,0.2,11,12,1,,2025-10
1462147534089461368,3bed w Garage Minutes from the Action and Sleeps 8,551181197,Paula Kat Charlotte,Christchurch City,Central Ward,-43.5457936,172.6240746,Entire home/apt,264.0,1.0,20,2026-03-06,2.49,188,245,20,,2026-03
1462516925086759558,Luxe City Stay Sleeps 7 with Free Car Park,551181197,Paula Kat Charlotte,Christchurch City,Heathcote Ward,-43.5513457,172.6487557,Entire home/apt,194.0,1.0,31,2026-03-10,3.73,188,255,31,,2026-03
1462575964205793637,Trendy And Lux Studio In CBD By South City Mall!,507210765,Donna,Christchurch City,Central Ward,-43.53915484941684,172.63562584484404,Entire home/apt,169.0,1.0,17,2026-03-17,2.91,1,146,17,,2026-03
1462638886075643507,Luxurious and warm central Christchurch base,1003724,Vicky,Christchurch City,Central Ward,-43.53206641919283,172.64996556878666,Entire home/apt,293.0,1.0,16,2026-02-28,2.45,1,5,16,,2026-02
1462721333588832643,"Warmth of Warrington.
Sleeps 4, with carpark",499801408,Anu,Christchurch City,Innes Ward,-43.5076762,172.6429924,Entire home/apt,218.0,1.0,56,2026-03-12,6.94,2,336,56,,2026-03
1462843271211417466,Box Office on Madras,482671075,Care Property Stays,Christchurch City,Central Ward,-43.5340324,172.6425015,Entire home/apt,207.0,1.0,30,2026-03-05,3.7,147,209,30,,2026-03
1463441261300680718,"Spacious 3BR House, â Central, Off St Parking,",369433986,Kahu,Christchurch City,Central Ward,-43.5304659,172.6494625,Entire home/apt,302.0,1.0,15,2026-02-28,2.54,1,185,15,,2026-02
1463562935311835274,Blessing Holiday House,706256734,Theresa,Christchurch City,Burwood Ward,-43.5150260178215,172.70920059218065,Entire home/apt,188.0,1.0,47,2026-03-16,6.21,1,7,47,,2026-03
1463595538153568051,3BR Townhouse with Garage - Group and Fam Friendly,573419952,Bruce,Christchurch City,Central Ward,-43.5312116,172.6474848,Entire home/apt,450.0,1.0,12,2026-02-28,1.64,7,265,12,,2026-02
1463629251612454666,Full-sized 3BR Townhouse - Walking distance to CBD,573419952,Bruce,Christchurch City,Central Ward,-43.5313593,172.647484,Entire home/apt,450.0,1.0,12,2026-02-26,1.66,7,259,12,,2026-02
1463977978856228961,New Build 3BR Townhouse - Ease to Explore the CBD,573419952,Bruce,Christchurch City,Central Ward,-43.5313032,172.6474824,Entire home/apt,477.0,1.0,8,2026-02-27,1.34,7,250,8,,2026-02
1463985703387272708,"3 BR, 3 Bath Townhouse with Garage - in CHCH CBD",573419952,Bruce,Christchurch City,Central Ward,-43.53141400000001,172.6474827,Entire home/apt,450.0,1.0,4,2026-01-02,0.68,7,254,4,,2026-01
1463991784689027235,"Dollar View, 9 km to city center",298456605,Tony,Christchurch City,Heathcote Ward,-43.56468,172.71098,Private room,100.0,1.0,0,,,5,1,0,,
1464142248963565554,Apartment on Short,96129652,Su,Christchurch City,Linwood Ward,-43.5422137,172.6599591,Entire home/apt,247.0,1.0,29,2026-03-18,3.75,4,83,29,,2026-03
1464814449534091890,Cosy Home in Christchurch,324149984,Gurvinder,Christchurch City,Innes Ward,-43.51216,172.63456,Entire home/apt,189.0,1.0,57,2026-03-04,7.07,1,19,57,,2026-03
1465045141748734584,Studio cozy room close to Airport,380744891,Kelly,Christchurch City,Waimairi Ward,-43.5008377980153,172.5648770481348,Entire home/apt,120.0,1.0,15,2026-02-21,1.93,1,41,15,,2026-02
1465098513258874810,City Townhouse 2BR 2BA with EV Charger & Work Desk,551181197,Paula Kat Charlotte,Christchurch City,Central Ward,-43.5260572,172.6400047,Entire home/apt,511.0,1.0,15,2026-02-21,2.04,188,91,15,,2026-02
1465571247720829931,Sun Soaked City Escape 2BR and 2Bath Townhouse,551181197,Paula Kat Charlotte,Christchurch City,Central Ward,-43.5313121,172.6447969,Entire home/apt,225.0,1.0,23,2026-03-07,2.91,188,230,23,,2026-03
1465608252515819171,Premium Single-Level 2BR 2Bath Home Near UC Campus,49642171,Lily-SimplyHost,Christchurch City,Riccarton Ward,-43.52089,172.57544,Entire home/apt,272.0,1.0,10,2026-03-14,1.49,95,332,10,,2026-03
1466278122007244011,Addington cozy corner,578777777,Nina,Christchurch City,Spreydon Ward,-43.5456119,172.6146934,Entire home/apt,446.0,2.0,5,2026-02-28,0.76,1,71,5,,2026-02
1466371160251305125,3-Bedrooms Home near CBD,105265867,Andrew,Christchurch City,Central Ward,-43.51910571964622,172.64974415302277,Entire home/apt,250.0,1.0,6,2026-02-17,0.85,8,43,6,,2026-02
1466564201449157261,Quiet Guest Suite â¢ 8-min to Airport,702583186,Ricky,Christchurch City,Waimairi Ward,-43.513,172.56165,Private room,111.0,1.0,1,2026-03-14,1.0,1,164,1,,2026-03
1466943293362630657,A cozy corner in the busy city,133703679,Anthy,Christchurch City,Harewood Ward,-43.51094,172.50287,Private room,109.0,3.0,1,2026-02-22,1.0,3,364,1,,2026-02
1467709539145537599,Sunny Queen Room Near Airport & City & Shops,147316883,Siyan,Christchurch City,Harewood Ward,-43.48965,172.5829,Private room,,1.0,0,,,1,56,0,,
1467930829699242078,Compact Studio with free Parking,573757538,Prince,Christchurch City,Riccarton Ward,-43.53715381551839,172.6005887248384,Entire home/apt,160.0,1.0,16,2026-01-15,2.03,7,365,16,,2026-01
1469801548100476771,The Beautiful Trio â 3 Homes for One Group,131734373,Alicia,Christchurch City,Linwood Ward,-43.5485,172.67262,Entire home/apt,661.0,1.0,4,2026-02-04,1.07,10,250,4,,2026-02
1469806206621654885,Modern 3 Bedroom CBD House,331763232,Managed By Williams,Christchurch City,Central Ward,-43.53779,172.62492,Entire home/apt,264.0,1.0,23,2026-03-05,2.96,132,165,23,,2026-03
1469978138362662396,Holly Road Haven,81390838,Perfect Stays,Christchurch City,Fendalton Ward,-43.51493,172.63032,Entire home/apt,,2.0,0,,,47,0,0,,
1470075056738874195,"Sea-views in Redcliffs.
Style, comfort & birdsong!",80978447,Amy,Christchurch City,Heathcote Ward,-43.56365149859917,172.73411263999336,Entire home/apt,314.0,2.0,41,2026-03-20,5.3,1,31,41,,2026-03
1471394049803001357,Downtown Haven - Christchurch Holiday Apartment,145244100,Bachcare,Christchurch City,Central Ward,-43.53095670124307,172.6377423245437,Entire home/apt,,2.0,6,2026-03-08,0.96,1417,355,6,,2026-03
1471404317118862956,Merivale Court One Bedroom Apartment-Unit 8,707858717,Stay At Christchurch Ltd,Christchurch City,Fendalton Ward,-43.515940823340806,172.62565429628316,Entire home/apt,214.0,1.0,1,2025-10-05,0.18,12,357,1,,2025-10
1471413580577783704,Clearwater Golf Resort - Luxury Home,64123626,Philip,Christchurch City,Harewood Ward,-43.45051146202988,172.59001974016428,Entire home/apt,842.0,1.0,1,2025-12-25,0.34,2,315,1,,2025-12
1472030942004377055,"Central City, Private and Peaceful Designer House",709243099,Jon,Christchurch City,Central Ward,-43.5281444,172.6430909,Entire home/apt,176.0,2.0,28,2026-03-19,3.98,1,292,28,,2026-03
1472143806955374693,Merivale Court Large Studio-Unit 2,707858717,Stay At Christchurch Ltd,Christchurch City,Fendalton Ward,-43.516087275114,172.6235914518303,Entire home/apt,168.0,1.0,3,2025-12-27,0.41,12,358,3,,2025-12
1472152587424170997,Merivale Court Large Studio-Unit 3,707858717,Stay At Christchurch Ltd,Christchurch City,Fendalton Ward,-43.51590411421796,172.6239234770492,Entire home/apt,163.0,1.0,3,2025-10-17,0.42,12,364,3,,2025-10
1472161217701891393,Merivale Court Family Suit(2bedr)-Unit 4,707858717,Stay At Christchurch Ltd,Christchurch City,Fendalton Ward,-43.51604056114709,172.62541014961516,Entire home/apt,214.0,1.0,1,2025-09-19,0.16,12,361,1,,2025-09
1472173331819377197,Merivale Court Family Suit(2bedr)-Unit 5,707858717,Stay At Christchurch Ltd,Christchurch City,Fendalton Ward,-43.51697091214538,172.62538896706596,Entire home/apt,237.0,1.0,3,2025-12-27,0.58,12,357,3,,2025-12
1472749928681109311,Central Crossing - Christchurch Holiday Home,145244100,Bachcare,Christchurch City,Central Ward,-43.5386710137964,172.64119229498328,Entire home/apt,,2.0,0,,,1417,364,0,,
1472811184841883924,Merivale Court Studio(without kitchen)-Unit 9,707858717,Stay At Christchurch Ltd,Christchurch City,Fendalton Ward,-43.51684,172.62569,Entire home/apt,169.0,1.0,0,,,12,346,0,,
1472838319513041189,Merivale Court Family Suit(2bedr)-Unit 1,707858717,Stay At Christchurch Ltd,Christchurch City,Fendalton Ward,-43.51760938023054,172.625527635809,Entire home/apt,214.0,1.0,0,,,12,359,0,,
1474308004139540702,City Central Hideout | Modern Comfort in CBD,73418733,Ha,Christchurch City,Central Ward,-43.52426626600159,172.64192584902048,Entire home/apt,173.0,1.0,19,2026-03-20,2.52,1,237,19,,2026-03
1474855491731026555,"""Urban Oasis on Riccarton Road""",195335705,Manav,Christchurch City,Riccarton Ward,-43.53001,172.57896,Entire home/apt,245.0,1.0,0,,,1,349,0,,
1474876445531700166,Christchurch escape pod- 1 bed loft,377176109,Paula,Christchurch City,Hornby Ward,-43.5492684,172.5293431,Entire home/apt,165.0,1.0,33,2026-03-02,4.3,2,290,33,,2026-03
1474920272418603312,Merivale Court Studio-Unit 6,707858717,Stay At Christchurch Ltd,Christchurch City,Fendalton Ward,-43.51765784514209,172.62553876414287,Entire home/apt,158.0,1.0,2,2025-08-15,0.27,12,358,2,,2025-08
1474928353776436226,Merivale Court One Bedroom Apartment-Unit 7,707858717,Stay At Christchurch Ltd,Christchurch City,Fendalton Ward,-43.51776212776995,172.62443732225242,Entire home/apt,186.0,1.0,0,,,12,364,0,,
1475145295048768393,"Modern King Studio | Netflix, Disney+ & Parking",573757538,Prince,Christchurch City,Riccarton Ward,-43.537756236760906,172.60171143736576,Entire home/apt,172.0,1.0,5,2025-12-22,0.66,7,363,5,,2025-12
1475183821070092370,Sunlit Home with Outdoor Living + Spa,266459140,Philippa,Christchurch City,Heathcote Ward,-43.57648552233884,172.7621501460327,Entire home/apt,1026.0,1.0,1,2026-01-25,0.53,1,83,1,,2026-01
1475523011763120243,Spacious 2BR 2Bath Home Base on Gloucester Street,551181197,Paula Kat Charlotte,Christchurch City,Central Ward,-43.5297182,172.6450892,Entire home/apt,237.0,1.0,38,2026-02-23,5.09,188,246,38,,2026-02
1475637350905928884,Beautiful Views & Heated Pool,82363146,Wendy,Christchurch City,Cashmere Ward,-43.58516,172.63594,Entire home/apt,970.0,4.0,1,2026-01-01,0.37,4,8,1,,2026-01
1475669567951290787,"Family-Friendly, City Fringe with Free Carparks",551181197,Paula Kat Charlotte,Christchurch City,Central Ward,-43.5200289,172.6534622,Entire home/apt,340.0,1.0,22,2026-02-20,2.93,188,243,22,,2026-02
1475762472974823988,Central Studio With Free Private Parking,86643389,Samuel,Christchurch City,Central Ward,-43.524518,172.6424594,Entire home/apt,183.0,1.0,75,2026-03-21,10.32,2,170,75,,2026-03
1476333463082849953,'Hagley Hideaway' 5 min walk to Hagley Park South.,89797771,Kimmy,Christchurch City,Riccarton Ward,-43.5373358,172.6093632,Entire home/apt,233.0,1.0,9,2026-03-07,3.33,1,58,9,,2026-03
1476509252445987009,Appt 2 on Armagh 2Bdrm 2 Bthrm Free  Park,45768555,Hasslefree Accommodation,Christchurch City,Central Ward,-43.5288993,172.6622898,Entire home/apt,250.0,1.0,12,2026-03-07,2.43,65,317,12,,2026-03
1476549906125688285,"Akaroa Hideaway â Cosy Studio, walk to Village",24205506,"Mayie, Judi And Karen At Bookahome",Christchurch City,Banks Peninsula Ward,-43.80895614423801,172.96378521083906,Entire home/apt,182.0,2.0,20,2026-02-21,3.17,83,21,20,,2026-02
1476567986306044104,Pacific Horizon â¢ Luxury Sky Suite â¢ 19th Floor,24205506,"Mayie, Judi And Karen At Bookahome",Christchurch City,Central Ward,-43.53003349999999,172.6391504,Entire home/apt,763.0,2.0,20,2026-03-04,2.91,83,281,20,,2026-03
1476586113164854045,Cosy room in warm home,94309327,Faya And Ed,Christchurch City,Halswell Ward,-43.59088101088996,172.56692559605438,Private room,100.0,1.0,5,2026-02-28,1.24,1,230,5,,2026-02
1476640811285791155,"Home in Parklands,
Forest Park",710516136,Philippe,Christchurch City,Coastal Ward,-43.4737022,172.7045889,Entire home/apt,176.0,1.0,21,2026-03-07,3.0,1,1,21,,2026-03
1477073018841163793,Cath's cottage,563118750,Ian,Christchurch City,Banks Peninsula Ward,-43.65610409681271,172.70317379290714,Entire home/apt,217.0,2.0,11,2026-02-22,1.74,1,343,11,,2026-02
1477140786795770297,Central Christchurch Heartstay Studio,707858717,Stay At Christchurch Ltd,Christchurch City,Central Ward,-43.53829,172.63106,Entire home/apt,174.0,1.0,5,2026-02-22,0.77,12,349,5,,2026-02
1477141701347911179,"City Stadium Stay CBD Apartment A, CHC",707858717,Stay At Christchurch Ltd,Christchurch City,Central Ward,-43.53016516313209,172.64378262027418,Entire home/apt,248.0,1.0,12,2026-02-28,1.64,12,354,12,,2026-02
1477141982334776122,"City Stadium Stay CBD Apartment B, CHC",707858717,Stay At Christchurch Ltd,Christchurch City,Central Ward,-43.53176115781898,172.64428861371564,Entire home/apt,237.0,1.0,18,2026-03-07,2.34,12,352,18,,2026-03
1477201900332955596,Peaceful Private Oasis 2bdrm 2bthrm Free Parking,45768555,Hasslefree Accommodation,Christchurch City,Central Ward,-43.5288993,172.6622898,Entire home/apt,282.0,1.0,14,2026-03-14,2.3,65,63,14,,2026-03
1479431747726281225,Room in Bright & Sunny Home!,84279395,Pearl,Christchurch City,Central Ward,-43.51898430756725,172.64229899733704,Private room,,1.0,16,2026-03-10,2.61,2,0,16,,2026-03
1480069687525157032,Central City Spacious Studio Near Riverside Market,49642171,Lily-SimplyHost,Christchurch City,Central Ward,-43.536187,172.6353027,Entire home/apt,189.0,1.0,8,2026-03-20,1.11,95,251,8,,2026-03
1480848901532479249,Home Away From Home On One Level & Internal Garage,95602720,June,Christchurch City,Riccarton Ward,-43.52969,172.57827,Entire home/apt,223.0,3.0,8,2026-02-27,1.85,1,42,8,,2026-02
1481629437294070370,"Room in Peaceful, Well-Located Townhouse Near City",112550886,Anushka,Christchurch City,Spreydon Ward,-43.5529888,172.6174949,Private room,80.0,1.0,16,2026-03-09,8.28,1,90,16,,2026-03
1482261312503832226,Comfortable in Central Christchurch + Park Views,58253723,Happy Hideouts,Christchurch City,Central Ward,-43.5253256,172.629516,Entire home/apt,378.0,1.0,7,2026-03-03,1.2,5,281,7,,2026-03
1482920806483532223,Modern Inner City Retreat-Walk to Parks and Cafes,202585247,Ohana,Christchurch City,Central Ward,-43.526254,172.6423938,Entire home/apt,273.0,1.0,68,2026-03-17,9.15,137,138,68,,2026-03
1483133910104107133,Travellers' dream close2 airport,365360819,Chao,Christchurch City,Papanui Ward,-43.4931863,172.6123595,Entire home/apt,634.0,1.0,12,2025-12-24,1.87,11,194,12,,2025-12
1483494070662119962,"Sumner Beach Escape, 1 min walk",42064664,Gareth,Christchurch City,Heathcote Ward,-43.5720107,172.7635982,Entire home/apt,369.0,2.0,22,2026-02-28,3.47,1,84,22,,2026-02
1483930198538559615,Chic stay close CBD&Tranzalpine,365360819,Chao,Christchurch City,Spreydon Ward,-43.54393,172.60862,Entire home/apt,233.0,1.0,6,2026-02-23,1.04,11,57,6,,2026-02
1484575460007054150,"Modern King Studio | Netflix, Disney+ & Parking",573757538,Prince,Christchurch City,Riccarton Ward,-43.53631,172.60231,Entire home/apt,171.0,5.0,0,,,7,365,0,,
1484616348792082172,Merivale Haven,189973587,Charlotte And Chad,Christchurch City,Fendalton Ward,-43.51866901404076,172.6195439407312,Entire home/apt,,5.0,0,,,3,55,0,,
1485175487384780296,Stylish City Apartment with  Balcony and Parking,45768555,Hasslefree Accommodation,Christchurch City,Central Ward,-43.53019,172.64244,Entire home/apt,391.0,1.0,3,2026-01-09,0.51,65,328,3,,2026-01
1486085195689795594,"Walk 2 Casino, town Hall, TePae, Free Carpark",43367626,Sharon,Christchurch City,Central Ward,-43.525457817331045,172.63298594392268,Entire home/apt,,2.0,2,2025-11-28,0.41,16,0,2,,2025-11
1487337514545087645,Cozy Studio with Backyard in Wilmer Street,331763232,Managed By Williams,Christchurch City,Central Ward,-43.53782,172.63055,Entire home/apt,153.0,1.0,7,2026-03-02,1.08,132,189,7,,2026-03
1487397760092278218,Stadium Edge Retreat  Modern 2 Bed with Carpark,551181197,Paula Kat Charlotte,Christchurch City,Central Ward,-43.5321685,172.6422461,Entire home/apt,227.0,1.0,13,2026-03-07,2.12,188,195,13,,2026-03
1487478813883357909,Spacious Modern City Centre Townhouse with CarPark,227218043,Rebecca,Christchurch City,Central Ward,-43.53370960627598,172.64144640415907,Entire home/apt,257.0,1.0,60,2026-03-16,9.47,1,178,60,,2026-03
1489358141063232744,The Lantern House,121298269,Josie,Christchurch City,Spreydon Ward,-43.56164,172.61584,Private room,132.0,1.0,6,2026-03-17,4.19,1,270,6,,2026-03
1489404609380851447,Compact Studio with free Parking,573757538,Prince,Christchurch City,Riccarton Ward,-43.53747,172.6016,Entire home/apt,160.0,1.0,3,2025-09-23,0.44,7,365,3,,2025-09
1489546755421431673,The Captain's House,6382453,Roy,Christchurch City,Banks Peninsula Ward,-43.80954,172.97053,Private room,177.0,2.0,4,2026-03-21,0.81,1,86,4,,2026-03
1489571233658539803,Brand New Christchurch City Apartment by Stadium,568640440,Bernadette Smith,Christchurch City,Central Ward,-43.5311992,172.6399008,Entire home/apt,223.0,1.0,14,2026-03-19,7.92,1,338,14,,2026-03
1490147066012551024,Cosy Central City Studio,659502893,Tina,Christchurch City,Central Ward,-43.526235,172.63677,Entire home/apt,194.0,2.0,11,2026-03-07,1.94,3,139,11,,2026-03
1490325394309577837,Modern Hillside Stay,151740992,Noby,Christchurch City,Halswell Ward,-43.58842,172.60675,Entire home/apt,641.0,3.0,0,,,1,79,0,,
1491166578064883063,Garden view/Double bed/Heat Pump/Private Entrance,430177594,Paul,Christchurch City,Hornby Ward,-43.55264478385439,172.52742134034634,Private room,62.0,1.0,84,2026-03-06,12.0,4,322,84,,2026-03
1491942413812254888,"Cosy cabin, WI-FI, Close to CBD.",532142019,Tracy,Christchurch City,Central Ward,-43.53210591481822,172.6592943511919,Private room,119.0,1.0,13,2026-02-25,1.94,5,179,13,,2026-02
1491959718988062705,Modern 3-Level City Apartment Prime Cashel Street,714593025,Lucky,Christchurch City,Central Ward,-43.5333919,172.6497471,Entire home/apt,207.0,2.0,4,2026-03-11,0.59,1,100,4,,2026-03
1492264082956410944,Spacious 3 Bedroom Townhouse - Close to Stadium,573419952,Bruce,Christchurch City,Central Ward,-43.53181,172.64729,Entire home/apt,450.0,1.0,19,2026-02-28,2.89,7,257,19,,2026-02
1492454603995806529,Urban Utopia 2 Bedroom Retreat,551181197,Paula Kat Charlotte,Christchurch City,Central Ward,-43.536187,172.6353027,Entire home/apt,211.0,1.0,7,2026-02-18,1.04,188,246,7,,2026-02
1492507720083164826,The Willows Parkside Retreat,551181197,Paula Kat Charlotte,Christchurch City,Spreydon Ward,-43.54951940000001,172.5937396,Entire home/apt,402.0,2.0,7,2025-12-30,1.03,188,210,7,,2025-12
1492591036106747748,City Escape 2B2B in Central CHCH,378938952,Joseph,Christchurch City,Central Ward,-43.5261118,172.6474369,Entire home/apt,190.0,2.0,21,2026-03-05,3.44,2,260,21,,2026-03
1492948062773638487,A room in an elegant private bed and breakfast,172567737,Issy,Christchurch City,Harewood Ward,-43.4595166299339,172.61736447090868,Private room,109.0,2.0,0,,,1,136,0,,
1493790290837597022,Modern Bright 2BR w/ Balcony & Hagley Park Outlook,482671075,Care Property Stays,Christchurch City,Central Ward,-43.53834519999999,172.6210031,Entire home/apt,189.0,1.0,21,2026-03-07,3.18,147,243,21,,2026-03
1494493797254620464,Luxury New Chic 2Bed Home Near Northlands Mall,663807688,Leah,Christchurch City,Papanui Ward,-43.4896,172.61433,Entire home/apt,251.0,1.0,30,2026-03-14,4.41,2,259,30,,2026-03
1495157640538802474,Tiny Angelâs Home,553041259,August,Christchurch City,Harewood Ward,-43.49132,172.58563,Entire home/apt,103.0,2.0,40,2026-03-07,6.03,1,8,40,,2026-03
1495375358522144115,Christchurch Charmer 1 bed CBD,331763232,Managed By Williams,Christchurch City,Central Ward,-43.53317,172.64955,Entire home/apt,208.0,2.0,23,2026-03-04,3.99,132,201,23,,2026-03
1495926193921795500,Luxury Rest. Central Address. Stay Inspired.,510730797,Kate,Christchurch City,Central Ward,-43.52645853975918,172.64122957321865,Entire home/apt,557.0,2.0,7,2026-03-03,1.64,14,75,7,,2026-03
1496054985325727643,The Colour Burst,164323766,Joel,Christchurch City,Linwood Ward,-43.53976,172.66472,Entire home/apt,262.0,1.0,12,2026-02-21,2.12,3,268,12,,2026-02
1496682056247406895,Modern stay near stadium,19767194,Joanna,Christchurch City,Central Ward,-43.5321823580736,172.64847496216387,Private room,107.0,1.0,7,2026-03-12,3.89,1,54,7,,2026-03
1496742999002292409,Luxury Penthouse in the City,72194360,Breidi,Christchurch City,Central Ward,-43.5264225,172.6329885,Entire home/apt,1170.0,2.0,15,2026-03-12,3.06,9,106,15,,2026-03
1498308794340310057,Beach Escape,104152343,Kari,Christchurch City,Coastal Ward,-43.479689,172.7204739,Entire home/apt,183.0,2.0,19,2026-03-07,4.19,1,225,19,,2026-03
1498899890146395487,"CBD Urban Family Retreat By Stadium, Sleeps 8!",180403890,Sharon,Christchurch City,Central Ward,-43.53408173114528,172.64894854277372,Entire home/apt,310.0,1.0,29,2026-03-08,4.37,1,40,29,,2026-03
1499685328773989724,Pinot's Pod,62181900,Alan,Christchurch City,Banks Peninsula Ward,-43.80386789482687,172.97391040674592,Private room,181.0,1.0,22,2026-03-13,3.37,1,147,22,,2026-03
1500217084651556507,Hatfield House,235838397,Michael,Christchurch City,Spreydon Ward,-43.56664,172.59515,Entire home/apt,607.0,1.0,14,2026-03-03,2.84,1,213,14,,2026-03
1500374157679491336,1-Bedroom Retreat with Spa Bath & Harbour Outlook,20665858,Adam,Christchurch City,Banks Peninsula Ward,-43.80978,172.96133,Entire home/apt,315.0,1.0,38,2026-03-05,5.79,20,316,38,,2026-03
1500598351241570358,Peaceful four bedroom holiday house near airport,211195948,Jenny,Christchurch City,Waimairi Ward,-43.49644,172.56805,Entire home/apt,345.0,1.0,34,2026-03-06,5.83,20,167,34,,2026-03
1500900189628614699,Forfar Casa,243047638,Clara,Christchurch City,Innes Ward,-43.50728,172.63954,Private room,126.0,1.0,5,2026-03-07,2.03,1,340,5,,2026-03
1500930575466868584,Ruddenklau Retreat,23086648,Brooke,Christchurch City,Papanui Ward,-43.4941949733728,172.59199921041727,Entire home/apt,200.0,2.0,13,2026-02-08,1.99,1,239,13,,2026-02
1501232887477529508,Your Home Away From Home on Barrington Street,482671075,Care Property Stays,Christchurch City,Cashmere Ward,-43.562345895842185,172.62456120070934,Entire home/apt,264.0,1.0,3,2026-02-28,1.1,147,259,3,,2026-02
1501351388325866613,Urban Stays Christchurch Central | Te Kaha Stadium,198432532,Mini & Jay,Christchurch City,Central Ward,-43.5318548,172.6479042,Entire home/apt,241.0,1.0,39,2026-03-09,6.46,1,160,39,,2026-03
1502457447799678494,no. 6 Private single room at detached sleepout,105265867,Andrew,Christchurch City,Riccarton Ward,-43.53803,172.57023,Private room,70.0,2.0,1,2025-12-26,0.35,8,231,1,,2025-12
1502555039212766605,Modern 3 bedroom 3 Bathroom in CBD,211195948,Jenny,Christchurch City,Central Ward,-43.53421,172.64758,Entire home/apt,310.0,1.0,30,2026-02-26,4.95,20,66,30,,2026-02
1502567548153500079,Family-Friendly 2-Bedroom Apartment & Parking,573757538,Prince,Christchurch City,Riccarton Ward,-43.53714,172.59993,Entire home/apt,229.0,1.0,0,,,7,362,0,,
1502603179487125248,Stylish 3BR Escape â¢ Parking & Modern Living,551181197,Paula Kat Charlotte,Christchurch City,Central Ward,-43.5267436,172.6484079,Entire home/apt,288.0,1.0,8,2026-01-11,1.38,188,224,8,,2026-01
1503151579013489852,Posh on Peterborough,666456183,Helen,Christchurch City,Central Ward,-43.5256110924079,172.63564896560672,Private room,225.0,1.0,16,2026-03-11,3.12,2,357,16,,2026-03
1503252509888247929,Large en-suite bedroom in family friendly home.,160780,Mary,Christchurch City,Riccarton Ward,-43.53243,172.59164,Private room,137.0,2.0,10,2026-02-20,2.01,2,177,10,,2026-02
1503254964369211590,"Elegant Mansion for Weddings, Business & Family",309594374,Hackthorne Gardens,Christchurch City,Cashmere Ward,-43.57614,172.63275,Entire home/apt,2350.0,2.0,0,,,1,355,0,,
1503456249809346001,Lushingtons Bay - Takamatua,145244100,Bachcare,Christchurch City,Banks Peninsula Ward,-43.79016364114325,172.94508941770826,Entire home/apt,,2.0,1,2026-01-01,0.37,1417,364,1,,2026-01
1503910510847478738,Chic Riccarton Stay with Parking + Outdoor Space,482671075,Care Property Stays,Christchurch City,Riccarton Ward,-43.5370816,172.5992706,Entire home/apt,277.0,1.0,4,2026-02-16,0.85,147,216,4,,2026-02
1504173086779310217,"Waimari Waves
Private ground floor studio",572202728,Angela,Christchurch City,Coastal Ward,-43.48611647458858,172.71888244897127,Private room,126.0,1.0,17,2026-03-13,3.72,1,290,17,,2026-03
1504173481203734793,Steps to One NZ Stadium â¢ Sleeps 5 â¢ CBD Stay,717503270,Dondon & Rinnai,Christchurch City,Central Ward,-43.53370940000001,172.6491341,Entire home/apt,209.0,1.0,21,2026-03-14,4.09,1,334,21,,2026-03
1504574179022939471,City Haven 3 bed 3.5 bath + garage,238107070,Brent,Christchurch City,Central Ward,-43.52525953658692,172.6316060731236,Entire home/apt,468.0,1.0,12,2026-03-13,6.32,1,150,12,,2026-03
1504668345319770919,Beach retreat at Beachville,98100145,Wendy,Christchurch City,Heathcote Ward,-43.5593492953946,172.73844245821238,Entire home/apt,,2.0,7,2026-02-27,1.35,1,0,7,,2026-02
1504973673174970140,Te Kaha Canvas Â· Central 3BR/3BA Townhouse+Parking,570168648,Joanna,Christchurch City,Central Ward,-43.5321753,172.6478101,Entire home/apt,275.0,1.0,15,2026-03-17,3.04,3,257,15,,2026-03
1505311900137670421,Banks Peninsula Escape-Birdlings Flat,690470046,Phillippa,Christchurch City,Banks Peninsula Ward,-43.8252704,172.705596,Entire home/apt,137.0,2.0,4,2026-01-10,1.12,1,363,4,,2026-01
1505481437814885140,Cozy Private Room in Spacious Home â Near City,284171267,Sarwat,Christchurch City,Innes Ward,-43.48762,172.64995,Private room,97.0,1.0,1,2026-02-05,0.65,1,325,1,,2026-02
1506003045994232697,Spacious City Studio Apartment With Lock Up Garage,659502893,Tina,Christchurch City,Central Ward,-43.526235,172.63677,Entire home/apt,240.0,2.0,5,2026-02-21,1.19,3,34,5,,2026-02
1506143928066533365,"Modern City Retreat â 3BR, 2BA",202585247,Ohana,Christchurch City,Central Ward,-43.5267436,172.6484079,Entire home/apt,355.0,1.0,34,2026-03-05,5.37,137,95,34,,2026-03
1506276203067286195,CBD Townhouses 4 bedroom Walk to City,551181197,Paula Kat Charlotte,Christchurch City,Central Ward,-43.5313121,172.6447969,Entire home/apt,488.0,1.0,0,,,188,213,0,,
1506282844032649702,Riverside Apartment - Christchurch City Centre,182132264,Sarah,Christchurch City,Central Ward,-43.53369418246798,172.6309329254032,Entire home/apt,263.0,1.0,8,2026-03-13,3.0,1,268,8,,2026-03
1506346430153615474,Executive Central City Townhouse with Parking,551181197,Paula Kat Charlotte,Christchurch City,Central Ward,-43.5226917,172.6430901,Entire home/apt,198.0,1.0,6,2026-02-23,1.01,188,263,6,,2026-02
1506366164583991766,Sunny Family Home â¢Fully Fencedâ¢ Near Merivale/CBD,135727771,Arlene,Christchurch City,Innes Ward,-43.508558569809765,172.64780927449465,Entire home/apt,256.0,2.0,7,2026-02-10,1.74,1,312,7,,2026-02
1506875717116876955,Stadium Central 2â Modern CBD Stay w/ Secure Entry,24205506,"Mayie, Judi And Karen At Bookahome",Christchurch City,Central Ward,-43.5340324,172.6425015,Entire home/apt,190.0,2.0,1,2026-03-01,1.0,83,340,1,,2026-03
1506945987194869288,One Bedroom Stunner in Allen Street,331763232,Managed By Williams,Christchurch City,Central Ward,-43.53681,172.64223,Entire home/apt,212.0,1.0,19,2026-03-07,3.15,132,166,19,,2026-03
1506968671657710242,Santorini-Inspired | Studio + 2BR Townhouse,551181197,Paula Kat Charlotte,Christchurch City,Central Ward,-43.5360738,172.6350495,Entire home/apt,472.0,1.0,0,,,188,235,0,,
1507030651332268655,Modern 4BR CBD Retreat: Townhouse + Studio,551181197,Paula Kat Charlotte,Christchurch City,Central Ward,-43.5360738,172.6350495,Entire home/apt,596.0,1.0,0,,,188,198,0,,
1507657368583161101,Classic Cabin Quad,98758734,North South Holiday Park,Christchurch City,Harewood Ward,-43.47021094147807,172.56904987657853,Private room,90.0,1.0,2,2025-11-25,0.4,19,316,2,,2025-11
1507693111655917179,Sun Filled Living Hagley Park Hospital 2BR 2BA,45768555,Hasslefree Accommodation,Christchurch City,Riccarton Ward,-43.5279988,172.6118876,Entire home/apt,310.0,1.0,14,2026-03-15,2.28,65,316,14,,2026-03
1507770108046584640,Accessible City Stay - Opposite Stadium,24205506,"Mayie, Judi And Karen At Bookahome",Christchurch City,Central Ward,-43.53451344322469,172.64319595853706,Entire home/apt,188.0,2.0,5,2025-12-19,0.89,83,315,5,,2025-12
1507812665327683935,"Coastal Oasis: Pool, Spa, Orchard: Sumner Beach",1914801,Jamie,Christchurch City,Heathcote Ward,-43.57868898147268,172.76226617395878,Entire home/apt,576.0,3.0,0,,,1,84,0,,
1508333579601395885,Prime Location! Chic Apartment Near ONE NZ Stadium,365360819,Chao,Christchurch City,Central Ward,-43.5334849,172.6492141,Entire home/apt,275.0,1.0,1,2025-10-10,0.18,11,164,1,,2025-10
1509100260022640977,Stylish CBD Apartment with parking | Stadium Front,137240552,Yumeng,Christchurch City,Central Ward,-43.53287,172.64215,Entire home/apt,257.0,1.0,4,2026-03-08,3.0,1,84,4,,2026-03
1509688946361047957,"* 1 mins Walk to Town Hall/Casino, free car park",43367626,Sharon,Christchurch City,Central Ward,-43.52536,172.63678,Entire home/apt,198.0,2.0,21,2026-02-24,3.44,16,128,21,,2026-02
1509805518854388079,"Room in Apartment for Electric Ave, 100m to Venue",189822451,Shaun,Christchurch City,Central Ward,-43.5253441,172.6295258,Private room,559.0,2.0,0,,,3,93,0,,
1509885437642159377,*City Fringe Convenience* St Albans,167303597,Sarah,Christchurch City,Fendalton Ward,-43.51347,172.63241,Entire home/apt,685.0,2.0,1,2026-02-27,1.0,1,83,1,,2026-02
1509939822688570543,1km Stadium â¢ 1.5km City â¢ New Build,45564662,Shelly,Christchurch City,Central Ward,-43.5334223,172.6599007,Entire home/apt,284.0,1.0,45,2026-03-20,8.65,1,288,45,,2026-03
1510470250234345755,Unit in Ilam,53500855,Tim,Christchurch City,Riccarton Ward,-43.51882450000001,172.5756096,Entire home/apt,234.0,1.0,23,2026-03-19,4.48,1,96,23,,2026-03
1511356893599067815,Apartment 201 - Prime central city location,62058345,Simon,Christchurch City,Central Ward,-43.531186399463785,172.6398979949751,Entire home/apt,355.0,2.0,4,2026-02-28,1.36,1,331,4,,2026-02
1511910375417739883,Stylish Sanctuary in Governors Bay,405354703,Dougal,Christchurch City,Banks Peninsula Ward,-43.623,172.65007,Entire home/apt,485.0,1.0,1,2026-01-01,0.37,1,82,1,,2026-01
1511952993560396392,3 Bedroom Home With Garage & Extra Car Park,551181197,Paula Kat Charlotte,Christchurch City,Heathcote Ward,-43.55252810475549,172.64248964826388,Entire home/apt,260.0,1.0,4,2026-01-01,0.92,188,249,4,,2026-01
1512134401450688780,Cozy Studio with Private Yard in Christchurch CBD,331763232,Managed By Williams,Christchurch City,Central Ward,-43.53764,172.64816,Entire home/apt,160.0,2.0,9,2026-02-26,1.59,132,316,9,,2026-02
1512217292565037506,The Game Day Lounge | Walk to One NZ Stadium,551181197,Paula Kat Charlotte,Christchurch City,Central Ward,-43.5321334,172.6475968,Entire home/apt,284.0,1.0,19,2026-03-06,3.48,188,221,19,,2026-03
1512530079622285921,Modern Comforts in a Brand New Apartment,74811135,Maggie,Christchurch City,Spreydon Ward,-43.55186059336572,172.61846851069686,Entire home/apt,258.0,1.0,17,2026-02-14,2.88,41,38,17,,2026-02
1512681103153019498,"Stylish 2BR, 2BA Retreat with Yard in Christchurch",331763232,Managed By Williams,Christchurch City,Central Ward,-43.53851815017793,172.63040792759975,Entire home/apt,228.0,2.0,13,2026-03-07,2.38,132,180,13,,2026-03
1512703817542253371,"Cute cottage with views of sea, city and snowpeeks",435117318,Ankita,Christchurch City,Heathcote Ward,-43.57043,172.71805,Entire home/apt,177.0,1.0,11,2026-02-28,2.21,1,181,11,,2026-02
1512874306274721777,Brand New The little Gem close to everything,129377311,Sammi,Christchurch City,Riccarton Ward,-43.53477665236538,172.591660246253,Entire home/apt,230.0,1.0,63,2026-03-18,10.5,2,211,63,,2026-03
1513286025720615349,Discover a Brand New Apartment in Vibrant CHCH,74811135,Maggie,Christchurch City,Spreydon Ward,-43.55114,172.61819,Entire home/apt,253.0,1.0,27,2026-03-10,4.97,41,38,27,,2026-03
1514168353047619331,Elegance on Elmwood,72194360,Breidi,Christchurch City,Fendalton Ward,-43.51158,172.60973,Entire home/apt,480.0,2.0,7,2026-03-05,2.69,9,41,7,,2026-03
1514345702532451279,Libeau Lane View,567821287,Amy,Christchurch City,Banks Peninsula Ward,-43.80323,172.97422,Entire home/apt,329.0,2.0,9,2026-03-14,1.8,1,291,9,,2026-03
1514855478543947790,Sophisticated Urban Luxury Living 1 Bedroom,45768555,Hasslefree Accommodation,Christchurch City,Central Ward,-43.5226917,172.6430901,Entire home/apt,226.0,1.0,3,2026-03-06,1.22,65,313,3,,2026-03
1514869159379758506,Villa on Wiggins - Sumner Beach,183494238,Sarah,Christchurch City,Heathcote Ward,-43.57339801733017,172.76280362159014,Entire home/apt,379.0,3.0,1,2025-12-20,0.33,1,139,1,,2025-12
1514894249577131313,Restful rural retreat,109078928,Gabby,Christchurch City,Banks Peninsula Ward,-43.64225709999999,172.7530402,Entire home/apt,245.0,1.0,7,2026-03-05,2.76,1,345,7,,2026-03
1515671309075690122,Central Christchurch Apartment with Parking,551181197,Paula Kat Charlotte,Christchurch City,Central Ward,-43.5341003,172.6423406,Entire home/apt,287.0,1.0,13,2026-03-08,2.19,188,241,13,,2026-03
1515727300425817246,Central City Apartment. Sleeps 4. Elevator Access,551181197,Paula Kat Charlotte,Christchurch City,Central Ward,-43.535675,172.6355541,Entire home/apt,231.0,1.0,30,2026-03-04,7.2,188,229,30,,2026-03
1516193469946034419,Modern Coastal Retreat - 4 mins walk to the beach!,720381959,Corrina,Christchurch City,Heathcote Ward,-43.5719254,172.7589213,Entire home/apt,896.0,2.0,1,2025-11-08,0.22,1,35,1,,2025-11
1517988456772117450,Relaxed Kiwi Bach Over Akaroa Harbour - Port Watch,24205506,"Mayie, Judi And Karen At Bookahome",Christchurch City,Banks Peninsula Ward,-43.79982010343136,172.97314201917615,Entire home/apt,338.0,2.0,8,2026-03-08,1.6,83,221,8,,2026-03
1518447965970007675,Luxurious 3-Bedroom Designer Townhouse With Garage,551181197,Paula Kat Charlotte,Christchurch City,Central Ward,-43.5296292,172.650212,Entire home/apt,314.0,1.0,18,2026-03-04,3.25,188,202,18,,2026-03
1519122967455215692,The Nest â Modern Studio Retreat with Parking,482671075,Care Property Stays,Christchurch City,Innes Ward,-43.5058825,172.6361346,Entire home/apt,213.0,1.0,7,2026-02-08,1.27,147,77,7,,2026-02
1519449260078903112,"Private, self contained, near the airport and city",721101913,Ameen,Christchurch City,Fendalton Ward,-43.51281,172.58337,Entire home/apt,149.0,1.0,76,2026-03-18,15.2,1,147,76,,2026-03
1519800349618644901,La Vue - Boutique Waterfront Apartment,721188230,Michelle,Christchurch City,Banks Peninsula Ward,-43.80907243460973,172.9618957661316,Entire home/apt,560.0,1.0,21,2026-03-06,4.12,1,265,21,,2026-03
1519822928758613008,Your Private Modern Escape | Entire House Retreat,652635257,Alex,Christchurch City,Halswell Ward,-43.5608771,172.5421856,Entire home/apt,264.0,1.0,4,2026-02-28,0.76,1,242,4,,2026-02
1519888922133852308,Sumner Beachside Apartment,1822285,Michele,Christchurch City,Heathcote Ward,-43.5682067,172.760229,Entire home/apt,355.0,2.0,1,2026-01-05,0.39,1,182,1,,2026-01
1520510476572094657,Family Home Opposite Air Force Museum,74811135,Maggie,Christchurch City,Halswell Ward,-43.54642245554594,172.54786787806944,Entire home/apt,295.0,1.0,4,2026-03-14,0.94,41,289,4,,2026-03
1520637015528070519,Sumner Beach Retreat - Steps to Sand & Surf! + Spa,107606354,Callum,Christchurch City,Heathcote Ward,-43.57004024983364,172.76045233011246,Entire home/apt,388.0,1.0,14,2026-02-05,2.84,2,334,14,,2026-02
1520710454999199711,Prime Spot Brand New Luxury 1 Bed Apartment.,721392505,Stephen,Christchurch City,Central Ward,-43.53188512540917,172.63993330299854,Entire home/apt,337.0,1.0,0,,,1,251,0,,
1521313518979556694,Central Christchurch Studio - Allen Street,331763232,Managed By Williams,Christchurch City,Central Ward,-43.5378002,172.6416792,Entire home/apt,159.0,1.0,11,2026-02-28,2.24,132,305,11,,2026-02
1521435327088179357,Spacious 3-Bedroom Townhouse â Steps from the CBD,510730797,Kate,Christchurch City,Central Ward,-43.53222291835516,172.6483479042297,Entire home/apt,513.0,1.0,0,,,14,6,0,,
1521508614579722588,Dune Retreat,128033807,Jenny,Christchurch City,Coastal Ward,-43.5412,172.74344,Entire home/apt,177.0,2.0,17,2026-03-15,4.11,1,10,17,,2026-03
1521951392844847444,House on quarter Acre,167605347,Jeone,Christchurch City,Cashmere Ward,-43.56018,172.62056,Entire home/apt,173.0,1.0,0,,,1,83,0,,
1521983701324287951,"Sleep, Dine, Explore â 2BR CBD Gem + parking",49642171,Lily-SimplyHost,Christchurch City,Central Ward,-43.54698,172.62698,Entire home/apt,298.0,1.0,9,2026-02-20,1.66,95,182,9,,2026-02
1522038305398958822,Hidden Halswell Gem,170302078,Jill,Christchurch City,Halswell Ward,-43.58985701586261,172.57148006942813,Entire home/apt,314.0,2.0,3,2025-12-31,0.83,1,150,3,,2025-12
1522155765639711589,Private Ensuite near Christchurch Airport,421067906,Joper,Christchurch City,Hornby Ward,-43.5286447,172.5153023,Private room,114.0,1.0,24,2026-03-13,6.37,1,269,24,,2026-03
1522928768217569343,Heart of the City with Stadium Outlook + Parking,551181197,Paula Kat Charlotte,Christchurch City,Central Ward,-43.5329477,172.6404189,Entire home/apt,267.0,1.0,7,2026-02-28,1.29,188,235,7,,2026-02
1524226606019319722,Cozy & Comfortable Home in Riccarton,74811135,Maggie,Christchurch City,Riccarton Ward,-43.5304,172.60599,Entire home/apt,270.0,1.0,6,2026-02-28,4.39,41,141,6,,2026-02
1524349872114356652,æ¸©é¦¨å°å±,326582112,Olivia,Christchurch City,Spreydon Ward,-43.54535,172.61364,Private room,86.0,1.0,6,2026-01-26,1.17,2,294,6,,2026-01
1524955553976998328,"Stylish New Unit, 2 mins from Hagley Park",422894906,Josie,Christchurch City,Spreydon Ward,-43.54212,172.61178,Private room,189.0,1.0,23,2026-03-08,4.37,1,15,23,,2026-03
1524975246039069606,Charming Character Close to City,313482473,Maura,Christchurch City,Central Ward,-43.51778,172.64055,Entire home/apt,403.0,3.0,4,2026-02-21,1.38,1,352,4,,2026-02
1525039037725322326,Kohunga - Modern coastal retreat,166072656,Beck,Christchurch City,Banks Peninsula Ward,-43.6495363,172.8361412,Entire home/apt,329.0,2.0,8,2026-03-07,2.12,1,216,8,,2026-03
1525967711399984459,The Park â Premium 2-Bedroom Apartment,39794487,Andy,Christchurch City,Innes Ward,-43.51231,172.64429,Entire home/apt,255.0,1.0,3,2026-02-20,1.01,1,19,3,,2026-02
1526336100233069551,Sunny Coastal Home â¢ 5 min Walk to Waimairi Beach,127951437,Phoebe,Christchurch City,Coastal Ward,-43.48656545634338,172.71661843957406,Entire home/apt,571.0,2.0,6,2026-03-08,2.07,1,79,6,,2026-03
1526457468261173405,Modern 2 Bedroom Townhouse in Central Christchurch,331763232,Managed By Williams,Christchurch City,Central Ward,-43.5374708,172.6251301,Entire home/apt,255.0,2.0,4,2026-02-24,2.35,132,171,4,,2026-02
1526485630191760701,"Like A Hotel Room, But Better. Single Level Studio",551181197,Paula Kat Charlotte,Christchurch City,Central Ward,-43.536187,172.6353027,Entire home/apt,165.0,1.0,14,2026-03-05,2.58,188,243,14,,2026-03
1526558117840908773,Large sunny bedroom with full ensuite,557148151,Sarah,Christchurch City,Riccarton Ward,-43.52974,172.57154,Private room,47.0,30.0,0,,,1,237,0,,
1526663271772493743,Modern Smart 3BR 2.5Bath Retreat | Top 5% Rated,151763245,Karen,Christchurch City,Waimairi Ward,-43.5002,172.5672,Entire home/apt,358.0,1.0,43,2026-03-14,8.54,1,72,43,,2026-03
1527096073884298543,Zen Retreat. Stylish 2BR Townhouse + Free Parking,551181197,Paula Kat Charlotte,Christchurch City,Central Ward,-43.529565,172.6499055,Entire home/apt,281.0,1.0,33,2026-03-09,6.31,188,255,33,,2026-03
1527115290469996529,Kiwiana Gem | Stylish Stay with Parking,551181197,Paula Kat Charlotte,Christchurch City,Central Ward,-43.5296292,172.650212,Entire home/apt,223.0,1.0,16,2026-03-03,3.12,188,258,16,,2026-03
1527826897259457569,"Walk In, Unwind & Feel Right at Home",551181197,Paula Kat Charlotte,Christchurch City,Central Ward,-43.5296292,172.650212,Entire home/apt,245.0,1.0,4,2026-03-05,0.94,188,230,4,,2026-03
1527914885022335938,2BR City Escape on Welles Street,202585247,Ohana,Christchurch City,Central Ward,-43.5367705,172.638594,Entire home/apt,270.0,1.0,29,2026-03-05,5.69,137,125,29,,2026-03
1527969257384487888,New! Charming 2BR w/ Free Parking on Gloucester St,202585247,Ohana,Christchurch City,Central Ward,-43.5293532,172.6499086,Entire home/apt,362.0,1.0,41,2026-03-07,7.94,137,98,41,,2026-03
1528664879285557677,The City Retreat,125757390,KTD Property Services Ltd,Christchurch City,Central Ward,-43.5218392,172.6449661,Entire home/apt,322.0,1.0,4,2026-03-01,1.25,7,141,4,,2026-03
1529546340709435554,The Welders Residence â 3 Bedroom With Garage,551181197,Paula Kat Charlotte,Christchurch City,Central Ward,-43.5365477,172.6384152,Entire home/apt,344.0,1.0,26,2026-03-08,5.2,188,232,26,,2026-03
1530104327850338131,Share bed in long term stay backpackers hostel,41527093,Karen,Christchurch City,Central Ward,-43.52863,172.648,Shared room,33.0,7.0,1,2025-12-20,0.33,5,68,1,,2025-12
1530197525856856850,Live the High Life 1 Bdrm Luxury With Park,45768555,Hasslefree Accommodation,Christchurch City,Central Ward,-43.535478,172.6351439,Entire home/apt,252.0,1.0,25,2026-03-15,5.1,65,309,25,,2026-03
1530254114621913351,Awa - Black Hut,63832351,Georgia,Christchurch City,Central Ward,-43.5259,172.64647,Entire home/apt,303.0,2.0,15,2026-03-15,5.49,1,15,15,,2026-03
1530736738078421992,The King Suite on St Asaph with Parking,551181197,Paula Kat Charlotte,Christchurch City,Central Ward,-43.53749,172.63743,Entire home/apt,392.0,2.0,7,2026-01-15,1.42,188,239,7,,2026-01
1530789340885556868,"Executive Accommodation. 3 Bed, 3 bath + Garage",551181197,Paula Kat Charlotte,Christchurch City,Central Ward,-43.525857,172.6399837,Entire home/apt,413.0,1.0,21,2026-03-01,4.32,188,239,21,,2026-03
1530949696735651628,New Luxury Townhouse in the Heart of Christchurch,510730797,Kate,Christchurch City,Central Ward,-43.52622958207353,172.64021984035415,Entire home/apt,446.0,1.0,8,2026-02-26,2.58,14,68,8,,2026-02
1531011384324919043,The View,118347738,Anna,Christchurch City,Heathcote Ward,-43.57294,172.71834,Entire home/apt,200.0,2.0,8,2026-03-14,2.64,1,244,8,,2026-03
1531439710565768421,"Wai Marino Cottage - Marine Parade, sleeps 5",551181197,Paula Kat Charlotte,Christchurch City,Coastal Ward,-43.51304,172.73323,Entire home/apt,253.0,1.0,14,2026-03-05,2.8,188,78,14,,2026-03
1531664726347545836,Central living,667950876,Vinnie Sharma,Christchurch City,Spreydon Ward,-43.54401319477319,172.61318953158496,Entire home/apt,222.0,1.0,0,,,1,362,0,,
1532157693001846589,Spacious 3-Bedroom City Retreat with Garage,551181197,Paula Kat Charlotte,Christchurch City,Central Ward,-43.53019,172.64908,Entire home/apt,378.0,1.0,19,2026-03-10,3.68,188,203,19,,2026-03
1532407585276733284,On the Park,201467139,Lou,Christchurch City,Heathcote Ward,-43.55327,172.6332,Entire home/apt,166.0,1.0,5,2026-03-02,3.33,2,58,5,,2026-03
1532812457021071262,Large en-suite self-contained quiet bedroom,160780,Mary,Christchurch City,Riccarton Ward,-43.53345170750078,172.5914157857446,Private room,150.0,2.0,2,2026-02-14,1.03,2,15,2,,2026-02
1532890059970857758,Game Day Getaway | 2BR Townhouse + Parking,551181197,Paula Kat Charlotte,Christchurch City,Central Ward,-43.5296292,172.650212,Entire home/apt,243.0,1.0,9,2026-02-25,1.86,188,228,9,,2026-02
1533468025767879849,âOver the Moonâ - 2bdm 2bath | Steps from Stadium,270948333,Crystal,Christchurch City,Central Ward,-43.5293863,172.6451665,Entire home/apt,297.0,1.0,18,2026-03-13,5.57,1,163,18,,2026-03
1533704437617300694,Relax and Unwind at Our Duvauchelle Bach,306023540,Barry,Christchurch City,Banks Peninsula Ward,-43.75522985135089,172.94540928431616,Entire home/apt,249.0,2.0,6,2026-02-14,1.41,1,164,6,,2026-02
1533726695535067852,Studio Retreat in St Albans â Peaceful & Secure,551181197,Paula Kat Charlotte,Christchurch City,Innes Ward,-43.5040492,172.6394364,Entire home/apt,131.0,1.0,6,2026-02-23,1.55,188,264,6,,2026-02
1533759337513296791,Townhouse in central Christchurch,724433368,David,Christchurch City,Central Ward,-43.51593,172.64524,Entire home/apt,213.0,1.0,14,2026-03-13,2.84,1,154,14,,2026-03
1533776720692844448,Budget-Friendly 2 BR Home | Walk to City & Stadium,551181197,Paula Kat Charlotte,Christchurch City,Central Ward,-43.53215,172.64746,Entire home/apt,330.0,1.0,3,2025-12-11,0.73,188,260,3,,2025-12
1534253212713740725,Stadium studio,220001641,Ed,Christchurch City,Central Ward,-43.52896933914158,172.6419333559511,Private room,226.0,1.0,4,2026-02-28,0.97,1,84,4,,2026-02
1534292202491995269,Central City Stay: Walk to Hagley Park and CBD,677451527,Sai,Christchurch City,Central Ward,-43.5253441,172.6295258,Entire home/apt,250.0,1.0,2,2026-02-28,1.62,1,209,2,,2026-02
1534403636534168505,Perfect City Retreat 1 bdrm Prime Location,45768555,Hasslefree Accommodation,Christchurch City,Central Ward,-43.5305567,172.6385671,Entire home/apt,253.0,1.0,13,2026-02-26,2.65,65,314,13,,2026-02
1534971687254489463,Madras Haven - explore the Garden City,268856781,Catherine,Christchurch City,Central Ward,-43.5285632,172.6432595,Entire home/apt,229.0,2.0,7,2026-03-15,2.41,1,333,7,,2026-03
1535107795610944093,Central Modern Apartment with carpark,177717382,Charlotte,Christchurch City,Central Ward,-43.52228,172.63563,Entire home/apt,240.0,1.0,22,2026-03-14,5.16,1,237,22,,2026-03
1535266247063785186,Spacious 6BR Home for Large Families or Work Teams,551181197,Paula Kat Charlotte,Christchurch City,Innes Ward,-43.50139619999999,172.6519165,Entire home/apt,485.0,2.0,14,2026-02-23,2.84,188,224,14,,2026-02
1535657400729435570,Nice 'n Light,246412092,Jane,Christchurch City,Papanui Ward,-43.4964247,172.6135776,Private room,80.0,1.0,10,2026-03-17,2.29,1,312,10,,2026-03
1535899869404546607,Central Akaroa 2 bedroom ground floor apartment,20665858,Adam,Christchurch City,Banks Peninsula Ward,-43.8094032,172.96208,Entire home/apt,266.0,1.0,34,2026-03-05,6.89,20,342,34,,2026-03
1536362844669014902,Comfortable Stay in Halswell Close to Shops & Park,704912203,Shatrughan,Christchurch City,Halswell Ward,-43.59401,172.56608,Entire home/apt,320.0,1.0,18,2026-02-28,4.7,1,74,18,,2026-02
1537919151789818127,Stylish Modern Townhouse in the heart of City(CBD),725038827,Mia,Christchurch City,Central Ward,-43.5285901,172.643906,Entire home/apt,197.0,1.0,14,2026-03-20,9.55,1,139,14,,2026-03
1537960863833551570,"Garden Guesthouse, 5 mins from town, peaceful spot",30516027,Sarah And Richard,Christchurch City,Cashmere Ward,-43.56542011344721,172.6567551734505,Entire home/apt,155.0,2.0,5,2026-03-02,1.42,2,86,5,,2026-03
1538004030751088857,Christchurch Townhouse,129804161,April,Christchurch City,Central Ward,-43.53201,172.6526,Entire home/apt,234.0,1.0,6,2026-03-13,2.81,1,56,6,,2026-03
1538064493553326837,"Executive Stay, Work Trip, Event Base with Parking",551181197,Paula Kat Charlotte,Christchurch City,Central Ward,-43.5296292,172.650212,Entire home/apt,253.0,1.0,16,2026-03-10,3.38,188,255,16,,2026-03
1538092530831598207,"Cityside Comfort!  Modern 2BR, 2BA with Parking",202585247,Ohana,Christchurch City,Central Ward,-43.5354807,172.6353976,Entire home/apt,304.0,1.0,25,2026-02-24,5.24,137,92,25,,2026-02
1538151460286296682,Elegant 3-Storey with Garage Parking by Latimer Sq,202585247,Ohana,Christchurch City,Central Ward,-43.5302054,172.6434883,Entire home/apt,360.0,1.0,13,2026-03-05,2.83,137,95,13,,2026-03
1538801237700779080,Toad Hall - Akaroa Holiday Home,145244100,Bachcare,Christchurch City,Banks Peninsula Ward,-43.7997684452788,173.00022595347068,Entire home/apt,,2.0,0,,,1417,354,0,,
1538827338308877637,Brand new home Gem â Near City & Shops,291222393,Elizabeth Amio,Christchurch City,Halswell Ward,-43.55985,172.54083,Entire home/apt,350.0,1.0,8,2026-03-12,1.8,1,347,8,,2026-03
1538836196407808529,Stylish 2-Bedroom Home with Back Yard,331763232,Managed By Williams,Christchurch City,Central Ward,-43.53216,172.65073,Entire home/apt,207.0,1.0,10,2026-03-07,2.48,132,102,10,,2026-03
1538853941816050669,Modern 2-Bedroom Home with Backyard in Edgeware,331763232,Managed By Williams,Christchurch City,Innes Ward,-43.51385,172.64651,Entire home/apt,185.0,1.0,10,2026-03-07,2.08,132,170,10,,2026-03
1540236141507693089,Christchurch Entire Guest Suite| 2 Private Rooms,170865743,Fang,Christchurch City,Waimairi Ward,-43.51372732465372,172.56105858832598,Entire home/apt,241.0,1.0,1,2026-01-01,0.37,3,264,1,,2026-01
1540295546129093635,Cosy Loft 3.5 km city 8.5 km Airport free parking,725873253,Tania,Christchurch City,Innes Ward,-43.49834,172.64029,Entire home/apt,97.0,1.0,61,2026-03-21,13.56,1,14,61,,2026-03
1540920914284241666,Better on Bealey,433503486,Angela Jane,Christchurch City,Central Ward,-43.5213,172.64625,Entire home/apt,232.0,1.0,8,2026-02-28,2.82,1,259,8,,2026-02
1540952671561663580,Peaceful Sumner Family Haven Near Beach & Tracks,535414450,Alex,Christchurch City,Heathcote Ward,-43.58271,172.75465,Entire home/apt,403.0,2.0,2,2026-01-16,0.74,1,4,2,,2026-01
1541010582482534643,Modern City Haven CHCH,41436055,Casey,Christchurch City,Central Ward,-43.518167735817286,172.63434659689665,Entire home/apt,492.0,2.0,2,2026-02-07,0.74,2,342,2,,2026-02
1541532682726817605,Enjoy cleanComfortable room with private bathroom,508309383,Vatan,Christchurch City,Halswell Ward,-43.55183,172.54083,Private room,74.0,1.0,0,,,1,357,0,,
1541663434633320587,"The Loft - Hot Tub, Views & Nature Escape",9061158,Elly,Christchurch City,Heathcote Ward,-43.56991,172.74702,Entire home/apt,352.0,1.0,0,,,1,134,0,,
1541694856303189163,Christchurch City Stadium Apartment,726228554,Shaan,Christchurch City,Central Ward,-43.53246024394559,172.6491503790021,Entire home/apt,137.0,1.0,30,2026-03-17,6.67,1,77,30,,2026-03
1541824910995132807,Saint Albans Stunner,145741479,Debbie,Christchurch City,Innes Ward,-43.5119254,172.6404695,Entire home/apt,258.0,1.0,17,2026-03-10,6.0,1,317,17,,2026-03
1541847159246332565,Cozy Wigram Apartment,726265429,Kathleen,Christchurch City,Halswell Ward,-43.541606,172.556426,Entire home/apt,205.0,1.0,2,2026-02-12,1.43,1,152,2,,2026-02
1542390892382563109,Best Location in city centreâfree parking,584558161,Tiaki BnB,Christchurch City,Central Ward,-43.5261852,172.6313704,Entire home/apt,463.0,1.0,11,2026-03-06,4.18,8,220,11,,2026-03
1542401209954467677,Christchurch Airport House,380020623,Parisa,Christchurch City,Harewood Ward,-43.4769475,172.582565,Private room,180.0,1.0,3,2026-03-01,0.77,2,355,3,,2026-03
1542561308158575022,Beautiful 4 bdrm home,4902292,Catherine,Christchurch City,Halswell Ward,-43.56057149999999,172.5577235,Private room,75.0,1.0,19,2026-03-13,4.42,1,259,19,,2026-03
1543101218053494425,Urban Loft Near Westfield Mall | Walk Everywhere,551181197,Paula Kat Charlotte,Christchurch City,Riccarton Ward,-43.5347972,172.5991005,Entire home/apt,241.0,1.0,33,2026-03-10,6.97,188,219,33,,2026-03
1543394950742402693,Seaview Family Stay Akaroa,24205506,"Mayie, Judi And Karen At Bookahome",Christchurch City,Banks Peninsula Ward,-43.81019,172.96174,Entire home/apt,300.0,2.0,4,2026-01-28,1.28,83,331,4,,2026-01
1543725190101851414,City convenient meets cozy comfort,178727740,Viki,Christchurch City,Riccarton Ward,-43.53379289999999,172.602115,Private room,,2.0,4,2026-01-21,0.91,2,0,4,,2026-01
1543809343660091313,Chic 1-Bedroom Apartment with Balcony in Ferry Rd,331763232,Managed By Williams,Christchurch City,Central Ward,-43.53812368837632,172.6482613464624,Entire home/apt,193.0,1.0,6,2026-02-06,1.7,132,193,6,,2026-02
1543911657926026362,Chic Colourful Loft in the Heart of Merivale,551181197,Paula Kat Charlotte,Christchurch City,Fendalton Ward,-43.51139,172.61993,Entire home/apt,273.0,1.0,13,2026-03-03,2.87,188,243,13,,2026-03
1544511870211763185,"Modern Studio in City Centre,1 min walk to Stadium",54786858,Harmeet,Christchurch City,Central Ward,-43.53116,172.64681,Entire home/apt,229.0,1.0,3,2026-02-28,1.1,2,361,3,,2026-02
1544618050761652842,"* Walk to TownHall, Casino, Te Pae, Free Car park",43367626,Sharon,Christchurch City,Central Ward,-43.52658,172.63448,Entire home/apt,205.0,2.0,12,2026-03-18,2.88,16,93,12,,2026-03
1544627092564421586,Tiny House in Peaceful Heathcote Valley,110107914,Louise,Christchurch City,Heathcote Ward,-43.57565,172.70724,Entire home/apt,181.0,2.0,8,2026-03-01,1.97,1,35,8,,2026-03
1544684958330503063,Blissful Studio | Few Steps from City Life,171301265,Jhonny,Christchurch City,Central Ward,-43.53883,172.63203,Entire home/apt,219.0,1.0,26,2026-03-10,6.45,1,35,26,,2026-03
1544738376785126032,Peaceful Hillside Home in Cashmere,7466619,Ashleigh & Liam,Christchurch City,Cashmere Ward,-43.57853,172.63334,Entire home/apt,414.0,4.0,0,,,1,153,0,,
1545256753793398235,"Affordable, relaxing, private. Our happy place!",23084750,Bronnie And Andie,Christchurch City,Coastal Ward,-43.488884,172.7110978,Entire home/apt,122.0,3.0,5,2026-03-16,2.05,1,321,5,,2026-03
1545889329046393500,Frederick Street Town house,727145306,Pawan,Christchurch City,Linwood Ward,-43.54243761051794,172.66239081683733,Entire home/apt,146.0,1.0,0,,,1,320,0,,
1546096104251655459,Windsor Apartments - A little luxury in the city,47751746,Trish,Christchurch City,Central Ward,-43.528780222815584,172.63100301163942,Entire home/apt,522.0,1.0,6,2026-02-28,3.1,1,286,6,,2026-02
1546194846155974592,Twin Room in Garden City Christchurch,156850647,Jun,Christchurch City,Central Ward,-43.5180883,172.6440227,Private room,169.0,1.0,0,,,3,146,0,,
1546205932742771065,Bright Family Home in Elegant & Safe Avonhead,492216654,Asmaa,Christchurch City,Waimairi Ward,-43.5221797,172.5544719,Entire home/apt,232.0,3.0,5,2026-01-24,1.33,1,46,5,,2026-01
1546207015654569182,Couples get away-Private Cinema-Games Room-Prkng,653922876,Majestic Stays,Christchurch City,Central Ward,-43.52866,172.65322,Entire home/apt,412.0,1.0,0,,,3,364,0,,
1546501121696708464,Family-Friendly 1940s Villa - modern and sunny,138463842,Ruby,Christchurch City,Linwood Ward,-43.55403367869266,172.68820703029633,Entire home/apt,,3.0,1,2026-01-22,0.49,1,0,1,,2026-01
1546847567568658589,Wigram Residence - Spacious Family & Group Retreat,24205506,"Mayie, Judi And Karen At Bookahome",Christchurch City,Halswell Ward,-43.55779,172.55728,Entire home/apt,908.0,2.0,4,2026-02-26,1.5,83,324,4,,2026-02
1547013756222683089,Stylish 2-Bed 2-Bath Near Hagley Park & CBD,49642171,Lily-SimplyHost,Christchurch City,Fendalton Ward,-43.52026,172.62211,Entire home/apt,320.0,1.0,7,2026-03-14,1.76,95,260,7,,2026-03
1547362060404299176,"Lighthouse, outdoor bath star gaze, airport,12 min",243815240,Peter And Nancy,Christchurch City,Harewood Ward,-43.46886,172.60667,Entire home/apt,138.0,2.0,14,2026-03-16,5.45,1,133,14,,2026-03
1547451780110472952,One Wakefield,400942547,Krista,Christchurch City,Heathcote Ward,-43.56764,172.75847,Entire home/apt,320.0,1.0,15,2026-03-15,3.69,2,323,15,,2026-03
1547476632645091711,Character Villa - Family and pet friendly,56385395,Louise,Christchurch City,Fendalton Ward,-43.50517,172.62742,Entire home/apt,435.0,2.0,4,2026-02-28,2.31,1,158,4,,2026-02
1547586961868992390,Off-Grid Tiny-House Escape - Manu Waiata,24205506,"Mayie, Judi And Karen At Bookahome",Christchurch City,Banks Peninsula Ward,-43.65057729999999,172.6397296,Entire home/apt,165.0,2.0,3,2026-03-02,1.15,83,11,3,,2026-03
1548461530489480159,Modern Heritage 2BR Home,147777927,Venu,Christchurch City,Linwood Ward,-43.5419268,172.6671334,Entire home/apt,274.0,1.0,0,,,4,298,0,,
1548685874596111956,Central Akaroa 2 bedroom upstairs apartment,20665858,Adam,Christchurch City,Banks Peninsula Ward,-43.8094032,172.96208,Entire home/apt,277.0,1.0,20,2026-03-01,4.76,20,356,20,,2026-03
1548904075099698728,Modern 2BR Townhouse Near Hagley - Free Parking,202585247,Ohana,Christchurch City,Spreydon Ward,-43.5417536,172.6118673,Entire home/apt,276.0,1.0,38,2026-03-15,8.91,137,98,38,,2026-03
1548940432392643454,Modern City Apartment with Balcony in Christchurch,331763232,Managed By Williams,Christchurch City,Central Ward,-43.53755,172.64087,Entire home/apt,165.0,1.0,3,2026-01-03,1.01,132,314,3,,2026-01
1548949371329059871,Modern 2-Bedroom Townhouse Near City Centre,74811135,Maggie,Christchurch City,Heathcote Ward,-43.55238,172.63721,Entire home/apt,226.0,1.0,7,2026-03-15,1.96,41,159,7,,2026-03
1549027788656659613,Stylish City Escape: 2BR with Private Deck,202585247,Ohana,Christchurch City,Central Ward,-43.535478,172.6351439,Entire home/apt,312.0,1.0,21,2026-03-17,5.63,137,83,21,,2026-03
1549037938084250156,Yaldhurst Hideaway,177778821,Julie,Christchurch City,Hornby Ward,-43.52070202408268,172.52212934195995,Entire home/apt,160.0,1.0,28,2026-03-16,6.72,1,116,28,,2026-03
1549615981745055286,Lovely Riccarton Town house Bedroom,728080990,Connor,Christchurch City,Riccarton Ward,-43.53456,172.60436,Private room,126.0,1.0,1,2026-02-12,0.77,1,357,1,,2026-02
1549737580633025454,Dudley Creek - Guest House,192211677,Anil,Christchurch City,Innes Ward,-43.51373,172.65342,Private room,115.0,1.0,6,2026-02-28,1.84,1,176,6,,2026-02
1550242291008677448,Modern master suite. 10 minutes from the city,112042996,Moana,Christchurch City,Papanui Ward,-43.48813,172.6179,Private room,158.0,1.0,8,2026-02-28,1.89,1,350,8,,2026-02
1550444628216375600,Prime Central City Pad - Convenient & Comfy,213814286,Joshua,Christchurch City,Central Ward,-43.5311796,172.6445883,Entire home/apt,131.0,1.0,32,2026-03-15,8.14,1,306,32,,2026-03
1550536946745340346,Christchurch Room with Private Bathroom + Bath,666863771,Ansh,Christchurch City,Halswell Ward,-43.5718219,172.581708,Private room,77.0,1.0,61,2026-03-20,14.64,1,124,61,,2026-03
1550919601995845471,"Room available in modern, comfortable, sunny home!",283002963,Anna,Christchurch City,Spreydon Ward,-43.54954,172.62363,Private room,101.0,1.0,14,2026-03-07,3.33,1,262,14,,2026-03
1551075461334599314,2 BR Home | Walk to City & Stadium,482671075,Care Property Stays,Christchurch City,Central Ward,-43.5315768,172.6479961,Entire home/apt,220.0,1.0,1,2025-11-20,0.24,147,260,1,,2025-11
1551170405957223767,Halswell Quarry - Walk and Explore - 3 bed,482671075,Care Property Stays,Christchurch City,Halswell Ward,-43.5968656,172.5688123,Entire home/apt,377.0,1.0,5,2026-01-25,1.2,147,265,5,,2026-01
1551302475294508929,Sunny Room in a beautiful house,525404519,Sara,Christchurch City,Innes Ward,-43.49589240751783,172.63399455696344,Private room,78.0,1.0,29,2026-03-15,7.19,1,351,29,,2026-03
1551337635391018180,Comfortable Home Near Burwood Hospital & Forest,728468614,Andrea,Christchurch City,Coastal Ward,-43.47332,172.70414,Entire home/apt,205.0,2.0,5,2026-03-14,2.63,1,256,5,,2026-03
1551647755559610421,Cityscape Haven - Christchurch Holiday Apartment,145244100,Bachcare,Christchurch City,Central Ward,-43.5329715851288,172.64087983241578,Entire home/apt,,2.0,0,,,1417,359,0,,
1551993389290525894,Brand new 3 bedroom house,211195948,Jenny,Christchurch City,Hornby Ward,-43.54997,172.53491,Entire home/apt,299.0,1.0,18,2026-03-05,5.29,20,233,18,,2026-03
1552478429225611196,Manuki Tiny Retreat - Private stay Templeton,355596457,Mahe,Christchurch City,Hornby Ward,-43.55322,172.47331,Entire home/apt,156.0,1.0,10,2026-03-10,2.36,1,271,10,,2026-03
1552628824575104686,Cityside Stays - CBD Location,192585028,Stacey Karen,Christchurch City,Central Ward,-43.5255,172.63656,Entire home/apt,360.0,1.0,9,2026-03-07,2.65,3,141,9,,2026-03
1553212376684335798,Luxury 4-Bedroom Sumner Home with Ocean Views,724968808,Denis,Christchurch City,Heathcote Ward,-43.56388,172.73322,Entire home/apt,694.0,3.0,0,,,1,40,0,,
1553381294664289544,Brand new 3 BR 3 Bathroom close to Hornby mall,211195948,Jenny,Christchurch City,Hornby Ward,-43.55062,172.53285,Entire home/apt,295.0,1.0,11,2026-02-20,2.73,20,215,11,,2026-02
1553871530624354152,Cozy Cluck Cove Studio,72976384,Caroline,Christchurch City,Linwood Ward,-43.54423595658573,172.68621411891368,Entire home/apt,81.0,2.0,8,2026-03-20,5.58,1,348,8,,2026-03
1553949409967575921,Central city modern townhouse,657884540,Mariel,Christchurch City,Central Ward,-43.5378002,172.6416792,Entire home/apt,125.0,1.0,16,2026-03-18,4.4,1,155,16,,2026-03
1554029702919410161,Cute & Stylish Loft- Affordable City Stay,202585247,Ohana,Christchurch City,Central Ward,-43.5332355,172.649956,Entire home/apt,255.0,1.0,18,2026-03-07,4.78,137,31,18,,2026-03
1554896158728902613,Stylish Cashel Townhouse Stay,331763232,Managed By Williams,Christchurch City,Central Ward,-43.53236,172.64991,Entire home/apt,221.0,1.0,5,2026-02-26,1.38,132,190,5,,2026-02
1555286239248881546,Port Studio,8901401,Lucia,Christchurch City,Banks Peninsula Ward,-43.6017366146027,172.71617880982234,Entire home/apt,194.0,2.0,9,2026-03-18,2.67,1,21,9,,2026-03
1555306759505089405,Christchurch cottage - Family friendly stay,71217852,Katherine,Christchurch City,Spreydon Ward,-43.5480624071552,172.62133982462558,Entire home/apt,194.0,2.0,8,2026-03-09,2.61,1,44,8,,2026-03
1555356549322386617,Cosy private room with king bed,437294345,Navdeep Singh,Christchurch City,Papanui Ward,-43.48961,172.59474,Private room,88.0,1.0,17,2026-03-14,11.33,1,353,17,,2026-03
1555492511177055649,301 bealey ave motel in city centre free parking,729436932,Jatin,Christchurch City,Central Ward,-43.52078056158844,172.63838533312082,Entire home/apt,685.0,1.0,0,,,2,365,0,,
1555497617443916855,301 bealey ave apartment city centre,729436932,Jatin,Christchurch City,Central Ward,-43.52131195463341,172.63852228866892,Entire home/apt,685.0,1.0,2,2025-11-30,0.49,2,364,2,,2025-11
1555597626754633319,Historic Industrial Charm meets Modern Comfort.,729271620,Ruth,Christchurch City,Central Ward,-43.53713,172.63872,Entire home/apt,457.0,1.0,7,2026-03-07,4.38,1,313,7,,2026-03
1555609174224012557,Sleepout with 2 rooms and adjoining bathroom,17014587,Anthea,Christchurch City,Burwood Ward,-43.49402374351407,172.66456503421068,Entire home/apt,109.0,1.0,13,2026-03-14,5.2,1,73,13,,2026-03
1556239859511444176,Premium City Townhouse â¢ Park â¢ 2 Beds â¢ 2 Baths,551181197,Paula Kat Charlotte,Christchurch City,Central Ward,-43.528926880812165,172.6423908888855,Entire home/apt,340.0,1.0,17,2026-03-07,4.36,188,196,17,,2026-03
1556396223720325543,Modern Renovated Home â¢ Sunny Deck â¢ Quiet Area,45172785,The MAC Property Team,Christchurch City,Fendalton Ward,-43.5125606,172.6001161,Entire home/apt,387.0,1.0,9,2026-03-15,2.23,47,317,9,,2026-03
1556918731474064994,Luxury Wellness Retreat,55191663,Ross,Christchurch City,Banks Peninsula Ward,-43.76576,172.78799,Entire home/apt,286.0,1.0,42,2026-03-16,12.0,1,349,42,,2026-03
1557029820701527420,Cosy 2 bedroom close to the CBD,329341602,Andrew,Christchurch City,Central Ward,-43.52323,172.65541,Entire home/apt,265.0,2.0,11,2026-02-28,2.87,4,25,11,,2026-02
1557065042349467007,Urban Retreat in Christchurch Central,144921209,Anton,Christchurch City,Central Ward,-43.52589625611348,172.63076718896627,Entire home/apt,285.0,1.0,27,2026-03-20,7.17,1,109,27,,2026-03
1557559975497728241,Modern Family-Friendly Home Near St Albans Park,551181197,Paula Kat Charlotte,Christchurch City,Innes Ward,-43.5110619,172.6409247,Entire home/apt,245.0,1.0,7,2026-03-07,2.23,188,262,7,,2026-03
1557568882056163941,Family Friendly - Harbour View 3-Bedroom Retreat,20665858,Adam,Christchurch City,Banks Peninsula Ward,-43.75818,172.94666,Entire home/apt,432.0,1.0,12,2026-03-05,3.05,20,338,12,,2026-03
1557648246239870260,Gloucester Escape  Modern 2BR with Outdoor Space,202585247,Ohana,Christchurch City,Central Ward,-43.5295819,172.6499775,Entire home/apt,321.0,1.0,23,2026-03-06,6.33,137,74,23,,2026-03
1558917809662869152,Cosy room with garden view,380020623,Parisa,Christchurch City,Harewood Ward,-43.47779,172.58223,Private room,142.0,1.0,0,,,2,355,0,,
1559255952697353164,Sunny & Spacious Christchurch Townhouse.,110558916,Belinda,Christchurch City,Central Ward,-43.52004,172.62927,Entire home/apt,582.0,3.0,1,2026-02-28,1.0,1,117,1,,2026-02
1559761854032853425,Polished Urban Stay Near Christchurchâs Best Spots,482671075,Care Property Stays,Christchurch City,Central Ward,-43.5325491,172.6413391,Entire home/apt,350.0,1.0,7,2026-02-21,1.83,147,243,7,,2026-02
1559903312748353738,2-Bedroom w/ Carpark. Overlooks Central East Frame,482671075,Care Property Stays,Christchurch City,Central Ward,-43.53018,172.64105,Entire home/apt,394.0,1.0,8,2026-02-22,2.07,147,155,8,,2026-02
1560522513937550201,Quite and Cozy Double Bedroom,662706872,Pratik,Christchurch City,Halswell Ward,-43.5684663,172.5424887,Private room,51.0,1.0,6,2026-03-05,1.57,3,363,6,,2026-03
1560572105668399497,Modern 1 Bedroom Apartment across from Hagley Park,331763232,Managed By Williams,Christchurch City,Spreydon Ward,-43.54041058146743,172.61825570044795,Entire home/apt,213.0,1.0,0,,,132,75,0,,
1560592032569343870,CBD Style Meets Parkside Calm + Free Car Park,723581024,Nic,Christchurch City,Central Ward,-43.5325491,172.6413391,Entire home/apt,246.0,1.0,2,2026-01-11,0.77,2,246,2,,2026-01
1560789615109982874,Cosy ensuite in a handy location,340136987,Bill,Christchurch City,Fendalton Ward,-43.51003336165608,172.57714748382568,Entire home/apt,159.0,1.0,1,2026-03-01,1.0,1,66,1,,2026-03
1561217776807496668,Modern 3 Ensuite CBD with Carpark -walk to Stadium,43367626,Sharon,Christchurch City,Central Ward,-43.53233335481662,172.6477978751063,Entire home/apt,359.0,1.0,4,2026-02-19,1.52,16,129,4,,2026-02
1561857497153542390,Overleigh Eco-Pod,127379295,John,Christchurch City,Banks Peninsula Ward,-43.66059533736677,172.80999403797318,Entire home/apt,222.0,1.0,14,2026-02-28,4.94,3,353,14,,2026-02
1561997903881843728,The Bach that Rocks Southshore,222941036,Brendan,Christchurch City,Coastal Ward,-43.55165,172.74793,Entire home/apt,302.0,1.0,5,2026-03-04,1.72,2,269,5,,2026-03
1562067795551775344,"Posh on Peterborough
3 Bed + 3 Bath",666456183,Helen,Christchurch City,Central Ward,-43.52565,172.63589,Entire home/apt,632.0,1.0,1,2025-12-27,0.35,2,10,1,,2025-12
1562758757386505436,Self Contained Studio | Private Spa | Central,297759468,Bonnie,Christchurch City,Linwood Ward,-43.54728,172.689,Entire home/apt,194.0,2.0,0,,,1,111,0,,
1562803967235739328,Comfy Ground-Floor Living in Fendalton,551181197,Paula Kat Charlotte,Christchurch City,Fendalton Ward,-43.5213938,172.6096994,Entire home/apt,356.0,1.0,7,2026-02-17,1.84,188,218,7,,2026-02
1562886837617421541,2 Bedroom Delight near Te Kaha Stadium,331763232,Managed By Williams,Christchurch City,Central Ward,-43.53275117357812,172.6395664422543,Entire home/apt,237.0,1.0,7,2026-02-25,2.88,132,258,7,,2026-02
1562887331123935480,Modern 2BR Apartment by Te Kaha Stadium,331763232,Managed By Williams,Christchurch City,Central Ward,-43.53074447242869,172.63880272809507,Entire home/apt,231.0,1.0,2,2026-02-05,1.18,132,279,2,,2026-02
1562887332652414438,Stylish City Apartment Near Te Kaha,331763232,Managed By Williams,Christchurch City,Central Ward,-43.53248931748027,172.64059619203982,Entire home/apt,261.0,1.0,9,2026-02-25,3.33,132,276,9,,2026-02
1562887333122567840,1 Bedroom Apartment near Te Kaha Stadium,331763232,Managed By Williams,Christchurch City,Central Ward,-43.53192434612056,172.64094787564684,Entire home/apt,200.0,1.0,2,2026-03-04,2.0,132,181,2,,2026-03
1562887333886696381,1 Bedroom Central Apartment by Te Kaha Stadium,331763232,Managed By Williams,Christchurch City,Central Ward,-43.53103175606127,172.6408205856815,Entire home/apt,196.0,2.0,5,2026-02-27,2.68,132,266,5,,2026-02
1562887828376713122,Brand-New 1BR Apartment Near Upcoming Te Kaha,331763232,Managed By Williams,Christchurch City,Central Ward,-43.52988,172.64001,Entire home/apt,201.0,2.0,3,2026-02-23,1.96,132,286,3,,2026-02
1562887830298005242,City Center Comfort in Manchester Street,331763232,Managed By Williams,Christchurch City,Central Ward,-43.53059224829136,172.6404995511152,Entire home/apt,248.0,1.0,0,,,132,285,0,,
1562887830416540371,Freshly Built Apartment Near Te Kaha Stadium,331763232,Managed By Williams,Christchurch City,Central Ward,-43.53039560781677,172.63970712830397,Entire home/apt,177.0,2.0,3,2026-03-07,2.05,132,289,3,,2026-03
1562887830618575006,Fresh 1 Bedroom Apartment Close to Te Kaha Stadium,331763232,Managed By Williams,Christchurch City,Central Ward,-43.53248613735028,172.64041037777082,Entire home/apt,234.0,2.0,2,2026-01-03,0.7,132,288,2,,2026-01
1562887831615564213,Modern 2BR Townhouse by Te Kaha Stadium,331763232,Managed By Williams,Christchurch City,Central Ward,-43.5325191919803,172.64073237746024,Entire home/apt,287.0,2.0,4,2026-03-01,3.24,132,181,4,,2026-03
1562887921697866739,Chic Christchurch 1BR Apartment by Te Kaha Stadium,331763232,Managed By Williams,Christchurch City,Central Ward,-43.53063153861778,172.64014810024764,Entire home/apt,194.0,2.0,5,2026-03-07,2.88,132,0,5,,2026-03
1562888425180501420,Contemporary 2BR Stay Near Te Kaha,331763232,Managed By Williams,Christchurch City,Central Ward,-43.53236370982273,172.6408372366122,Entire home/apt,230.0,2.0,2,2026-02-16,1.03,132,196,2,,2026-02
1562888426849418907,Stylish 2BR Retreat by Te Kaha Stadium,331763232,Managed By Williams,Christchurch City,Central Ward,-43.53155285781588,172.6393684689857,Entire home/apt,230.0,1.0,5,2026-03-01,2.31,132,195,5,,2026-03
1562888430477200629,Lively 2BR Retreat near Te Kaha Stadium,331763232,Managed By Williams,Christchurch City,Central Ward,-43.53277024508369,172.6398506831316,Entire home/apt,252.0,2.0,3,2026-01-10,1.05,132,221,3,,2026-01
1562888433916459752,Central 2BR Townhouse Close to Te Kaha Stadium,331763232,Managed By Williams,Christchurch City,Central Ward,-43.53022518883903,172.64094238372036,Entire home/apt,259.0,1.0,1,2026-03-02,1.0,132,199,1,,2026-03
1562888435583630644,Spacious 3BR Townhouse - Majestic on Manchester St,331763232,Managed By Williams,Christchurch City,Central Ward,-43.53231668666338,172.63915105375426,Entire home/apt,353.0,2.0,11,2026-02-28,5.08,132,259,11,,2026-02
1562888437061378824,Serene 2BR Retreat very near to Te Kaha Stadium,331763232,Managed By Williams,Christchurch City,Central Ward,-43.53174553910176,172.63939718372572,Entire home/apt,222.0,1.0,3,2026-01-22,1.22,132,264,3,,2026-01
1562888438310568752,Comfortable 2BR Home Steps from Te Kaha Stadium,331763232,Managed By Williams,Christchurch City,Central Ward,-43.53222166872063,172.6407840425453,Entire home/apt,384.0,1.0,4,2026-03-01,1.69,132,203,4,,2026-03
1562888488743085645,Stylish Inner-City Manchester Street Stay,331763232,Managed By Williams,Christchurch City,Central Ward,-43.53235745918997,172.64056958817434,Entire home/apt,233.0,1.0,0,,,132,285,0,,
1562888588284783030,Brand-New 1BR Apartment Near Upcoming Te Kaha,331763232,Managed By Williams,Christchurch City,Central Ward,-43.53068548531782,172.63945785202392,Entire home/apt,200.0,2.0,1,2026-01-26,0.54,132,286,1,,2026-01
1562894398983788105,Bright Apartment Close to Te Kaha Stadium,331763232,Managed By Williams,Christchurch City,Central Ward,-43.53286545179641,172.639254338748,Entire home/apt,219.0,1.0,3,2026-02-15,1.91,132,309,3,,2026-02
1562894766504268233,Comfortable 5-Bedroom Home â¢ Convenient Location,74811135,Maggie,Christchurch City,Fendalton Ward,-43.50997,172.58582,Entire home/apt,396.0,1.0,9,2026-03-04,2.48,41,215,9,,2026-03
1562937752371639875,Ground Floor Studio. Best Location in Christchurch,551181197,Paula Kat Charlotte,Christchurch City,Central Ward,-43.536187,172.6353027,Entire home/apt,170.0,1.0,5,2026-01-09,1.39,188,262,5,,2026-01
1563475224066554120,Sherborne Courtyard Retreat â1br with Parking,202585247,Ohana,Christchurch City,Central Ward,-43.5203158,172.6373239,Entire home/apt,279.0,1.0,18,2026-03-17,4.95,137,94,18,,2026-03
1563992852536414245,Cozy & Convenient,155059446,Gemma Nicole,Christchurch City,Central Ward,-43.538931079096265,172.62850235277864,Entire home/apt,112.0,2.0,9,2026-03-18,3.07,1,334,9,,2026-03
1564084886314457969,Bright & Comfortable Family Home in Halswell,74811135,Maggie,Christchurch City,Halswell Ward,-43.56875,172.54166,Entire home/apt,,1.0,8,2026-02-28,2.7,41,0,8,,2026-02
1564128034937933364,Room at iris sphere æ¥äºå±,235950309,Shizheng,Christchurch City,Halswell Ward,-43.58318,172.59959,Private room,90.0,1.0,1,2026-02-06,0.67,2,315,1,,2026-02
1564142920294046357,"Sydenham 2BR | New Build, Parking, Games Room",551181197,Paula Kat Charlotte,Christchurch City,Cashmere Ward,-43.5526889,172.6307658,Entire home/apt,300.0,1.0,10,2026-03-07,2.78,188,246,10,,2026-03
1564152361494890963,Cozy single bedroom near airport,108930058,Yulin,Christchurch City,Hornby Ward,-43.53175,172.52803,Private room,84.0,1.0,8,2026-03-01,5.45,1,226,8,,2026-03
1564165309360993643,A Cozy Three-bedroom Family Home,731382555,Kelvin,Christchurch City,Linwood Ward,-43.5444572,172.6617529,Entire home/apt,352.0,1.0,0,,,1,127,0,,
1564812830271700741,Halswell home from home,58499446,Fiona,Christchurch City,Halswell Ward,-43.57096,172.57808,Private room,85.0,1.0,5,2026-03-15,1.39,1,39,5,,2026-03
1565062999498952836,Laid-back Sumner bach- 5 min walk to the beach,283584035,Rhys,Christchurch City,Heathcote Ward,-43.5735481,172.7613758,Entire home/apt,437.0,4.0,0,,,1,115,0,,
1565085768389296401,Your Country View Nest,212406903,Shana,Christchurch City,Halswell Ward,-43.58463,172.55836,Entire home/apt,411.0,1.0,19,2026-03-06,5.38,1,65,19,,2026-03
1565468733387358221,Spacious Family Home | Free Parking | Walk to City,439038269,Serena,Christchurch City,Central Ward,-43.51856,172.64147,Entire home/apt,,2.0,10,2026-03-18,2.7,3,1,10,,2026-03
1565676565630142997,Modern 3-Bed CBD Townhouse | Stadium + Parking.,49642171,Lily-SimplyHost,Christchurch City,Central Ward,-43.5340777,172.6414874,Entire home/apt,571.0,1.0,19,2026-03-15,5.14,95,328,19,,2026-03
1565682909119235751,"House by nature area, set up to feel at home",93603575,Lilly,Christchurch City,Innes Ward,-43.51752,172.65963,Private room,51.0,1.0,22,2026-03-19,6.29,1,82,22,,2026-03
1566172656152875455,Coming soon! Brand New City Apartment (203),731795588,Sigrid,Christchurch City,Central Ward,-43.5391205,172.6344073,Entire home/apt,230.0,1.0,0,,,2,319,0,,
1566221035372148264,Coming soon! Brand New City Apartment (206),731795588,Sigrid,Christchurch City,Central Ward,-43.5391205,172.6344073,Entire home/apt,230.0,1.0,0,,,2,325,0,,
1566411094412127129,Modern Suite on St Asaph Street with Parking,551181197,Paula Kat Charlotte,Christchurch City,Central Ward,-43.5365477,172.6384152,Entire home/apt,252.0,1.0,8,2026-03-08,2.2,188,253,8,,2026-03
1566572198070026975,French Inspired Retreat - Akaroa Upper Deck,24205506,"Mayie, Judi And Karen At Bookahome",Christchurch City,Banks Peninsula Ward,-43.81038864067729,172.96310658553492,Entire home/apt,209.0,2.0,4,2026-01-26,1.71,83,92,4,,2026-01
1566800894718363469,Cotswold Retreat â Cosy 1-Bedroom with Logburner,28774099,Liz,Christchurch City,Harewood Ward,-43.48726,172.58432,Entire home/apt,155.0,1.0,11,2026-03-17,3.44,3,291,11,,2026-03
1566852206638166180,"Handy to Airport, CBD & Arena",49642171,Lily-SimplyHost,Christchurch City,Spreydon Ward,-43.554333575190526,172.59540792743198,Entire home/apt,262.0,1.0,13,2026-03-18,4.64,95,14,13,,2026-03
1567212814690489612,Central 1BR Apartment Steps From Te Kaha Stadium,331763232,Managed By Williams,Christchurch City,Central Ward,-43.53114,172.64105,Entire home/apt,193.0,1.0,2,2026-02-26,2.0,132,209,2,,2026-02
1567213320156282261,Stylish 1BR Apartment near Te Kaha Stadium,331763232,Managed By Williams,Christchurch City,Central Ward,-43.5307276552678,172.64058543812695,Entire home/apt,193.0,2.0,1,2026-03-01,1.0,132,206,1,,2026-03
1567769927103521434,Modern 3BR Richmond Retreat with Garage Parking,202585247,Ohana,Christchurch City,Central Ward,-43.52193,172.65189,Entire home/apt,335.0,1.0,8,2026-02-26,2.4,137,227,8,,2026-02
1568312071076784007,St Albans Executive Stay,81390838,Perfect Stays,Christchurch City,Fendalton Ward,-43.50827,172.6248,Entire home/apt,715.0,2.0,4,2026-01-28,1.4,47,100,4,,2026-01
1568353813620661489,Harbour Crest Retreat - Lyttelton Holiday Home,145244100,Bachcare,Christchurch City,Banks Peninsula Ward,-43.59766,172.71348,Entire home/apt,,2.0,2,2026-02-06,0.92,1417,356,2,,2026-02
1568383226125227879,"Lucky number 8, 4br. free parking close to Airport",431781991,Alistair Natalie,Christchurch City,Waimairi Ward,-43.5012,172.56639,Entire home/apt,428.0,1.0,6,2026-03-06,2.12,2,239,6,,2026-03
1568393967357849063,Elysian Du Regent Boutique City Apartment,470640570,Shannon,Christchurch City,Central Ward,-43.5297056,172.6386045,Entire home/apt,453.0,1.0,4,2026-03-20,3.24,3,236,4,,2026-03
1568436907738234006,Bliss at Madras - Christchurch Holiday Home,145244100,Bachcare,Christchurch City,Innes Ward,-43.51529570369837,172.64348798350352,Entire home/apt,,2.0,0,,,1417,365,0,,
1568450465338009222,Peaceful Garden Couples Retreat,20665858,Adam,Christchurch City,Banks Peninsula Ward,-43.7603,172.94882,Entire home/apt,303.0,1.0,14,2026-03-04,4.67,20,343,14,,2026-03
1569065134340570569,"Family friendly house, close to Riccarton Mall",66524262,Katrina,Christchurch City,Riccarton Ward,-43.52837,172.58993,Entire home/apt,289.0,1.0,2,2026-01-24,0.85,1,143,2,,2026-01
1569077422751711734,St Asaph | SALT District Urban Haven,119518284,Sarah,Christchurch City,Central Ward,-43.5367198,172.6383433,Entire home/apt,263.0,1.0,13,2026-03-20,4.76,1,349,13,,2026-03
1569629323069220654,City Town House Yellow,245835178,Melanie,Christchurch City,Central Ward,-43.54612,172.62806,Private room,63.0,1.0,28,2026-03-07,8.32,2,150,28,,2026-03
1570117563613342632,Central Stay: 1 Rooms + Private Bath/queen bed,230894269,Vikramjit,Christchurch City,Linwood Ward,-43.52512,172.6758,Private room,149.0,1.0,5,2026-02-27,3.41,1,365,5,,2026-02
1570144474815421549,City center and close by River.,305595616,Manoj,Christchurch City,Central Ward,-43.5225853,172.6558806,Private room,61.0,1.0,6,2026-02-28,3.91,1,180,6,,2026-02
1570563794828480819,"Modern Studio Near Stadium, Dining & City Fun",482671075,Care Property Stays,Christchurch City,Central Ward,-43.5371788,172.6478091,Entire home/apt,151.0,1.0,13,2026-03-03,3.98,147,257,13,,2026-03
1570629833945918767,Stylish 3BR Townhouse with Garage,482671075,Care Property Stays,Christchurch City,Central Ward,-43.5296292,172.650212,Entire home/apt,587.0,1.0,10,2026-03-10,3.41,147,196,10,,2026-03
1570666004660773643,Beach 2BedGarage Sleeps 6 View Sea Hotpools & Pier,667811172,Gabrielle,Christchurch City,Coastal Ward,-43.50722,172.73127,Entire home/apt,234.0,2.0,1,2026-02-13,0.81,1,158,1,,2026-02
1570705423587709422,Stay Central | Free Parking | City Base,559322845,Miriama,Christchurch City,Central Ward,-43.5260674,172.6413088,Entire home/apt,212.0,2.0,11,2026-03-07,3.67,1,49,11,,2026-03
1570709945234516866,Stylish Riverside Home by Park. 8 mins to City Ctr,5080290,Paul & Marie,Christchurch City,Cashmere Ward,-43.5613406,172.6484919,Entire home/apt,286.0,2.0,7,2026-03-19,2.5,1,293,7,,2026-03
1570731573815881619,Rapa Nui themed Caravan in Åtautahi,63955373,Luis Esteban,Christchurch City,Linwood Ward,-43.53913,172.67406,Entire home/apt,92.0,1.0,2,2026-03-10,2.0,1,16,2,,2026-03
1571179688962045028,Spacious Sunny 4BR Family Home | 10 min to Airport,255652466,Jacqui,Christchurch City,Waimairi Ward,-43.52493,172.553,Entire home/apt,571.0,2.0,3,2026-03-14,2.57,1,134,3,,2026-03
1571380463103392552,Manchester Executive Stays,153948924,Alisa Kate,Christchurch City,Innes Ward,-43.51366,172.64078,Entire home/apt,375.0,2.0,6,2026-02-21,2.05,2,353,6,,2026-02
1571512568181142395,"Comfort & serenity, just 20 min drive from the CBD",48882398,Michael,Christchurch City,Heathcote Ward,-43.5806572773388,172.7141771838069,Entire home/apt,375.0,2.0,1,2026-01-11,0.43,1,6,1,,2026-01
1571621229220597291,CityFringe new house in Richmond-Walk 2 Avon River,43367626,Sharon,Christchurch City,Central Ward,-43.52309,172.65245,Entire home/apt,234.0,1.0,3,2026-02-22,1.5,16,42,3,,2026-02
1571913113694494968,Family friendly 3 bedroom house with amazing views,20665858,Adam,Christchurch City,Banks Peninsula Ward,-43.810251,172.9709684,Entire home/apt,350.0,1.0,24,2026-03-05,7.2,20,304,24,,2026-03
1571963966816960574,Best location to access to all amenities you need,121720633,Stephanie,Christchurch City,Halswell Ward,-43.55084,172.55569,Private room,86.0,1.0,10,2026-03-12,3.16,2,218,10,,2026-03
1572294954696681142,Basic Kiwi Beach Cottage!,197798195,Abigail,Christchurch City,Coastal Ward,-43.4930761,172.7228596,Entire home/apt,,1.0,2,2026-01-17,0.73,1,0,2,,2026-01
1572756888505322142,"Iconic OGB 1-Bed Apartment | Gym, Pool & Carpark",49642171,Lily-SimplyHost,Christchurch City,Central Ward,-43.53116353521855,172.63830804973756,Entire home/apt,320.0,1.0,13,2026-03-21,7.5,95,316,13,,2026-03
1572781194394691775,Manchester Square Urban Stay â Easy To Everything,551181197,Paula Kat Charlotte,Christchurch City,Central Ward,-43.5311992,172.6399008,Entire home/apt,176.0,1.0,20,2026-03-10,6.82,188,0,20,,2026-03
1572806900696085790,Luxury Family Friendly 4 Bed in Wigram,49642171,Lily-SimplyHost,Christchurch City,Halswell Ward,-43.56295,172.54443,Entire home/apt,359.0,1.0,7,2026-03-18,2.12,95,312,7,,2026-03
1573093537414160276,"Private En-suite, Sunny 2nd Floor, Near Westfield",697785165,Lin,Christchurch City,Riccarton Ward,-43.5332312,172.5929776,Private room,105.0,1.0,9,2026-03-09,7.3,2,160,9,,2026-03
1573444751346348027,Modern Retreat - Located Close to Everything,480926543,Mandy,Christchurch City,Halswell Ward,-43.55602,172.55862,Entire home/apt,229.0,1.0,5,2026-01-14,1.7,1,137,5,,2026-01
1573670501739242310,Luxury Cottage with Outdoor Spa,305389317,Cranford Cottages And Motel,Christchurch City,Innes Ward,-43.51046,172.63799,Entire home/apt,315.0,1.0,1,2026-01-28,0.56,5,345,1,,2026-01
1573710689700346553,it's a home surrounding with lot of amenities.,732323895,Dhiren,Christchurch City,Cashmere Ward,-43.56454620379006,172.62726818207906,Entire home/apt,240.0,1.0,2,2026-02-28,2.0,1,356,2,,2026-02
1573992514061033859,Private and comfortable guesthouse,144059201,Deborah,Christchurch City,Harewood Ward,-43.48728,172.57398,Entire home/apt,141.0,1.0,23,2026-03-14,10.0,1,346,23,,2026-03
1574155509655285399,Sherborne St | Secure Townhouse with Double Garage,482671075,Care Property Stays,Christchurch City,Innes Ward,-43.51509,172.63794,Entire home/apt,356.0,1.0,4,2026-02-16,1.35,147,261,4,,2026-02
1574170466533153916,Central City 2BR Apartment + Carpark & Lift,482671075,Care Property Stays,Christchurch City,Central Ward,-43.53814,172.63721,Entire home/apt,249.0,1.0,7,2026-02-22,2.47,147,262,7,,2026-02
1574949350032157989,"Games Room Escape, Pool Table, Ping Pong & Air Con",482671075,Care Property Stays,Christchurch City,Innes Ward,-43.5109695,172.6378916,Entire home/apt,321.0,1.0,10,2026-03-01,3.75,147,213,10,,2026-03
1575813349420735362,Aura Retreat,690839047,Matthew,Christchurch City,Innes Ward,-43.50251,172.65869,Private room,72.0,3.0,4,2026-03-16,4.0,4,125,4,,2026-03
1576220847137474746,Yondersea,36563950,John,Christchurch City,Banks Peninsula Ward,-43.8240977,172.9031566,Entire home/apt,343.0,2.0,1,2026-01-03,0.38,1,41,1,,2026-01
1576249527519059010,St Albans City Stay,197355871,Michael,Christchurch City,Innes Ward,-43.50889025430211,172.63107262551785,Entire home/apt,290.0,1.0,8,2026-03-08,2.79,1,14,8,,2026-03
1576385601405932233,Christchurch Worcester Street 2 bedroom Apt,21389379,Christine,Christchurch City,Central Ward,-43.53068,172.64784,Entire home/apt,261.0,2.0,4,2026-03-15,2.67,9,323,4,,2026-03
1576423210025858008,Family friendly three bedroom house,211195948,Jenny,Christchurch City,Linwood Ward,-43.54344,172.66252,Entire home/apt,265.0,1.0,13,2026-03-14,4.43,20,33,13,,2026-03
1576454284286117272,BRAND NEW City Centre Apt @ Manchester Square,119889512,Louise,Christchurch City,Central Ward,-43.53095803976464,172.6399564370513,Entire home/apt,196.0,1.0,5,2026-03-05,1.9,1,276,5,,2026-03
1576638987336947385,Modern great location townhouse!,414223081,Tayler,Christchurch City,Fendalton Ward,-43.51321,172.6261,Entire home/apt,302.0,1.0,9,2026-03-01,4.22,1,352,9,,2026-03
1576978181534585475,The Garden Haven in Fendalton,81390838,Perfect Stays,Christchurch City,Fendalton Ward,-43.52529618438033,172.6008797254075,Entire home/apt,591.0,2.0,2,2026-02-14,1.05,47,188,2,,2026-02
1577031771126028781,Stadium Outlook,734266818,Te Kaha View,Christchurch City,Central Ward,-43.53063,172.64266,Entire home/apt,120.0,1.0,8,2026-03-17,8.0,1,282,8,,2026-03
1577033380067816852,"Walk to CBD â¢ Modern, Spacious Home with Garage",97715487,Lex,Christchurch City,Central Ward,-43.5248642,172.6431133,Entire home/apt,319.0,1.0,3,2026-01-10,1.02,3,229,3,,2026-01
1577104368526783216,Brand New Modern 3BR Home U4,74811135,Maggie,Christchurch City,Riccarton Ward,-43.53494,172.60457,Entire home/apt,351.0,1.0,5,2026-02-27,1.69,41,37,5,,2026-02
1577133355897972736,New York Loft | Private Car Park | Walk to Stadium,551181197,Paula Kat Charlotte,Christchurch City,Central Ward,-43.5364897,172.6380439,Entire home/apt,285.0,1.0,8,2026-03-06,2.61,188,218,8,,2026-03
1577334980644129754,Just lovely 2BR/2Bath Near CBD + Free Parking,49642171,Lily-SimplyHost,Christchurch City,Spreydon Ward,-43.5436,172.61226,Entire home/apt,262.0,1.0,7,2026-02-28,3.62,95,323,7,,2026-02
1577389596430670846,Affordable Private Sleep-Out Room #1 Own Entrance,251685150,Reshabh,Christchurch City,Heathcote Ward,-43.54852,172.64317,Private room,82.0,1.0,1,2026-02-21,1.0,2,360,1,,2026-02
1577804515445177911,Home in Beckenham Christchurch 2 bedroom Cottage,255669827,Jane,Christchurch City,Cashmere Ward,-43.56512,172.6399,Entire home/apt,129.0,2.0,11,2026-03-19,3.63,1,7,11,,2026-03
1577812555967440017,Private Guest Suite in Quiet Avonhead Cul-de-Sac,105498827,Karen,Christchurch City,Waimairi Ward,-43.50783524550181,172.56046603529438,Entire home/apt,115.0,1.0,37,2026-03-19,15.21,1,13,37,,2026-03
1577918268788979755,"2 BR Cottage 4 Beds, 1 min walk to Harbour & Shops",20665858,Adam,Christchurch City,Banks Peninsula Ward,-43.8100273,172.9616807,Entire home/apt,346.0,1.0,16,2026-03-08,5.58,20,63,16,,2026-03
1577936862113788982,Central 3BR and 2.5 Bath Townhouse with Parking,551181197,Paula Kat Charlotte,Christchurch City,Central Ward,-43.5267436,172.6484079,Entire home/apt,284.0,1.0,3,2026-03-01,2.09,188,49,3,,2026-03
1578041147415088308,"Modern 1BR Townhouse, Central City",551181197,Paula Kat Charlotte,Christchurch City,Central Ward,-43.523634,172.6415444,Entire home/apt,200.0,1.0,3,2026-01-15,1.17,188,262,3,,2026-01
1578055916675287944,Harbour-view haven - with large garden. NEW 17/12,734503659,Sarah,Christchurch City,Banks Peninsula Ward,-43.8102035,172.9678423,Entire home/apt,272.0,2.0,16,2026-03-09,5.78,1,264,16,,2026-03
1578697060099245061,Stunning 4-bdrm home Near CBD With Parking!,49642171,Lily-SimplyHost,Christchurch City,Central Ward,-43.54571291380489,172.62572157822282,Entire home/apt,359.0,1.0,12,2026-03-21,6.32,95,310,12,,2026-03
1578701913487591238,Central City House with Garage | Walk to Stadium,551181197,Paula Kat Charlotte,Christchurch City,Central Ward,-43.53171,172.64863,Entire home/apt,290.0,1.0,12,2026-03-10,4.19,188,229,12,,2026-03
1578702570859945803,Stylish 1BR Retreat near Te Kaha Stadium,331763232,Managed By Williams,Christchurch City,Central Ward,-43.53236,172.64072,Entire home/apt,182.0,1.0,4,2026-02-27,1.54,132,288,4,,2026-02
1578702571090612785,Brand-New 1BR Apartment near Te Kaha Stadium,331763232,Managed By Williams,Christchurch City,Central Ward,-43.52761711977456,172.63875009450706,Entire home/apt,192.0,1.0,6,2026-02-20,3.21,132,270,6,,2026-02
1578703032840684600,Newly Built 1BR Apartment near Te Kaha Stadium,331763232,Managed By Williams,Christchurch City,Central Ward,-43.53249,172.64084,Entire home/apt,196.0,2.0,3,2026-03-05,3.0,132,332,3,,2026-03
1578703033435723531,Fresh 1BR Apartment Steps from Te Kaha Stadium,331763232,Managed By Williams,Christchurch City,Central Ward,-43.53063816120372,172.64058191348497,Entire home/apt,229.0,1.0,0,,,132,288,0,,
1578786431961721306,Comfortable City Stay Â· Great Stadium Access,107729261,Dean,Christchurch City,Linwood Ward,-43.52633,172.67897,Entire home/apt,,2.0,0,,,2,0,0,,
1579125352127189286,Premium Central Residence | Parking | Sleeps 6,419098857,Skylar,Christchurch City,Central Ward,-43.53158255507987,172.6635380834341,Entire home/apt,190.0,1.0,10,2026-03-07,3.41,1,121,10,,2026-03
1579303932255218188,Luxury 2-Bedroom Retreat in the Heart of Merivale,75112372,Tori,Christchurch City,Fendalton Ward,-43.50815588939392,172.62486565858126,Entire home/apt,333.0,1.0,0,,,2,312,0,,
1579320274936084814,Bright & Modern 3BR Home U5,74811135,Maggie,Christchurch City,Riccarton Ward,-43.53592,172.60574,Entire home/apt,351.0,1.0,6,2026-02-28,3.91,41,50,6,,2026-02
1579336639417867797,Comfortable Three-Bedroom Home U6,74811135,Maggie,Christchurch City,Riccarton Ward,-43.53463,172.60375,Entire home/apt,372.0,1.0,0,,,41,65,0,,
1579486947151442894,New Tastefully Designed 2 Bdrm 2Bthrm Free Park,45768555,Hasslefree Accommodation,Christchurch City,Central Ward,-43.5161191,172.6317021,Entire home/apt,287.0,1.0,5,2026-03-07,1.92,65,134,5,,2026-03
1579527597306056886,the alpine bunk shelter,202976612,Fabricio,Christchurch City,Cashmere Ward,-43.56693,172.65602,Entire home/apt,126.0,1.0,16,2026-02-28,5.78,2,87,16,,2026-02
1580004909817598948,A smarter stay for city visits and events.,102299629,Paul,Christchurch City,Central Ward,-43.5311992,172.6399008,Entire home/apt,355.0,2.0,2,2026-02-05,1.05,1,323,2,,2026-02
1580122510321948397,Cozy room,218893144,Eun Sarah,Christchurch City,Waimairi Ward,-43.507839529638765,172.57269836962223,Private room,92.0,1.0,0,,,1,172,0,,
1580207323550359526,"Home with heart, on the most delightful street",734978508,Mel,Christchurch City,Central Ward,-43.52306194659612,172.63195403809812,Entire home/apt,280.0,2.0,2,2026-02-28,1.58,1,173,2,,2026-02
1580294560577582008,Beautiful Home near Airport!,131734373,Alicia,Christchurch City,Waimairi Ward,-43.5237352,172.5498214,Entire home/apt,286.0,1.0,14,2026-03-06,4.88,10,337,14,,2026-03
1580735437732819215,The Quiet Pad â Rest Easy. Fly Easy @19,561053190,Dhruv,Christchurch City,Halswell Ward,-43.56122410540892,172.54431154578924,Private room,75.0,1.0,7,2026-03-07,2.59,1,364,7,,2026-03
1580746285140619179,Quiet and peaceful luxury at a low price,32636421,Karyn,Christchurch City,Cashmere Ward,-43.56707,172.64747,Private room,126.0,1.0,1,2026-01-17,0.46,3,294,1,,2026-01
1580777874851531865,Selwyn Heights,20665858,Adam,Christchurch City,Banks Peninsula Ward,-43.8127,172.96594,Entire home/apt,373.0,1.0,13,2026-03-01,5.06,20,326,13,,2026-03
1580851527434824325,Coastal Cabin With Ocean Views & Spa,98883601,Claire,Christchurch City,Heathcote Ward,-43.57956,172.77319,Entire home/apt,229.0,1.0,29,2026-03-19,13.18,1,303,29,,2026-03
1580966531555038279,Steps to One New Zealand Stadium & CBD | WFH Space,439038269,Serena,Christchurch City,Central Ward,-43.5332916400812,172.64899809745543,Entire home/apt,338.0,2.0,2,2026-02-03,0.74,3,90,2,,2026-02
1581057258438236257,Luxury CBD Retreat | 2 King Beds + Ensuites,551181197,Paula Kat Charlotte,Christchurch City,Central Ward,-43.5313183,172.6404351,Entire home/apt,318.0,1.0,1,2026-01-11,0.42,188,255,1,,2026-01
1581336377756421345,Harbour Heights - Akaroa Holiday Home,145244100,Bachcare,Christchurch City,Banks Peninsula Ward,-43.80530854374933,172.97267002389353,Entire home/apt,,2.0,0,,,1417,365,0,,
1581561370182228362,Modern Townhouse with Secure Parking | St Albans,551181197,Paula Kat Charlotte,Christchurch City,Innes Ward,-43.508548,172.633636,Entire home/apt,293.0,1.0,1,2026-03-09,1.0,188,2,1,,2026-03
1581580959718228993,Urban Escape on Haineswood,374915856,Simon,Christchurch City,Riccarton Ward,-43.5303,172.56385,Entire home/apt,632.0,2.0,2,2026-02-28,2.0,111,20,2,,2026-02
1581621414044913910,Private sleepout with garden-view lounge,374772956,Minh,Christchurch City,Central Ward,-43.52497,172.66917,Private room,69.0,1.0,21,2026-03-18,8.18,2,345,21,,2026-03
1582000588124198729,Ensuite Room Christchurch (10 mins from airport),665624535,Sharmaine,Christchurch City,Hornby Ward,-43.5403518,172.5161124,Private room,111.0,1.0,2,2026-03-07,2.0,3,337,2,,2026-03
1582283637668242044,Central City Stay| Ideal for Work Trips & Friends,551181197,Paula Kat Charlotte,Christchurch City,Central Ward,-43.53079,172.63962,Entire home/apt,264.0,1.0,8,2026-03-06,2.93,188,193,8,,2026-03
1582306395928733634,Bright 2BR House: Steps Away from Te Kaha Stadium,331763232,Managed By Williams,Christchurch City,Central Ward,-43.53211656497016,172.63957265564548,Entire home/apt,283.0,1.0,10,2026-02-20,3.66,132,265,10,,2026-02
1582329029751274493,Roomy 3-Bed Harbour View Getaway Â· Sleeps 7,20665858,Adam,Christchurch City,Banks Peninsula Ward,-43.75876,172.94642,Entire home/apt,408.0,1.0,7,2026-02-23,3.44,20,347,7,,2026-02
1582956484481831152,Central Gloucester Escape Stylish 2BR Townhouse,202585247,Ohana,Christchurch City,Central Ward,-43.52855,172.64617,Entire home/apt,265.0,1.0,17,2026-02-28,6.3,137,89,17,,2026-02
1582984883489509999,Spacious living on Anysley Terrace,55081827,Caleb,Christchurch City,Heathcote Ward,-43.55762,172.6682,Entire home/apt,1632.0,1.0,0,,,1,354,0,,
1583016345513849114,Designer Gated Townhouse | Carpark | Sleeps 6,551181197,Paula Kat Charlotte,Christchurch City,Central Ward,-43.52189,172.63687,Entire home/apt,267.0,1.0,7,2026-03-09,3.33,188,241,7,,2026-03
1583071939373504190,CBD 1BR Apartment | Walk to Stadium | Guest Fav,49642171,Lily-SimplyHost,Christchurch City,Central Ward,-43.52802336231802,172.64345109603465,Entire home/apt,200.0,1.0,18,2026-03-19,6.59,95,328,18,,2026-03
1583082896298341200,Modern 2-BR Home with Parking at Mohua Lane,331763232,Managed By Williams,Christchurch City,Riccarton Ward,-43.5346,172.58514,Entire home/apt,,2.0,5,2026-02-07,1.76,132,0,5,,2026-02
1583660480531635317,Unit in Manchester Square â New Stadium,86216394,Min,Christchurch City,Central Ward,-43.5311992,172.6399008,Entire home/apt,201.0,1.0,11,2026-03-09,4.46,37,164,11,,2026-03
1583700545812483276,Central City Hideaway | Family & Work Friendly,551181197,Paula Kat Charlotte,Christchurch City,Central Ward,-43.5302,172.64159,Entire home/apt,322.0,1.0,3,2026-03-07,1.11,188,206,3,,2026-03
1583705298392044829,Master bedroom with its own bathroom and toilet.,733820483,Bhupinder,Christchurch City,Innes Ward,-43.49556748982597,172.65456373857197,Private room,103.0,1.0,9,2026-03-12,4.09,1,361,9,,2026-03
1583862211251045049,Relaxing Stay in Wigram,74811135,Maggie,Christchurch City,Halswell Ward,-43.55665,172.53991,Entire home/apt,182.0,1.0,12,2026-03-13,5.14,41,343,12,,2026-03
1583873615504782695,Modern 2-Bedroom Townhouse in Central Christchurch,331763232,Managed By Williams,Christchurch City,Central Ward,-43.53025,172.64137,Entire home/apt,246.0,2.0,4,2026-03-03,1.64,132,335,4,,2026-03
1584292868009427684,Elegant City Living | 2 King Beds | Central CHCH,482671075,Care Property Stays,Christchurch City,Central Ward,-43.531,172.64128,Entire home/apt,291.0,1.0,10,2026-03-07,3.66,147,202,10,,2026-03
1584613267216954446,Sunlit Cedar Retreat with Ocean Views,348958875,Charlotte,Christchurch City,Heathcote Ward,-43.565991504382026,172.73261278348411,Entire home/apt,588.0,2.0,3,2026-03-07,3.0,2,53,3,,2026-03
1584988377579973099,Nest Retreat,690839047,Matthew,Christchurch City,Innes Ward,-43.503511630390406,172.6576460049791,Private room,75.0,3.0,2,2026-02-21,1.82,4,73,2,,2026-02
1585154561974715312,The River Bothy,13938410,Jen,Christchurch City,Cashmere Ward,-43.5645293606866,172.63848298628793,Entire home/apt,419.0,2.0,2,2026-02-28,0.85,15,175,2,,2026-02
1585165704995774806,Hidden Sanctuary in North New Brighton.,312742834,Daniel,Christchurch City,Coastal Ward,-43.49194,172.7136,Entire home/apt,160.0,1.0,19,2026-03-17,6.87,1,257,19,,2026-03
1585878995362542835,Quiet 2 bedroom Flat â 5 Min Walk to Sumner Beach,31184121,Michelle,Christchurch City,Heathcote Ward,-43.57375,172.76571,Entire home/apt,,2.0,10,2026-03-15,4.23,1,0,10,,2026-03
1585987555805994099,2 Bedroom Escape near Te Kaha Stadium,331763232,Managed By Williams,Christchurch City,Central Ward,-43.53275,172.63941,Entire home/apt,222.0,1.0,10,2026-03-05,4.17,132,154,10,,2026-03
1586101475987579694,Luxury Apartment with Wraparound Balcony & Carpark,551181197,Paula Kat Charlotte,Christchurch City,Central Ward,-43.5318421,172.6398551,Entire home/apt,359.0,1.0,15,2026-03-11,5.84,188,242,15,,2026-03
1586431771848624522,City fringe Haven- private double room,733474374,Tamara,Christchurch City,Burwood Ward,-43.48937,172.68197,Private room,90.0,1.0,5,2026-01-24,1.85,1,33,5,,2026-01
1586546701006429673,Modern Family Home with Outdoor Living in Wigram,202585247,Ohana,Christchurch City,Halswell Ward,-43.5569636627414,172.55107865974716,Entire home/apt,470.0,1.0,10,2026-03-02,3.7,137,72,10,,2026-03
1586585146887720162,Secluded oasis in Halswell,736369842,Sandi,Christchurch City,Halswell Ward,-43.60199129469335,172.5747565886309,Entire home/apt,126.0,2.0,8,2026-03-14,3.64,1,163,8,,2026-03
1587196900596489073,"Inviting, close to airport, | Fast Wi-Fi & Parking",155011545,Barb,Christchurch City,Hornby Ward,-43.5220887,172.5389454,Private room,85.0,1.0,9,2026-02-24,3.75,1,208,9,,2026-02
1587202669127181119,Central Christchurch Retreat | Premium 2BR 2BA,334773541,Daniel,Christchurch City,Central Ward,-43.525881,172.6359291,Entire home/apt,276.0,1.0,6,2026-03-09,4.5,1,343,6,,2026-03
1588018985296378935,Beautiful House near Airport!,131734373,Alicia,Christchurch City,Hornby Ward,-43.5323886,172.5199049,Entire home/apt,285.0,1.0,4,2026-02-26,3.08,10,342,4,,2026-02
1588225009245242003,Innes Rd Parkside,24205506,"Mayie, Judi And Karen At Bookahome",Christchurch City,Papanui Ward,-43.50290999434064,172.6318829787252,Entire home/apt,,2.0,0,,,83,0,0,,
1588871136197575484,Ocean view getaway in Charteris Bay,57713196,Eilish,Christchurch City,Banks Peninsula Ward,-43.645279116830665,172.7109762329338,Entire home/apt,381.0,3.0,2,2026-03-02,2.0,1,338,2,,2026-03
1589642102115664804,Kimpton James 1-Bedroom Apartment with Balcony,331763232,Managed By Williams,Christchurch City,Central Ward,-43.53064,172.64087,Entire home/apt,180.0,2.0,3,2026-02-14,1.76,132,295,3,,2026-02
1589642103299217579,Stylish 2BR Townhouse with Balcony near Te Kaha,331763232,Managed By Williams,Christchurch City,Central Ward,-43.53098122661197,172.64080032894748,Entire home/apt,237.0,2.0,3,2026-03-06,2.09,132,177,3,,2026-03
1589642105156423750,Freshly Styled 1BR Apartment near Te Kaha Stadium,331763232,Managed By Williams,Christchurch City,Central Ward,-43.53014791681165,172.6387957907086,Entire home/apt,177.0,1.0,4,2026-03-02,1.82,132,282,4,,2026-03
1589924905746910064,"Stylish City Apartment - Coffee, Bars & Sunlight",97715487,Lex,Christchurch City,Central Ward,-43.5288784,172.6431514,Entire home/apt,247.0,2.0,8,2026-03-14,4.14,3,191,8,,2026-03
1590433163973069069,Central City Apartment With Free Street Parking,86643389,Samuel,Christchurch City,Central Ward,-43.5245901,172.6420862,Entire home/apt,229.0,1.0,25,2026-03-19,15.63,2,66,25,,2026-03
1590709818991360574,Room near Hagley Park,61637206,Cathy,Christchurch City,Riccarton Ward,-43.53408,172.61184,Private room,90.0,1.0,17,2026-03-19,11.33,2,78,17,,2026-03
1591012481555724543,"Better Together BnB - Near City, Central Living",128284700,Nashi,Christchurch City,Central Ward,-43.5317706,172.6632829,Entire home/apt,200.0,1.0,7,2026-03-07,3.56,1,89,7,,2026-03
1591206074057183168,One double bedroom near airport,166260467,Jenny,Christchurch City,Waimairi Ward,-43.51765,172.54873,Private room,88.0,1.0,1,2026-01-10,0.42,2,40,1,,2026-01
1591221213499529624,Comfort and Convenience - Close to Airport & Mall,96502896,Subhojit,Christchurch City,Papanui Ward,-43.4876569,172.6121695,Private room,80.0,2.0,4,2026-02-03,1.64,2,364,4,,2026-02
1591325380544761907,Stunning beachside beauty fully furnished,733505538,Akshay,Christchurch City,Coastal Ward,-43.50629,172.72484,Entire home/apt,,1.0,0,,,1,13,0,,
1592242075067103347,"Luxury Retreat with Spa, Views & Space to Relax",219964245,Indira,Christchurch City,Heathcote Ward,-43.5641197,172.730254,Entire home/apt,628.0,2.0,0,,,1,77,0,,
1593084320768476865,Modern CBD Parkview Townhouse with Stadium View,131587937,Kaylene,Christchurch City,Central Ward,-43.53122498970603,172.64072577698803,Entire home/apt,499.0,1.0,0,,,1,194,0,,
1593237965485683752,JD'S Place - Akaroa Holiday Home,145244100,Bachcare,Christchurch City,Banks Peninsula Ward,-43.80199716403587,172.9729602097606,Entire home/apt,,2.0,0,,,1417,365,0,,
1593962979090742568,Central City Stay â¢ Private Courtyard â¢ Parking,551181197,Paula Kat Charlotte,Christchurch City,Central Ward,-43.5340835,172.6417548,Entire home/apt,293.0,2.0,5,2026-02-11,2.11,188,240,5,,2026-02
1594510276247399734,Calm & Cozy - Peaceful Garden Room in Russley,107396614,PatrÃ­cia InÃªz,Christchurch City,Waimairi Ward,-43.52021924200214,172.54149435764222,Private room,86.0,1.0,4,2026-03-20,2.73,1,174,4,,2026-03
1594527426244293623,Luxury Townhouse with Reserved Car Park | Sleeps 8,482671075,Care Property Stays,Christchurch City,Central Ward,-43.53083,172.64017,Entire home/apt,284.0,1.0,13,2026-03-05,6.0,147,205,13,,2026-03
1595264096731257445,Blissful Abode,693481182,Narender,Christchurch City,Linwood Ward,-43.538627,172.6586032,Entire home/apt,188.0,1.0,22,2026-03-10,10.0,1,98,22,,2026-03
1595401923189346496,Stunning new built townhouse,302772664,Holly,Christchurch City,Riccarton Ward,-43.53444,172.61174,Private room,123.0,1.0,3,2026-02-26,2.73,2,364,3,,2026-02
1595799931862062417,Family Home on Tomes,26655867,Genevieve,Christchurch City,Papanui Ward,-43.49953,172.62287,Entire home/apt,708.0,1.0,0,,,1,139,0,,
1596051101390021306,Spacious Studio with Full Kitchen: Close to CBD,389460506,Pulkit,Christchurch City,Central Ward,-43.51717,172.63941,Private room,155.0,1.0,0,,,2,196,0,,
1596184785899036083,Private room in Lyttelton Family Home,95221830,Candice,Christchurch City,Banks Peninsula Ward,-43.60214002122272,172.7128710344915,Private room,,1.0,5,2026-03-16,2.83,3,0,5,,2026-03
1596325854616402532,"2BR Unit Comfortable, Spacious & Free Parking",389460506,Pulkit,Christchurch City,Innes Ward,-43.51550912733669,172.63791062062722,Entire home/apt,185.0,1.0,3,2026-03-18,3.0,2,168,3,,2026-03
1596880558762783722,Bath Street City Studio,265695089,Melissa,Christchurch City,Central Ward,-43.53903820000001,172.6343875,Entire home/apt,273.0,1.0,0,,,3,110,0,,
1597512453062638945,"Central City | Walk to Stadium, Dining & Shopping",551181197,Paula Kat Charlotte,Christchurch City,Central Ward,-43.5318861,172.6402898,Entire home/apt,299.0,1.0,2,2026-03-08,1.07,188,252,2,,2026-03
1597542248359490360,Family home in Lyttelton Harbour,95221830,Candice,Christchurch City,Banks Peninsula Ward,-43.60051,172.7126,Entire home/apt,194.0,1.0,0,,,3,131,0,,
1598161098834927822,Lavender Cottage - 2Bed City Fringe Retreat,111359996,Jo,Christchurch City,Spreydon Ward,-43.55309,172.62218,Entire home/apt,294.0,1.0,1,2026-01-24,0.52,1,48,1,,2026-01
1598177158706286940,The Kilmore Collection,740070062,Bruce,Christchurch City,Central Ward,-43.5261663,172.6291617,Entire home/apt,425.0,1.0,2,2026-02-26,2.0,1,355,2,,2026-02
1598224141600710465,Spacious 1BR Apartment in Manchester Street,331763232,Managed By Williams,Christchurch City,Central Ward,-43.53169,172.64044,Entire home/apt,248.0,1.0,11,2026-03-02,5.59,132,269,11,,2026-03
1598228168348759500,Central 1BR Apartment near Te Kaha Stadium,331763232,Managed By Williams,Christchurch City,Central Ward,-43.53221,172.63885,Entire home/apt,217.0,1.0,2,2026-02-14,1.43,132,283,2,,2026-02
1598228169376583899,City-Edge 2BR Townhouse by Te Kaha,331763232,Managed By Williams,Christchurch City,Central Ward,-43.53138,172.64149,Entire home/apt,259.0,2.0,3,2026-02-06,1.45,132,61,3,,2026-02
1598232044054230137,Spacious country retreat in native bush setting,688225120,Chris And Helen,Christchurch City,Banks Peninsula Ward,-43.72939779215737,172.8966318564167,Entire home/apt,189.0,1.0,2,2026-02-22,1.4,1,170,2,,2026-02
1598731379864106979,Heritage Charm Meets Modern Luxury,582355894,Hamish,Christchurch City,Cashmere Ward,-43.55965,172.63847,Entire home/apt,,2.0,3,2026-02-23,1.8,1,0,3,,2026-02
1598757716207439478,The Tiny Diamond,740243887,Becs And Ash,Christchurch City,Banks Peninsula Ward,-43.62733,172.72495,Entire home/apt,210.0,1.0,8,2026-03-05,5.45,1,16,8,,2026-03
1599093417473661620,Nest Solo,690839047,Matthew,Christchurch City,Innes Ward,-43.50275994702879,172.6575436140453,Private room,76.0,4.0,0,,,4,43,0,,
1599110987289429508,Elegant 2BR Townhouse in Huanui Lane,331763232,Managed By Williams,Christchurch City,Central Ward,-43.53054,172.64002,Entire home/apt,241.0,1.0,5,2026-03-01,2.63,132,85,5,,2026-03
1599518248005017272,Akaroa Streamside Retreat â¢ Hot Tub â¢ Valley Views,583798543,Simon,Christchurch City,Banks Peninsula Ward,-43.81163,172.96733,Entire home/apt,326.0,2.0,3,2026-03-10,3.0,1,151,3,,2026-03
1599606306995456045,The Green View - Close to Airport & Mall,96502896,Subhojit,Christchurch City,Papanui Ward,-43.48789,172.61324,Private room,86.0,1.0,4,2026-03-20,2.35,2,355,4,,2026-03
1599610512935716306,Peaceful Bushside Single Room,58253723,Happy Hideouts,Christchurch City,Innes Ward,-43.49410889846365,172.63163699332253,Private room,87.0,2.0,3,2026-03-02,1.64,5,90,3,,2026-03
1599615301261661750,Renard Retreat,21245809,Craig & Kellie,Christchurch City,Banks Peninsula Ward,-43.8094928,172.9718994,Entire home/apt,463.0,2.0,1,2026-02-26,1.0,1,290,1,,2026-02
1599643260678375331,Modern Two Storey Stay with Private Patio,202585247,Ohana,Christchurch City,Spreydon Ward,-43.54907346933032,172.62242261841914,Entire home/apt,270.0,1.0,4,2026-02-28,2.35,137,101,4,,2026-02
1600279307920035871,Boutique Sophisticated One Bedroom Hideaway,45768555,Hasslefree Accommodation,Christchurch City,Central Ward,-43.5226917,172.6430901,Entire home/apt,358.0,1.0,3,2026-03-01,2.37,65,336,3,,2026-03
1600892187256132244,Queen Cozy bed and room to relax in Christchruch,129005683,Rakesh,Christchurch City,Burwood Ward,-43.49566564669176,172.68725221831963,Private room,60.0,1.0,7,2026-03-17,3.89,2,249,7,,2026-03
1600952172522805131,Salisbury Getaway,23278101,Jason,Christchurch City,Central Ward,-43.524713,172.6436329,Entire home/apt,284.0,1.0,9,2026-03-16,6.14,18,327,9,,2026-03
1601068904566817239,The Pinnacle of City Living 2 Beds 2 Bths Parking,45768555,Hasslefree Accommodation,Christchurch City,Central Ward,-43.53024,172.64183,Entire home/apt,314.0,1.0,2,2026-02-28,2.0,65,329,2,,2026-02
1601124151878031785,Stroll to the village and beach,438672907,Penny,Christchurch City,Heathcote Ward,-43.57074674463552,172.75717199236072,Entire home/apt,856.0,4.0,0,,,1,93,0,,
1601138570222657952,Refined Luxury Retreat with Premium Comforts.,45768555,Hasslefree Accommodation,Christchurch City,Central Ward,-43.52962,172.64327,Entire home/apt,338.0,1.0,9,2026-03-14,4.66,65,335,9,,2026-03
1601292628039815458,A Teeny Tiny Sanctuary in The Heart of the City,45768555,Hasslefree Accommodation,Christchurch City,Central Ward,-43.5272862,172.639144,Entire home/apt,220.0,1.0,8,2026-03-14,4.21,65,353,8,,2026-03
1601746737971546547,Sydenham Escape with Patio and Parking,202585247,Ohana,Christchurch City,Central Ward,-43.5461234124283,172.63700628451076,Entire home/apt,261.0,1.0,6,2026-02-13,3.27,137,86,6,,2026-02
1601763926741166823,Kiwiana charm + city convenience,741108067,Kelly,Christchurch City,Innes Ward,-43.50665,172.64023,Entire home/apt,229.0,1.0,3,2026-03-01,3.0,1,4,3,,2026-03
1601787111327122146,Ensuite Room in Riccarton-Walk to mall Shops & Bus,497684553,Pausina,Christchurch City,Riccarton Ward,-43.5279713,172.6060241,Private room,171.0,1.0,4,2026-02-27,2.73,1,94,4,,2026-02
1601827855510006415,Victoria Jane Guest House~ 10 min to Chch airport,321971573,Mike,Christchurch City,Harewood Ward,-43.4658534,172.6170776,Entire home/apt,217.0,2.0,3,2026-03-01,3.0,1,170,3,,2026-03
1601845147225005552,"Central City - Entire House (5 rooms, 10 people)",257637355,Stephen,Christchurch City,Central Ward,-43.53035130000001,172.6459422,Entire home/apt,810.0,1.0,3,2026-03-01,2.43,1,161,3,,2026-03
1603172976133930022,"City Calm Retreat â 2BR, 2BA, Free Parking",49642171,Lily-SimplyHost,Christchurch City,Central Ward,-43.5259716,172.6308046,Entire home/apt,308.0,1.0,6,2026-03-20,4.0,95,341,6,,2026-03
1603188960980905854,Shrewsbury Retreat,81390838,Perfect Stays,Christchurch City,Fendalton Ward,-43.519374934933936,172.62426142091638,Entire home/apt,863.0,2.0,0,,,47,68,0,,
1603203951021808021,Stylish & Central - City View Apt w/ Free Carpark,482671075,Care Property Stays,Christchurch City,Central Ward,-43.53237,172.6408,Entire home/apt,277.0,1.0,3,2026-03-09,1.55,147,218,3,,2026-03
1603318204123854155,Modern City Base at Manchester Street,331763232,Managed By Williams,Christchurch City,Central Ward,-43.53100249391986,172.63917435365138,Entire home/apt,205.0,1.0,12,2026-03-08,6.67,132,285,12,,2026-03
1603318204311280942,Central 2BR City Stay on Armagh Street,331763232,Managed By Williams,Christchurch City,Central Ward,-43.52871,172.64558,Entire home/apt,236.0,2.0,2,2026-02-26,1.3,132,152,2,,2026-02
1603331230046751413,Modern house 15 min drive from central city,134613984,Laura,Christchurch City,Innes Ward,-43.47183100016576,172.6377982646227,Private room,450.0,1.0,0,,,1,199,0,,
1603865825013332594,Convenient 4BR Home Opposite Hagley Park,74811135,Maggie,Christchurch City,Central Ward,-43.53386,172.61246,Entire home/apt,611.0,1.0,3,2026-02-28,3.0,41,209,3,,2026-02
1604081111293025395,2BRM City Convenience on Armagh,43367626,Sharon,Christchurch City,Central Ward,-43.52797,172.64982,Entire home/apt,274.0,1.0,1,2026-02-20,1.0,16,168,1,,2026-02
1604081637981630359,Modern & Sun-Drenched Room in Quiet East Suburb,203064866,Jamie,Christchurch City,Linwood Ward,-43.53311,172.68336,Private room,90.0,1.0,7,2026-02-26,4.67,2,83,7,,2026-02
1604151161255136185,Airport Nearby | Large Open-Plan Family Home,107729261,Dean,Christchurch City,Waimairi Ward,-43.50151,172.56684,Entire home/apt,,2.0,3,2026-03-01,2.37,2,0,3,,2026-03
1604180636887011253,Inner City Central location,741776205,Greystone Property Limited,Christchurch City,Central Ward,-43.5311992,172.64014756322936,Entire home/apt,250.0,1.0,2,2026-03-15,1.03,1,173,2,,2026-03
1604198050009475813,City-Fringe Luxury Stay | 2BR Parking | Guest Fav,49642171,Lily-SimplyHost,Christchurch City,Innes Ward,-43.51753,172.65243,Entire home/apt,254.0,1.0,10,2026-03-21,5.88,95,304,10,,2026-03
1604214784756885753,North Avon Bright Modern Home Near CBD,49642171,Lily-SimplyHost,Christchurch City,Central Ward,-43.5178011,172.6522235,Entire home/apt,300.0,1.0,3,2026-02-26,2.09,95,316,3,,2026-02
1604623945300562573,Luxury 3-Bed 3-Bath Home Near CBD + Garage,49642171,Lily-SimplyHost,Christchurch City,Innes Ward,-43.51745784754617,172.6525655690092,Entire home/apt,399.0,1.0,3,2026-02-26,2.05,95,337,3,,2026-02
1604770657887160295,Stylish Studio in the heart of the city,221660236,Lalita,Christchurch City,Central Ward,-43.53857,172.63466,Entire home/apt,111.0,2.0,0,,,1,232,0,,
1605295895371454739,Murray the Teardrop Campervan,58253723,Happy Hideouts,Christchurch City,Innes Ward,-43.49635085605578,172.63299706835957,Private room,75.0,2.0,2,2026-02-23,1.36,5,365,2,,2026-02
1605562489439434163,Scandi Inspired Tranquil Cabin,304322427,Allison,Christchurch City,Heathcote Ward,-43.5648,172.71963,Entire home/apt,147.0,1.0,9,2026-03-17,5.29,1,258,9,,2026-03
1606028273944186536,Modern & Cozy 4BR Home,74811135,Maggie,Christchurch City,Riccarton Ward,-43.53495,172.58546,Entire home/apt,385.0,1.0,2,2026-02-28,2.0,41,15,2,,2026-02
1606150630994753324,Spacious 3BR Home Near Airport + Free Parking,74811135,Maggie,Christchurch City,Hornby Ward,-43.5286,172.55174,Entire home/apt,289.0,1.0,1,2026-02-22,1.0,41,97,1,,2026-02
1606213123244049956,äå¿å±,326582112,Olivia,Christchurch City,Spreydon Ward,-43.5441,172.61478,Private room,78.0,1.0,0,,,2,294,0,,
1606860071036220210,Modern CBD Townhouse close to new stadium,742505821,Laura,Christchurch City,Central Ward,-43.52957449895684,172.64378512778146,Entire home/apt,200.0,1.0,0,,,1,325,0,,
1607154278498675358,MSQ apartment,742566012,Jiyoung,Christchurch City,Central Ward,-43.53027,172.64089,Entire home/apt,201.0,2.0,2,2026-02-14,1.5,1,85,2,,2026-02
1607606410810725398,Central Christchurch Studio & 2BR Retreat,551181197,Paula Kat Charlotte,Christchurch City,Central Ward,-43.536187,172.6353027,Entire home/apt,421.0,1.0,0,,,188,241,0,,
1607694180090740188,Central City Dual Townhouses,551181197,Paula Kat Charlotte,Christchurch City,Central Ward,-43.53136740000001,172.640436,Entire home/apt,439.0,1.0,1,2026-02-15,0.83,188,189,1,,2026-02
1608336480340096932,"CBD 2-Bed, 2-Bath Townhouse + Parking",49642171,Lily-SimplyHost,Christchurch City,Central Ward,-43.5221126,172.6371454,Entire home/apt,251.0,1.0,3,2026-03-18,2.65,95,350,3,,2026-03
1608572829787605856,"City Stay, Sleeps 6 - Walk to One NZ Stadium",551181197,Paula Kat Charlotte,Christchurch City,Central Ward,-43.5315768,172.6479961,Entire home/apt,288.0,1.0,2,2026-02-21,1.2,188,262,2,,2026-02
1609055532464983451,Stadium & Port Hills View 1BR Apartment | Balcony,551181197,Paula Kat Charlotte,Christchurch City,Central Ward,-43.5318421,172.6398551,Entire home/apt,271.0,1.0,7,2026-03-09,5.0,188,266,7,,2026-03
1609060790652756140,"Family Retreat with Spa, Games, and Sunshine",202585247,Ohana,Christchurch City,Halswell Ward,-43.57305551443601,172.5851184415426,Entire home/apt,445.0,1.0,1,2026-02-25,1.0,137,99,1,,2026-02
1609155175453419944,Central 2BR Townhouse with Private Yard,331763232,Managed By Williams,Christchurch City,Central Ward,-43.53259857015611,172.6488629215962,Entire home/apt,233.0,2.0,3,2026-03-07,2.73,132,333,3,,2026-03
1610398323785538486,Contemporary 2BR Stay for 6 with Private Patio,482671075,Care Property Stays,Christchurch City,Central Ward,-43.5222558,172.6376352,Entire home/apt,230.0,1.0,4,2026-03-09,2.55,147,265,4,,2026-03
1610499161284758710,Cozy Sunlit Home Near City & Nature - Halswell,517960751,Moses,Christchurch City,Halswell Ward,-43.59387,172.56609,Private room,155.0,1.0,6,2026-02-26,4.29,2,348,6,,2026-02
1610508383134844136,Cozy 2-Bedroom Home on Charles street central CHCH,211195948,Jenny,Christchurch City,Linwood Ward,-43.54418,172.66154,Entire home/apt,225.0,1.0,5,2026-03-07,3.41,20,117,5,,2026-03
1610515024241604904,"Classic Kiwi Bach - 2 Bed, 4 guests with Hot Tub.",20665858,Adam,Christchurch City,Banks Peninsula Ward,-43.81602119550259,172.95089999933623,Entire home/apt,274.0,1.0,3,2026-03-04,2.09,20,327,3,,2026-03
1610516497521626704,"Serenity in the City Centre. Sleeps 6, has carpark",482671075,Care Property Stays,Christchurch City,Central Ward,-43.52211,172.63715,Entire home/apt,289.0,1.0,5,2026-03-09,3.13,147,214,5,,2026-03
1610713261415269819,Peaceful Retreat: King Bed & Quick City Access,44332109,Zoez,Christchurch City,Waimairi Ward,-43.51366,172.56835,Private room,105.0,1.0,7,2026-03-05,5.12,1,145,7,,2026-03
1611123367289637515,Luxury Central City 1-Bed Apartment | Near Stadium,49642171,Lily-SimplyHost,Christchurch City,Central Ward,-43.53655,172.63842,Entire home/apt,268.0,1.0,6,2026-03-14,5.14,95,346,6,,2026-03
1611140810138558822,"Banks Cottage. 
Sleeps 6, free carpark",499801408,Anu,Christchurch City,Central Ward,-43.52354419788345,172.63639102809773,Entire home/apt,353.0,1.0,6,2026-03-14,4.0,2,353,6,,2026-03
1611175409041069189,Parkside Home in Merivale,39393412,Kate,Christchurch City,Fendalton Ward,-43.52277078885121,172.61681728374035,Entire home/apt,607.0,2.0,1,2026-02-16,0.86,2,172,1,,2026-02
1611255509354194875,Central 1BR Apartment with City Comfort,331763232,Managed By Williams,Christchurch City,Central Ward,-43.53187,172.63928,Entire home/apt,208.0,1.0,1,2026-02-05,0.65,132,344,1,,2026-02
1611265793129549301,"studio of convenience, central city",743624258,Justin,Christchurch City,Central Ward,-43.53050776690728,172.64372634345648,Entire home/apt,109.0,2.0,2,2026-02-10,1.33,1,364,2,,2026-02
1611482850929356271,"Sunny Colombo St Stay. Reserved Parking, King beds",551181197,Paula Kat Charlotte,Christchurch City,Central Ward,-43.52207689999999,172.6371453,Entire home/apt,344.0,1.0,4,2026-03-02,3.53,188,229,4,,2026-03
1611793688193365823,Brand New Designer 2BR 2Bath w Garage Central Chch,663807688,Leah,Christchurch City,Central Ward,-43.5220452201269,172.6366774365306,Entire home/apt,262.0,1.0,6,2026-03-21,5.29,2,330,6,,2026-03
1611996200074365296,Wow on Welles- Central City Apartment,404248616,Alan,Christchurch City,Central Ward,-43.537523,172.6384522,Entire home/apt,373.0,2.0,0,,,1,258,0,,
1612013759514282363,Classic and Comfy Townhouse + Carpark on Colombo,551181197,Paula Kat Charlotte,Christchurch City,Central Ward,-43.5233087,172.6362476,Entire home/apt,225.0,1.0,3,2026-03-08,2.73,188,266,3,,2026-03
1612026635969759420,King street room close to cbd!,88551731,Callum,Christchurch City,Heathcote Ward,-43.5512093,172.6394093,Private room,,1.0,1,2026-02-16,0.83,1,0,1,,2026-02
1612100458658068746,"Top-Floor City retreat, 1-Block to Te Kaha Stadium",510730797,Kate,Christchurch City,Central Ward,-43.5318421,172.6398551,Entire home/apt,307.0,1.0,4,2026-03-07,3.08,14,72,4,,2026-03
1612137444495603423,"Beachside apartment, North Beach New Brighton.",128807329,Samantha Rosemary,Christchurch City,Coastal Ward,-43.5004903,172.7277743,Entire home/apt,395.0,2.0,2,2026-02-28,2.0,1,352,2,,2026-02
1612139840704234549,Green Pasture Retreat,743889907,Vivian,Christchurch City,Halswell Ward,-43.57286,172.528,Entire home/apt,288.0,1.0,1,2026-02-07,0.7,1,79,1,,2026-02
1612563487167577009,"2 bedrooms, 5 mins from the city",938000,Kit,Christchurch City,Cashmere Ward,-43.55978,172.65121,Entire home/apt,204.0,1.0,0,,,2,363,0,,
1612619095946921139,Cecil Wood Views,376930565,Cara,Christchurch City,Heathcote Ward,-43.5725689,172.7561797,Entire home/apt,137.0,1.0,8,2026-03-12,6.67,1,20,8,,2026-03
1612753379586478612,Fresh Build City Retreat in Christchurch CBD,331763232,Managed By Williams,Christchurch City,Central Ward,-43.5325,172.63936,Entire home/apt,219.0,1.0,3,2026-03-07,1.96,132,343,3,,2026-03
1612833399124839878,Refurbished villa in a great location!,169606230,Giana,Christchurch City,Innes Ward,-43.51142516306739,172.64925857085964,Entire home/apt,514.0,1.0,0,,,1,265,0,,
1612853014122463495,Luxury And Tranquil CBD 2 Bed+Parking!,49642171,Lily-SimplyHost,Christchurch City,Central Ward,-43.5221126,172.6371454,Entire home/apt,245.0,1.0,7,2026-03-14,5.38,95,272,7,,2026-03
1613327760409665279,"The Garden Sleepout, Strowan",81369256,Luci,Christchurch City,Fendalton Ward,-43.50786185064125,172.6080343417026,Entire home/apt,144.0,1.0,8,2026-03-13,6.49,1,104,8,,2026-03
1613449959027447396,Fresh 1BR City Base on Manchester,331763232,Managed By Williams,Christchurch City,Central Ward,-43.53089,172.63956,Entire home/apt,215.0,2.0,3,2026-02-21,2.37,132,346,3,,2026-02
1613449961067591633,Contemporary City Living on Manchester Street,331763232,Managed By Williams,Christchurch City,Central Ward,-43.531912389066925,172.63930199090225,Entire home/apt,283.0,2.0,2,2026-02-21,1.71,132,272,2,,2026-02
1613449962033692164,Minimalist City Stay at Manchester Street,331763232,Managed By Williams,Christchurch City,Central Ward,-43.5307613309282,172.63910066348978,Entire home/apt,201.0,2.0,3,2026-02-23,2.0,132,337,3,,2026-02
1613574794898957723,Sleek & New 1BR Apartment on Manchester Street,331763232,Managed By Williams,Christchurch City,Central Ward,-43.532111802221294,172.63951684999216,Entire home/apt,192.0,2.0,4,2026-03-01,2.93,132,340,4,,2026-03
1613587711878057890,Brand New City Townhouse with Free Parking,510730797,Kate,Christchurch City,Central Ward,-43.52207689999999,172.6371453,Entire home/apt,327.0,1.0,1,2026-02-28,1.0,14,69,1,,2026-02
1613621573168408499,"All the Space, None of the Stress | 2Bed + Parking",510730797,Kate,Christchurch City,Central Ward,-43.52327,172.6374,Entire home/apt,317.0,1.0,3,2026-03-16,2.73,14,73,3,,2026-03
1614058660911157196,Walk to Hagley Park | EV Charger | 3 Bed 3 Bath,482671075,Care Property Stays,Christchurch City,Riccarton Ward,-43.5286997,172.6109767,Entire home/apt,291.0,1.0,3,2026-02-16,2.09,147,271,3,,2026-02
1614244034479940960,Premium 2BR Apartment Near Stadium + Parking,24205506,"Mayie, Judi And Karen At Bookahome",Christchurch City,Central Ward,-43.53306212905373,172.64327750600043,Entire home/apt,276.0,2.0,2,2026-03-02,1.76,83,330,2,,2026-03
1614284477245434114,Central City Townhouse with Balcony,331763232,Managed By Williams,Christchurch City,Central Ward,-43.53036006819321,172.64108586729213,Entire home/apt,258.0,1.0,4,2026-03-06,2.86,132,340,4,,2026-03
1614745917774010166,Classic Charm Meets Modern Comfort +parking,482671075,Care Property Stays,Christchurch City,Central Ward,-43.5233087,172.6362476,Entire home/apt,257.0,1.0,7,2026-03-09,5.0,147,235,7,,2026-03
1614795441751286773,Cottage escape | Hot Tub | Near Christchurch City,254259020,Claire,Christchurch City,Innes Ward,-43.41634,172.65559,Entire home/apt,320.0,2.0,3,2026-02-28,3.0,1,329,3,,2026-02
1615001923622725106,Devaansh Villa,743502189,Valesh Dadi,Christchurch City,Burwood Ward,-43.51214680420912,172.66713024158187,Entire home/apt,179.0,1.0,10,2026-03-20,10.0,1,340,10,,2026-03
1615031081051433423,Nice double room in Haslwell,62474239,Margaret,Christchurch City,Halswell Ward,-43.58434,172.56594,Private room,97.0,1.0,1,2026-02-15,0.86,1,270,1,,2026-02
1615132603649537370,Cozy Home near Hagley Park,61637206,Cathy,Christchurch City,Riccarton Ward,-43.53497998932712,172.61082341966818,Entire home/apt,175.0,2.0,0,,,2,22,0,,
1615152766965283892,Villa Akaroa - Akaroa Pet Friendly Holiday Home,145244100,Bachcare,Christchurch City,Banks Peninsula Ward,-43.80827169872641,172.96413871822938,Entire home/apt,726.0,2.0,0,,,1417,362,0,,
1615621916585408229,Spacious 6BR Home for Families & Groups,74811135,Maggie,Christchurch City,Halswell Ward,-43.56373,172.56018,Entire home/apt,668.0,1.0,2,2026-03-17,2.0,41,49,2,,2026-03
1615743387478439428,Queen Room in Hoonhay,744828398,Ryan,Christchurch City,Spreydon Ward,-43.55997,172.58825,Private room,132.0,2.0,3,2026-03-01,2.31,1,112,3,,2026-03
1616086744648740233,"Private Room
 - Sumner Beach Retreat",107606354,Callum,Christchurch City,Heathcote Ward,-43.56922,172.75977,Private room,240.0,1.0,1,2026-02-21,1.0,2,333,1,,2026-02
1616378508408326607,The Poolhouse on St Albans,360938861,Michael,Christchurch City,Fendalton Ward,-43.51057,172.63009,Entire home/apt,243.0,2.0,3,2026-03-11,2.65,1,54,3,,2026-03
1616463256398056772,Merivale Lane Sanctuary,146693943,Andrea,Christchurch City,Fendalton Ward,-43.51569,172.62271,Entire home/apt,309.0,1.0,7,2026-02-28,5.38,2,220,7,,2026-02
1616472994531191272,Beautiful Room with a shared bathroom,440220842,Tilaram,Christchurch City,Burwood Ward,-43.48088,172.671,Private room,75.0,1.0,3,2026-03-03,3.0,1,365,3,,2026-03
1616981815826429035,Ensuite with Hot tub / Close to Airport,661507438,Young,Christchurch City,Waimairi Ward,-43.50593,172.56887,Private room,111.0,1.0,8,2026-03-19,8.0,4,36,8,,2026-03
1617178755302265688,Space for the boat at Le Bons Bay Bach,17478464,Kloe,Christchurch City,Banks Peninsula Ward,-43.74118,173.0926,Entire home/apt,400.0,2.0,0,,,1,180,0,,
1617217291291502538,Airport Stay â Walk or Bus,53402672,Gayan,Christchurch City,Waimairi Ward,-43.4961,172.55573,Entire home/apt,233.0,1.0,6,2026-03-19,6.0,1,142,6,,2026-03
1617237614136946211,Hillside haven in Heathcote Valley.,421635739,Erica,Christchurch City,Heathcote Ward,-43.58085,172.70617,Entire home/apt,132.0,1.0,14,2026-03-15,11.05,1,48,14,,2026-03
1617296570160568000,Affordable Private Sleep-Out Room #2 Own Entrance,251685150,Reshabh,Christchurch City,Heathcote Ward,-43.54848,172.64277,Private room,79.0,1.0,4,2026-02-20,3.0,2,358,4,,2026-02
1617556826589231695,Entire Stunning Apartment Accommodation in CBD,745299841,Wei,Christchurch City,Central Ward,-43.53229392877694,172.6390731676304,Entire home/apt,239.0,1.0,1,2026-02-27,1.0,1,326,1,,2026-02
1617614472584827220,Luxury Living | 2 King Beds + Parking,510730797,Kate,Christchurch City,Central Ward,-43.52207689999999,172.6371453,Entire home/apt,382.0,1.0,2,2026-03-07,1.76,14,69,2,,2026-03
1617665185850465997,Rooms in Christchurch (10 mins from Airport),665624535,Sharmaine,Christchurch City,Hornby Ward,-43.54088222927009,172.51663990418191,Private room,214.0,1.0,2,2026-03-01,2.0,3,331,2,,2026-03
1617750056787824463,Colombo St Retreat | Garage | Ideal For Long Stays,482671075,Care Property Stays,Christchurch City,Central Ward,-43.52219,172.63739,Entire home/apt,279.0,1.0,3,2026-02-20,2.43,147,249,3,,2026-02
1617830484060543250,"Seabreeze Retreat New Brighton 
Beach Relaxing",745378382,Lynley,Christchurch City,Coastal Ward,-43.51821,172.73073,Entire home/apt,159.0,2.0,5,2026-03-07,4.29,1,179,5,,2026-03
1617891945866832890,Modern & Sunny Queen Room | Near Eastgate Mall,203064866,Jamie,Christchurch City,Linwood Ward,-43.53263658193102,172.6827031522214,Private room,74.0,1.0,7,2026-03-17,5.53,2,90,7,,2026-03
1617957884255793104,Stylish Stay Near Christchurch Airport,261760721,Kavinda,Christchurch City,Innes Ward,-43.44262929809786,172.63474107408214,Private room,120.0,1.0,4,2026-03-12,3.43,3,365,4,,2026-03
1618023210913742640,R&S House,745411832,Ran,Christchurch City,Innes Ward,-43.50173,172.63362,Private room,83.0,1.0,3,2026-03-01,2.37,2,157,3,,2026-03
1618684955116829127,Effortless City Living | 2BR + EV,510730797,Kate,Christchurch City,Central Ward,-43.52207689999999,172.6371453,Entire home/apt,340.0,1.0,3,2026-03-14,2.43,14,82,3,,2026-03
1618693460588994477,Room for Everyone | Family Stay + Garage,510730797,Kate,Christchurch City,Central Ward,-43.5221886,172.6373907,Entire home/apt,340.0,1.0,1,2026-03-06,1.0,14,84,1,,2026-03
1619021317977058841,Moncks Bay Hideaway,48884095,Adam,Christchurch City,Heathcote Ward,-43.56915,172.73866,Entire home/apt,,2.0,1,2026-02-15,0.86,1,0,1,,2026-02
1619118982137954995,Ensuite with Parkview / Close to Airport,661507438,Young,Christchurch City,Waimairi Ward,-43.50584,172.56732,Private room,109.0,1.0,11,2026-03-13,10.0,4,236,11,,2026-03
1619131243933346795,Twin room with Balcony / Close to Airport,661507438,Young,Christchurch City,Waimairi Ward,-43.50455,172.56743,Private room,97.0,1.0,7,2026-03-08,6.56,4,351,7,,2026-03
1619135982618586517,Twin room with Sofa / Close to Airport,661507438,Young,Christchurch City,Waimairi Ward,-43.50602,172.56846,Private room,99.0,1.0,14,2026-03-20,12.73,4,342,14,,2026-03
1619219992544967696,Fresh & Modern 1BR Stay in Manchester,331763232,Managed By Williams,Christchurch City,Central Ward,-43.531,172.63958,Entire home/apt,192.0,2.0,3,2026-03-03,2.5,132,329,3,,2026-03
1619259575357854565,Stroll to the Stadium. 2 bed with reserved parking,482671075,Care Property Stays,Christchurch City,Central Ward,-43.531057,172.6402394,Entire home/apt,253.0,1.0,6,2026-03-11,4.74,147,240,6,,2026-03
1619475283988406741,Flower House,40170594,Leonie,Christchurch City,Cashmere Ward,-43.55811,172.63107,Private room,88.0,1.0,0,,,2,364,0,,
1619484092722690937,"Cozy Private Ensuite,2nd Floor | Westfield nearby",697785165,Lin,Christchurch City,Riccarton Ward,-43.53414,172.59212,Private room,110.0,1.0,9,2026-03-19,7.5,2,148,9,,2026-03
1620017749851629226,Chic City Oasis by Stadium & Cathedral,331763232,Managed By Williams,Christchurch City,Central Ward,-43.53185,172.6431,Entire home/apt,245.0,2.0,0,,,132,341,0,,
1620311866150331725,family house,656716082,Ravinder Singh,Christchurch City,Waimairi Ward,-43.51773399992537,172.53962270915508,Private room,165.0,1.0,3,2026-02-21,2.65,1,364,3,,2026-02
1620650840354615139,Half of Family home in Lyttelton,95221830,Candice,Christchurch City,Banks Peninsula Ward,-43.601540956882765,172.71191071718934,Entire home/apt,190.0,1.0,0,,,3,18,0,,
1620920738769000377,Ray house,745411832,Ran,Christchurch City,Papanui Ward,-43.502187555685445,172.6316811437631,Private room,80.0,1.0,1,2026-02-23,1.0,2,157,1,,2026-02
1621245781774369432,"5bdrm, Hot Tub, King Beds, Deck, 9 min to Airport",60379248,James & Yuko,Christchurch City,Waimairi Ward,-43.52006,172.55453,Entire home/apt,526.0,1.0,1,2026-03-05,1.0,4,8,1,,2026-03
1621291518291046556,Room in Christchurch (10 mins from Airport),665624535,Sharmaine,Christchurch City,Hornby Ward,-43.53937859280128,172.5169571602751,Private room,100.0,1.0,1,2026-02-27,1.0,3,331,1,,2026-02
1621505586303421523,It's All Good In The 'Wood,686715968,Aussie,Christchurch City,Central Ward,-43.5277,172.67134,Private room,89.0,1.0,9,2026-03-15,9.0,1,344,9,,2026-03
1621595941179996893,Self-contained luxury caravan close to Chch City,285588105,Brad,Christchurch City,Papanui Ward,-43.49769363314427,172.61282368680511,Entire home/apt,130.0,1.0,0,,,1,96,0,,
1622111640373531392,Cashmere Top Notch,215333149,Leisa,Christchurch City,Cashmere Ward,-43.5765543,172.6240143,Entire home/apt,135.0,1.0,14,2026-03-21,14.0,1,1,14,,2026-03
1622268699088421208,"Peaceful retreat, golferâs delight in Duvauchelle",131261427,Vicky,Christchurch City,Banks Peninsula Ward,-43.747466258141706,172.9316072737202,Entire home/apt,269.0,1.0,3,2026-02-27,3.0,1,89,3,,2026-02
1622275911674719236,Closest AirBnB Christchurch Airport! 12 min to CBD,423593732,Matthew,Christchurch City,Waimairi Ward,-43.49658746912306,172.55559729615632,Entire home/apt,365.0,1.0,3,2026-02-28,3.0,2,253,3,,2026-02
1622902832510467087,Loft on London - Apartment in Lyttelton,680622921,Thomas,Christchurch City,Banks Peninsula Ward,-43.60296,172.72061,Entire home/apt,286.0,2.0,0,,,1,338,0,,
1622957062289041517,Merivale StylishTwo Bedroom Unit close to CBD,301774337,Jacqui,Christchurch City,Central Ward,-43.5177250041419,172.62768633663654,Entire home/apt,252.0,1.0,2,2026-03-14,2.0,1,34,2,,2026-03
1623369383066343451,Willow Retreat,690839047,Matthew,Christchurch City,Innes Ward,-43.50361,172.65735,Private room,74.0,3.0,0,,,4,70,0,,
1623640150875532804,Electric Ave home base awaits you!,40825075,Richie,Christchurch City,Linwood Ward,-43.544873243998914,172.6762800256109,Entire home/apt,,2.0,0,,,1,62,0,,
1623727713877038143,Spreydon Haven,434918079,Lydia,Christchurch City,Spreydon Ward,-43.55303989999999,172.6173721,Entire home/apt,149.0,1.0,1,2026-03-18,1.0,1,10,1,,2026-03
1623742531499598310,A stylish home away from home,81750912,Kim,Christchurch City,Fendalton Ward,-43.51359192261341,172.59222013209236,Entire home/apt,220.0,2.0,6,2026-03-13,6.0,1,130,6,,2026-03
1624150032149787676,The French Cottage,746980133,Dale,Christchurch City,Banks Peninsula Ward,-43.81133,172.96466,Entire home/apt,314.0,2.0,1,2026-02-28,1.0,1,363,1,,2026-02
1624156264413853822,CityBeat townhouse near stadium,576229658,Punam,Christchurch City,Central Ward,-43.5287438,172.6499628,Entire home/apt,309.0,1.0,1,2026-02-22,1.0,1,340,1,,2026-02
1624323197449051003,Charming 2-Bedroom Rose Cottage with Parking,482671075,Care Property Stays,Christchurch City,Central Ward,-43.5233087,172.6362476,Entire home/apt,280.0,1.0,0,,,147,262,0,,
1624324662445973038,Comfy Central City Stay -2BR with Car Park,551181197,Paula Kat Charlotte,Christchurch City,Central Ward,-43.5222558,172.6376352,Entire home/apt,270.0,1.0,2,2026-03-08,2.0,188,252,2,,2026-03
1624341748787925411,Contemporary 2BR Stay at Salisbury Street,331763232,Managed By Williams,Christchurch City,Central Ward,-43.52462322172488,172.63685562854425,Entire home/apt,207.0,2.0,0,,,132,11,0,,
1624376040883747598,Modern Central Townhouse With Courtyard,202585247,Ohana,Christchurch City,Central Ward,-43.53299,172.64781,Entire home/apt,273.0,1.0,0,,,137,106,0,,
1624429271657813751,Modern Private Room â Ensuite & Walk-In Wardrobe,54786858,Harmeet,Christchurch City,Central Ward,-43.53343,172.64513,Private room,172.0,1.0,0,,,2,362,0,,
1624507788701841703,Your Home With Private Courtyard,202585247,Ohana,Christchurch City,Central Ward,-43.5312204691493,172.6505036909024,Entire home/apt,278.0,1.0,7,2026-03-16,7.0,137,87,7,,2026-03
1624893292639147757,Modern Central City Apartment | King Bed,482671075,Care Property Stays,Christchurch City,Central Ward,-43.5365477,172.6384152,Entire home/apt,197.0,1.0,1,2026-03-02,1.0,147,254,1,,2026-03
1625071956696158400,City Fringe Value | 1 Bed + Carpark on Cashel St,482671075,Care Property Stays,Christchurch City,Central Ward,-43.53282,172.65798,Entire home/apt,166.0,1.0,0,,,147,270,0,,
1625526928240401678,"Scandi Hideaway, Sauna, Parking, Near Sumner",81748657,Jessica,Christchurch City,Heathcote Ward,-43.5552207,172.6976627,Entire home/apt,187.0,2.0,0,,,1,105,0,,
1625774646406427176,River Precinct Cottage,44139597,Canterbury Property Management,Christchurch City,Cashmere Ward,-43.5668,172.63843,Entire home/apt,184.0,1.0,1,2026-02-28,1.0,5,78,1,,2026-02
1625841541684645894,Cosy room + ensuite close to the city centre!,336243001,Samuel,Christchurch City,Central Ward,-43.52021,172.65009,Private room,132.0,1.0,1,2026-03-14,1.0,1,301,1,,2026-03
1625881190343364151,Monck's Bay Retreat - Historic Site,8558995,Judith,Christchurch City,Heathcote Ward,-43.56702,172.7451,Private room,91.0,1.0,5,2026-03-17,5.0,3,363,5,,2026-03
1626392065711038639,2-Bedroom Townhouse Opposite The Palms + Carpark,551181197,Paula Kat Charlotte,Christchurch City,Burwood Ward,-43.5085431,172.6656333,Entire home/apt,224.0,1.0,1,2026-02-28,1.0,188,271,1,,2026-02
1626487600377446552,"Merivale | King Bed + Carpark, Walk to Hagley Park",482671075,Care Property Stays,Christchurch City,Fendalton Ward,-43.519603,172.613795,Entire home/apt,207.0,1.0,1,2026-03-08,1.0,147,263,1,,2026-03
1626529787309531101,Trinity Cottage,145619855,Brent,Christchurch City,Central Ward,-43.52932,172.64918,Entire home/apt,337.0,2.0,0,,,2,346,0,,
1626535641400320472,Double suite with beautiful harbour views,747572364,Joanne,Christchurch City,Banks Peninsula Ward,-43.60709,172.70779,Private room,163.0,1.0,5,2026-03-19,5.0,1,356,5,,2026-03
1626639896614780895,Modern Manchester St Stay - 1BR with Balcony,331763232,Managed By Williams,Christchurch City,Central Ward,-43.5307,172.63881,Entire home/apt,232.0,1.0,1,2026-03-01,1.0,132,295,1,,2026-03
1626650534958994551,Sunny new Ensuite near City Centre + Free Parking,747185677,Arathi,Christchurch City,Central Ward,-43.5473149,172.6272267,Private room,97.0,1.0,8,2026-03-21,8.0,1,88,8,,2026-03
1626710902702750182,Comfortable Cozy Home,74811135,Maggie,Christchurch City,Hornby Ward,-43.53379,172.55885,Entire home/apt,434.0,1.0,2,2026-03-17,2.0,41,151,2,,2026-03
1627039211290830865,City Oasis | Luxe Spa Bath | Private Parking,488268220,Martin Alejandro,Christchurch City,Heathcote Ward,-43.55647547465577,172.64348214800307,Entire home/apt,246.0,1.0,0,,,8,90,0,,
1627122125150465080,paradise in town 2,151588101,Vanessa,Christchurch City,Harewood Ward,-43.4520028,172.6169367,Private room,155.0,1.0,0,,,1,89,0,,
1627218699899220187,The St Albans Escape,81390838,Perfect Stays,Christchurch City,Fendalton Ward,-43.50873651405357,172.62526677764174,Entire home/apt,511.0,2.0,0,,,47,30,0,,
1627227935566634525,Redcliffs Estuary lookout,721742761,Michael,Christchurch City,Heathcote Ward,-43.56441740661284,172.73222375661135,Entire home/apt,394.0,1.0,1,2026-03-19,1.0,1,218,1,,2026-03
1627706368437012929,Best of all worlds. Beach & walks. Village & City,8739275,Beth,Christchurch City,Heathcote Ward,-43.578802344125215,172.7627866832373,Private room,112.0,2.0,0,,,3,244,0,,
1627873407962837159,3 min to Christchurch Airport / 2-bedroom house,423593732,Matthew,Christchurch City,Waimairi Ward,-43.49758,172.55744,Entire home/apt,212.0,1.0,8,2026-03-18,8.0,2,253,8,,2026-03
1628073434008187584,Stadium Side Sophistication | Luxe 1BR Apartment,67401884,Angela,Christchurch City,Central Ward,-43.52682859999999,172.6401371,Entire home/apt,230.0,2.0,3,2026-03-16,3.0,2,331,3,,2026-03
1628581279352497106,Great Location. Central City Townhouse + Garage,482671075,Care Property Stays,Christchurch City,Central Ward,-43.5288685,172.6416831,Entire home/apt,409.0,1.0,1,2026-03-10,1.0,147,242,1,,2026-03
1628731814816043450,"Boutique Apartment,5 Minutes to Hagley Park & City",682808597,Devon,Christchurch City,Central Ward,-43.5201886,172.6456655,Entire home/apt,250.0,1.0,5,2026-03-20,5.0,22,256,5,,2026-03
1628818434306820153,Two 2bdr Apartmt near City Center with Parking.,230467127,Lor,Christchurch City,Central Ward,-43.52854547583565,172.65744511038065,Entire home/apt,203.0,1.0,0,,,1,362,0,,
1629164219845131060,"Stylish Apartment, 5 mins to City and Hagley Park",470640570,Shannon,Christchurch City,Central Ward,-43.5201886,172.6456655,Entire home/apt,210.0,1.0,3,2026-03-16,3.0,3,262,3,,2026-03
1629272682406060730,Calling All Families or Friend Groups - This is it,482671075,Care Property Stays,Christchurch City,Heathcote Ward,-43.5492989,172.6404985,Entire home/apt,402.0,1.0,0,,,147,162,0,,
1629384265824522760,Riccarton Residence,167266282,Celine,Christchurch City,Riccarton Ward,-43.53102,172.607,Entire home/apt,196.0,2.0,0,,,1,132,0,,
1629474928411107637,Opposite Stadium 2BR CBD with Parking,24205506,"Mayie, Judi And Karen At Bookahome",Christchurch City,Central Ward,-43.5340324,172.6425015,Entire home/apt,270.0,2.0,1,2026-03-01,1.0,83,361,1,,2026-03
1629974580932669121,Stunning Townhouse at Hagley Park,302772664,Holly,Christchurch City,Riccarton Ward,-43.5355398723915,172.61192821395574,Private room,108.0,1.0,1,2026-03-06,1.0,2,361,1,,2026-03
1630210813776829950,New Brighton charm.,744831115,Liliana,Christchurch City,Coastal Ward,-43.48875323431194,172.71234211174135,Entire home/apt,185.0,1.0,1,2026-03-09,1.0,1,347,1,,2026-03
1630249174751953785,Manchester St Modern 1BR Apartment wtih Balcony,331763232,Managed By Williams,Christchurch City,Central Ward,-43.5305840957622,172.6394278847255,Entire home/apt,221.0,2.0,1,2026-03-07,1.0,132,342,1,,2026-03
1630638748976141178,Ensuite Bedroom Close to Airport,488268220,Martin Alejandro,Christchurch City,Hornby Ward,-43.5336687,172.5466977,Private room,92.0,1.0,0,,,8,1,0,,
1630751827325385159,Kimwellross Central Apartment,748682655,Wel,Christchurch City,Central Ward,-43.52889514441213,172.645918290011,Entire home/apt,332.0,1.0,0,,,1,315,0,,
1630804591861903105,Family Beach House â Walk to the Sand in Minutes,167016015,Leona,Christchurch City,Coastal Ward,-43.50916,172.72198,Entire home/apt,201.0,14.0,0,,,1,90,0,,
1631519985915719183,Ginnyâs Central City Room,323668361,Ben,Christchurch City,Central Ward,-43.524653304377125,172.639162838459,Private room,149.0,1.0,0,,,1,364,0,,
1631566348510658018,Fresh sunshine house : close to Airport.,748874280,Jiali,Christchurch City,Hornby Ward,-43.5226,172.53951,Entire home/apt,396.0,1.0,0,,,1,331,0,,
1632186431058099086,The Architectural Oasis,81390838,Perfect Stays,Christchurch City,Cashmere Ward,-43.58555,172.61696,Entire home/apt,819.0,2.0,0,,,47,24,0,,
1632879210123100783,River view and close to the city centre,747769980,Lynda Abrahams,Christchurch City,Linwood Ward,-43.51928160000001,172.6764591,Entire home/apt,202.0,2.0,1,2026-03-15,1.0,1,347,1,,2026-03
1632995279176460732,Groundfloor Waterfront 2Bed Harbour View Apartment,20665858,Adam,Christchurch City,Banks Peninsula Ward,-43.8097843,172.9613294,Entire home/apt,318.0,1.0,0,,,20,349,0,,
1633499429177254375,Raupo Beach Retreat,70878697,Joanna,Christchurch City,Banks Peninsula Ward,-43.66201,173.02608,Entire home/apt,1050.0,2.0,0,,,2,177,0,,
1633921420954345450,Maison Pierre Rouge - Duvauchelle Holiday Home,145244100,Bachcare,Christchurch City,Banks Peninsula Ward,-43.74810142683118,172.9340983954585,Entire home/apt,,2.0,0,,,1417,365,0,,
1634304398889862297,The Ridgeway Suite - Swim Spa & Coastal Luxury,81390838,Perfect Stays,Christchurch City,Heathcote Ward,-43.57737,172.75107,Entire home/apt,697.0,2.0,0,,,47,22,0,,
1634448347638233418,Sleeps 11 - 6BR Group Stay Near CBD + Parking,482671075,Care Property Stays,Christchurch City,Spreydon Ward,-43.543439,172.6134034,Entire home/apt,412.0,1.0,2,2026-03-19,2.0,147,241,2,,2026-03
1634784253590782411,That's the ONE,387364607,Kyle,Christchurch City,Central Ward,-43.53215051257419,172.65111243268058,Entire home/apt,908.0,1.0,0,,,1,82,0,,
1635005440938777542,Merivales handy hideaway.,30338987,Nicola,Christchurch City,Fendalton Ward,-43.5166,172.62432,Entire home/apt,343.0,2.0,0,,,3,157,0,,
1635097223808150431,Peaceful City Townhouse | 2 Bed+ Private Car Park,482671075,Care Property Stays,Christchurch City,Central Ward,-43.5217038,172.6386014,Entire home/apt,314.0,1.0,0,,,147,247,0,,
1635303481124188323,Serene Getaway - 2BR on Manchester Street,331763232,Managed By Williams,Christchurch City,Central Ward,-43.53235,172.63891,Entire home/apt,241.0,1.0,0,,,132,326,0,,
1635360903211016895,Bright Christchurch Apartment with Private Patio,202585247,Ohana,Christchurch City,Central Ward,-43.527385073423005,172.64098052829257,Entire home/apt,255.0,1.0,0,,,137,107,0,,
1635387918800384962,Te Kaha View | Cozy New CBD 1BR,86216394,Min,Christchurch City,Central Ward,-43.5318421,172.6398551,Entire home/apt,262.0,1.0,0,,,37,171,0,,
1635737121224804909,Elegant Family Home,749962649,Navin,Christchurch City,Halswell Ward,-43.56138688811351,172.5558852776885,Entire home/apt,274.0,1.0,0,,,1,343,0,,
1635888248072347398,Affordable Family Stay Near Northlands Mall,482671075,Care Property Stays,Christchurch City,Papanui Ward,-43.4909197,172.6139535,Entire home/apt,249.0,1.0,0,,,147,271,0,,
1635910939556591698,"Stroll to the Stadium, 2-Bed with Private Carpark",482671075,Care Property Stays,Christchurch City,Central Ward,-43.5323134,172.6414899,Entire home/apt,245.0,1.0,0,,,147,259,0,,
1636500857790786754,Cozy Peaceful Private Room / Free Parking,370840480,Kevan,Christchurch City,Halswell Ward,-43.56136,172.54316,Private room,93.0,1.0,0,,,2,364,0,,
1636724234290836143,Robin Hood Bay Farm House,750195039,Emma,Christchurch City,Banks Peninsula Ward,-43.8309556,172.8150155,Entire home/apt,420.0,1.0,0,,,1,341,0,,
1637960775273232853,Classic Ilam Art Deco Home - Casa Deco,24205506,"Mayie, Judi And Karen At Bookahome",Christchurch City,Riccarton Ward,-43.52819,172.56038,Entire home/apt,337.0,2.0,0,,,83,349,0,,
1638014430077968054,"Stylish Standalone â 2 Bed, 2 Bath + parking",72991949,Garry,Christchurch City,Spreydon Ward,-43.54317568459431,172.60931614138437,Entire home/apt,261.0,1.0,1,2026-03-14,1.0,1,342,1,,2026-03
1638313520578589378,Hidden Gem Holiday Home in Wigram,108657742,Rachel,Christchurch City,Halswell Ward,-43.56477,172.54549,Entire home/apt,284.0,2.0,0,,,1,234,0,,
1638709573574714385,"Large sunny king bedroom, close to airport/shops",160939364,Zhen,Christchurch City,Fendalton Ward,-43.50902,172.57775,Private room,69.0,1.0,0,,,2,61,0,,
1638925004979311597,Plush Upmarket Close Hospital  2Bdrm 2 Bthrm,45768555,Hasslefree Accommodation,Christchurch City,Central Ward,-43.5193145,172.6306193,Entire home/apt,315.0,1.0,0,,,65,42,0,,
1638947433604836610,Peaceful retreat with sparkling views,180079998,Rebecca,Christchurch City,Banks Peninsula Ward,-43.62624,172.72022,Entire home/apt,226.0,2.0,0,,,1,261,0,,
1639697307792612288,Spacious home,714123329,Febin,Christchurch City,Linwood Ward,-43.54751,172.68236,Private room,93.0,1.0,0,,,1,363,0,,
1640140951241302387,4 BRD Shirley family house - 10 mins drive to CBD,43367626,Sharon,Christchurch City,Innes Ward,-43.5044224,172.6576526,Entire home/apt,368.0,2.0,0,,,16,84,0,,
1640157764200972436,Midnight Haven Modern Escape,190903503,Nan,Christchurch City,Hornby Ward,-43.52773931191416,172.55486980978696,Entire home/apt,304.0,1.0,0,,,2,212,0,,
1640222559143913876,Suncrest Retreat- Christchurch Holiday Home,126697719,Harpreet,Christchurch City,Halswell Ward,-43.58898,172.60925,Entire home/apt,571.0,1.0,0,,,1,359,0,,
1640954935753057131,Luxury Hagley Park Townhouse | Office Setup,482671075,Care Property Stays,Christchurch City,Central Ward,-43.52532,172.62839,Entire home/apt,354.0,1.0,0,,,147,263,0,,
1641017802634346207,New Unit on Wildberry,698646358,Helena Elizabeth,Christchurch City,Linwood Ward,-43.5465644,172.6687995,Entire home/apt,177.0,1.0,0,,,1,10,0,,
1641173610760680347,Modern Central City Sanctuary on Welles Street,202585247,Ohana,Christchurch City,Central Ward,-43.53883339055805,172.63788874303648,Entire home/apt,290.0,1.0,0,,,137,43,0,,
1641729827665261732,Stylish Manchester Street City Stay,331763232,Managed By Williams,Christchurch City,Central Ward,-43.53032,172.63892,Entire home/apt,192.0,2.0,0,,,132,342,0,,
1642261081635583319,"Impeccable Style, Exceptional Views! Pool + BBQ",49642171,Lily-SimplyHost,Christchurch City,Cashmere Ward,-43.56799,172.64852,Entire home/apt,622.0,1.0,0,,,95,176,0,,
